state_body,program_code,program_code_ext,program_name,program_goal,program_result_desc,subprogram_code,subprogram_name,subprogram_desc,subprogram_type,state_body_annual_plan,state_body_rev_annual_plan,state_body_actual,state_body_actual_vs_rev_annual_plan,program_annual_plan,program_rev_annual_plan,program_actual,program_actual_vs_rev_annual_plan,subprogram_annual_plan,subprogram_rev_annual_plan,subprogram_actual,subprogram_actual_vs_rev_annual_plan
Հանրապետության նախագահի աշխատակազմ,1154,1154,Հանրապետության նախագահի լիազորությունների իրականացման ապահովում,Աջակցել Հանրապետության նախագահի լիազորությունների իրականացման ապահովմանը,ՀՀ նախագահի  Սահմանադրությամբ սահմանված լիազորությունների իրականացման ապահովումը,11001,Հանրապետության նախագահի գործունեության և ներկայացուցչականության ապահովում,Հանրապետության նախագահի` ներքին և արտաքին քաղաքականության առնչությամբ Սահմանադրությամբ սահմանված լիազորությունների իրականացման ապահովում,Ծառայությունների մատուցում,1658673.6,1711427.5,1627337.9,0.951,1658673.6,1711427.5,1627337.9,0.951,1617021.6,1669515.5,1594234.4,0.955
Հանրապետության նախագահի աշխատակազմ,1154,1154,Հանրապետության նախագահի լիազորությունների իրականացման ապահովում,Աջակցել Հանրապետության նախագահի լիազորությունների իրականացման ապահովմանը,ՀՀ նախագահի  Սահմանադրությամբ սահմանված լիազորությունների իրականացման ապահովումը,11005,"ՀՀ պետական կառավարման մարմինների կողմից  դիմումներ, հայցադիմումներ, դատարանի վճիռների  և որոշումների դեմ վերաքննիչ և վճռաբեկ բողոքներ ներկայացնելիս` «Պետական տուրքի մասին» ՀՀ օրենքով սահմանված վճարումներ","ՀՀ պետական կառավարման մարմինների կողմից  դիմումներ, հայցադիմումներ, դատարանի վճիռների  և որոշումների դեմ վերաքննիչ և վճռաբեկ բողոքներ ներկայացնելիս` «Պետական տուրքի մասին» ՀՀ օրենքով սահմանված վճարումներ",Ծառայությունների մատուցում,1658673.6,1711427.5,1627337.9,0.951,1658673.6,1711427.5,1627337.9,0.951,0.0,260.0,260.0,1.0
Հանրապետության նախագահի աշխատակազմ,1154,1154,Հանրապետության նախագահի լիազորությունների իրականացման ապահովում,Աջակցել Հանրապետության նախագահի լիազորությունների իրականացման ապահովմանը,ՀՀ նախագահի  Սահմանադրությամբ սահմանված լիազորությունների իրականացման ապահովումը,31001,Հանրապետության նախագահի աշխատակազմի տեխնիկական հագեցվածության բարելավում,Հանրապետության նախագահի աշխատակազմի աշխատանքային պայմանների բարելավման համար վարչական սարքավորումների ձեռքբերում,Պետական մարմինների կողմից օգտագործվող ոչ ֆինանսական ակտիվների հետ գործառնություններ,1658673.6,1711427.5,1627337.9,0.951,1658673.6,1711427.5,1627337.9,0.951,41652.0,41652.0,32843.5,0.789
ՀՀ Ազգային ժողով,1024,1024,ՀՀ Ազգային ժողովի լիազորությունների իրականացման ապահովում,Օրենսդրական դաշտի ձևավորում և կատարելագործում,Արդյունավետ օրենսդրական դաշտի ապահովում,11001,"ՀՀ Ազգային ժողովի գործունեության ապահովում, օրենսդրական, վերլուծական և ներկայացուցչական ծառայություններ","Իրավական ակտերի նախագծերի մասնագիտական փորձաքննություն, արտաքին կապերի կառավարում, տեղեկատվության և խորհրդատվության տրամադրում",Ծառայությունների մատուցում,7072937.0,7603028.3,7484585.7,0.9840000000000001,7072937.0,7603028.3,7484585.7,0.9840000000000001,6027152.8,6705046.5,6685356.2,0.997
ՀՀ Ազգային ժողով,1024,1024,ՀՀ Ազգային ժողովի լիազորությունների իրականացման ապահովում,Օրենսդրական դաշտի ձևավորում և կատարելագործում,Արդյունավետ օրենսդրական դաշտի ապահովում,11002,ՀՀ Ազգային ժողովի աշխատակազմի պետական ծառայողների վերապատրաստում,ՀՀ Ազգային ժողովի աշխատակազմի պետական ծառայողների մասնագիտական հմտությունների և կարողությունների զարգացում,Ծառայությունների մատուցում,7072937.0,7603028.3,7484585.7,0.9840000000000001,7072937.0,7603028.3,7484585.7,0.9840000000000001,1309.2,1309.2,987.0,0.754
ՀՀ Ազգային ժողով,1024,1024,ՀՀ Ազգային ժողովի լիազորությունների իրականացման ապահովում,Օրենսդրական դաշտի ձևավորում և կատարելագործում,Արդյունավետ օրենսդրական դաշտի ապահովում,11003,ՀՀ Ազգային ժողովի դերի բարձրացմանն  ուղղված միջոցառումների իրականացում,"ՀՀ ԱԺ նախագահի հովանու ներքո իրականացվող գիտական, կրթական, մշակութային և սպորտային միջոցառումների կազմակերպում",Ծառայությունների մատուցում,7072937.0,7603028.3,7484585.7,0.9840000000000001,7072937.0,7603028.3,7484585.7,0.9840000000000001,151341.0,151249.0,145288.0,0.961
ՀՀ Ազգային ժողով,1024,1024,ՀՀ Ազգային ժողովի լիազորությունների իրականացման ապահովում,Օրենսդրական դաշտի ձևավորում և կատարելագործում,Արդյունավետ օրենսդրական դաշտի ապահովում,12001,Միջազգային խորհրդարանական կազմակերպություններին ՀՀ անդամակցության վճարներ,"ՀՀ անդամակցություն միջազգային խորհրդարանական կազմակերպություններին, միջազգային կազմակերպությունների աշխատանքներին ՀՀ մասնակցություն, երկրում նրանց կողմից ծրագրերի իրականացման ապահովում",Տրանսֆերտների տրամադրում,7072937.0,7603028.3,7484585.7,0.9840000000000001,7072937.0,7603028.3,7484585.7,0.9840000000000001,114832.8,134980.8,134980.4,1.0
ՀՀ Ազգային ժողով,1024,1024,ՀՀ Ազգային ժողովի լիազորությունների իրականացման ապահովում,Օրենսդրական դաշտի ձևավորում և կատարելագործում,Արդյունավետ օրենսդրական դաշտի ապահովում,12002,Աջակցություն կուսակցություններին և կուսակցությունների        դաշինքներին,Օրենսդրությամբ (օրենքներով և կառավարության որոշումներով) նախատեսված օժանդակություն և փոխհատուցումներ,Տրանսֆերտների տրամադրում,7072937.0,7603028.3,7484585.7,0.9840000000000001,7072937.0,7603028.3,7484585.7,0.9840000000000001,520733.7,505308.7,456081.9,0.903
ՀՀ Ազգային ժողով,1024,1024,ՀՀ Ազգային ժողովի լիազորությունների իրականացման ապահովում,Օրենսդրական դաշտի ձևավորում և կատարելագործում,Արդյունավետ օրենսդրական դաշտի ապահովում,31001,Ազգային ժողովի տեխնիկական հագեցվածության բարելավում,Ազգային ժողովի աշխատակազմի աշխատանքային պայմանների բարելավման համար վարչական սարքավորումների ձեռքբերում,Պետական մարմինների կողմից օգտագործվող ոչ ֆինանսական ակտիվների հետ գործառնություններ,7072937.0,7603028.3,7484585.7,0.9840000000000001,7072937.0,7603028.3,7484585.7,0.9840000000000001,257567.5,78810.1,61892.2,0.785
ՀՀ Ազգային ժողով,1024,1024,ՀՀ Ազգային ժողովի լիազորությունների իրականացման ապահովում,Օրենսդրական դաշտի ձևավորում և կատարելագործում,Արդյունավետ օրենսդրական դաշտի ապահովում,31003,ՀՀ Ազգային ժողովի շենքային պայմանների բարելավում,ՀՀ Ազգային ժողովի շենք-շինությունների կապիտալ վերանորոգում և նախագծանախահաշվային փաստաթղթերի ձեռքբերում,Պետական մարմինների կողմից օգտագործվող ոչ ֆինանսական ակտիվների հետ գործառնություններ,7072937.0,7603028.3,7484585.7,0.9840000000000001,7072937.0,7603028.3,7484585.7,0.9840000000000001,0.0,26324.0,0.0,0.0
ՀՀ վարչապետի  աշխատակազմ,1018,1018,Պետական հատվածի արդիականացման ծրագիր,Ընտրված էլեկտրոնային կառավարման կատարելագործված ծառայությունների հասանելիության բարելավում,"Ծառայությունների մատուցման էլեկտրոնային կառավարման լուծումների իրագործում, հանրային հատվածի արդիականացման և կառավարման բարեփոխումների ընդգրկուն ընթացքի ապահովում",11004,Համաշխարհային բանկի աջակցությամբ իրականացվող Պետական հատվածի արդիականացման չորրորդ ծրագրի շրջանակներում խորհրդատվական ծառայությունների ձեռքբերում,ՀՀ հանրային հատվածի բարեփոխումների մշակման և իրականացման խորհրդատվական ծառայությունների ձեռքբերում,Ծառայությունների մատուցում,24283991.8,23447706.7,22507193.7,0.96,3954379.0,866779.0,843230.3,0.973,141386.6,115786.6,114094.6,0.985
ՀՀ վարչապետի  աշխատակազմ,1018,1018,Պետական հատվածի արդիականացման ծրագիր,Ընտրված էլեկտրոնային կառավարման կատարելագործված ծառայությունների հասանելիության բարելավում,"Ծառայությունների մատուցման էլեկտրոնային կառավարման լուծումների իրագործում, հանրային հատվածի արդիականացման և կառավարման բարեփոխումների ընդգրկուն ընթացքի ապահովում",32003,Համաշխարհային բանկի աջակցությամբ իրականացվող Պետական հատվածի արդիականացման չորրորդ  ծրագրի շրջանակներում էլեկտրոնային կառավարման համակարգերի և սարքավորումների ձեռքբերում,Համաշխարհային բանկի աջակցությամբ իրականացվող Պետական հատվածի արդիականացման չորրորդ ծրագրի շրջանակներում էլեկտրոնային կառավարման համակարգերի և սարքավորումների ձեռքբերում,Այլ պետական կազմակերպությունների կողմից օգտագործվող ոչ ֆինանսական ակտիվների հետ գործառնություններ,24283991.8,23447706.7,22507193.7,0.96,3954379.0,866779.0,843230.3,0.973,3812992.4,750992.4,729135.6,0.971
ՀՀ վարչապետի  աշխատակազմ,1033,1033,Աջակցություն հասարակական և այլ կազմակերպություններին,Քաղաքացիական հասարակության զարգացում,Հասարակության կայուն զարգացման գործընթացներում քաղաքացիական հասարակության կառույցների ընդգրկվածություն և մասնակցություն,11002,Պետական կառավարման գործընթացներին քաղաքացիական հասարակության մասնակցության ապահովում,Հանրային խորհրդի բնականոն գործունեության ապահովում,Ծառայությունների մատուցում,24283991.8,23447706.7,22507193.7,0.96,75941.0,68341.0,63941.0,0.9359999999999999,12000.0,4400.0,0.0,0.0
ՀՀ վարչապետի  աշխատակազմ,1033,1033,Աջակցություն հասարակական և այլ կազմակերպություններին,Քաղաքացիական հասարակության զարգացում,Հասարակության կայուն զարգացման գործընթացներում քաղաքացիական հասարակության կառույցների ընդգրկվածություն և մասնակցություն,11003,Աջակցություն հասարակական կազմակերպություններին,Աջակցություն հասարակական կազմակերպություններին,Ծառայությունների մատուցում,24283991.8,23447706.7,22507193.7,0.96,75941.0,68341.0,63941.0,0.9359999999999999,38941.0,38941.0,38941.0,1.0
ՀՀ վարչապետի  աշխատակազմ,1033,1033,Աջակցություն հասարակական և այլ կազմակերպություններին,Քաղաքացիական հասարակության զարգացում,Հասարակության կայուն զարգացման գործընթացներում քաղաքացիական հասարակության կառույցների ընդգրկվածություն և մասնակցություն,12001,Պետական աջակցություն ազգային փոքրամասնությունների հասարակական կազմակերպություններին,Պետական աջակցություն ազգային փոքրամասնությունների հասարակական կազմակերպություններին,Տրանսֆերտների տրամադրում,24283991.8,23447706.7,22507193.7,0.96,75941.0,68341.0,63941.0,0.9359999999999999,25000.0,25000.0,25000.0,1.0
ՀՀ վարչապետի  աշխատակազմ,1091,1091,Հանրային իրազեկում,"Հանրային կապերի, պետական մարմինների թափանցիկության, տեղեկատվության մատչելիության ապահովում","Հանրության իրազեկվածության մակարդակի բարելավում, ՀՀ համար կարևոր նշանակություն ունեցող իրադարձությունների լուսաբանում",11001,Հանրային իրազեկում և հասարակական-քաղաքագիտական հետազոտություններ,"Կառավարության գործունեության լուսաբանում, թեմատիկ վերլուծություններ և ԶԼՄ-ների ամենօրյա մշտադիտարկում",Ծառայությունների մատուցում,24283991.8,23447706.7,22507193.7,0.96,1263468.4,1263468.4,1263468.3,1.0,728187.6,728187.6,728187.6,1.0
ՀՀ վարչապետի  աշխատակազմ,1091,1091,Հանրային իրազեկում,"Հանրային կապերի, պետական մարմինների թափանցիկության, տեղեկատվության մատչելիության ապահովում","Հանրության իրազեկվածության մակարդակի բարելավում, ՀՀ համար կարևոր նշանակություն ունեցող իրադարձությունների լուսաբանում",11004,"Տեղեկատվության ձեռքբերման, պահպանման և արխիվացման ծառայություններ","Տեղեկատվության ձեռքբերման, պահպանման և արխիվացման ծառայություններ",Ծառայությունների մատուցում,24283991.8,23447706.7,22507193.7,0.96,1263468.4,1263468.4,1263468.3,1.0,179332.4,179332.4,179332.4,1.0
ՀՀ վարչապետի  աշխատակազմ,1091,1091,Հանրային իրազեկում,"Հանրային կապերի, պետական մարմինների թափանցիկության, տեղեկատվության մատչելիության ապահովում","Հանրության իրազեկվածության մակարդակի բարելավում, ՀՀ համար կարևոր նշանակություն ունեցող իրադարձությունների լուսաբանում",11011,ՀՀ վերաբերյալ պաշտոնական տեղեկատվության ապահովում  նաև միջազգային հարթակներում,"Հանրության իրազեկվածության մակարդակի բարելավում, ՀՀ վերաբերյալ օբյեկտիվ տեղեկատվության ավելի լայն լսարանի ներգրավում",Ծառայությունների մատուցում,24283991.8,23447706.7,22507193.7,0.96,1263468.4,1263468.4,1263468.3,1.0,98998.8,98998.8,98998.8,1.0
ՀՀ վարչապետի  աշխատակազմ,1091,1091,Հանրային իրազեկում,"Հանրային կապերի, պետական մարմինների թափանցիկության, տեղեկատվության մատչելիության ապահովում","Հանրության իրազեկվածության մակարդակի բարելավում, ՀՀ համար կարևոր նշանակություն ունեցող իրադարձությունների լուսաբանում",12001,«Միր» միջպետական հեռուստառադիոընկերության ՀՀ մասնաբաժնի վճար,ԱՊՀ երկրներում հեռուստառադիոծրագրերի հեռարձակում,Տրանսֆերտների տրամադրում,24283991.8,23447706.7,22507193.7,0.96,1263468.4,1263468.4,1263468.3,1.0,256949.6,256949.6,256949.5,1.0
ՀՀ վարչապետի  աշխատակազմ,1132,1132,Քաղաքացիական ծառայողների վերապատրաստում,Քաղաքացիական ծառայողների աշխատանքի  արդյունավետության բարելավում,"Քաղաքացիական ծառայության ոլորտում անկախ, արհեստավարժ և բարոյական բարձր հատկանիշներով օժտված կադրերի ապահովումը",11001,ՀՀ քաղաքացիական ծառայողների վերապատրաստման ծառայություններ,Քաղաքացիական ծառայողների մասնագիտական գիտելիքների և աշխատանքային ունակությունների հետևողական վերապատրաստման և ուսուցման ծառայություններ,Ծառայությունների մատուցում,24283991.8,23447706.7,22507193.7,0.96,7308.0,5636.0,5636.0,1.0,7308.0,5636.0,5636.0,1.0
ՀՀ վարչապետի  աշխատակազմ,1136,1136,ՀՀ Վարչապետի լիազորությունների իրականացման ապահովում,"Աջակցել կառավարության, վարչապետի և փոխվարչապետերի գործունեությանը",ՀՀ կառավարության և վարչապետի որոշումների ու հանձնարարականների կատարման վերահսկողության ապահովում,11001,"Ծառայությունների, ծրագրերի համակարգում","Աջակցություն ՀՀ կառավարությանը` քաղաքականության և ծրագրերի մշակման և իրականացման գործընթացում, վերահսկողության կատարման գործընթացում",Ծառայությունների մատուցում,24283991.8,23447706.7,22507193.7,0.96,6790339.8,7610474.6,7238757.4,0.951,5530125.4,5852332.3,5544354.4,0.9470000000000001
ՀՀ վարչապետի  աշխատակազմ,1136,1136,ՀՀ Վարչապետի լիազորությունների իրականացման ապահովում,"Աջակցել կառավարության, վարչապետի և փոխվարչապետերի գործունեությանը",ՀՀ կառավարության և վարչապետի որոշումների ու հանձնարարականների կատարման վերահսկողության ապահովում,11004,Աջակցություն ՀՀ վարչապետի աշխատակազմի ներքո գործող Արդյունահանող ճյուղերի թափանցիկության նախաձեռնության քարտուղարությանը,"Ազգային ծրագրով նախատեսված տեխնիկական առաջադրանքների նախագծերի հաստատման ենթակա փաստաթղթերի կազմում, հանրային իրազեկման միջոցառումների իրականացում և դոնոր կազմակերպությունների հետ աշխատանքի համակարգում",Ծառայությունների մատուցում,24283991.8,23447706.7,22507193.7,0.96,6790339.8,7610474.6,7238757.4,0.951,23600.0,13600.0,12648.8,0.93
ՀՀ վարչապետի  աշխատակազմ,1136,1136,ՀՀ Վարչապետի լիազորությունների իրականացման ապահովում,"Աջակցել կառավարության, վարչապետի և փոխվարչապետերի գործունեությանը",ՀՀ կառավարության և վարչապետի որոշումների ու հանձնարարականների կատարման վերահսկողության ապահովում,11005,Սպասարկման ծառայություններ,ՀՀ Կառավարական շենքերի և այլ գույքի սպասարկում,Ծառայությունների մատուցում,24283991.8,23447706.7,22507193.7,0.96,6790339.8,7610474.6,7238757.4,0.951,467478.3,481091.1,481091.1,1.0
ՀՀ վարչապետի  աշխատակազմ,1136,1136,ՀՀ Վարչապետի լիազորությունների իրականացման ապահովում,"Աջակցել կառավարության, վարչապետի և փոխվարչապետերի գործունեությանը",ՀՀ կառավարության և վարչապետի որոշումների ու հանձնարարականների կատարման վերահսկողության ապահովում,11007,"ՀՀ պետական կառավարման մարմինների կողմից դիմումներ, հայցադիմումներ, դատարանի վճիռների և որոշումների դեմ վերաքննիչ և վճռաբեկ բողոքներ ներկայացնելիս` «Պետական տուրքի մասին» ՀՀ օրենքով սահմանված վճարումներ","ՀՀ պետական կառավարման մարմինների կողմից դիմումներ, հայցադիմումներ, դատարանի վճիռների և րոշումների դեմ վերաքննիչ և վճռաբեկ բողոքներ ներկայացնելիս` «Պետական տուրքի մասին» ՀՀ օրենքով սահմանված վճարումներ",Ծառայությունների մատուցում,24283991.8,23447706.7,22507193.7,0.96,6790339.8,7610474.6,7238757.4,0.951,0.0,13209.3,13209.3,1.0
ՀՀ վարչապետի  աշխատակազմ,1136,1136,ՀՀ Վարչապետի լիազորությունների իրականացման ապահովում,"Աջակցել կառավարության, վարչապետի և փոխվարչապետերի գործունեությանը",ՀՀ կառավարության և վարչապետի որոշումների ու հանձնարարականների կատարման վերահսկողության ապահովում,11010,ՀՀ բարձրաստիճան պաշտոնատար անձանց գերատեսչական առանձնատների և տարածքների շահագործում և սպասարկում,ՀՀ բարձրաստիճան պաշտոնատար անձանց գերատեսչական առանձնատների և տարածքների  շահագործման և սպասարկման ծառայություններ,Ծառայությունների մատուցում,24283991.8,23447706.7,22507193.7,0.96,6790339.8,7610474.6,7238757.4,0.951,621340.1,617340.1,617340.1,1.0
ՀՀ վարչապետի  աշխատակազմ,1136,1136,ՀՀ Վարչապետի լիազորությունների իրականացման ապահովում,"Աջակցել կառավարության, վարչապետի և փոխվարչապետերի գործունեությանը",ՀՀ կառավարության և վարչապետի որոշումների ու հանձնարարականների կատարման վերահսկողության ապահովում,11018,Խորհրդատվական և վերլուծական ծառայություններ,"Մասնագիտական, խորհրդատվական և վերլուծական ծառայությունների ձեռքբերում",Ծառայությունների մատուցում,24283991.8,23447706.7,22507193.7,0.96,6790339.8,7610474.6,7238757.4,0.951,0.0,253757.9,253522.6,0.9990000000000001
ՀՀ վարչապետի  աշխատակազմ,1136,1136,ՀՀ Վարչապետի լիազորությունների իրականացման ապահովում,"Աջակցել կառավարության, վարչապետի և փոխվարչապետերի գործունեությանը",ՀՀ կառավարության և վարչապետի որոշումների ու հանձնարարականների կատարման վերահսկողության ապահովում,11024,Ֆրանկոֆոնիայի 2027 թվականի խաղերի ազգային կոմիտեի աշխատանքների համակարգում,Ֆրանկոֆոնիայի 2027 թվականի խաղերի ազգային կոմիտեի աշխատանքների համակարգման ապահովում,Ծառայությունների մատուցում,24283991.8,23447706.7,22507193.7,0.96,6790339.8,7610474.6,7238757.4,0.951,0.0,25903.4,2514.1,0.09699999999999999
ՀՀ վարչապետի  աշխատակազմ,1136,1136,ՀՀ Վարչապետի լիազորությունների իրականացման ապահովում,"Աջակցել կառավարության, վարչապետի և փոխվարչապետերի գործունեությանը",ՀՀ կառավարության և վարչապետի որոշումների ու հանձնարարականների կատարման վերահսկողության ապահովում,12006,Պետական սեփականություն հանդիսացող կառույցների ու տարածքների պայմանների բարելավման ապահովում,Պետական սեփականություն հանդիսացող կառույցների ու տարածքների պայմանների բարելավման ապահովում,Տրանսֆերտների տրամադրում,24283991.8,23447706.7,22507193.7,0.96,6790339.8,7610474.6,7238757.4,0.951,0.0,111685.9,88437.0,0.792
ՀՀ վարչապետի  աշխատակազմ,1136,1136,ՀՀ Վարչապետի լիազորությունների իրականացման ապահովում,"Աջակցել կառավարության, վարչապետի և փոխվարչապետերի գործունեությանը",ՀՀ կառավարության և վարչապետի որոշումների ու հանձնարարականների կատարման վերահսկողության ապահովում,31001,Մաքսային միությանը և Միասնական տնտեսական տարածությանը ՀՀ անդամակցության շրջանակում միասնական տեղեկատվական տարածության և ինտեգրացված տեղեկատվական համակարգերի ստեղծում և պահպանում,Մաքսային միությանը և Միասնական տնտեսական տարածությանը ՀՀ անդամակցության շրջանակում միասնական տեղեկատվական տարածության և ինտեգրացված տեղեկատվական համակարգերի ստեղծում և պահպանում,Պետական մարմինների կողմից օգտագործվող ոչ ֆինանսական ակտիվների հետ գործառնություններ,24283991.8,23447706.7,22507193.7,0.96,6790339.8,7610474.6,7238757.4,0.951,122796.0,116296.0,107920.6,0.9279999999999999
ՀՀ վարչապետի  աշխատակազմ,1136,1136,ՀՀ Վարչապետի լիազորությունների իրականացման ապահովում,"Աջակցել կառավարության, վարչապետի և փոխվարչապետերի գործունեությանը",ՀՀ կառավարության և վարչապետի որոշումների ու հանձնարարականների կատարման վերահսկողության ապահովում,31002,ՀՀ վարչապետի աշխատակազմի տեխնիկական հագեցվածության բարելավում,ՀՀ վարչապետի աշխատակազմի աշխատանքային պայմանների բարելավման նպատակով վարչական սարքավորումների ձեռքբերում,Պետական մարմինների կողմից օգտագործվող ոչ ֆինանսական ակտիվների հետ գործառնություններ,24283991.8,23447706.7,22507193.7,0.96,6790339.8,7610474.6,7238757.4,0.951,25000.0,89058.6,85919.4,0.965
ՀՀ վարչապետի  աշխատակազմ,1136,1136,ՀՀ Վարչապետի լիազորությունների իրականացման ապահովում,"Աջակցել կառավարության, վարչապետի և փոխվարչապետերի գործունեությանը",ՀՀ կառավարության և վարչապետի որոշումների ու հանձնարարականների կատարման վերահսկողության ապահովում,31009,"Պետական սեփականություն հանդիսացող կառավարական շենքերի վերակառուցում, հիմնանորոգում","Պետական սեփականություն հանդիսացող կառավարական շենքերի վերակառուցում, հիմնանորոգում, նախագծանախահաշվային փաստաթղթերի մշակում և այլ համաշինարարական աշխատանքներ",Պետական մարմինների կողմից օգտագործվող ոչ ֆինանսական ակտիվների հետ գործառնություններ,24283991.8,23447706.7,22507193.7,0.96,6790339.8,7610474.6,7238757.4,0.951,0.0,36200.0,31800.0,0.878
ՀՀ վարչապետի  աշխատակազմ,1156,1156,Հայաստան-Սփյուռք գործակցության ծրագիր,Նպաստել Հայաստանի և հայկական սփյուռքի միջև կապերի ամրապնդմանը և զարգացմանը,"Հայաստանի և Սփյուռքի միջև կրթական, մշակութային և երիտասարդական հաղորդակցության, ճանաչողության և տեղեկացվածության մակարդակի բարձրացում",11007,Քայլ դեպի տուն,"Սփյուռքի հայ երիտասարդության և պատանիների ուսումնաճանաչողական այցելությունների, հայերենի ուսուցման դասընթացների կազմակերպում և հայրենիքի մասին գիտելիքների փոխանցում",Ծառայությունների մատուցում,24283991.8,23447706.7,22507193.7,0.96,551467.0,442719.4,434406.9,0.981,127472.2,112791.2,112786.8,1.0
ՀՀ վարչապետի  աշխատակազմ,1156,1156,Հայաստան-Սփյուռք գործակցության ծրագիր,Նպաստել Հայաստանի և հայկական սփյուռքի միջև կապերի ամրապնդմանը և զարգացմանը,"Հայաստանի և Սփյուռքի միջև կրթական, մշակութային և երիտասարդական հաղորդակցության, ճանաչողության և տեղեկացվածության մակարդակի բարձրացում",11008,Սփյուռքի երիտասարդ առաջնորդների վերապատրաստում,"Հայաստանյան իրականության վերաբերյալ իրազեկվածության մակարդակի բարձրացում, համայնքային գործունեության ակտիվացմանը նպաստող նոր հմտությունների ձեռքբերում, Սփյուռքի երիտասարդ առաջնորդների ցանցի ընդլայնում",Ծառայությունների մատուցում,24283991.8,23447706.7,22507193.7,0.96,551467.0,442719.4,434406.9,0.981,26603.1,24896.1,24832.0,0.997
ՀՀ վարչապետի  աշխատակազմ,1156,1156,Հայաստան-Սփյուռք գործակցության ծրագիր,Նպաստել Հայաստանի և հայկական սփյուռքի միջև կապերի ամրապնդմանը և զարգացմանը,"Հայաստանի և Սփյուռքի միջև կրթական, մշակութային և երիտասարդական հաղորդակցության, ճանաչողության և տեղեկացվածության մակարդակի բարձրացում",11010,Հայաստան-Սփյուռք գործակցության վերաբերյալ իրազեկման ապահովում,"Հայաստան-Սփյուռք համագործակցության, հայրենադարձության, Սփյուռքից ներդրումների, Հայաստան-Սփյուռք գործակցության ծրագրերի ներկայացման ուղղություններով հեռուստահաղորդումների, տեսանյութերի պատվիրում և Սփյուռքում արբանյակային հեռարձակում",Ծառայությունների մատուցում,24283991.8,23447706.7,22507193.7,0.96,551467.0,442719.4,434406.9,0.981,60000.0,54860.0,54381.0,0.991
ՀՀ վարչապետի  աշխատակազմ,1156,1156,Հայաստան-Սփյուռք գործակցության ծրագիր,Նպաստել Հայաստանի և հայկական սփյուռքի միջև կապերի ամրապնդմանը և զարգացմանը,"Հայաստանի և Սփյուռքի միջև կրթական, մշակութային և երիտասարդական հաղորդակցության, ճանաչողության և տեղեկացվածության մակարդակի բարձրացում",11011,Աշխատանք Սփյուռքի համայնքներում,"Աշխատանքային այցելություններ Սփյուռքի համայնքներ` մոտիկից ծանոթանալու համայնքների խնդիրներին, դրանց լուծման ուղիների քննարկում և մշակում, տեղերում մասնակցելու կազմակերպված մշակութային, համայնքային և այլ միջոցառումներին",Ծառայությունների մատուցում,24283991.8,23447706.7,22507193.7,0.96,551467.0,442719.4,434406.9,0.981,51045.8,42835.8,40252.2,0.94
ՀՀ վարչապետի  աշխատակազմ,1156,1156,Հայաստան-Սփյուռք գործակցության ծրագիր,Նպաստել Հայաստանի և հայկական սփյուռքի միջև կապերի ամրապնդմանը և զարգացմանը,"Հայաստանի և Սփյուռքի միջև կրթական, մշակութային և երիտասարդական հաղորդակցության, ճանաչողության և տեղեկացվածության մակարդակի բարձրացում",11012,«ի Գործ» սփյուռքահայ մասնագետների ներգրավում ՀՀ պետական կառավարման համակարգում,Սփյուռքի մասնագիտական ներուժի ներգրավում ՀՀ պետական կառավարման համակարգում,Ծառայությունների մատուցում,24283991.8,23447706.7,22507193.7,0.96,551467.0,442719.4,434406.9,0.981,242582.8,167400.2,163207.2,0.975
ՀՀ վարչապետի  աշխատակազմ,1156,1156,Հայաստան-Սփյուռք գործակցության ծրագիր,Նպաստել Հայաստանի և հայկական սփյուռքի միջև կապերի ամրապնդմանը և զարգացմանը,"Հայաստանի և Սփյուռքի միջև կրթական, մշակութային և երիտասարդական հաղորդակցության, ճանաչողության և տեղեկացվածության մակարդակի բարձրացում",11013,Հայրենադարձության և ինտեգրման կենտրոն,"Հայրենադարձության և ինտեգրման կենտրոնը համապարփակ հարթակ է, որն իրականացնում է սփյուռքից հայրենադարձների համալիր աջակցության գործընթաց ու ծառայությունների մատուցում",Ծառայությունների մատուցում,24283991.8,23447706.7,22507193.7,0.96,551467.0,442719.4,434406.9,0.981,27263.1,23436.1,22447.7,0.958
ՀՀ վարչապետի  աշխատակազմ,1156,1156,Հայաստան-Սփյուռք գործակցության ծրագիր,Նպաստել Հայաստանի և հայկական սփյուռքի միջև կապերի ամրապնդմանը և զարգացմանը,"Հայաստանի և Սփյուռքի միջև կրթական, մշակութային և երիտասարդական հաղորդակցության, ճանաչողության և տեղեկացվածության մակարդակի բարձրացում",12001,Աջակցություն սփյուռքի հայալեզու լրատվամիջոցներին,"Հայկական լրատվամիջոցների, գործող կայք էջերի և հեռուստաալիքների միջոցով հայ ազգաբնակչության շրջանում` տարածաշրջանի քաղաքական, սոցիալական, ազգային և մշակութային կյանքի վերաբերյալ տեղեկատվության տարածում",Տրանսֆերտների տրամադրում,24283991.8,23447706.7,22507193.7,0.96,551467.0,442719.4,434406.9,0.981,16500.0,16500.0,16500.0,1.0
ՀՀ վարչապետի  աշխատակազմ,1213,1213,Տեսչական վերահսկողության ծրագիր,Տեսչական վերահսկողության ապահովում,Տեխնիկական կանոնակարգերին համապատասխանության գնահատում և պահանջների պահպանում,11001,Առողջապահության ոլորտում վերահսկողության ծառայություններ,"Առողջապահության, աշխատողների առողջության և անվտանգության ապահովման բնագավառում վերահսկողության իրականացում",Ծառայությունների մատուցում,24283991.8,23447706.7,22507193.7,0.96,7248735.6,7384491.9,6922462.5,0.937,1501881.0,1401312.6,1255390.8,0.8959999999999999
ՀՀ վարչապետի  աշխատակազմ,1213,1213,Տեսչական վերահսկողության ծրագիր,Տեսչական վերահսկողության ապահովում,Տեխնիկական կանոնակարգերին համապատասխանության գնահատում և պահանջների պահպանում,11002,Բնապահպանության ոլորտում վերահսկողության ծառայություններ,Շրջակա միջավայրի վրա վնասակար ներգործությունների և բնական ռեսուրսների գերշահագործման վերահսկողության իրականացում,Ծառայությունների մատուցում,24283991.8,23447706.7,22507193.7,0.96,7248735.6,7384491.9,6922462.5,0.937,1109780.0,1188966.5,1178494.6,0.991
ՀՀ վարչապետի  աշխատակազմ,1213,1213,Տեսչական վերահսկողության ծրագիր,Տեսչական վերահսկողության ապահովում,Տեխնիկական կանոնակարգերին համապատասխանության գնահատում և պահանջների պահպանում,11003,Կրթության ոլորտում վերահսկողության ծառայություններ,Կրթության ոլորտում տեսչական վերահսկողության ծառայությունների իրականացում,Ծառայությունների մատուցում,24283991.8,23447706.7,22507193.7,0.96,7248735.6,7384491.9,6922462.5,0.937,317833.2,359423.1,348805.4,0.97
ՀՀ վարչապետի  աշխատակազմ,1213,1213,Տեսչական վերահսկողության ծրագիր,Տեսչական վերահսկողության ապահովում,Տեխնիկական կանոնակարգերին համապատասխանության գնահատում և պահանջների պահպանում,11004,Շուկայի վերահսկողության ծառայություններ,Տեխնիկական կանոնակարգի պահանջների և չափագիտական կանոնների ու նորմերի պահպանման վերահսկողություն,Ծառայությունների մատուցում,24283991.8,23447706.7,22507193.7,0.96,7248735.6,7384491.9,6922462.5,0.937,353370.3,395273.8,384578.3,0.973
ՀՀ վարչապետի  աշխատակազմ,1213,1213,Տեսչական վերահսկողության ծրագիր,Տեսչական վերահսկողության ապահովում,Տեխնիկական կանոնակարգերին համապատասխանության գնահատում և պահանջների պահպանում,11005,Արտադրանքի և որակի վերահսկողության ծառայություններ,Արտադրանքի և ծառայությունների մատուցման ոլորտում տեխնիկական կանոնակարգերի պահանջների և չափագիտական կանոնների ու նորմերի վերահսկողության իրականացում,Ծառայությունների մատուցում,24283991.8,23447706.7,22507193.7,0.96,7248735.6,7384491.9,6922462.5,0.937,19244.0,15244.0,5771.4,0.379
ՀՀ վարչապետի  աշխատակազմ,1213,1213,Տեսչական վերահսկողության ծրագիր,Տեսչական վերահսկողության ապահովում,Տեխնիկական կանոնակարգերին համապատասխանության գնահատում և պահանջների պահպանում,11006,Քաղաքաշինության և ճարտարապետության բնագավառում վերահսկողության ծառայություններ,"Քաղաքաշինության, տեխնիկական և հրդեհային անվտանգության, տրանսպորտի, էներգետիկայի, պետական և տեղական նշանակության գեոդեզիական և քարտեզագրական աշխատանքների և հողօգտագործման բնագավառներում վերահսկողության իրականացում",Ծառայությունների մատուցում,24283991.8,23447706.7,22507193.7,0.96,7248735.6,7384491.9,6922462.5,0.937,1320187.6,1332704.5,1277177.1,0.958
ՀՀ վարչապետի  աշխատակազմ,1213,1213,Տեսչական վերահսկողության ծրագիր,Տեսչական վերահսկողության ապահովում,Տեխնիկական կանոնակարգերին համապատասխանության գնահատում և պահանջների պահպանում,11007,Սննդամթերքի անվտանգության բնագավառում վերահսկողության իրականացման ծառայություններ,"Սննդամթերքի, անասնաբուժության և բուսասանիտարիայի ոլորտներում վերահսկողության իրականացում, պետությանը և հանրությանը սպառնացող վտանգների հայտնաբերում, ներթափանցման և տարածման կանխարգելում",Ծառայությունների մատուցում,24283991.8,23447706.7,22507193.7,0.96,7248735.6,7384491.9,6922462.5,0.937,1748163.4,1740241.9,1718526.5,0.988
ՀՀ վարչապետի  աշխատակազմ,1213,1213,Տեսչական վերահսկողության ծրագիր,Տեսչական վերահսկողության ապահովում,Տեխնիկական կանոնակարգերին համապատասխանության գնահատում և պահանջների պահպանում,11010,Տեսչական վերահսկողության շրջանակում սննդամթերքի լաբորատոր հետազոտություն,Վաճառքում գտնվող սննդամթերքի անվտանգության և որակի բարելավման ապահովում (նմուշների լաբորատոր փորձաքննություն` հավատարմագրված լաբորատորիաների կողմից),Ծառայությունների մատուցում,24283991.8,23447706.7,22507193.7,0.96,7248735.6,7384491.9,6922462.5,0.937,34697.4,103379.2,95424.4,0.9229999999999999
ՀՀ վարչապետի  աշխատակազմ,1213,1213,Տեսչական վերահսկողության ծրագիր,Տեսչական վերահսկողության ապահովում,Տեխնիկական կանոնակարգերին համապատասխանության գնահատում և պահանջների պահպանում,11011,"Գյուղատնտեսական կենդանիների հիվանդությունների, կենդանական ծագում ունեցող հումքի և նյութի վերահսկողության իրականացում լաբորատոր փորձարկումների միջոցով","Գյուղատնտեսական կենդանիներից (հիմնականում խոշոր և մանր եղջերավոր), ինչպես նաև կենդանական ծագման հումքից և նյութերից վերցված նմուշների լաբորատոր փորձարկումների իրականացում",Ծառայությունների մատուցում,24283991.8,23447706.7,22507193.7,0.96,7248735.6,7384491.9,6922462.5,0.937,326223.0,326223.0,242458.8,0.743
ՀՀ վարչապետի  աշխատակազմ,1213,1213,Տեսչական վերահսկողության ծրագիր,Տեսչական վերահսկողության ապահովում,Տեխնիկական կանոնակարգերին համապատասխանության գնահատում և պահանջների պահպանում,11012,Դաբաղ հիվանդության դեմ պատվաստումների իրականացման վերահսկողություն,Կենդանիների արյան նմուշների հետպատվաստումային վարակամերժության արդյունավետության աստիճանի որոշման լաբորատոր փորձարկումներ,Ծառայությունների մատուցում,24283991.8,23447706.7,22507193.7,0.96,7248735.6,7384491.9,6922462.5,0.937,20260.0,20260.0,12501.3,0.617
ՀՀ վարչապետի  աշխատակազմ,1213,1213,Տեսչական վերահսկողության ծրագիր,Տեսչական վերահսկողության ապահովում,Տեխնիկական կանոնակարգերին համապատասխանության գնահատում և պահանջների պահպանում,11013,Գյուղատնտեսական մշակաբույսերի և բույսերի պաշտպանության միջոցների վերահսկողություն  լաբորատոր փորձարկումների միջոցով,"Բույսերի կարանտին օրգանիզմների հիվանդությունների, վնասատուների նկատմամբ վերահսկողության սահմանում, թունաքիմիկատների բացասական ազդեցության վերահսկում ինչպես բույսերի, այնպես էլ մարդկանց առողջության վրա",Ծառայությունների մատուցում,24283991.8,23447706.7,22507193.7,0.96,7248735.6,7384491.9,6922462.5,0.937,27810.0,27810.0,27810.0,1.0
ՀՀ վարչապետի  աշխատակազմ,1213,1213,Տեսչական վերահսկողության ծրագիր,Տեսչական վերահսկողության ապահովում,Տեխնիկական կանոնակարգերին համապատասխանության գնահատում և պահանջների պահպանում,11014,Կենդանական ծագման մթերքում մնացորդային նյութերի վերահսկողություն,"Լաբորատոր փորձարկումների միջոցով ձկան և մեղրի մեջ մնացորդային նյութերի չափաքանակների  բացահայտում, որի արդյունքում որոշվում է այդ մթերքների անվտանգության և որակի մակարդակը",Ծառայությունների մատուցում,24283991.8,23447706.7,22507193.7,0.96,7248735.6,7384491.9,6922462.5,0.937,55825.0,55825.0,55825.0,1.0
ՀՀ վարչապետի  աշխատակազմ,1213,1213,Տեսչական վերահսկողության ծրագիր,Տեսչական վերահսկողության ապահովում,Տեխնիկական կանոնակարգերին համապատասխանության գնահատում և պահանջների պահպանում,11015,Առողջապահական և աշխատանքի տեսչական վերահսկողության շրջանակներում լաբորատոր փորձաքննության ապահովում,Առողջապահական և աշխատանքի տեսչական վերահսկողության շրջանակներում լաբորատոր փորձաքննության իրականացում,Ծառայությունների մատուցում,24283991.8,23447706.7,22507193.7,0.96,7248735.6,7384491.9,6922462.5,0.937,44700.0,44700.0,36272.3,0.8109999999999999
ՀՀ վարչապետի  աշխատակազմ,1213,1213,Տեսչական վերահսկողության ծրագիր,Տեսչական վերահսկողության ապահովում,Տեխնիկական կանոնակարգերին համապատասխանության գնահատում և պահանջների պահպանում,11016,Ոչ սպանդանոցային մորթի հետևանքով ստացված կենդանական ծագման հումքի տեղափոխման և ոչնչացման ծառայություններ,Ոչ սպանդանոցային մորթի հետևանքով ստացված վտանգավոր ճանաչված կենդանական ծագման հումքի տեղափոխում և ոչնչացում,Ծառայությունների մատուցում,24283991.8,23447706.7,22507193.7,0.96,7248735.6,7384491.9,6922462.5,0.937,93600.0,58618.2,6229.4,0.106
ՀՀ վարչապետի  աշխատակազմ,1213,1213,Տեսչական վերահսկողության ծրագիր,Տեսչական վերահսկողության ապահովում,Տեխնիկական կանոնակարգերին համապատասխանության գնահատում և պահանջների պահպանում,11017,Սահմանային պետական վերահսկողության շրջանակներում ներմուծվող սննդամթերքի պահեստային նմուշն այլ պետության ռեֆերենս փորձարկման լաբորատորիա ուղարկելու ծառայություններ,Ներմուծվող սննդամթերքի փորձաքննություն իրականացնող գնահատող մարմնի փորձաքննությունների հավաստիության ստուգում պահեստային նմուշն այլ պետության ռեֆերենս փորձարկման լաբորատորիա ուղարկելու և փորձաքննություն իրականացնելու եղանակով,Ծառայությունների մատուցում,24283991.8,23447706.7,22507193.7,0.96,7248735.6,7384491.9,6922462.5,0.937,10000.0,10000.0,0.0,0.0
ՀՀ վարչապետի  աշխատակազմ,1213,1213,Տեսչական վերահսկողության ծրագիր,Տեսչական վերահսկողության ապահովում,Տեխնիկական կանոնակարգերին համապատասխանության գնահատում և պահանջների պահպանում,31001,Բնապահպանության և ընդերքի տեսչական մարմնի կարողությունների զարգացում և տեխնիկական հագեցվածության ապահովում,Բնապահպանության և ընդերքի տեսչական մարմնի աշխատանքային պայմանների բարելավման համար վարչական սարքավորումների ձեռք բերում,Պետական մարմինների կողմից օգտագործվող ոչ ֆինանսական ակտիվների հետ գործառնություններ,24283991.8,23447706.7,22507193.7,0.96,7248735.6,7384491.9,6922462.5,0.937,70175.0,85627.0,83617.8,0.977
ՀՀ վարչապետի  աշխատակազմ,1213,1213,Տեսչական վերահսկողության ծրագիր,Տեսչական վերահսկողության ապահովում,Տեխնիկական կանոնակարգերին համապատասխանության գնահատում և պահանջների պահպանում,31002,Կրթության տեսչական մարմնի կարողությունների զարգացում և տեխնիկական հագեցվածության ապահովում,Կրթության տեսչական մարմնի աշխատանքային պայմանների բարելավման համար վարչական սարքավորումների ձեռք բերում,Պետական մարմինների կողմից օգտագործվող ոչ ֆինանսական ակտիվների հետ գործառնություններ,24283991.8,23447706.7,22507193.7,0.96,7248735.6,7384491.9,6922462.5,0.937,4748.7,8222.1,7712.8,0.938
ՀՀ վարչապետի  աշխատակազմ,1213,1213,Տեսչական վերահսկողության ծրագիր,Տեսչական վերահսկողության ապահովում,Տեխնիկական կանոնակարգերին համապատասխանության գնահատում և պահանջների պահպանում,31003,Շուկայի վերահսկողության տեսչական մարմնի կարողությունների զարգացում և տեխնիկական հագեցվածության ապահովում,Շուկայի վերահսկողության տեսչական մարմնի աշխատանքային պայմանների բարելավման համար վարչական սարքավորումների ձեռք բերում,Պետական մարմինների կողմից օգտագործվող ոչ ֆինանսական ակտիվների հետ գործառնություններ,24283991.8,23447706.7,22507193.7,0.96,7248735.6,7384491.9,6922462.5,0.937,26442.0,31488.5,28663.1,0.91
ՀՀ վարչապետի  աշխատակազմ,1213,1213,Տեսչական վերահսկողության ծրագիր,Տեսչական վերահսկողության ապահովում,Տեխնիկական կանոնակարգերին համապատասխանության գնահատում և պահանջների պահպանում,31004,"Քաղաքաշինության, տեխնիկական և հրդեհային անվտանգության տեսչական մարմնի կարողությունների զարգացում և տեխնիկական հագեցվածության ապահովում","Քաղաքաշինության, տեխնիկական և հրդեհային անվտանգության տեսչական մարմնի աշխատանքային պայմանների բարելավման համար վարչական սարքավորումների ձեռք բերում",Պետական մարմինների կողմից օգտագործվող ոչ ֆինանսական ակտիվների հետ գործառնություններ,24283991.8,23447706.7,22507193.7,0.96,7248735.6,7384491.9,6922462.5,0.937,25000.0,32354.5,29974.1,0.9259999999999999
ՀՀ վարչապետի  աշխատակազմ,1213,1213,Տեսչական վերահսկողության ծրագիր,Տեսչական վերահսկողության ապահովում,Տեխնիկական կանոնակարգերին համապատասխանության գնահատում և պահանջների պահպանում,31005,Առողջապահության և աշխատանքի տեսչական մարմնի կարողությունների զարգացում և տեխնիկական հագեցվածության ապահովում,Առողջապահության և աշխատանքի տեսչական մարմնի աշխատանքային պայմանների բարելավման համար վարչական սարքավորումների ձեռք բերում,Պետական մարմինների կողմից օգտագործվող ոչ ֆինանսական ակտիվների հետ գործառնություններ,24283991.8,23447706.7,22507193.7,0.96,7248735.6,7384491.9,6922462.5,0.937,8940.0,16655.8,14985.2,0.9
ՀՀ վարչապետի  աշխատակազմ,1213,1213,Տեսչական վերահսկողության ծրագիր,Տեսչական վերահսկողության ապահովում,Տեխնիկական կանոնակարգերին համապատասխանության գնահատում և պահանջների պահպանում,31006,Սննդամթերքի անվտանգության տեսչական մարմնի տեխնիկական հագեցվածության բարելավում,Սննդամթերքի անվտանգության տեսչական մարմնի տեխնիկական և աշխատանքային պայմանների բարելավում,Պետական մարմինների կողմից օգտագործվող ոչ ֆինանսական ակտիվների հետ գործառնություններ,24283991.8,23447706.7,22507193.7,0.96,7248735.6,7384491.9,6922462.5,0.937,129855.0,130162.2,112244.2,0.862
ՀՀ վարչապետի  աշխատակազմ,1214,1214,Արդյունահանող ճյուղերի զարգացման ծրագիր,Հայաստանում տնտեսական աճին հանքարդյունաբերության ոլորտի նպաստի ամրապնդում,"Հանքարդյունաբերության ոլորտի քաղաքականության մշակմանն աջակցության ապահովում, ապագայի միասնական տեսլականի ձևավորում, ոլորտի թափանցիկության և հաշվետվողականության բարձրացում",11003,Համաշխարհային բանկի աջակցությամբ իրականացվող «Հայաստանի արդյունահանող ճյուղերի թափանցիկության նախաձեռնությանն աջակցություն. լրացուցիչ ֆինանսավորում» դրամաշնորհային ծրագիր,"ԱՃԹՆ-ի միջազգային ստանդարտին համապատասխան` հանքարդյունաբերության ոլորտի թափանցիկության և հաշվետվողականության բարձրացմանն աջակցություն, տվյալների համակարգված բացահայտումների համակարգի ներդնում",Ծառայությունների մատուցում,24283991.8,23447706.7,22507193.7,0.96,2323.1,2323.1,2407.6,1.036,2323.1,2323.1,2407.6,1.036
ՀՀ վարչապետի  աշխատակազմ,1221,1221,Տոների և հիշատակի օրերի ծրագիր,Տոների և հիշատակի օրերին նվիրված միջոցառումների անցկացում ի նպաստ Ազգային ինքնության պահպանման,Հայի պատմական անցյալի արժեվորում ու պահպանում,11002,Քաղաքացու օրվան նվիրված միջոցառումներ,Քաղաքացու օրվան նվիրված միջոցառումների կազմակերպում և իրականացում,Ծառայությունների մատուցում,24283991.8,23447706.7,22507193.7,0.96,202473.6,196883.6,178704.5,0.9079999999999999,27600.0,22010.0,22009.9,1.0
ՀՀ վարչապետի  աշխատակազմ,1221,1221,Տոների և հիշատակի օրերի ծրագիր,Տոների և հիշատակի օրերին նվիրված միջոցառումների անցկացում ի նպաստ Ազգային ինքնության պահպանման,Հայի պատմական անցյալի արժեվորում ու պահպանում,11003,"«Մեր ժամանակների հերոսը» միջոցառում, մրցանակաբաշխություն","ՀՀ անկախության հռչակման տարեդարձի կապակցությումբ կազմակերպված միջոցառում, մրցանակաբաշխություն",Ծառայությունների մատուցում,24283991.8,23447706.7,22507193.7,0.96,202473.6,196883.6,178704.5,0.9079999999999999,174873.6,174873.6,156694.6,0.8959999999999999
ՀՀ վարչապետի  աշխատակազմ,1222,1222,ՀՀ զարգացման գործընթացներում Սփյուռքի ներուժի ներգրավում,"Սփյուռք ներուժի բացահայտում, տեղեկատվական համակարգերի ստեղծում,   ՀՀ զարգացման գործընթացներում ներգրավվածություն, Հայաստան- Սփյուռք համատեղ ծրագրերի իրականացում, ըստ ոլորտների համահայկական մասնագիտական ցանցերի ստեղծում","Սփյուռք ներուժի բացահայտում, սփյուռքի, համահայկական կառույցների և գործիչների վերաբերյալ տեղեկատվական համակարգերի ստեղծում, համահայկական համաժողովների արդյունքում նոր ծրագրերի մշակում և իրականացում",11003,Համահայկական համաժողովների իրականացում,"Համահայկական և համայնքային կառույցների ներկայացուցիչների մասնակցությամբ համաժողովների և խորհրդաժողովների կազմակերպում` ի նպաստ Հայաստանի և Սփյուռքի միջև համագործակցության հաստատմանը, համահայկական ցանցերի ստեղծմանը, հայրենադարձությանը",Ծառայությունների մատուցում,24283991.8,23447706.7,22507193.7,0.96,294078.0,287248.0,286560.0,0.998,294078.0,287248.0,286560.0,0.998
ՀՀ վարչապետի  աշխատակազմ,1223,1223,"Միջազգային դատարաններում, միջազգային արբիտրաժներում և այլ միջազգային ատյաններում ՀՀ շահերի ներկայացում և պաշտպանություն , դրանց կողմից ընդունված վճիռների և որոշումների կատարման ապահովում","Միջազգային դատարաններում, միջազգային արբիտրաժներում և այլ միջազգային ատյաններում ՀՀ վերաբերյալ գործընթացներում մասնակցություն, դրանց կողմից ընդունված վճիռների և որոշումների կատարման ապահովում","ՀՀ շահերի ներկայացում և պաշտպանություն , ՀՀ վերաբերյալ վճռի կամ որոշման կատարման գործընթացի ապահովում",11001,"Հայաստանի Հանրապետության շահերի ներկայացմանն ու պաշտպանությանն ուղղված փաստաբանական, իրավաբանական ծառայություններ","Արբիտրաժային և այլ վեճերի շրջանակներում ՀՀ շահերը ներկայացնելու և պաշտպանելու համար փաստաբանական, իրավաբանական, փորձագիտական ծառայությունների, վեճը լուծող հաշտարարի ծառայությունների, ՀՀ շահերից բխող խորհրդատվական բնույթի ծառայությունների ձեռքբերում",Ծառայությունների մատուցում,24283991.8,23447706.7,22507193.7,0.96,3893478.3,5319341.7,5267619.3,0.99,3332081.8,4194304.2,4145425.4,0.988
ՀՀ վարչապետի  աշխատակազմ,1223,1223,"Միջազգային դատարաններում, միջազգային արբիտրաժներում և այլ միջազգային ատյաններում ՀՀ շահերի ներկայացում և պաշտպանություն , դրանց կողմից ընդունված վճիռների և որոշումների կատարման ապահովում","Միջազգային դատարաններում, միջազգային արբիտրաժներում և այլ միջազգային ատյաններում ՀՀ վերաբերյալ գործընթացներում մասնակցություն, դրանց կողմից ընդունված վճիռների և որոշումների կատարման ապահովում","ՀՀ շահերի ներկայացում և պաշտպանություն , ՀՀ վերաբերյալ վճռի կամ որոշման կատարման գործընթացի ապահովում",12001,Մարդու իրավունքների Եվրոպական դատարանի վճիռների և որոշումների հիման վրա արդարացի ֆինանսական հատուցումների տրամադրում,Մարդու իրավունքների Եվրոպական դատարանի վճիռների և որոշումների հիման վրա սահմանված արդարացի փոխհատուցման գումարի վճարում` դիմումատուի` Մարդու իրավունքների Եվրոպական կոնվենցիայով ապահովված իրավունքների խախտման դիմաց,Տրանսֆերտների տրամադրում,24283991.8,23447706.7,22507193.7,0.96,3893478.3,5319341.7,5267619.3,0.99,0.0,130441.0,130440.9,1.0
ՀՀ վարչապետի  աշխատակազմ,1223,1223,"Միջազգային դատարաններում, միջազգային արբիտրաժներում և այլ միջազգային ատյաններում ՀՀ շահերի ներկայացում և պաշտպանություն , դրանց կողմից ընդունված վճիռների և որոշումների կատարման ապահովում","Միջազգային դատարաններում, միջազգային արբիտրաժներում և այլ միջազգային ատյաններում ՀՀ վերաբերյալ գործընթացներում մասնակցություն, դրանց կողմից ընդունված վճիռների և որոշումների կատարման ապահովում","ՀՀ շահերի ներկայացում և պաշտպանություն , ՀՀ վերաբերյալ վճռի կամ որոշման կատարման գործընթացի ապահովում",12002,Միջազգային արբիտրաժային տրիբունալի կամ օտարերկրյա ներպետական դատարանի ծախսերի վճարում,Միջազգային արբիտրաժային տրիբունալի կամ օտարերկրյա ներպետական դատարանի ծախսերի վճարում,Տրանսֆերտների տրամադրում,24283991.8,23447706.7,22507193.7,0.96,3893478.3,5319341.7,5267619.3,0.99,561396.5,576396.5,573552.8,0.995
ՀՀ վարչապետի  աշխատակազմ,1223,1223,"Միջազգային դատարաններում, միջազգային արբիտրաժներում և այլ միջազգային ատյաններում ՀՀ շահերի ներկայացում և պաշտպանություն , դրանց կողմից ընդունված վճիռների և որոշումների կատարման ապահովում","Միջազգային դատարաններում, միջազգային արբիտրաժներում և այլ միջազգային ատյաններում ՀՀ վերաբերյալ գործընթացներում մասնակցություն, դրանց կողմից ընդունված վճիռների և որոշումների կատարման ապահովում","ՀՀ շահերի ներկայացում և պաշտպանություն , ՀՀ վերաբերյալ վճռի կամ որոշման կատարման գործընթացի ապահովում",12003,"Միջազգային դատարաններում, միջազգային արբիտրաժներում և այլ միջազգային ատյաններում ՀՀ շահերի ներկայացում և պաշտպանություն, դրանց կողմից ընդունված վճիռների և որոշումների կատարման ապահովում",Արբիտրաժային և այլ վեճերի շրջանակներում միջազգային արբիտրաժների և այլ միջազգային ատյանների կողմից ընդունված վճիռների և որոշումների կատարման ապահովում,Տրանսֆերտների տրամադրում,24283991.8,23447706.7,22507193.7,0.96,3893478.3,5319341.7,5267619.3,0.99,0.0,418200.1,418200.1,1.0
ՀՀ սահմանադրական դատարան,1092,1092,ՀՀ սահմանադրական դատարանի գործունեության ապահովում,ՀՀ-ում սահմանադրական արդարադատության իրականացում և սահմանադրության գերակայության ապահովում,"ՀՀ-ում սահմանադրականության, քաղաքացիների և կազմակերպությունների իրավունքի ապահովումը",11001,ՀՀ սահմանադրական դատարանի գործունեության և սահմանադրական արդարադատության ապահովում,"Վեճերի քննում, լուծում և որոշումների կայացում ՀՀ սահմանադրությանը համապատասխանության վերաբերյալ",Ծառայությունների մատուցում,870435.9,908265.9,868231.9,0.956,870435.9,908265.9,868231.9,0.956,851868.5,889698.5,849787.8,0.955
ՀՀ սահմանադրական դատարան,1092,1092,ՀՀ սահմանադրական դատարանի գործունեության ապահովում,ՀՀ-ում սահմանադրական արդարադատության իրականացում և սահմանադրության գերակայության ապահովում,"ՀՀ-ում սահմանադրականության, քաղաքացիների և կազմակերպությունների իրավունքի ապահովումը",11002,ՀՀ սահմանադրական դատարանի պահուստային ֆոնդ,Չկանխատեսված ծախսերի կատարման ապահովում,Ծառայությունների մատուցում,870435.9,908265.9,868231.9,0.956,870435.9,908265.9,868231.9,0.956,17067.4,17067.4,16957.1,0.9940000000000001
ՀՀ սահմանադրական դատարան,1092,1092,ՀՀ սահմանադրական դատարանի գործունեության ապահովում,ՀՀ-ում սահմանադրական արդարադատության իրականացում և սահմանադրության գերակայության ապահովում,"ՀՀ-ում սահմանադրականության, քաղաքացիների և կազմակերպությունների իրավունքի ապահովումը",31001,ՀՀ սահմանադրական դատարանի տեխնիկական հագեցվածության բարելավում,Աշխատանքային պայմանների բարելավմանը ուղղված վարչական սարքավորումների ձեռքբերում,Պետական մարմինների կողմից օգտագործվող ոչ ֆինանսական ակտիվների հետ գործառնություններ,870435.9,908265.9,868231.9,0.956,870435.9,908265.9,868231.9,0.956,1500.0,1500.0,1486.9,0.991
Բարձրագույն դատական խորհուրդ,1080,1080,Դատական իշխանության գործունեության ապահովում և իրականացում,"Դատական իշխանության անկախության երաշխավորում, բնականոն գործունեության և դատական պաշտպանության իրավունքի ապահովում",Դատական իշխանության գուծունեության և դատական պաշտպանության իրավունքի ապահովման արդյունավետության բարձրացում,11001,Բարձրագույն դատական խորհրդի բնականոն գործունեության ապահովում և Բարձրագույն դատական խորհրդի կողմից դատական իշխանության անկախության երաշխավորմանն ուղղված միջոցառումների իրականացում,"Դատական գործերի բաշխման համակարգի արդիականացում, դատարանների բնականոն գործունեության համար նյութատեխնիկական պայմաններով ապահովում, Դատական դեպարտամենտին որակյալ կադրերով ապահովում, ճշգրիտ դատական վիճակագրության վարում և այլն",Ծառայությունների մատուցում,17154123.0,17650663.0,17621321.6,0.998,17154123.0,17650663.0,17621321.6,0.998,4048355.7,3833308.7,3820734.4,0.997
Բարձրագույն դատական խորհուրդ,1080,1080,Դատական իշխանության գործունեության ապահովում և իրականացում,"Դատական իշխանության անկախության երաշխավորում, բնականոն գործունեության և դատական պաշտպանության իրավունքի ապահովում",Դատական իշխանության գուծունեության և դատական պաշտպանության իրավունքի ապահովման արդյունավետության բարձրացում,11002,ՀՀ Վճռաբեկ դատարանի բնականոն գործունեության և ՀՀ Վճռաբեկ դատարանի կողմից դատական պաշտպանության իրավունքի ապահովում,"Դատավարական գործունեության իրականացում, դատական ակտերի կազմում և հրապարակում, արխիվային փաստաթղթերի տրամադրում,  դատական ծառայության իրականացում",Ծառայությունների մատուցում,17154123.0,17650663.0,17621321.6,0.998,17154123.0,17650663.0,17621321.6,0.998,1147169.1,1168882.0,1168876.1,1.0
Բարձրագույն դատական խորհուրդ,1080,1080,Դատական իշխանության գործունեության ապահովում և իրականացում,"Դատական իշխանության անկախության երաշխավորում, բնականոն գործունեության և դատական պաշտպանության իրավունքի ապահովում",Դատական իշխանության գուծունեության և դատական պաշտպանության իրավունքի ապահովման արդյունավետության բարձրացում,11003,ՀՀ վերաքննիչ քաղաքացիական դատարանի բնականոն գործունեության և ՀՀ Վերաքննիչ քաղաքացիական դատարանի կողմից դատական պաշտպանության իրավունքի ապահովում,"Դատավարական գործունեության իրականացում, դատական ակտերի կազմում և հրապարակում, արխիվային փաստաթղթերի տրամադրում,  դատական ծառայության իրականացում",Ծառայությունների մատուցում,17154123.0,17650663.0,17621321.6,0.998,17154123.0,17650663.0,17621321.6,0.998,650426.2,709900.8,709896.5,1.0
Բարձրագույն դատական խորհուրդ,1080,1080,Դատական իշխանության գործունեության ապահովում և իրականացում,"Դատական իշխանության անկախության երաշխավորում, բնականոն գործունեության և դատական պաշտպանության իրավունքի ապահովում",Դատական իշխանության գուծունեության և դատական պաշտպանության իրավունքի ապահովման արդյունավետության բարձրացում,11004,ՀՀ վերաքննիչ քրեական դատարանի բնականոն գործունեության և ՀՀ Վերաքննիչ քրեական դատարանի կողմից դատական պաշտպանության իրավունքի ապահովում,"Դատավարական գործունեության իրականացում, դատական ակտերի կազմում և հրապարակում, արխիվային փաստաթղթերի տրամադրում,  դատական ծառայության իրականացում",Ծառայությունների մատուցում,17154123.0,17650663.0,17621321.6,0.998,17154123.0,17650663.0,17621321.6,0.998,721994.6,843228.9,843190.3,1.0
Բարձրագույն դատական խորհուրդ,1080,1080,Դատական իշխանության գործունեության ապահովում և իրականացում,"Դատական իշխանության անկախության երաշխավորում, բնականոն գործունեության և դատական պաշտպանության իրավունքի ապահովում",Դատական իշխանության գուծունեության և դատական պաշտպանության իրավունքի ապահովման արդյունավետության բարձրացում,11005,ՀՀ վերաքննիչ վարչական դատարանի բնականոն գործունեության և ՀՀ Վերաքննիչ վարչական դատարանի կողմից դատական պաշտպանության իրավունքի ապահովում,"Դատավարական գործունեության իրականացում, դատական ակտերի կազմում և հրապարակում, արխիվային փաստաթղթերի տրամադրում,  դատական ծառայության իրականացում",Ծառայությունների մատուցում,17154123.0,17650663.0,17621321.6,0.998,17154123.0,17650663.0,17621321.6,0.998,468459.3,520811.3,520810.1,1.0
Բարձրագույն դատական խորհուրդ,1080,1080,Դատական իշխանության գործունեության ապահովում և իրականացում,"Դատական իշխանության անկախության երաշխավորում, բնականոն գործունեության և դատական պաշտպանության իրավունքի ապահովում",Դատական իշխանության գուծունեության և դատական պաշտպանության իրավունքի ապահովման արդյունավետության բարձրացում,11006,ՀՀ վարչական դատարանի բնականոն գործունեության և ՀՀ Վարչական դատարանի կողմից դատական պաշտպանության իրավունքի ապահովում,"Դատավարական գործունեության իրականացում, դատական ակտերի կազմում և հրապարակում, արխիվային փաստաթղթերի տրամադրում,  դատական ծառայության իրականացում",Ծառայությունների մատուցում,17154123.0,17650663.0,17621321.6,0.998,17154123.0,17650663.0,17621321.6,0.998,833715.8,951300.6,951298.6,1.0
Բարձրագույն դատական խորհուրդ,1080,1080,Դատական իշխանության գործունեության ապահովում և իրականացում,"Դատական իշխանության անկախության երաշխավորում, բնականոն գործունեության և դատական պաշտպանության իրավունքի ապահովում",Դատական իշխանության գուծունեության և դատական պաշտպանության իրավունքի ապահովման արդյունավետության բարձրացում,11008,ՀՀ Արագածոտնի մարզի առաջին ատյանի ընդհանուր իրավասության դատարանի բնականոն գործունեության և ՀՀ Արագածոտնի մարզի ընդհանուր իրավասության դատարանի կողմից դատական պաշտպանության իրավունքի ապահովում,"Դատավարական գործունեության իրականացում, դատական ակտերի կազմում և հրապարակում, արխիվային փաստաթղթերի տրամադրում,  դատական ծառայության իրականացում",Ծառայությունների մատուցում,17154123.0,17650663.0,17621321.6,0.998,17154123.0,17650663.0,17621321.6,0.998,350780.0,362591.1,362463.2,1.0
Բարձրագույն դատական խորհուրդ,1080,1080,Դատական իշխանության գործունեության ապահովում և իրականացում,"Դատական իշխանության անկախության երաշխավորում, բնականոն գործունեության և դատական պաշտպանության իրավունքի ապահովում",Դատական իշխանության գուծունեության և դատական պաշտպանության իրավունքի ապահովման արդյունավետության բարձրացում,11009,ՀՀ Արարատի և Վայոց ձորի մարզերի առաջին ատյանի ընդհանուր իրավասության դատարանի բնականոն գործունեության և ՀՀ Արարատի և Վայոց ձորի մարզերի ընդհանուր իրավասության դատարանի կողմից դատական պաշտպանության իրավունքի ապահովում,"Դատավարական գործունեության իրականացում, դատական ակտերի կազմում և հրապարակում, արխիվային փաստաթղթերի տրամադրում,  դատական ծառայության իրականացում",Ծառայությունների մատուցում,17154123.0,17650663.0,17621321.6,0.998,17154123.0,17650663.0,17621321.6,0.998,532646.1,557048.5,557048.2,1.0
Բարձրագույն դատական խորհուրդ,1080,1080,Դատական իշխանության գործունեության ապահովում և իրականացում,"Դատական իշխանության անկախության երաշխավորում, բնականոն գործունեության և դատական պաշտպանության իրավունքի ապահովում",Դատական իշխանության գուծունեության և դատական պաշտպանության իրավունքի ապահովման արդյունավետության բարձրացում,11010,ՀՀ Արմավիրի մարզի առաջին ատյանի  ընդհանուր իրավասության դատարանի բնականոն գործունեության և ՀՀ Արմավիրի մարզի ընդհանուր իրավասության դատարանի կողմից դատական պաշտպանության իրավունքի ապահովում,"Դատավարական գործունեության իրականացում, դատական ակտերի կազմում և հրապարակում, արխիվային փաստաթղթերի տրամադրում,  դատական ծառայության իրականացում",Ծառայությունների մատուցում,17154123.0,17650663.0,17621321.6,0.998,17154123.0,17650663.0,17621321.6,0.998,455612.9,464217.1,464067.9,1.0
Բարձրագույն դատական խորհուրդ,1080,1080,Դատական իշխանության գործունեության ապահովում և իրականացում,"Դատական իշխանության անկախության երաշխավորում, բնականոն գործունեության և դատական պաշտպանության իրավունքի ապահովում",Դատական իշխանության գուծունեության և դատական պաշտպանության իրավունքի ապահովման արդյունավետության բարձրացում,11011,ՀՀ Գեղարքունիքի մարզի առաջին ատյանի  ընդհանուր իրավասության դատարանի բնականոն գործունեության և ՀՀ Գեղարքունիքի մարզի ընդհանուր իրավասության դատարանի կողմից դատական պաշտպանության իրավունքի ապահովում,"Դատավարական գործունեության իրականացում, դատական ակտերի կազմում և հրապարակում, արխիվային փաստաթղթերի տրամադրում,  դատական ծառայության իրականացում",Ծառայությունների մատուցում,17154123.0,17650663.0,17621321.6,0.998,17154123.0,17650663.0,17621321.6,0.998,411327.2,425304.4,425303.7,1.0
Բարձրագույն դատական խորհուրդ,1080,1080,Դատական իշխանության գործունեության ապահովում և իրականացում,"Դատական իշխանության անկախության երաշխավորում, բնականոն գործունեության և դատական պաշտպանության իրավունքի ապահովում",Դատական իշխանության գուծունեության և դատական պաշտպանության իրավունքի ապահովման արդյունավետության բարձրացում,11012,ՀՀ Լոռու մարզի առաջին ատյանի  ընդհանուր իրավասության դատարանի բնականոն գործունեության և ՀՀ Լոռու մարզի ընդհանուր իրավասության դատարանի կողմից դատական պաշտպանության իրավունքի ապահովում,"Դատավարական գործունեության իրականացում, դատական ակտերի կազմում և հրապարակում, արխիվային փաստաթղթերի տրամադրում,  դատական ծառայության իրականացում",Ծառայությունների մատուցում,17154123.0,17650663.0,17621321.6,0.998,17154123.0,17650663.0,17621321.6,0.998,565279.4,594196.4,594151.9,1.0
Բարձրագույն դատական խորհուրդ,1080,1080,Դատական իշխանության գործունեության ապահովում և իրականացում,"Դատական իշխանության անկախության երաշխավորում, բնականոն գործունեության և դատական պաշտպանության իրավունքի ապահովում",Դատական իշխանության գուծունեության և դատական պաշտպանության իրավունքի ապահովման արդյունավետության բարձրացում,11013,ՀՀ Կոտայքի մարզի առաջին ատյանի ընդհանուր իրավասության դատարանի բնականոն գործունեության և ՀՀ Կոտայքի մարզի ընդհանուր իրավասության դատարանի կողմից դատական պաշտպանության իրավունքի ապահովում,"Դատավարական գործունեության իրականացում, դատական ակտերի կազմում և հրապարակում, արխիվային փաստաթղթերի տրամադրում,  դատական ծառայության իրականացում",Ծառայությունների մատուցում,17154123.0,17650663.0,17621321.6,0.998,17154123.0,17650663.0,17621321.6,0.998,525446.1,518002.7,517406.1,0.9990000000000001
Բարձրագույն դատական խորհուրդ,1080,1080,Դատական իշխանության գործունեության ապահովում և իրականացում,"Դատական իշխանության անկախության երաշխավորում, բնականոն գործունեության և դատական պաշտպանության իրավունքի ապահովում",Դատական իշխանության գուծունեության և դատական պաշտպանության իրավունքի ապահովման արդյունավետության բարձրացում,11014,ՀՀ Շիրակի մարզի առաջին ատյանի  ընդհանուր իրավասության դատարանի բնականոն գործունեության և ՀՀ Շիրակի մարզի ընդհանուր իրավասության դատարանի կողմից դատական պաշտպանության իրավունքի ապահովում,"Դատավարական գործունեության իրականացում, դատական ակտերի կազմում և հրապարակում, արխիվային փաստաթղթերի տրամադրում,  դատական ծառայության իրականացում",Ծառայությունների մատուցում,17154123.0,17650663.0,17621321.6,0.998,17154123.0,17650663.0,17621321.6,0.998,544481.3,565391.1,565375.7,1.0
Բարձրագույն դատական խորհուրդ,1080,1080,Դատական իշխանության գործունեության ապահովում և իրականացում,"Դատական իշխանության անկախության երաշխավորում, բնականոն գործունեության և դատական պաշտպանության իրավունքի ապահովում",Դատական իշխանության գուծունեության և դատական պաշտպանության իրավունքի ապահովման արդյունավետության բարձրացում,11015,ՀՀ Սյունիքի մարզի առաջին ատյանի ընդհանուր իրավասության դատարանի բնականոն գործունեության և ՀՀ Սյունիքի մարզի ընդհանուր իրավասության դատարանի կողմից դատական պաշտպանության իրավունքի ապահովում,"Դատավարական գործունեության իրականացում, դատական ակտերի կազմում և հրապարակում, արխիվային փաստաթղթերի տրամադրում,  դատական ծառայության իրականացում",Ծառայությունների մատուցում,17154123.0,17650663.0,17621321.6,0.998,17154123.0,17650663.0,17621321.6,0.998,462122.1,414078.5,414078.3,1.0
Բարձրագույն դատական խորհուրդ,1080,1080,Դատական իշխանության գործունեության ապահովում և իրականացում,"Դատական իշխանության անկախության երաշխավորում, բնականոն գործունեության և դատական պաշտպանության իրավունքի ապահովում",Դատական իշխանության գուծունեության և դատական պաշտպանության իրավունքի ապահովման արդյունավետության բարձրացում,11016,ՀՀ Տավուշի մարզի առաջին ատյանի ընդհանուր իրավասության դատարանի բնականոն գործունեության և ՀՀ Տավուշի մարզի ընդհանուր իրավասության դատարանի կողմից դատական պաշտպանության իրավունքի ապահովում,"Դատավարական գործունեության իրականացում, դատական ակտերի կազմում և հրապարակում, արխիվային փաստաթղթերի տրամադրում,  դատական ծառայության իրականացում",Ծառայությունների մատուցում,17154123.0,17650663.0,17621321.6,0.998,17154123.0,17650663.0,17621321.6,0.998,316361.3,337656.7,336295.8,0.996
Բարձրագույն դատական խորհուրդ,1080,1080,Դատական իշխանության գործունեության ապահովում և իրականացում,"Դատական իշխանության անկախության երաշխավորում, բնականոն գործունեության և դատական պաշտպանության իրավունքի ապահովում",Դատական իշխանության գուծունեության և դատական պաշտպանության իրավունքի ապահովման արդյունավետության բարձրացում,11017,ՀՀ Սնանկության դատարանի բնականոն գործունեության և ՀՀ Սնանկության դատարանի կողմից դատական պաշտպանության իրավունքի ապահովում,"Դատավարական գործունեության իրականացում, դատական ակտերի կազմում և հրապարակում, արխիվային փաստաթղթերի տրամադրում,  դատական ծառայության իրականացում",Ծառայությունների մատուցում,17154123.0,17650663.0,17621321.6,0.998,17154123.0,17650663.0,17621321.6,0.998,543619.3,600770.0,600762.5,1.0
Բարձրագույն դատական խորհուրդ,1080,1080,Դատական իշխանության գործունեության ապահովում և իրականացում,"Դատական իշխանության անկախության երաշխավորում, բնականոն գործունեության և դատական պաշտպանության իրավունքի ապահովում",Դատական իշխանության գուծունեության և դատական պաշտպանության իրավունքի ապահովման արդյունավետության բարձրացում,11018,Բարձրագույն դատական խորհրդի և ՀՀ դատարանների պահուստային ֆոնդի ձևավորում և կառավարում,Չնախատեսված և չկանխատեսված ծախսերի փոխհատուցում,Ծառայությունների մատուցում,17154123.0,17650663.0,17621321.6,0.998,17154123.0,17650663.0,17621321.6,0.998,336355.3,336355.3,328890.7,0.978
Բարձրագույն դատական խորհուրդ,1080,1080,Դատական իշխանության գործունեության ապահովում և իրականացում,"Դատական իշխանության անկախության երաշխավորում, բնականոն գործունեության և դատական պաշտպանության իրավունքի ապահովում",Դատական իշխանության գուծունեության և դատական պաշտպանության իրավունքի ապահովման արդյունավետության բարձրացում,11019,Հակակոռուպցիոն դատարանի բնականոն գործունեության և Հակակոռուպցիոն դատարանի կողմից դատական պաշտպանության իրավուքի ապահովում,"Դատավարական գործունեության իրականացում, ակտերի կազմում և հրապարակում, արխիվային փաստաթղթերի տրամադրում, դատական ծառայության իրականացում",Ծառայությունների մատուցում,17154123.0,17650663.0,17621321.6,0.998,17154123.0,17650663.0,17621321.6,0.998,545285.7,604987.3,604974.4,1.0
Բարձրագույն դատական խորհուրդ,1080,1080,Դատական իշխանության գործունեության ապահովում և իրականացում,"Դատական իշխանության անկախության երաշխավորում, բնականոն գործունեության և դատական պաշտպանության իրավունքի ապահովում",Դատական իշխանության գուծունեության և դատական պաշտպանության իրավունքի ապահովման արդյունավետության բարձրացում,11020,Վերաքննիչ հակակոռուպցիոն դատարանի բնականոն գործունեության և Վերաքննիչ հակակոռուպցիոն դատարանի կողմից դատական պաշտպանության իրավուքի ապահովում,"Դատավարական գործունեության իրականացում, ակտերի կազմում և հրապարակում, արխիվային փաստաթղթերի տրամադրում, դատական ծառայության իրականացում",Ծառայությունների մատուցում,17154123.0,17650663.0,17621321.6,0.998,17154123.0,17650663.0,17621321.6,0.998,409956.5,392498.9,392467.0,1.0
Բարձրագույն դատական խորհուրդ,1080,1080,Դատական իշխանության գործունեության ապահովում և իրականացում,"Դատական իշխանության անկախության երաշխավորում, բնականոն գործունեության և դատական պաշտպանության իրավունքի ապահովում",Դատական իշխանության գուծունեության և դատական պաշտպանության իրավունքի ապահովման արդյունավետության բարձրացում,11021,Դատավորների և դատական կարգադրիչների հատուկ պատրաստականության դասընթացների անցկացում և դատական համակարգի քաղաքացիական ծառայողների վերապատրաստում,Դատավորների և դատական կարգադրիչների հատուկ պատրաստականության և դատական համակարգի քաղաքացիական ծառայողների մասնագիտական կարողությունների զարգացում,Ծառայությունների մատուցում,17154123.0,17650663.0,17621321.6,0.998,17154123.0,17650663.0,17621321.6,0.998,5910.0,749.0,748.6,0.9990000000000001
Բարձրագույն դատական խորհուրդ,1080,1080,Դատական իշխանության գործունեության ապահովում և իրականացում,"Դատական իշխանության անկախության երաշխավորում, բնականոն գործունեության և դատական պաշտպանության իրավունքի ապահովում",Դատական իշխանության գուծունեության և դատական պաշտպանության իրավունքի ապահովման արդյունավետության բարձրացում,11022,Երևան քաղաքի առաջին ատյանի ընդհանուր իրավասության քաղաքացիական դատարանի բնականոն գործունեության և Երևան քաղաքի առաջին ատյանի ընդհանուր իրավասության քաղաքացիական դատարանի կողմից դատական պաշտպանության իրավունքի ապահովում,"Դատավարական գործունեության իրականացում, դատական ակտերի կազմում և հրապարակում, արխիվային փաստաթղթերի տրամադրում, անվտանգության երաշխիքների ապահովում, դատական ծառայության իրականացում",Ծառայությունների մատուցում,17154123.0,17650663.0,17621321.6,0.998,17154123.0,17650663.0,17621321.6,0.998,1470237.1,1532204.2,1532070.3,1.0
Բարձրագույն դատական խորհուրդ,1080,1080,Դատական իշխանության գործունեության ապահովում և իրականացում,"Դատական իշխանության անկախության երաշխավորում, բնականոն գործունեության և դատական պաշտպանության իրավունքի ապահովում",Դատական իշխանության գուծունեության և դատական պաշտպանության իրավունքի ապահովման արդյունավետության բարձրացում,11023,Երևան քաղաքի առաջին ատյանի ընդհանուր իրավասության քրեական դատարանի բնականոն գործունեության և Երևան քաղաքի առաջին ատյանի ընդհանուր իրավասության քրեական դատարանի կողմից դատական պաշտպանության իրավունքի ապահովում,"Դատավարական գործունեության իրականացում, դատական ակտերի կազմում և հրապարակում, արխիվային փաստաթղթերի տրամադրում, անվտանգության երաշխիքների ապահովում, դատական ծառայության իրականացում",Ծառայությունների մատուցում,17154123.0,17650663.0,17621321.6,0.998,17154123.0,17650663.0,17621321.6,0.998,1473025.4,1543222.9,1543063.3,1.0
Բարձրագույն դատական խորհուրդ,1080,1080,Դատական իշխանության գործունեության ապահովում և իրականացում,"Դատական իշխանության անկախության երաշխավորում, բնականոն գործունեության և դատական պաշտպանության իրավունքի ապահովում",Դատական իշխանության գուծունեության և դատական պաշտպանության իրավունքի ապահովման արդյունավետության բարձրացում,31001,Բարձրագույն դատական խորհրդի տեխնիկական հագեցվածության բարելավում,ԲԴԽ աշխատանքային պայմանների բարելավման համար վարչական  սարքավորումների ձեռքբերում,Պետական մարմինների կողմից օգտագործվող ոչ ֆինանսական ակտիվների հետ գործառնություններ,17154123.0,17650663.0,17621321.6,0.998,17154123.0,17650663.0,17621321.6,0.998,335556.6,373956.6,367348.2,0.982
ՀՀ դատախազություն,1013,1013,Փորձաքննության ծառայություններ,Հանցագործությունների բացահայտման մակարդակի բարելավում,Բացահայտված հանցագործությունների աճ,11001,Փորձաքննության ծառայությունների տրամադրում,Պետական մարմինների կողմից իրականացվող աշխատանքների համար անհրաժեշտ դատական փորձաքննությունների իրականացում,Ծառայությունների մատուցում,9926494.9,10266734.5,10078134.0,0.982,610968.3,930968.3,930960.0,1.0,610968.3,930968.3,930960.0,1.0
ՀՀ դատախազություն,1087,1087,Դատավարական ղեկավարում և դատախազական հսկողություն,"ՀՀ-ում հանցավորության դեմ պայքար, հանցագործության դեպքերի կանխարգելում և կրճատում, հանցագործության բոլոր դեպքերի առնչությամբ բազմակողմանի,լրիվ և օբյեկտիվ քննության ապահովում","ՀՀ-ում մարդու իրավունքների, ազատությունների և օրինական շահերի պաշտպանության արդյունավետության բարձրացում, հանցավորությունների կանխարգելման արդյունավետության աճ",11001,"Քրեական հետապնդման, դատավարական ղեկավարման և դատախազական հսկողության ծառայությունների տրամադրում","Քրեական հետապնդման, հարուցման, հետաքննության և նախաքննության օրինականության հսկողություն, մեղադրանքի պաշտպանություն հայցերի հարուցում, դատավճիռների և որոշումների բողոքարկում, պատիժների և հարկադրանքի այլ միջոցների կիրառման օրինականության հսկողություն",Ծառայությունների մատուցում,9926494.9,10266734.5,10078134.0,0.982,9305158.6,9325398.2,9143314.8,0.98,9060771.4,9060771.4,8919329.0,0.9840000000000001
ՀՀ դատախազություն,1087,1087,Դատավարական ղեկավարում և դատախազական հսկողություն,"ՀՀ-ում հանցավորության դեմ պայքար, հանցագործության դեպքերի կանխարգելում և կրճատում, հանցագործության բոլոր դեպքերի առնչությամբ բազմակողմանի,լրիվ և օբյեկտիվ քննության ապահովում","ՀՀ-ում մարդու իրավունքների, ազատությունների և օրինական շահերի պաշտպանության արդյունավետության բարձրացում, հանցավորությունների կանխարգելման արդյունավետության աճ",11002,ՀՀ դատախազության պահուստային ֆոնդ,"ՀՀ դատախազության արդյունավետ գործունեության ապահովման նպատակով աշխատակիցների նպատակային խրախուսման, չկանխատեսված ծախսերի կատարման ապահովում",Ծառայությունների մատուցում,9926494.9,10266734.5,10078134.0,0.982,9305158.6,9325398.2,9143314.8,0.98,194637.2,194637.2,156805.8,0.8059999999999999
ՀՀ դատախազություն,1087,1087,Դատավարական ղեկավարում և դատախազական հսկողություն,"ՀՀ-ում հանցավորության դեմ պայքար, հանցագործության դեպքերի կանխարգելում և կրճատում, հանցագործության բոլոր դեպքերի առնչությամբ բազմակողմանի,լրիվ և օբյեկտիվ քննության ապահովում","ՀՀ-ում մարդու իրավունքների, ազատությունների և օրինական շահերի պաշտպանության արդյունավետության բարձրացում, հանցավորությունների կանխարգելման արդյունավետության աճ",11004,"ՀՀ պետական կառավարման մարմինների կողմից  դիմումներ, հայցադիմումներ, դատարանի վճիռների  և որոշումների դեմ վերաքննիչ և վճռաբեկ բողոքներ ներկայացնելիս` «Պետական տուրքի մասին» ՀՀ օրենքով սահմանված վճարումներ","ՀՀ պետական կառավարման մարմինների կողմից  դիմումներ, հայցադիմումներ, դատարանի վճիռների  և որոշումների դեմ վերաքննիչ և վճռաբեկ բողոքներ ներկայացնելիս` «Պետական տուրքի մասին» ՀՀ օրենքով սահմանված վճարումներ",Ծառայությունների մատուցում,9926494.9,10266734.5,10078134.0,0.982,9305158.6,9325398.2,9143314.8,0.98,0.0,232.1,232.1,1.0
ՀՀ դատախազություն,1087,1087,Դատավարական ղեկավարում և դատախազական հսկողություն,"ՀՀ-ում հանցավորության դեմ պայքար, հանցագործության դեպքերի կանխարգելում և կրճատում, հանցագործության բոլոր դեպքերի առնչությամբ բազմակողմանի,լրիվ և օբյեկտիվ քննության ապահովում","ՀՀ-ում մարդու իրավունքների, ազատությունների և օրինական շահերի պաշտպանության արդյունավետության բարձրացում, հանցավորությունների կանխարգելման արդյունավետության աճ",11005,Արտասահմանյան պատվիրակությունների ընդունելություններ,Արտասահմանյան պատվիրակությունների ընդունելություններ,Ծառայությունների մատուցում,9926494.9,10266734.5,10078134.0,0.982,9305158.6,9325398.2,9143314.8,0.98,0.0,20007.5,18410.9,0.92
ՀՀ դատախազություն,1087,1087,Դատավարական ղեկավարում և դատախազական հսկողություն,"ՀՀ-ում հանցավորության դեմ պայքար, հանցագործության դեպքերի կանխարգելում և կրճատում, հանցագործության բոլոր դեպքերի առնչությամբ բազմակողմանի,լրիվ և օբյեկտիվ քննության ապահովում","ՀՀ-ում մարդու իրավունքների, ազատությունների և օրինական շահերի պաշտպանության արդյունավետության բարձրացում, հանցավորությունների կանխարգելման արդյունավետության աճ",31001,Դատախազության տեխնիկական հագեցվածության բարելավում,Դատախազության աշխատանքային պայմանների բարելավման համար վարչական սարքավորումների ձեռքբերում,Պետական մարմինների կողմից օգտագործվող ոչ ֆինանսական ակտիվների հետ գործառնություններ,9926494.9,10266734.5,10078134.0,0.982,9305158.6,9325398.2,9143314.8,0.98,49750.0,49750.0,48537.1,0.976
ՀՀ դատախազություն,1144,1144,Մասնագիտական ուսուցում և որակավորման բարձրացում,Փորձաքննություններ նշանակելու և ելակետային տվյալների ձեռքբերման իրավասություն ունեցող համակարգերի աշխատանքի  արդյունավետության բարելավում,Փորձաքննություններ նշանակելու և ելակետային տվյալների ձեռքբերման իրավասություն ունեցող համակարգերի աշխատակիցների աշխատանքի արդյունավետության աճ,11001,Մասնագիտական ուսուցման և որակավորման բարձրացման կազմակերպում,Փորձաքննություններ նշանակելու և ելակետային տվյալների ձեռքբերման իրավասություն ունեցող աշխատակիցների մասնագիտական վերապատրաստման որակավորման բարձրացման դասընթացներ,Ծառայությունների մատուցում,9926494.9,10266734.5,10078134.0,0.982,10368.0,10368.0,3859.2,0.37200000000000005,10368.0,10368.0,3859.2,0.37200000000000005
ՀՀ տարածքային կառավարման և ենթակառուցվածքների նախարարություն,1001,1001,"Տարածքային կառավարման ոլորտում քաղաքականության մշակում, ծրագրերի համակարգում և մոնիտորինգի իրականացում",Տարածքային կառավարման բնագավառում պետական արդյունավետ քաղաքականության մշակման և իրականացման ապահովում,Տարածքային կառավարման քաղաքականության իրագործմանն ուղղված ծրագրերի  ազդեցության և արդյունավետության բարելավում,11001,Տարածքային կառավարման և ենթակառուցվածքների քաղաքականության մշակում և ծառայությունների մատուցում,"Տարածքային կառավարման և ենթակառուցվածքների բնագավառում պետական քաղաքականության մշակման և դրա կատարման համակարգման, պետական ծրագրերի մշակման, իրականացման, մոնիտորինգի, խորհրդատվության և աջակցության ծառայություններ",Ծառայությունների մատուցում,288386080.2,318078424.2,293549220.6,0.9229999999999999,1610082.4,1777575.4,1762674.0,0.992,1589312.4,1722130.8,1708351.0,0.992
ՀՀ տարածքային կառավարման և ենթակառուցվածքների նախարարություն,1001,1001,"Տարածքային կառավարման ոլորտում քաղաքականության մշակում, ծրագրերի համակարգում և մոնիտորինգի իրականացում",Տարածքային կառավարման բնագավառում պետական արդյունավետ քաղաքականության մշակման և իրականացման ապահովում,Տարածքային կառավարման քաղաքականության իրագործմանն ուղղված ծրագրերի  ազդեցության և արդյունավետության բարելավում,11002,Արտասահմանյան պատվիրակությունների ընդունելություններ,Արտասահմանյան պատվիրակությունների ընդունելություններ,Ծառայությունների մատուցում,288386080.2,318078424.2,293549220.6,0.9229999999999999,1610082.4,1777575.4,1762674.0,0.992,0.0,19897.0,18816.5,0.946
ՀՀ տարածքային կառավարման և ենթակառուցվածքների նախարարություն,1001,1001,"Տարածքային կառավարման ոլորտում քաղաքականության մշակում, ծրագրերի համակարգում և մոնիտորինգի իրականացում",Տարածքային կառավարման բնագավառում պետական արդյունավետ քաղաքականության մշակման և իրականացման ապահովում,Տարածքային կառավարման քաղաքականության իրագործմանն ուղղված ծրագրերի  ազդեցության և արդյունավետության բարելավում,11005,Պետ. մասնակցությամբ առևտրային կազմակերպ. կանոնադր. կապիտալում պետ. մասնակցության նվազ. ճանապարհով ակտիվների կազմից գույք առանձնացնելիս գույքն ստացող պետ. կառավարչ. հիմնարկի կողմից մատակարարին վճարման ենթակա ԱԱՀ-ի պարտավորութ. կատարման գծով  ծախսեր,Գույք ստացող պետ. կառավարչ. հիմնարկի կողմից մատակարարին վճարման ենթակա ԱԱՀ-ի պարտավորությունների կատարման գծով ծախսերի իրականացում,Ծառայությունների մատուցում,288386080.2,318078424.2,293549220.6,0.9229999999999999,1610082.4,1777575.4,1762674.0,0.992,0.0,13473.5,13473.4,1.0
ՀՀ տարածքային կառավարման և ենթակառուցվածքների նախարարություն,1001,1001,"Տարածքային կառավարման ոլորտում քաղաքականության մշակում, ծրագրերի համակարգում և մոնիտորինգի իրականացում",Տարածքային կառավարման բնագավառում պետական արդյունավետ քաղաքականության մշակման և իրականացման ապահովում,Տարածքային կառավարման քաղաքականության իրագործմանն ուղղված ծրագրերի  ազդեցության և արդյունավետության բարելավում,31001,ՀՀ տարածքային կառավարման և ենթակառուցվածքների նախարարության կարողությունների զարգացում և տեխնիկական հագեցվածության ապահովում,ՀՀ տարածքային կառավարման և ենթակառուցվածքների նախարարության աշխատանքային պայմանների բարելավման համար վարչական սարքավորումների ձեռք բերում,Պետական մարմինների կողմից օգտագործվող ոչ ֆինանսական ակտիվների հետ գործառնություններ,288386080.2,318078424.2,293549220.6,0.9229999999999999,1610082.4,1777575.4,1762674.0,0.992,20770.0,22074.1,22033.1,0.998
ՀՀ տարածքային կառավարման և ենթակառուցվածքների նախարարություն,1004,1004,Ոռոգման համակարգի առողջացում,Ոռոգման ծառայությունների հասանելիության և մատչելիության ապահովում,"Ոռոգման ջրի մատակարարման արդյունավետության և հասանելիության բարելավում, կորուստների կրճատում",11001,Ոռոգում-ջրառ իրականացնող կազմակերպություններին ֆինանսական աջակցության տրամադրում,Ոռոգման ոլորտի սուբսիդավորում ոռոգում-ջրառ իրականացնող ՓԲԸ-ի համար հաստատված ոռոգման ջրի սակագնի և նվազագույն շահավետ գնի տարբերության չափով,Ծառայությունների մատուցում,288386080.2,318078424.2,293549220.6,0.9229999999999999,26305675.9,22983375.5,18065018.6,0.7859999999999999,1285129.5,1285129.5,1285129.5,1.0
ՀՀ տարածքային կառավարման և ենթակառուցվածքների նախարարություն,1004,1004,Ոռոգման համակարգի առողջացում,Ոռոգման ծառայությունների հասանելիության և մատչելիության ապահովում,"Ոռոգման ջրի մատակարարման արդյունավետության և հասանելիության բարելավում, կորուստների կրճատում",11002,Ոռոգման ծառայություններ մատուցող ընկերություններին ֆինանսական աջակցության տրամադրում,Ոռոգման ոլորտի սուբսիդավորում ՋՕԸ-երի համար սահմանված ոռոգման ջրի սակագնի և նվազագույն շահավետ գնի տարբերության չափով,Ծառայությունների մատուցում,288386080.2,318078424.2,293549220.6,0.9229999999999999,26305675.9,22983375.5,18065018.6,0.7859999999999999,7000000.0,9420220.0,9420220.0,1.0
ՀՀ տարածքային կառավարման և ենթակառուցվածքների նախարարություն,1004,1004,Ոռոգման համակարգի առողջացում,Ոռոգման ծառայությունների հասանելիության և մատչելիության ապահովում,"Ոռոգման ջրի մատակարարման արդյունավետության և հասանելիության բարելավում, կորուստների կրճատում",11005,Եվրասիական զարգացման բանկի աջակցությամբ իրականացվող ոռոգման համակարգերի զարգացման ծրագրի խորհրդատվություն և կառավարում,Եվրասիական զարգացման բանկի աջակցությամբ իրականացվող ոռոգման համակարգերի զարգացման ծրագրի համակարգում և ղեկավարում,Ծառայությունների մատուցում,288386080.2,318078424.2,293549220.6,0.9229999999999999,26305675.9,22983375.5,18065018.6,0.7859999999999999,402974.6,180099.3,177365.1,0.985
ՀՀ տարածքային կառավարման և ենթակառուցվածքների նախարարություն,1004,1004,Ոռոգման համակարգի առողջացում,Ոռոգման ծառայությունների հասանելիության և մատչելիության ապահովում,"Ոռոգման ջրի մատակարարման արդյունավետության և հասանելիության բարելավում, կորուստների կրճատում",11006,Ֆրանսիայի Հանրապետության կառավարության աջակցությամբ իրականացվող Վեդու ջրամբարի և որռոգման համակարգի  կառուցման ծրագրի խորհրդատվություն և կառավարում,Ֆրանսիայի Հանրապետության կառավարության աջակցությամբ իրականացվող Վեդու ջրամբարի և որռոգման համակարգի  համակարգում և ղեկավարում,Ծառայությունների մատուցում,288386080.2,318078424.2,293549220.6,0.9229999999999999,26305675.9,22983375.5,18065018.6,0.7859999999999999,32089.0,32589.0,29677.6,0.9109999999999999
ՀՀ տարածքային կառավարման և ենթակառուցվածքների նախարարություն,1004,1004,Ոռոգման համակարգի առողջացում,Ոռոգման ծառայությունների հասանելիության և մատչելիության ապահովում,"Ոռոգման ջրի մատակարարման արդյունավետության և հասանելիության բարելավում, կորուստների կրճատում",11007,Գերմանիայի զարգացման վարկերի բանկի աջակցությամբ իրականացվող Ախուրյան գետի ջրային ռեսուրսների ինտեգրացված կառավարում ծրագրի խորհրդատվություն և կառավարում,Գերմանիայի զարգացման վարկերի բանկի աջակցությամբ իրականացվող Ախուրյան գետի ջրային ռեսուրսների ինտեգրացված կառավարում ծրագրի համակարգում և ղեկավարում,Ծառայությունների մատուցում,288386080.2,318078424.2,293549220.6,0.9229999999999999,26305675.9,22983375.5,18065018.6,0.7859999999999999,149458.4,151958.4,107781.0,0.7090000000000001
ՀՀ տարածքային կառավարման և ենթակառուցվածքների նախարարություն,1004,1004,Ոռոգման համակարգի առողջացում,Ոռոգման ծառայությունների հասանելիության և մատչելիության ապահովում,"Ոռոգման ջրի մատակարարման արդյունավետության և հասանելիության բարելավում, կորուստների կրճատում",11009,Գերմանիայի զարգացման վարկերի բանկի աջակցությամբ իրականացվող Ախուրյան գետի ջրային ռեսուրսների ինտեգրացված կառավարման դրամաշնորհային ծրագիր,Գերմանիայի զարգացման վարկերի բանկի աջակցությամբ իրականացվող Ախուրյան գետի ջրային ռեսուրսների ինտեգրացված կառավարման դրամաշնորհային ծրագրի համակարգում և ղեկավարում,Ծառայությունների մատուցում,288386080.2,318078424.2,293549220.6,0.9229999999999999,26305675.9,22983375.5,18065018.6,0.7859999999999999,49831.2,812.0,805.4,0.992
ՀՀ տարածքային կառավարման և ենթակառուցվածքների նախարարություն,1004,1004,Ոռոգման համակարգի առողջացում,Ոռոգման ծառայությունների հասանելիության և մատչելիության ապահովում,"Ոռոգման ջրի մատակարարման արդյունավետության և հասանելիության բարելավում, կորուստների կրճատում",11010,Գերմանիայի զարգացման վարկերի բանկի աջակցությամբ իրականացվող Ախուրյան գետի ջրային ռեսուրսների ինտեգրացված կառավարում փուլ 1 ծրագրով Ջրաձոր գյուղի վերաբնակեցման գործողությունների խորհրդատվություն և կառավարում,Գերմանիայի զարգացման վարկերի բանկի աջակցությամբ իրականացվող Ախուրյան գետի ջրային ռեսուրսների ինտեգրացված կառավարում  փուլ 1 ծրագրով Ջրաձոր գյուղի վերաբնակեցման գործողությունների  համակարգում և ղեկավարում,Ծառայությունների մատուցում,288386080.2,318078424.2,293549220.6,0.9229999999999999,26305675.9,22983375.5,18065018.6,0.7859999999999999,299102.7,256102.7,53706.6,0.21
ՀՀ տարածքային կառավարման և ենթակառուցվածքների նախարարություն,1004,1004,Ոռոգման համակարգի առողջացում,Ոռոգման ծառայությունների հասանելիության և մատչելիության ապահովում,"Ոռոգման ջրի մատակարարման արդյունավետության և հասանելիության բարելավում, կորուստների կրճատում",11011,Զարգացման ֆրանսիական գործակալության աջակցությամբ իրականացվող ոռոգման ոլորտի ֆինանսական կայունության և ոռոգման կառավարման կարողությունների բարելավման դրամաշնորհային ծրագրի խորհրդատվություն և կառավարում,Զարգացման ֆրանսիական  գործակալության աջակցությամբ իրականացվող ոռոգման ոլորտի ֆինանսական կայունության և ոռոգման կառավարման կարողություննրի բարելավման ծրագրի համակարգում և ղեկավարում,Ծառայությունների մատուցում,288386080.2,318078424.2,293549220.6,0.9229999999999999,26305675.9,22983375.5,18065018.6,0.7859999999999999,302767.2,219767.2,62770.0,0.28600000000000003
ՀՀ տարածքային կառավարման և ենթակառուցվածքների նախարարություն,1004,1004,Ոռոգման համակարգի առողջացում,Ոռոգման ծառայությունների հասանելիության և մատչելիության ապահովում,"Ոռոգման ջրի մատակարարման արդյունավետության և հասանելիության բարելավում, կորուստների կրճատում",11013,"Փոքր և միջին ջրամբարների կառուցման, ջրային ոլորտի այլ ծրագրերի խորհրդատվություն և կառավարում","Փոքր և միջին ջրամբարների տեխնիկատնտեսական հիմնավորման ուսումնասիրությունների, նախագծման և կառուցման խորհրդատվություն և կառավարում",Ծառայությունների մատուցում,288386080.2,318078424.2,293549220.6,0.9229999999999999,26305675.9,22983375.5,18065018.6,0.7859999999999999,166600.0,166600.0,54835.5,0.32899999999999996
ՀՀ տարածքային կառավարման և ենթակառուցվածքների նախարարություն,1004,1004,Ոռոգման համակարգի առողջացում,Ոռոգման ծառայությունների հասանելիության և մատչելիության ապահովում,"Ոռոգման ջրի մատակարարման արդյունավետության և հասանելիության բարելավում, կորուստների կրճատում",11020,Հակահեղեղային անհետաձգելի միջոցառումներ,"Գետերի և հեղեղատարների մաքրման, հեղեղների կանխման և վերացման աշխատանքներ",Ծառայությունների մատուցում,288386080.2,318078424.2,293549220.6,0.9229999999999999,26305675.9,22983375.5,18065018.6,0.7859999999999999,0.0,280790.0,280789.7,1.0
ՀՀ տարածքային կառավարման և ենթակառուցվածքների նախարարություն,1004,1004,Ոռոգման համակարգի առողջացում,Ոռոգման ծառայությունների հասանելիության և մատչելիության ապահովում,"Ոռոգման ջրի մատակարարման արդյունավետության և հասանելիության բարելավում, կորուստների կրճատում",12001,Աջակցություն ոռոգման համակարգի առողջացմանը,Աջակցություն ոռոգման համակարգի ընկերությունների ֆինանսական կենսունակության բարելավման նպատակով իրականացվող միջոցառումներին,Տրանսֆերտների տրամադրում,288386080.2,318078424.2,293549220.6,0.9229999999999999,26305675.9,22983375.5,18065018.6,0.7859999999999999,0.0,376022.5,313122.7,0.833
ՀՀ տարածքային կառավարման և ենթակառուցվածքների նախարարություն,1004,1004,Ոռոգման համակարգի առողջացում,Ոռոգման ծառայությունների հասանելիության և մատչելիության ապահովում,"Ոռոգման ջրի մատակարարման արդյունավետության և հասանելիության բարելավում, կորուստների կրճատում",12002,Գերմանիայի զարգացման բանկի աջակցությամբ իրականացվող Ախուրյան գետի ջրային ռեսուրսների ինտեգրված կառավարման փուլ 1 ծրագրով Ջրաձոր գյուղի վերաբնակեցման համար   ենթակառուցվածքների և բնակելի տների կառուցում,Գերմանիայի զարգացման բանկի աջակցությամբ իրականացվող Ախուրյան գետի ջրային ռեսուրսների ինտեգրված կառավարման փուլ 1 ծրագիր,Տրանսֆերտների տրամադրում,288386080.2,318078424.2,293549220.6,0.9229999999999999,26305675.9,22983375.5,18065018.6,0.7859999999999999,400000.0,0.0,0.0,0.0
ՀՀ տարածքային կառավարման և ենթակառուցվածքների նախարարություն,1004,1004,Ոռոգման համակարգի առողջացում,Ոռոգման ծառայությունների հասանելիության և մատչելիության ապահովում,"Ոռոգման ջրի մատակարարման արդյունավետության և հասանելիության բարելավում, կորուստների կրճատում",31001,Ֆրանսիայի Հանրապետության կառավարության աջակցությամբ իրականացվող Վեդու ջրամբարի  և ոռոգման համակարգի կառուցում,Ֆրանսիայի Հանրապետության կառավարության աջակցությամբ իրականացվող Վեդու ջրամբարի  և ոռոգման համակարգի կառուցման ծրագիր,Պետական մարմինների կողմից օգտագործվող ոչ ֆինանսական ակտիվների հետ գործառնություններ,288386080.2,318078424.2,293549220.6,0.9229999999999999,26305675.9,22983375.5,18065018.6,0.7859999999999999,1674280.2,879280.2,398543.9,0.45299999999999996
ՀՀ տարածքային կառավարման և ենթակառուցվածքների նախարարություն,1004,1004,Ոռոգման համակարգի առողջացում,Ոռոգման ծառայությունների հասանելիության և մատչելիության ապահովում,"Ոռոգման ջրի մատակարարման արդյունավետության և հասանելիության բարելավում, կորուստների կրճատում",31002,Ոռոգման համակարգերի հիմնանորոգում,Ոռոգման համակարգերի հիմնանորոգում,Պետական մարմինների կողմից օգտագործվող ոչ ֆինանսական ակտիվների հետ գործառնություններ,288386080.2,318078424.2,293549220.6,0.9229999999999999,26305675.9,22983375.5,18065018.6,0.7859999999999999,3124000.0,3089978.4,2645222.5,0.856
ՀՀ տարածքային կառավարման և ենթակառուցվածքների նախարարություն,1004,1004,Ոռոգման համակարգի առողջացում,Ոռոգման ծառայությունների հասանելիության և մատչելիության ապահովում,"Ոռոգման ջրի մատակարարման արդյունավետության և հասանելիության բարելավում, կորուստների կրճատում",31004,Գերմանիայի զարգացման վարկերի բանկի աջակցությամբ իրականացվող Ախուրյան գետի ջրային ռեսուրսների ինտեգրված կառավարման ծրագրի շրջանակներում ջրային տնտեսության ենթակառուցվածքների հիմնանորոգում,Գերմանիայի զարգացման վարկերի բանկի աջակցությամբ իրականացվող Ախուրյան գետի ջրային ռեսուրսների ինտեգրված կառավարման ծրագիր,Պետական մարմինների կողմից օգտագործվող ոչ ֆինանսական ակտիվների հետ գործառնություններ,288386080.2,318078424.2,293549220.6,0.9229999999999999,26305675.9,22983375.5,18065018.6,0.7859999999999999,3441702.0,3325316.6,2043208.8,0.614
ՀՀ տարածքային կառավարման և ենթակառուցվածքների նախարարություն,1004,1004,Ոռոգման համակարգի առողջացում,Ոռոգման ծառայությունների հասանելիության և մատչելիության ապահովում,"Ոռոգման ջրի մատակարարման արդյունավետության և հասանելիության բարելավում, կորուստների կրճատում",31005,Եվրասիական զարգացման բանկի աջակցությամբ իրականացվող ոռոգման համակարգերի զարգացման ծրագրի շրջանակներում ջրային տնտեսության ենթակառուցվածքների հիմնանորոգում,Եվրասիական զարգացման բանկի աջակցությամբ իրականացվող ոռոգման համակարգերի զարգացման ծրագիր,Պետական մարմինների կողմից օգտագործվող ոչ ֆինանսական ակտիվների հետ գործառնություններ,288386080.2,318078424.2,293549220.6,0.9229999999999999,26305675.9,22983375.5,18065018.6,0.7859999999999999,261553.9,203153.9,136586.8,0.672
ՀՀ տարածքային կառավարման և ենթակառուցվածքների նախարարություն,1004,1004,Ոռոգման համակարգի առողջացում,Ոռոգման ծառայությունների հասանելիության և մատչելիության ապահովում,"Ոռոգման ջրի մատակարարման արդյունավետության և հասանելիության բարելավում, կորուստների կրճատում",31006,Գերմանիայի զարգացման վարկերի բանկի աջակցությամբ իրականացվող Ախուրյան գետի ջրային ռեսուրսների ինտեգրացված կառավարման ծրագրի երկրորդ փուլի շրջանակներում ջրային տնտեսության ենթակառուցվածքների հիմնանորոգում,Գերմանիայի զարգացման վարկերի բանկի աջակցությամբ իրականացվող Ախուրյան գետի ջրային ռեսուրսների ինտեգրացված կառավարման ծրագրի երկրորդ փուլ,Պետական մարմինների կողմից օգտագործվող ոչ ֆինանսական ակտիվների հետ գործառնություններ,288386080.2,318078424.2,293549220.6,0.9229999999999999,26305675.9,22983375.5,18065018.6,0.7859999999999999,1933202.2,0.0,0.0,0.0
ՀՀ տարածքային կառավարման և ենթակառուցվածքների նախարարություն,1004,1004,Ոռոգման համակարգի առողջացում,Ոռոգման ծառայությունների հասանելիության և մատչելիության ապահովում,"Ոռոգման ջրի մատակարարման արդյունավետության և հասանելիության բարելավում, կորուստների կրճատում",31009,Օրվա կարգավորման ջրավազանների կառուցում և վերակառուցում,Օրվա կարգավորման ջրավազանների կառուցման և վերակառուցման համար նախագծերի և աշխատանքների ձեռք բերում,Պետական մարմինների կողմից օգտագործվող ոչ ֆինանսական ակտիվների հետ գործառնություններ,288386080.2,318078424.2,293549220.6,0.9229999999999999,26305675.9,22983375.5,18065018.6,0.7859999999999999,1000000.0,1000000.0,778911.1,0.779
ՀՀ տարածքային կառավարման և ենթակառուցվածքների նախարարություն,1004,1004,Ոռոգման համակարգի առողջացում,Ոռոգման ծառայությունների հասանելիության և մատչելիության ապահովում,"Ոռոգման ջրի մատակարարման արդյունավետության և հասանելիության բարելավում, կորուստների կրճատում",31012,Գետերի և հեղեղատարների տեղամասերի ամրացման և մաքրման աշխատանքներ,Գետերի և հեղեղատարների տեղամասերի ամրացման և մաքրման համար նախագծերի և աշխատանքների ձեռքբերում,Պետական մարմինների կողմից օգտագործվող ոչ ֆինանսական ակտիվների հետ գործառնություններ,288386080.2,318078424.2,293549220.6,0.9229999999999999,26305675.9,22983375.5,18065018.6,0.7859999999999999,582985.0,302195.0,90490.6,0.299
ՀՀ տարածքային կառավարման և ենթակառուցվածքների նախարարություն,1004,1004,Ոռոգման համակարգի առողջացում,Ոռոգման ծառայությունների հասանելիության և մատչելիության ապահովում,"Ոռոգման ջրի մատակարարման արդյունավետության և հասանելիության բարելավում, կորուստների կրճատում",31013,Փոքր և միջին ջրամբարների կառուցում,Փոքր և միջին ջրամբարների կառուցման աշխատանքներ,Պետական մարմինների կողմից օգտագործվող ոչ ֆինանսական ակտիվների հետ գործառնություններ,288386080.2,318078424.2,293549220.6,0.9229999999999999,26305675.9,22983375.5,18065018.6,0.7859999999999999,2000000.0,1590110.5,115495.0,0.073
ՀՀ տարածքային կառավարման և ենթակառուցվածքների նախարարություն,1004,1004,Ոռոգման համակարգի առողջացում,Ոռոգման ծառայությունների հասանելիության և մատչելիության ապահովում,"Ոռոգման ջրի մատակարարման արդյունավետության և հասանելիության բարելավում, կորուստների կրճատում",31014,Ջրամբարների վերականգնման և վերազինման աշխատանքներ,Ջրամբարների վերականգնման և վերազինման համար նախագծերի և աշխատանքների ձեռքբերում,Պետական մարմինների կողմից օգտագործվող ոչ ֆինանսական ակտիվների հետ գործառնություններ,288386080.2,318078424.2,293549220.6,0.9229999999999999,26305675.9,22983375.5,18065018.6,0.7859999999999999,200000.0,167383.3,21000.0,0.125
ՀՀ տարածքային կառավարման և ենթակառուցվածքների նախարարություն,1004,1004,Ոռոգման համակարգի առողջացում,Ոռոգման ծառայությունների հասանելիության և մատչելիության ապահովում,"Ոռոգման ջրի մատակարարման արդյունավետության և հասանելիության բարելավում, կորուստների կրճատում",31020,Ոռոգման համակարգերի կառուցում,Ոռոգման համակարգերի կառուցման համար նախագծերի և աշխատանքների ձեռքբերում,Պետական մարմինների կողմից օգտագործվող ոչ ֆինանսական ակտիվների հետ գործառնություններ,288386080.2,318078424.2,293549220.6,0.9229999999999999,26305675.9,22983375.5,18065018.6,0.7859999999999999,0.0,55867.0,49356.9,0.883
ՀՀ տարածքային կառավարման և ենթակառուցվածքների նախարարություն,1004,1004,Ոռոգման համակարգի առողջացում,Ոռոգման ծառայությունների հասանելիության և մատչելիության ապահովում,"Ոռոգման ջրի մատակարարման արդյունավետության և հասանելիության բարելավում, կորուստների կրճատում",31022,"Համաշխարհային բանկի աջակցության շրջանակներում ոռոգման, ջրամատակարարման և ջրահետացման ծրագրերի իրականացում","Համաշխարհային բանկի աջակցության շրջանակներում ոռոգման, ջրամատակարարման և ջրահեռացման ծրագրերի իրականացման խորհրդատվական ծառայությունների ձեռքբերում, վերակառուցման աշխատանքների իրականացում",Պետական մարմինների կողմից օգտագործվող ոչ ֆինանսական ակտիվների հետ գործառնություններ,288386080.2,318078424.2,293549220.6,0.9229999999999999,26305675.9,22983375.5,18065018.6,0.7859999999999999,2000000.0,0.0,0.0,0.0
ՀՀ տարածքային կառավարման և ենթակառուցվածքների նախարարություն,1017,1017,Որոտան-Արփա-Սևան թունելի ջրային համակարգի կառավարում,Որոտան-Արփա-Սևան թունելի ջրային համակարգի պահպանում և շահագործում,Որոտան-Արփա-Սևան հիդրոհամակարգի անվտանգության և հուսալիության ապահովում,11001,Արփա-Սևան թունելի ընթացիկ շահագործում և պահպանում,Որոտան-Արփա-Սևան թունելի շահագործման և պահպանման նպատակով  ծառայությունների մատուցում,Ծառայությունների մատուցում,288386080.2,318078424.2,293549220.6,0.9229999999999999,1600882.8,1600882.8,1482081.4,0.9259999999999999,350000.0,350000.0,349999.2,1.0
ՀՀ տարածքային կառավարման և ենթակառուցվածքների նախարարություն,1017,1017,Որոտան-Արփա-Սևան թունելի ջրային համակարգի կառավարում,Որոտան-Արփա-Սևան թունելի ջրային համակարգի պահպանում և շահագործում,Որոտան-Արփա-Սևան հիդրոհամակարգի անվտանգության և հուսալիության ապահովում,21001,Արփա-Սևան ջրային համակարգի տեխնիկական վիճակի բարելավում,Արփա-Սևան թունելի առանձին վթարային հատվածների վերականգնման աշխատանքներ,Հանրության կողմից անմիջականորեն օգտագործվող ակտիվների հետ կապված միջոցառումներ,288386080.2,318078424.2,293549220.6,0.9229999999999999,1600882.8,1600882.8,1482081.4,0.9259999999999999,1250882.8,1250882.8,1132082.2,0.905
ՀՀ տարածքային կառավարման և ենթակառուցվածքների նախարարություն,1019,1019,Սոցիալական ներդրումների և տեղական զարգացման ծրագիր,Նպաստել տարածքներում բնակչության նյութական և ոչ նյութական բարեկեցության աճին,"Համայնքային և միջհամայնքային ենթակառուցվածքների և որակի հասանելիության բարելավում, ինստիտուցիոնալ և ֆինանասական կարողությունների հզորացում",11003,Համաշխարհային բանկի աջակցությամբ իրականացվող Սոցիալական ներդրումների և տեղական զարգացման ծրագրի լրացուցիչ ֆինանսավորման ծրագրի կառավարում,Սոցիալական ներդրումների և տեղական զարգացման  լրացուցիչ ֆինանսավորման ծրագիր` ՀՀ աղքատ և  խոցելի խմբերի կյանքի ստանդարտների բարձրացման նպատակով,Ծառայությունների մատուցում,288386080.2,318078424.2,293549220.6,0.9229999999999999,1644135.7,1111121.9,1049660.6,0.945,172943.5,172943.5,151996.0,0.879
ՀՀ տարածքային կառավարման և ենթակառուցվածքների նախարարություն,1019,1019,Սոցիալական ներդրումների և տեղական զարգացման ծրագիր,Նպաստել տարածքներում բնակչության նյութական և ոչ նյութական բարեկեցության աճին,"Համայնքային և միջհամայնքային ենթակառուցվածքների և որակի հասանելիության բարելավում, ինստիտուցիոնալ և ֆինանասական կարողությունների հզորացում",11004,ԱՄՆ ՄԶԳ աջակցությամբ իրականացվող Տեղական  ինքնակառավարման և ապակենտրոնացման բարեփոխումների դրամաշնորհային ծրագրի կառավարում,"ԱՄՆ ՄԶԳ աջակց. իրականաց. Տեղականինքնակառավար. և ապակենտրոնաց. բարեփոխումների դրամաշնորհային ծրագրի իրականաց.նպատակով ծր. կառ. ծախսեր ևՏեղ. կառ. համակարգերի հզորացման,ապակենտրոնաց. գործընթացներին աջակց.նպատակով խորհրդատվ. և ուսուցում",Ծառայությունների մատուցում,288386080.2,318078424.2,293549220.6,0.9229999999999999,1644135.7,1111121.9,1049660.6,0.945,203238.8,31055.7,29899.7,0.963
ՀՀ տարածքային կառավարման և ենթակառուցվածքների նախարարություն,1019,1019,Սոցիալական ներդրումների և տեղական զարգացման ծրագիր,Նպաստել տարածքներում բնակչության նյութական և ոչ նյութական բարեկեցության աճին,"Համայնքային և միջհամայնքային ենթակառուցվածքների և որակի հասանելիության բարելավում, ինստիտուցիոնալ և ֆինանասական կարողությունների հզորացում",12004,"Համաշխարհային բանկի աջակցությամբ իրականացվող Սոցիալական ներդրումների և տեղական զարգացման ծրագրի լրացուցիչ ֆինանսավորման վարկի շրջանակներում ՀՀ համայնքային և միջհամայնքային ենթակառուցվածքների որակի, օգտագործման և հասանելիության բարելավում","Ջրագծերի, առողջապահության, կրթության օբյեկտների, մշակույթային տների, ծերանոցների, մանկատների, հատուկ դպրոցների, մանկապարտզների և կոյուղու օբյեկտնրի հիմն. և շինարարություն., գույքի և սարքավորումների տրամադրում  շահառու ենթածրագրերի համար",Տրանսֆերտների տրամադրում,288386080.2,318078424.2,293549220.6,0.9229999999999999,1644135.7,1111121.9,1049660.6,0.945,1008665.7,875322.7,836401.7,0.956
ՀՀ տարածքային կառավարման և ենթակառուցվածքների նախարարություն,1019,1019,Սոցիալական ներդրումների և տեղական զարգացման ծրագիր,Նպաստել տարածքներում բնակչության նյութական և ոչ նյութական բարեկեցության աճին,"Համայնքային և միջհամայնքային ենթակառուցվածքների և որակի հասանելիության բարելավում, ինստիտուցիոնալ և ֆինանասական կարողությունների հզորացում",12005,"ԱՄՆ ՄԶԳ աջակցությամբ իրականացվող Տեղական   ինքնակառավարման և ապակենտրոնացման բարեփոխումների դրամաշնորհային ծրագրի շրջանակներում  Տեղական կառավարման համակարգերի հզորացում,  ապակենտրոնացման գործընթացներին աջակցություն,  պիլոտային ծրագրերի իրականացում",ԱՄՆ ՄԶԳ աջակցությամբ իրականացվող Տեղական ինքնակառավարման և ապակենտրոնացման բարեփոխումների դրամաշնորհային ծրագրի շրջանակներում մեքենասարքավորումների տրամադրում և համայնքային մակարդակի ենթակառուցվածքների կառուցում և վերականգնում,Տրանսֆերտների տրամադրում,288386080.2,318078424.2,293549220.6,0.9229999999999999,1644135.7,1111121.9,1049660.6,0.945,259287.7,31800.0,31363.2,0.986
ՀՀ տարածքային կառավարման և ենթակառուցվածքների նախարարություն,1027,1027,Կոլեկտորադրենաժային ծառայություններ,Կոլեկտորադրենաժային ցանցի միջոցով գրունտային ջրերի հեռացում և համակարգի կենսունակության բարելավում,Գերխոնավ տարածքներում մշակելի հողատարածքների ապահովում և ընդլայնում,11001,Կոլեկտորադրենաժային ցանցերի պահպանում և շահագործում,"Կոլեկտորադրենաժային ցանցերի պահպանում և շահագործում, գրունտային ջրերի մակարդակների և որակի որոշման աշխատանքներ",Ծառայությունների մատուցում,288386080.2,318078424.2,293549220.6,0.9229999999999999,300000.0,300000.0,299999.5,1.0,300000.0,300000.0,299999.5,1.0
ՀՀ տարածքային կառավարման և ենթակառուցվածքների նախարարություն,1038,1038,Տարածքային կառավարման և տեղական ինքնակառավարման մարմինների ներկայացուցիչների մասնագիտական վերապատրաստում և հատուկ ուսուցում,Տարածքային կառավարման և տեղական ինքնակառավարման մարմինների աշխատակիցների աշխատանքի արդյունավետության բարելավում,Տարածքային կառավարման մարմինների մասնագիտական հմտությունների և կարողությունների բարելավում,11001,Վերապատրաստման ծառայություններ,"Տարածքային կառավարման մարմինների աշխատակիցների, տեղական ինքնակառավարման մարմինների, ինչպես նաև համայնքային ծառայողների վերապատրաստման կազմակերպում",Ծառայությունների մատուցում,288386080.2,318078424.2,293549220.6,0.9229999999999999,14594.0,14594.0,13827.5,0.9470000000000001,14594.0,14594.0,13827.5,0.9470000000000001
ՀՀ տարածքային կառավարման և ենթակառուցվածքների նախարարություն,1040,1040,Կոշտ թափոնների կառավարում,Կենցաղային թափոնների արդյունավետ կառավարում սոցիալական և բնապահպանական խնդիրների լուծում,Կենցաղային թափոնների արդյունավետ կառավարում,12002,Վերակառուցման և զարգացման եվրոպական բանկի աջակցությամբ իրականացվող «Կոտայքի և Գեղարքունիքի մարզի կոշտ թափոնների կառավարման խորհրդատվության համար» դրամաշնորհային  ծրագիր,Կոշտ թափոննրի կառավարման համակարգի բարելավում և նոր աղբավայրի ստեղծում,Տրանսֆերտների տրամադրում,288386080.2,318078424.2,293549220.6,0.9229999999999999,1333142.7,2089823.8,1252224.0,0.599,108384.0,108384.0,11571.1,0.107
ՀՀ տարածքային կառավարման և ենթակառուցվածքների նախարարություն,1040,1040,Կոշտ թափոնների կառավարում,Կենցաղային թափոնների արդյունավետ կառավարում սոցիալական և բնապահպանական խնդիրների լուծում,Կենցաղային թափոնների արդյունավետ կառավարում,12003,Վերակառուցման և զարգացման եվրոպական բանկի աջակցությամբ իրականացվող «Կոտայքի և Գեղարքունիքի մարզի կոշտ թափոնների կառավարման ծրագրի շրջանակներում «Կոտայքի և Գեղարքունիքի Կոշտ կենցաղային թափոնների կառավարում» ՍՊԸ-ին ֆինանսական աջակցության տրամադրում»,ՎԶԵԲ-ի աջակց. իրականացվող «Կոտայքի և Գեղարքունիքի մարզի կոշտ թափոնների կառավարման ծրագրի շրջանակներում ստեղծված «Կոտայքի և Գեղարքունիքի Կոշտ կենցաղային թափոնների կառավարում» ՍՊԸ-ին ֆին. աջակցության տրամադրում՛ կանոնադրական խնդիրները լուծելու նպատակով,Տրանսֆերտների տրամադրում,288386080.2,318078424.2,293549220.6,0.9229999999999999,1333142.7,2089823.8,1252224.0,0.599,0.0,189283.4,189283.4,1.0
ՀՀ տարածքային կառավարման և ենթակառուցվածքների նախարարություն,1040,1040,Կոշտ թափոնների կառավարում,Կենցաղային թափոնների արդյունավետ կառավարում սոցիալական և բնապահպանական խնդիրների լուծում,Կենցաղային թափոնների արդյունավետ կառավարում,32004,Վերակառուցման և զարգացման եվրոպական բանկի աջակցությամբ իրականացվող «Կոտայքի և Գեղարքունիքի մարզի կոշտ թափոնների կառավարման» դրամաշնորհային ծրագիր,Կոշտ թափոնների կառավարման համակարգի բարելավում և նոր աղբավայրի ստեղծում,Այլ պետական կազմակերպությունների կողմից օգտագործվող ոչ ֆինանսական ակտիվների հետ գործառնություններ,288386080.2,318078424.2,293549220.6,0.9229999999999999,1333142.7,2089823.8,1252224.0,0.599,886337.1,1453734.8,1051369.6,0.723
ՀՀ տարածքային կառավարման և ենթակառուցվածքների նախարարություն,1040,1040,Կոշտ թափոնների կառավարում,Կենցաղային թափոնների արդյունավետ կառավարում սոցիալական և բնապահպանական խնդիրների լուծում,Կենցաղային թափոնների արդյունավետ կառավարում,32009,Միջազգային կազմակերպությունների աջակցությամբ իրականացվող  ՀՀ 8 մարզերում աղբահանության և կոշտ թափոնների ինտեգրված համակարգի կառուցում,"ՀՀ 8 մարզերում աղբահանության և կոշտ թափոնների ինտեգրված համակարգ (4 սանիտարական աղբավայր, 16 փոխբեռնման կայան)",Այլ պետական կազմակերպությունների կողմից օգտագործվող ոչ ֆինանսական ակտիվների հետ գործառնություններ,288386080.2,318078424.2,293549220.6,0.9229999999999999,1333142.7,2089823.8,1252224.0,0.599,338421.6,338421.6,0.0,0.0
ՀՀ տարածքային կառավարման և ենթակառուցվածքների նախարարություն,1049,1049,Ճանապարհային ցանցի բարելավում,Ճանապարհային ցանցի բարելավում և անվտանգ երթևեկության ապահովում,"Ճանապարհների ծածկի որակի և փոխադրումների արդյունավետության բարելավում, ճանապարհների վիճակով պայմանավորված պատահարների նվազում",11001,Միջպետական և հանրապետական նշանակության ավտոճանապարհների պահպանման և անվտանգ երթևեկության ծառայություններ,"Հողային պաստառի, երթևեկելի մասի, արհեստական կառույցների և կահավորման տարրերի նորմատիվ մակարդակում պահպանում և շահագործում",Ծառայությունների մատուցում,288386080.2,318078424.2,293549220.6,0.9229999999999999,97168939.6,113839019.3,101863559.8,0.895,7881074.5,6882039.3,6345135.4,0.922
ՀՀ տարածքային կառավարման և ենթակառուցվածքների նախարարություն,1049,1049,Ճանապարհային ցանցի բարելավում,Ճանապարհային ցանցի բարելավում և անվտանգ երթևեկության ապահովում,"Ճանապարհների ծածկի որակի և փոխադրումների արդյունավետության բարելավում, ճանապարհների վիճակով պայմանավորված պատահարների նվազում",11002,Մարզային նշանակության ավտոճանապարհների պահպանման և անվտանգ երթևեկության ծառայություններ,"Հողային պաստառի, երթևեկելի մասի, արհեստական կառույցների և կահավորման տարրերի նորմատիվ մակարդակում պահպանում և շահագործում",Ծառայությունների մատուցում,288386080.2,318078424.2,293549220.6,0.9229999999999999,97168939.6,113839019.3,101863559.8,0.895,2673879.6,2646587.4,2408298.0,0.91
ՀՀ տարածքային կառավարման և ենթակառուցվածքների նախարարություն,1049,1049,Ճանապարհային ցանցի բարելավում,Ճանապարհային ցանցի բարելավում և անվտանգ երթևեկության ապահովում,"Ճանապարհների ծածկի որակի և փոխադրումների արդյունավետության բարելավում, ճանապարհների վիճակով պայմանավորված պատահարների նվազում",11003,Հայաստանի Հանրապետությունում հսկիչ սարքերի (թվային տախոգրաֆի) համակարգի կարգավորում,Հայաստանի Հանրապետությունում հսկիչ սարքերի (թվային տախոգրաֆի)  համակարգի անընդհատ և անխափան աշխատանքի ապահովման նպատակով տախոնետ կապի ապահովում,Ծառայությունների մատուցում,288386080.2,318078424.2,293549220.6,0.9229999999999999,97168939.6,113839019.3,101863559.8,0.895,50465.1,47665.1,0.0,0.0
ՀՀ տարածքային կառավարման և ենթակառուցվածքների նախարարություն,1049,1049,Ճանապարհային ցանցի բարելավում,Ճանապարհային ցանցի բարելավում և անվտանգ երթևեկության ապահովում,"Ճանապարհների ծածկի որակի և փոխադրումների արդյունավետության բարելավում, ճանապարհների վիճակով պայմանավորված պատահարների նվազում",11004,"Ավտոմոբիլային ճանապարհների ցանցի հսկողություն, ուսումնասիրություններ և փորձաքննություններ","Միջպետական և հանրապետական նշանակության ավտոմոբիլային ճանապարհների, ինժեներական կառույցների նպատակային օգտագործման, պահպանման, տեխնիկական չափանիշների ստուգման և աշխատանքների արդյունքների ընդունման  ծառայություններ",Ծառայությունների մատուցում,288386080.2,318078424.2,293549220.6,0.9229999999999999,97168939.6,113839019.3,101863559.8,0.895,305043.2,305043.2,305043.2,1.0
ՀՀ տարածքային կառավարման և ենթակառուցվածքների նախարարություն,1049,1049,Ճանապարհային ցանցի բարելավում,Ճանապարհային ցանցի բարելավում և անվտանգ երթևեկության ապահովում,"Ճանապարհների ծածկի որակի և փոխադրումների արդյունավետության բարելավում, ճանապարհների վիճակով պայմանավորված պատահարների նվազում",11007,Ասիական զարգացման բանկի աջակցությամբ իրականացվող Հայաստան-Վրաստան սահմանային տարածաշրջանային ճանապարհի (Մ6 Վանաձոր-Բագրատաշեն) բարելավման ծրագրի համակարգում և կառավարում,Խորհրդատվական ծառայություններ և պահպանման ծախսեր,Ծառայությունների մատուցում,288386080.2,318078424.2,293549220.6,0.9229999999999999,97168939.6,113839019.3,101863559.8,0.895,124860.2,122668.2,116353.5,0.9490000000000001
ՀՀ տարածքային կառավարման և ենթակառուցվածքների նախարարություն,1049,1049,Ճանապարհային ցանցի բարելավում,Ճանապարհային ցանցի բարելավում և անվտանգ երթևեկության ապահովում,"Ճանապարհների ծածկի որակի և փոխադրումների արդյունավետության բարելավում, ճանապարհների վիճակով պայմանավորված պատահարների նվազում",11009,Ասիական զարգացման բանկի աջակցությամբ իրականացվող Հյուսիս-հարավ միջանցքի զարգացման ծրագրի համակարգում և կառավարում ( Տրանշ 2),Խորհրդատվական ծառայություններ և պահպանման ծախսեր,Ծառայությունների մատուցում,288386080.2,318078424.2,293549220.6,0.9229999999999999,97168939.6,113839019.3,101863559.8,0.895,238300.0,238300.0,183311.8,0.769
ՀՀ տարածքային կառավարման և ենթակառուցվածքների նախարարություն,1049,1049,Ճանապարհային ցանցի բարելավում,Ճանապարհային ցանցի բարելավում և անվտանգ երթևեկության ապահովում,"Ճանապարհների ծածկի որակի և փոխադրումների արդյունավետության բարելավում, ճանապարհների վիճակով պայմանավորված պատահարների նվազում",11011,Ասիական զարգացման բանկի աջակցությամբ իրականացվող Հյուսիս-հարավ միջանցքի զարգացման ծրագրի համակարգում և կառավարում (Տրանշ 3),Խորհրդատվական ծառայություններ և պահպանման ծախսեր,Ծառայությունների մատուցում,288386080.2,318078424.2,293549220.6,0.9229999999999999,97168939.6,113839019.3,101863559.8,0.895,9141.2,27488.2,27502.5,1.001
ՀՀ տարածքային կառավարման և ենթակառուցվածքների նախարարություն,1049,1049,Ճանապարհային ցանցի բարելավում,Ճանապարհային ցանցի բարելավում և անվտանգ երթևեկության ապահովում,"Ճանապարհների ծածկի որակի և փոխադրումների արդյունավետության բարելավում, ճանապարհների վիճակով պայմանավորված պատահարների նվազում",11012,Եվրասիական զարգացման բանկի աջակցությամբ իրականացվող Հյուսիս-հարավ միջանցքի զարգացման ծրագրի համակարգում և կառավարում,Խորհրդատվական ծառայություններ և պահպանման ծախսեր,Ծառայությունների մատուցում,288386080.2,318078424.2,293549220.6,0.9229999999999999,97168939.6,113839019.3,101863559.8,0.895,646510.0,359510.0,306138.3,0.852
ՀՀ տարածքային կառավարման և ենթակառուցվածքների նախարարություն,1049,1049,Ճանապարհային ցանցի բարելավում,Ճանապարհային ցանցի բարելավում և անվտանգ երթևեկության ապահովում,"Ճանապարհների ծածկի որակի և փոխադրումների արդյունավետության բարելավում, ճանապարհների վիճակով պայմանավորված պատահարների նվազում",11016,Ասիական զարգացման բանկի աջակցությամբ իրականացվող Հյուսիս-հարավ ճանապարհային միջանցքի զարգացման ծրագրի Սիսիան-Քաջարան 60կմ-ի ճանապարհի Հյուսիսային ենթահատվածի համակարգում և կառավարում,Խորհրդատվական ծառայություններ և պահպանման ծախսեր,Ծառայությունների մատուցում,288386080.2,318078424.2,293549220.6,0.9229999999999999,97168939.6,113839019.3,101863559.8,0.895,814604.9,48823.7,41762.6,0.855
ՀՀ տարածքային կառավարման և ենթակառուցվածքների նախարարություն,1049,1049,Ճանապարհային ցանցի բարելավում,Ճանապարհային ցանցի բարելավում և անվտանգ երթևեկության ապահովում,"Ճանապարհների ծածկի որակի և փոխադրումների արդյունավետության բարելավում, ճանապարհների վիճակով պայմանավորված պատահարների նվազում",11017,Հյուսիս-հարավ ճանապարհային միջանցքի զարգացման ծրագրի Քաջարանի թունելի և մոտեցումների համակարգում և կառավարում,Խորհրդատվական ծառայություններ և պահպանման ծախսեր,Ծառայությունների մատուցում,288386080.2,318078424.2,293549220.6,0.9229999999999999,97168939.6,113839019.3,101863559.8,0.895,213260.0,173903.3,42113.6,0.242
ՀՀ տարածքային կառավարման և ենթակառուցվածքների նախարարություն,1049,1049,Ճանապարհային ցանցի բարելավում,Ճանապարհային ցանցի բարելավում և անվտանգ երթևեկության ապահովում,"Ճանապարհների ծածկի որակի և փոխադրումների արդյունավետության բարելավում, ճանապարհների վիճակով պայմանավորված պատահարների նվազում",11020,"Հյուսիս-հարավ ճանապարհային միջանցքի զարգացման ծրագրի Գյումրու շրջանցիկ ճանապարհի համակարգում և կառավարում, Տրանշ 5",Հյուսիս-հարավ ճանապարհային միջանցքի զարգացման ծրագրի Գյումրու շրջանցիկ ճանապարհի շրջանակներում հողերի օտարում,Ծառայությունների մատուցում,288386080.2,318078424.2,293549220.6,0.9229999999999999,97168939.6,113839019.3,101863559.8,0.895,100000.0,0.0,0.0,0.0
ՀՀ տարածքային կառավարման և ենթակառուցվածքների նախարարություն,1049,1049,Ճանապարհային ցանցի բարելավում,Ճանապարհային ցանցի բարելավում և անվտանգ երթևեկության ապահովում,"Ճանապարհների ծածկի որակի և փոխադրումների արդյունավետության բարելավում, ճանապարհների վիճակով պայմանավորված պատահարների նվազում",21001,Պետական նշանակության ավտոճանապարհների հիմնանորոգում,"Միջպետական, հանրապետական և մարզային նշանակության ավտոճոնապարհների քայքայված ծածկի վերանորոգում, մաշված ծածկի փոխարինում",Հանրության կողմից անմիջականորեն օգտագործվող ակտիվների հետ կապված միջոցառումներ,288386080.2,318078424.2,293549220.6,0.9229999999999999,97168939.6,113839019.3,101863559.8,0.895,50922422.4,57858307.2,48270418.1,0.8340000000000001
ՀՀ տարածքային կառավարման և ենթակառուցվածքների նախարարություն,1049,1049,Ճանապարհային ցանցի բարելավում,Ճանապարհային ցանցի բարելավում և անվտանգ երթևեկության ապահովում,"Ճանապարհների ծածկի որակի և փոխադրումների արդյունավետության բարելավում, ճանապարհների վիճակով պայմանավորված պատահարների նվազում",21002,Տրանսպորտային օբյեկտների հիմնանորոգում,Ավտոմոբիլային ճանապարհների վրա գտնվող կամուրջների հիմնանորոգում,Հանրության կողմից անմիջականորեն օգտագործվող ակտիվների հետ կապված միջոցառումներ,288386080.2,318078424.2,293549220.6,0.9229999999999999,97168939.6,113839019.3,101863559.8,0.895,2500000.0,1599796.9,1070086.6,0.669
ՀՀ տարածքային կառավարման և ենթակառուցվածքների նախարարություն,1049,1049,Ճանապարհային ցանցի բարելավում,Ճանապարհային ցանցի բարելավում և անվտանգ երթևեկության ապահովում,"Ճանապարհների ծածկի որակի և փոխադրումների արդյունավետության բարելավում, ճանապարհների վիճակով պայմանավորված պատահարների նվազում",21004,Ասիական զարգացման բանկի աջակցությամբ իրականացվող  Մ6 Վանաձոր-Ալավերդի-Վրաստանի սահման միջպետական նշանակության ճանապարհի ծրագրի կառուցում և հիմնանորոգում,Ճանապարհաշինական աշխատանքներ,Հանրության կողմից անմիջականորեն օգտագործվող ակտիվների հետ կապված միջոցառումներ,288386080.2,318078424.2,293549220.6,0.9229999999999999,97168939.6,113839019.3,101863559.8,0.895,1000533.2,556574.1,392781.6,0.706
ՀՀ տարածքային կառավարման և ենթակառուցվածքների նախարարություն,1049,1049,Ճանապարհային ցանցի բարելավում,Ճանապարհային ցանցի բարելավում և անվտանգ երթևեկության ապահովում,"Ճանապարհների ծածկի որակի և փոխադրումների արդյունավետության բարելավում, ճանապարհների վիճակով պայմանավորված պատահարների նվազում",21006,"Ասիական զարգացման բանկի աջակցությամբ իրականացվող Հյուսիս-հարավ միջանցքի զարգացման վարկային ծրագիր, Տրանշ 2",Աշտարակ-Թալին 29+600կմ-71+500կմ հատվածի կառուցում,Հանրության կողմից անմիջականորեն օգտագործվող ակտիվների հետ կապված միջոցառումներ,288386080.2,318078424.2,293549220.6,0.9229999999999999,97168939.6,113839019.3,101863559.8,0.895,3757815.2,13572602.3,13547232.7,0.998
ՀՀ տարածքային կառավարման և ենթակառուցվածքների նախարարություն,1049,1049,Ճանապարհային ցանցի բարելավում,Ճանապարհային ցանցի բարելավում և անվտանգ երթևեկության ապահովում,"Ճանապարհների ծածկի որակի և փոխադրումների արդյունավետության բարելավում, ճանապարհների վիճակով պայմանավորված պատահարների նվազում",21009,"Եվրոպական ներդրումային բանկի աջակցությամբ իրականացվող Հյուսիս-հարավ միջանցքի զարգացման վարկային ծրագիր, Տրանշ 3",Լանջիկ-Գյումրի 27.47 կմ երկարությամբ ճանապարհային հատվածի կառուցում,Հանրության կողմից անմիջականորեն օգտագործվող ակտիվների հետ կապված միջոցառումներ,288386080.2,318078424.2,293549220.6,0.9229999999999999,97168939.6,113839019.3,101863559.8,0.895,1246490.8,352518.8,353350.5,1.002
ՀՀ տարածքային կառավարման և ենթակառուցվածքների նախարարություն,1049,1049,Ճանապարհային ցանցի բարելավում,Ճանապարհային ցանցի բարելավում և անվտանգ երթևեկության ապահովում,"Ճանապարհների ծածկի որակի և փոխադրումների արդյունավետության բարելավում, ճանապարհների վիճակով պայմանավորված պատահարների նվազում",21011,"Ասիական զարգացման բանկի աջակցությամբ իրականացվող Հյուսիս-հարավ միջանցքի զարգացման վարկային ծրագիր, Տրանշ 3",Հատված Թալին-Լանջիկ 71+500 կմ-90+200 կմ կառուցման շինարարական աշխատանքներ,Հանրության կողմից անմիջականորեն օգտագործվող ակտիվների հետ կապված միջոցառումներ,288386080.2,318078424.2,293549220.6,0.9229999999999999,97168939.6,113839019.3,101863559.8,0.895,958626.4,241934.1,197404.5,0.816
ՀՀ տարածքային կառավարման և ենթակառուցվածքների նախարարություն,1049,1049,Ճանապարհային ցանցի բարելավում,Ճանապարհային ցանցի բարելավում և անվտանգ երթևեկության ապահովում,"Ճանապարհների ծածկի որակի և փոխադրումների արդյունավետության բարելավում, ճանապարհների վիճակով պայմանավորված պատահարների նվազում",21012,Եվրասիական զարգացման բանկի աջակցությամբ իրականացվող Հյուսիս-հարավ միջանցքի զարգացման ծրագիր,Ճանապարհաշինական աշխատանքներ,Հանրության կողմից անմիջականորեն օգտագործվող ակտիվների հետ կապված միջոցառումներ,288386080.2,318078424.2,293549220.6,0.9229999999999999,97168939.6,113839019.3,101863559.8,0.895,10585075.2,19936175.2,19897919.6,0.998
ՀՀ տարածքային կառավարման և ենթակառուցվածքների նախարարություն,1049,1049,Ճանապարհային ցանցի բարելավում,Ճանապարհային ցանցի բարելավում և անվտանգ երթևեկության ապահովում,"Ճանապարհների ծածկի որակի և փոխադրումների արդյունավետության բարելավում, ճանապարհների վիճակով պայմանավորված պատահարների նվազում",21018,Հյուսիս-հարավ ճանապարհային միջանցքի զարգացման ծրագրի Քաջարանի թունելի և մոտեցումների կառուցում,Քաջարանի թունելի և մոտեցումների շինարարություն,Հանրության կողմից անմիջականորեն օգտագործվող ակտիվների հետ կապված միջոցառումներ,288386080.2,318078424.2,293549220.6,0.9229999999999999,97168939.6,113839019.3,101863559.8,0.895,7707355.7,0.0,0.0,0.0
ՀՀ տարածքային կառավարման և ենթակառուցվածքների նախարարություն,1049,1049,Ճանապարհային ցանցի բարելավում,Ճանապարհային ցանցի բարելավում և անվտանգ երթևեկության ապահովում,"Ճանապարհների ծածկի որակի և փոխադրումների արդյունավետության բարելավում, ճանապարհների վիճակով պայմանավորված պատահարների նվազում",21020,Միջպետական և հանրապետական նշանակության ավտոճանապարհների միջին նորոգում,Միջպետական և հանրապետական նշանակության ավտոճանապարհների պատվածքի մաշված վերին շերտի վերականգնում և շինարարական նորմերով նախատեսված սկզբնական որակական ցուցանիշների ապահովում,Հանրության կողմից անմիջականորեն օգտագործվող ակտիվների հետ կապված միջոցառումներ,288386080.2,318078424.2,293549220.6,0.9229999999999999,97168939.6,113839019.3,101863559.8,0.895,5088982.0,8493882.3,8337347.3,0.982
ՀՀ տարածքային կառավարման և ենթակառուցվածքների նախարարություն,1049,1049,Ճանապարհային ցանցի բարելավում,Ճանապարհային ցանցի բարելավում և անվտանգ երթևեկության ապահովում,"Ճանապարհների ծածկի որակի և փոխադրումների արդյունավետության բարելավում, ճանապարհների վիճակով պայմանավորված պատահարների նվազում",21023,ՀՀ ընդհանուր օգտագործման ավտամոբիլային ճանապարհների վթարավտանգ հատվածների վերացում,ՀՀ ընդհանուր օգտագործման ավտամոբիլային ճանապարհների վթարավտանգ հատվածների վերացում,Հանրության կողմից անմիջականորեն օգտագործվող ակտիվների հետ կապված միջոցառումներ,288386080.2,318078424.2,293549220.6,0.9229999999999999,97168939.6,113839019.3,101863559.8,0.895,344500.0,344500.0,0.0,0.0
ՀՀ տարածքային կառավարման և ենթակառուցվածքների նախարարություն,1049,1049,Ճանապարհային ցանցի բարելավում,Ճանապարհային ցանցի բարելավում և անվտանգ երթևեկության ապահովում,"Ճանապարհների ծածկի որակի և փոխադրումների արդյունավետության բարելավում, ճանապարհների վիճակով պայմանավորված պատահարների նվազում",21026,"Ասիական Զարգացման Բանկի աջակցությամբ իրականացվող «Դիմակայուն եւ ներառական ճանապարհային հատվածի բարելավման ծրագիր», Սիսիան-Քաջարան Հյուսիսային հատվածի կառուցում",Սիսիան-Քաջարան ճանապարհահատվածի հյուսիսային  շուրջ 27.1 կմ հատվածի  կառուցման աշխատանքներ,Հանրության կողմից անմիջականորեն օգտագործվող ակտիվների հետ կապված միջոցառումներ,288386080.2,318078424.2,293549220.6,0.9229999999999999,97168939.6,113839019.3,101863559.8,0.895,0.0,22000.0,21360.0,0.971
ՀՀ տարածքային կառավարման և ենթակառուցվածքների նախարարություն,1049,1049,Ճանապարհային ցանցի բարելավում,Ճանապարհային ցանցի բարելավում և անվտանգ երթևեկության ապահովում,"Ճանապարհների ծածկի որակի և փոխադրումների արդյունավետության բարելավում, ճանապարհների վիճակով պայմանավորված պատահարների նվազում",21028,Ֆրանսիայի աջակցությամբ իրականացվող Սիսիան-Քաջարան ճանապարհահատվածի Բարգուշատի Թունելի կառուցում,Սիսիան-Քաջարան Բարգուշատի թունելի  շուրջ 8.65 կմ կառուցման աշխատանքներ,Հանրության կողմից անմիջականորեն օգտագործվող ակտիվների հետ կապված միջոցառումներ,288386080.2,318078424.2,293549220.6,0.9229999999999999,97168939.6,113839019.3,101863559.8,0.895,0.0,8700.0,0.0,0.0
ՀՀ տարածքային կառավարման և ենթակառուցվածքների նախարարություն,1072,1072,Ջրամատակարարաման և ջրահեռացման բարելավում,Ջրամատակարարման ծառայությունների հասանելիության և մատչելիության ապահովում,"Խմելու ջրի մատակարարման և ջրահեռացման համակարգի բարելավում, կորուստների կրճատում",11001,Խմելու ջրի մատակարարման և ջրահեռացման ծառայությունների սուբսիդավորում,Խմելու ջուր մատակարարող ընկերության սուբսիդավորում` հաստատված սակագնի և նվազագույն շահավետ գնի տարբերության չափով,Ծառայությունների մատուցում,288386080.2,318078424.2,293549220.6,0.9229999999999999,12575488.2,9290026.2,6423856.6,0.691,100000.0,91725.5,91725.4,1.0
ՀՀ տարածքային կառավարման և ենթակառուցվածքների նախարարություն,1072,1072,Ջրամատակարարաման և ջրահեռացման բարելավում,Ջրամատակարարման ծառայությունների հասանելիության և մատչելիության ապահովում,"Խմելու ջրի մատակարարման և ջրահեռացման համակարգի բարելավում, կորուստների կրճատում",11004,Եվրոպական միության հարևանության ներդրումային ծրագրի աջակցությամբ իրականացվող Երևանի ջրամատակարարման բարելավման դրամաշնորհային ծրագիր,Երևանի ջրամատակարարման բարելավման ծրագրի աուդիտի իրականացում,Ծառայությունների մատուցում,288386080.2,318078424.2,293549220.6,0.9229999999999999,12575488.2,9290026.2,6423856.6,0.691,11615.2,11615.2,9525.6,0.82
ՀՀ տարածքային կառավարման և ենթակառուցվածքների նախարարություն,1072,1072,Ջրամատակարարաման և ջրահեռացման բարելավում,Ջրամատակարարման ծառայությունների հասանելիության և մատչելիության ապահովում,"Խմելու ջրի մատակարարման և ջրահեռացման համակարգի բարելավում, կորուստների կրճատում",11005,Եվրոպական ներդրումային բանկի աջակցությամբ իրականացվող Երևանի ջրամատակարարման բարելավման ծրագիր,Երևանի ջրամատակարարման բարելավման աշխատանքների իրականացում,Ծառայությունների մատուցում,288386080.2,318078424.2,293549220.6,0.9229999999999999,12575488.2,9290026.2,6423856.6,0.691,177020.6,177020.6,166217.1,0.9390000000000001
ՀՀ տարածքային կառավարման և ենթակառուցվածքների նախարարություն,1072,1072,Ջրամատակարարաման և ջրահեռացման բարելավում,Ջրամատակարարման ծառայությունների հասանելիության և մատչելիության ապահովում,"Խմելու ջրի մատակարարման և ջրահեռացման համակարգի բարելավում, կորուստների կրճատում",11007,Գերմանիայի զարգացման վարկերի բանկի աջակցությամբ իրականացվող ջրամատակարարման և ջրահեռացման ենթակառուցվածքների վերականգնման ծրագրի երրորդ փուլ,Համայնքային ջրամատակարարման և ջրահեռացման ենթակառուցվածքների վերականգնման ծրագրի համակարգում և ղեկավարում,Ծառայությունների մատուցում,288386080.2,318078424.2,293549220.6,0.9229999999999999,12575488.2,9290026.2,6423856.6,0.691,51000.0,51042.1,17700.2,0.34700000000000003
ՀՀ տարածքային կառավարման և ենթակառուցվածքների նախարարություն,1072,1072,Ջրամատակարարաման և ջրահեռացման բարելավում,Ջրամատակարարման ծառայությունների հասանելիության և մատչելիության ապահովում,"Խմելու ջրի մատակարարման և ջրահեռացման համակարգի բարելավում, կորուստների կրճատում",11011,Գերմանիայի զարգացման վարկերի բանկի աջակցությամբ իրականացվող Համայնքային ենթակառուցվածքների երկրորդ ծրագրի երրորդ փուլի դրամաշնորհային ծրագիր,Համայնքային ջրամատակարարման և ջրահեռացման ենթակառուցվածքների վերականգնման դրամաշնորհային ծրագրի համակարգում և ղեկավարում,Ծառայությունների մատուցում,288386080.2,318078424.2,293549220.6,0.9229999999999999,12575488.2,9290026.2,6423856.6,0.691,0.0,7480.2,7394.3,0.9890000000000001
ՀՀ տարածքային կառավարման և ենթակառուցվածքների նախարարություն,1072,1072,Ջրամատակարարաման և ջրահեռացման բարելավում,Ջրամատակարարման ծառայությունների հասանելիության և մատչելիության ապահովում,"Խմելու ջրի մատակարարման և ջրահեռացման համակարգի բարելավում, կորուստների կրճատում",12001,Գերմանիայի զարգացման և Եվրոպական միության հարևանության ներդրումային բանկի աջակցությամբ իրականացվող ջրամատակարարման և ջրահեռացման ենթակառուցվածքների դրամաշնորհային ծրագիր` երրորդ փուլ,579 գյուղական բնակավայրերից ընտրված որոշ համայնքների ջրամատակարարման և ջրահեռացման համակարգերի հատվածների հրատապ վերականգնման աշխատանքների իրականացում ինչպես նաև` Արմավիրի կեղտաջրերի մաքրման կայանի կառուցում,Տրանսֆերտների տրամադրում,288386080.2,318078424.2,293549220.6,0.9229999999999999,12575488.2,9290026.2,6423856.6,0.691,3694799.6,2426909.7,2224813.7,0.917
ՀՀ տարածքային կառավարման և ենթակառուցվածքների նախարարություն,1072,1072,Ջրամատակարարաման և ջրահեռացման բարելավում,Ջրամատակարարման ծառայությունների հասանելիության և մատչելիության ապահովում,"Խմելու ջրի մատակարարման և ջրահեռացման համակարգի բարելավում, կորուստների կրճատում",12004,Մաքրման կայանների պահպանություն,Մաքրման կայանների պահպանության նպատակովհամապատասխան ծառայությունների ձեռքբերում,Տրանսֆերտների տրամադրում,288386080.2,318078424.2,293549220.6,0.9229999999999999,12575488.2,9290026.2,6423856.6,0.691,0.0,7200.0,7200.0,1.0
ՀՀ տարածքային կառավարման և ենթակառուցվածքների նախարարություն,1072,1072,Ջրամատակարարաման և ջրահեռացման բարելավում,Ջրամատակարարման ծառայությունների հասանելիության և մատչելիության ապահովում,"Խմելու ջրի մատակարարման և ջրահեռացման համակարգի բարելավում, կորուստների կրճատում",31001,Գերմանիայի զարգացման վարկերի բանկի աջակցությամբ իրականացվող ջրամատակարարման և ջրահեռացման ենթակառուցվածքների վերականգնման ծրագրի երրորդ փուլի շրջանակներում ջրամատակարարման և ջրահեռացման ենթակառուցվածքների հիմնանորոգում,6 քաղաքների և 37 գյուղական բնակավայրերի ջրամատակարարման և ջրահեռացման համակարգերի հատվածների հրատապ (մասնակի) վերականգնման աշխատանքներ,Պետական մարմինների կողմից օգտագործվող ոչ ֆինանսական ակտիվների հետ գործառնություններ,288386080.2,318078424.2,293549220.6,0.9229999999999999,12575488.2,9290026.2,6423856.6,0.691,1423557.6,1503657.6,927050.3,0.617
ՀՀ տարածքային կառավարման և ենթակառուցվածքների նախարարություն,1072,1072,Ջրամատակարարաման և ջրահեռացման բարելավում,Ջրամատակարարման ծառայությունների հասանելիության և մատչելիության ապահովում,"Խմելու ջրի մատակարարման և ջրահեռացման համակարգի բարելավում, կորուստների կրճատում",31002,Եվրոպական ներդրումային բանկի աջակցությամբ իրականացվող ջրամատակարարման և ջրահեռացման ենթակառուցվածքների վերականգնման ծրագրի երրորդ փուլի շրջանակներում ջրամատակարարման և ջրահեռացման ենթակառուցվածքների հիմնանորոգում,6 քաղաքների և 37 գյուղական բնակավայրերի ջրամատակարարման և ջրահեռացման համակարգերի հատվածների հրատապ (մասնակի) վերականգնման աշխատանքներ,Պետական մարմինների կողմից օգտագործվող ոչ ֆինանսական ակտիվների հետ գործառնություններ,288386080.2,318078424.2,293549220.6,0.9229999999999999,12575488.2,9290026.2,6423856.6,0.691,1487495.2,451720.5,394370.2,0.873
ՀՀ տարածքային կառավարման և ենթակառուցվածքների նախարարություն,1072,1072,Ջրամատակարարաման և ջրահեռացման բարելավում,Ջրամատակարարման ծառայությունների հասանելիության և մատչելիության ապահովում,"Խմելու ջրի մատակարարման և ջրահեռացման համակարգի բարելավում, կորուստների կրճատում",31003,Եվրոպակական ներդրումային բանկի աջակցությամբ իրականացվող Երևանի ջրամատակարարման բարելավման ծրագրի շրջանակներում ջրամատակարարման և ջրահեռացման ենթակառուցվածքների հիմնանորոգում,Երևանի ջրամատակարարման ցանցի բարելավման աշխատանքներ,Պետական մարմինների կողմից օգտագործվող ոչ ֆինանսական ակտիվների հետ գործառնություններ,288386080.2,318078424.2,293549220.6,0.9229999999999999,12575488.2,9290026.2,6423856.6,0.691,1100000.0,1200000.0,992234.5,0.8270000000000001
ՀՀ տարածքային կառավարման և ենթակառուցվածքների նախարարություն,1072,1072,Ջրամատակարարաման և ջրահեռացման բարելավում,Ջրամատակարարման ծառայությունների հասանելիության և մատչելիության ապահովում,"Խմելու ջրի մատակարարման և ջրահեռացման համակարգի բարելավում, կորուստների կրճատում",31008,Պարտադիր կապիտալ աշխատանքների ծրագրի շրջանակներում ջրամատակարարման և ջրահեռացման ենթակառուցվածքների հիմնանորոգում,Մի շարք համայնքներում ջրամատակարարման և ջրահեռացման համակարգերի կառուցման և վերականգնման աշխատանքներ,Պետական մարմինների կողմից օգտագործվող ոչ ֆինանսական ակտիվների հետ գործառնություններ,288386080.2,318078424.2,293549220.6,0.9229999999999999,12575488.2,9290026.2,6423856.6,0.691,0.0,964552.0,555119.2,0.5760000000000001
ՀՀ տարածքային կառավարման և ենթակառուցվածքների նախարարություն,1072,1072,Ջրամատակարարաման և ջրահեռացման բարելավում,Ջրամատակարարման ծառայությունների հասանելիության և մատչելիության ապահովում,"Խմելու ջրի մատակարարման և ջրահեռացման համակարգի բարելավում, կորուստների կրճատում",31009,ՀՀ տարածքում վարձակալի կողմից չսպասարկվող բնակավայրերում ջրամատակարարման և ջրահեռացման համակարգերի կառուցում,ՀՀ տարածքում Վարձակալի կողմից չսպասարկվող բնակավայրերքւմ ջրամատակարարման և ջրահեռացման համակարգերի կառուցման ծրագիր,Պետական մարմինների կողմից օգտագործվող ոչ ֆինանսական ակտիվների հետ գործառնություններ,288386080.2,318078424.2,293549220.6,0.9229999999999999,12575488.2,9290026.2,6423856.6,0.691,0.0,3960.0,3895.0,0.9840000000000001
ՀՀ տարածքային կառավարման և ենթակառուցվածքների նախարարություն,1072,1072,Ջրամատակարարաման և ջրահեռացման բարելավում,Ջրամատակարարման ծառայությունների հասանելիության և մատչելիության ապահովում,"Խմելու ջրի մատակարարման և ջրահեռացման համակարգի բարելավում, կորուստների կրճատում",31010,Ջրամատակարարման և ջրահեռացման համակարգի հիմնանորոգում,Ջրամատակարարման և ջրահեռացման համակարգի հիմնանորոգման նախագծերի և աշխատանքների ձեռքբերում,Պետական մարմինների կողմից օգտագործվող ոչ ֆինանսական ակտիվների հետ գործառնություններ,288386080.2,318078424.2,293549220.6,0.9229999999999999,12575488.2,9290026.2,6423856.6,0.691,4530000.0,2379698.0,1013546.4,0.426
ՀՀ տարածքային կառավարման և ենթակառուցվածքների նախարարություն,1072,1072,Ջրամատակարարաման և ջրահեռացման բարելավում,Ջրամատակարարման ծառայությունների հասանելիության և մատչելիության ապահովում,"Խմելու ջրի մատակարարման և ջրահեռացման համակարգի բարելավում, կորուստների կրճատում",31013,Ջրամատակարարման և ջրահեռացման համակարգի կառուցում,Ջրամատակարարման և ջրահեռացման համակարգի կառուցման նախագծերի և աշխատանքների ձեռքբերում,Պետական մարմինների կողմից օգտագործվող ոչ ֆինանսական ակտիվների հետ գործառնություններ,288386080.2,318078424.2,293549220.6,0.9229999999999999,12575488.2,9290026.2,6423856.6,0.691,0.0,13444.8,13064.8,0.972
ՀՀ տարածքային կառավարման և ենթակառուցվածքների նախարարություն,1073,1073,"Ընդերքի ուսումնասիրության, օգտագործման և պահպանման ծառայություններ",Ընդերքի օգտագործման արդյունավետության բարձրացում,Ընդերքօգտագործման միասնական ֆոնդի ստեղծում և վարում,11001,Ընդերքի մասին տեղեկատվության տրամադրման ծառայություններ,"Երկրաբանական տեղեկության ընդունում և պահպանում, ընդերքօգտագործման ֆոնդի ստեղծում և վարում, ՊՊՀ և ՕՀՊԿ վարում, իրավունքների պետական հաշվառում, տեղեկատվության վերլուծում և տրամադրում",Ծառայությունների մատուցում,288386080.2,318078424.2,293549220.6,0.9229999999999999,42000.0,42000.0,41200.0,0.981,22000.0,22000.0,22000.0,1.0
ՀՀ տարածքային կառավարման և ենթակառուցվածքների նախարարություն,1073,1073,"Ընդերքի ուսումնասիրության, օգտագործման և պահպանման ծառայություններ",Ընդերքի օգտագործման արդյունավետության բարձրացում,Ընդերքօգտագործման միասնական ֆոնդի ստեղծում և վարում,11004,ԱՃԹՆ-ի միջազգային խորհրդի նիստի կազմակերպում,"ԱՃԹՆ-ի միջազգային խորհրդի նիստի անցկացում, ԱՃԹՆ-ի ղեկավարության հետ պաշտոնական բարձր մակարդակի հանդիպումներ",Ծառայությունների մատուցում,288386080.2,318078424.2,293549220.6,0.9229999999999999,42000.0,42000.0,41200.0,0.981,20000.0,0.0,0.0,0.0
ՀՀ տարածքային կառավարման և ենթակառուցվածքների նախարարություն,1073,1073,"Ընդերքի ուսումնասիրության, օգտագործման և պահպանման ծառայություններ",Ընդերքի օգտագործման արդյունավետության բարձրացում,Ընդերքօգտագործման միասնական ֆոնդի ստեղծում և վարում,11005,Արդյունահանող ճյուղերի թափանցիկության նախաձեռնության զարգացման ծրագիր,"ԱՃԹՆ-ի միջազգային ստանդարտին համապատասխան տարեկան ազգային զեկույցի կազմում, հրապարակում և այլ միջոցառումների իրականացում",Ծառայությունների մատուցում,288386080.2,318078424.2,293549220.6,0.9229999999999999,42000.0,42000.0,41200.0,0.981,0.0,20000.0,19200.0,0.96
ՀՀ տարածքային կառավարման և ենթակառուցվածքների նախարարություն,1077,1077,Երկաթուղային ցանցի զարգացում,Երկաթուղային ցանցի զարգացում,Երկաթուղու աշխատանքի որակի բարելավում,12001,Ուղևորափոխադրումներից ստացված վնասի դիմաց «Հարավկովկասյան երկաթուղի» ՓԲԸ-ին սուբսիդիայի տրամադրում,Կոնցեսիոն պայմանագրի դրույթների ապահովման նպատակով «Հարավկովկասյան երկաթուղի» ՓԲԸ-ին ուղևորափոխադրումներից ստացված վնասի դիմաց փոխհատուցման տրամադրման ծառայություններ,Տրանսֆերտների տրամադրում,288386080.2,318078424.2,293549220.6,0.9229999999999999,231039.0,270036.0,270036.0,1.0,231039.0,270036.0,270036.0,1.0
ՀՀ տարածքային կառավարման և ենթակառուցվածքների նախարարություն,1079,1079,Պետական գույքի կառավարում,Պետական գույքի համալիր և արդյունավետ կառավարման ապահովում,Պետական գույքի կառավարման արդյունավետության բարձրացում,11001,"Պետական գույքի կառավարման համակարգման, խորհրդատվության և մոնիտորինգի ծառայություններ","Պետական գույքի հաշվառում, գույքագրում, աճուրդների կազմակերպում, մասնավորեցվող գույքի վերաբերյալ տեղեկատվության հրապարակում",Ծառայությունների մատուցում,288386080.2,318078424.2,293549220.6,0.9229999999999999,-12529883.6,-5898074.4,-932294.9,0.158,958464.8,981700.8,796787.1,0.812
ՀՀ տարածքային կառավարման և ենթակառուցվածքների նախարարություն,1079,1079,Պետական գույքի կառավարում,Պետական գույքի համալիր և արդյունավետ կառավարման ապահովում,Պետական գույքի կառավարման արդյունավետության բարձրացում,11003,"Պետական գույքի հաշվառման, գույքագրման, գնահատման, անշարժ գույքի պահառության, սպասարկման աշխատանքների և աճուրդների իրականացման  ծառայություններ","Պետական գույքի հաշվառում, գույքագրում, գնահատում, անշարժ գույքի պահառություն, աճուրդների իրականացում և Կառավարական N 2 և N 3, ք. Երևան Վ.Սարգսյան 3/3 և Նալբանդյան 28 շենքերի սպասարկում",Ծառայությունների մատուցում,288386080.2,318078424.2,293549220.6,0.9229999999999999,-12529883.6,-5898074.4,-932294.9,0.158,388800.0,393996.0,393996.0,1.0
ՀՀ տարածքային կառավարման և ենթակառուցվածքների նախարարություն,1079,1079,Պետական գույքի կառավարում,Պետական գույքի համալիր և արդյունավետ կառավարման ապահովում,Պետական գույքի կառավարման արդյունավետության բարձրացում,11007,"ՀՀ պետական կառավարման մարմինների կողմից  դիմումներ, հայցադիմումներ, դատարանի վճիռների  և որոշումների դեմ վերաքննիչ և վճռաբեկ բողոքներ ներկայացնելիս` «Պետական տուրքի մասին» ՀՀ օրենքով սահմանված վճարումներ","ՀՀ պետական կառավարման մարմինների կողմից  դիմումներ, հայցադիմումներ, դատարանի վճիռների  և որոշումների դեմ վերաքննիչ և վճռաբեկ բողոքներ ներկայացնելիս` «Պետական տուրքի մասին» ՀՀ օրենքով սահմանված վճարումներ",Ծառայությունների մատուցում,288386080.2,318078424.2,293549220.6,0.9229999999999999,-12529883.6,-5898074.4,-932294.9,0.158,0.0,20876.3,20876.2,1.0
ՀՀ տարածքային կառավարման և ենթակառուցվածքների նախարարություն,1079,1079,Պետական գույքի կառավարում,Պետական գույքի համալիր և արդյունավետ կառավարման ապահովում,Պետական գույքի կառավարման արդյունավետության բարձրացում,11012,Պետ. մասնակց. առևտր. կազմ. կանոնադր. կապիտալում պետ. մասնակց. նվազեցման ճանապարհով ակտիվների կազմից գույք առանձնացնելիս գույքն ստացող պետ. կառավարչ. հիմնարկի կողմից մատակ-ին վճարման ենթակա շահութահարկի գծով կամ շրջանառ.հարկի գծով պարտավ.կատ.գծով ծախսեր,Պետ. մասնակց. առևտր. կազմ. կանոնադր. կապիտալում պետ. մասնակց. նվազեցման ճանապարհով ակտիվների կազմից գույք առանձնացնելիս գույքն ստացող պետ. կառավարչ. հիմնարկի կողմից մատակ-ին վճարման ենթակա շահութահարկի գծով կամ շրջանառ.հարկի գծով պարտավ.կատ.գծով ծախսեր,Ծառայությունների մատուցում,288386080.2,318078424.2,293549220.6,0.9229999999999999,-12529883.6,-5898074.4,-932294.9,0.158,0.0,31773.3,31773.3,1.0
ՀՀ տարածքային կառավարման և ենթակառուցվածքների նախարարություն,1079,1079,Պետական գույքի կառավարում,Պետական գույքի համալիր և արդյունավետ կառավարման ապահովում,Պետական գույքի կառավարման արդյունավետության բարձրացում,11015,Շարժական գույքի պահառության կազմակերպում,"Պետական սեփականություն հանդիսացող, մինչև 5 մլն դրամ գնահատված արժեքով շարժական գույքի օտարման գործընթացում գտնվելու ժամանակահատվածում պահառության կազմակերպում",Ծառայությունների մատուցում,288386080.2,318078424.2,293549220.6,0.9229999999999999,-12529883.6,-5898074.4,-932294.9,0.158,33980.0,33980.0,33980.0,1.0
ՀՀ տարածքային կառավարման և ենթակառուցվածքների նախարարություն,1079,1079,Պետական գույքի կառավարում,Պետական գույքի համալիր և արդյունավետ կառավարման ապահովում,Պետական գույքի կառավարման արդյունավետության բարձրացում,11017,Ավիացիոն ծառայությունների մատուցում,Ավիացիոն և այլ սարքավորումների նորոգում և պահպանում,Ծառայությունների մատուցում,288386080.2,318078424.2,293549220.6,0.9229999999999999,-12529883.6,-5898074.4,-932294.9,0.158,1077189.1,1495489.1,1495489.1,1.0
ՀՀ տարածքային կառավարման և ենթակառուցվածքների նախարարություն,1079,1079,Պետական գույքի կառավարում,Պետական գույքի համալիր և արդյունավետ կառավարման ապահովում,Պետական գույքի կառավարման արդյունավետության բարձրացում,11018,Շենքերի արտաքին լուսավորության ապահովման ծառայություններ,"Քաղաք Երևան, Նալբանդյան 28 հասցեում գտնվող շենքի արտաքին լուսավորության ապահովում",Ծառայությունների մատուցում,288386080.2,318078424.2,293549220.6,0.9229999999999999,-12529883.6,-5898074.4,-932294.9,0.158,0.0,4000.0,3368.7,0.8420000000000001
ՀՀ տարածքային կառավարման և ենթակառուցվածքների նախարարություն,1079,1079,Պետական գույքի կառավարում,Պետական գույքի համալիր և արդյունավետ կառավարման ապահովում,Պետական գույքի կառավարման արդյունավետության բարձրացում,11019,COP 17 համաժողովի կազմակերպման ծառայություններ,Համաժողովի միջոցառման կազմակերպման ծառայությունները Միավորված ազգերի կազմակերպության չափորոշիչներին համապատասխանեցում,Ծառայությունների մատուցում,288386080.2,318078424.2,293549220.6,0.9229999999999999,-12529883.6,-5898074.4,-932294.9,0.158,0.0,5775000.0,5775000.0,1.0
ՀՀ տարածքային կառավարման և ենթակառուցվածքների նախարարություն,1079,1079,Պետական գույքի կառավարում,Պետական գույքի համալիր և արդյունավետ կառավարման ապահովում,Պետական գույքի կառավարման արդյունավետության բարձրացում,11020,Բիզնեսի զարգացման խորհրդատվական ծառայություններ,"Քաղաք Երևան, Նալբանդյան 28 հասցեում գտնվող անշարժ գույքի գրավչության բարձրացմանն ուղղված միջոցների ձեռնարկումը",Ծառայությունների մատուցում,288386080.2,318078424.2,293549220.6,0.9229999999999999,-12529883.6,-5898074.4,-932294.9,0.158,0.0,80166.7,80166.7,1.0
ՀՀ տարածքային կառավարման և ենթակառուցվածքների նախարարություն,1079,1079,Պետական գույքի կառավարում,Պետական գույքի համալիր և արդյունավետ կառավարման ապահովում,Պետական գույքի կառավարման արդյունավետության բարձրացում,12002,Ֆինանսական աջակցություն լուծարման գործընթացում գտնվող առևտրային կազմակերպությանը,«Նորավանք» գիտակրթական հիմնադրամի  լուծարման գործընթացի կանոնակարգում և պարտավորությունների մարում,Տրանսֆերտների տրամադրում,288386080.2,318078424.2,293549220.6,0.9229999999999999,-12529883.6,-5898074.4,-932294.9,0.158,0.0,94900.7,94900.7,1.0
ՀՀ տարածքային կառավարման և ենթակառուցվածքների նախարարություն,1079,1079,Պետական գույքի կառավարում,Պետական գույքի համալիր և արդյունավետ կառավարման ապահովում,Պետական գույքի կառավարման արդյունավետության բարձրացում,12003,Պետական աջակցություն հիմնադրամներին՛ պետական սեփականություն հանդիսացող գույքի վարձակալական վճարների մասով,"Պետական սեփականություն համարվող գույքը վարձակալության հանձնելիս վճարված վարձակալական վճարներ, որոնք թողնվում են վարձակալների՛ «Օհանյանի «Ավան» կրթահամալիր» ՍՊԸ եւ «Երեխաների աջակցության կենտրոն» հիմնադրամի տնօրինությանը՛ որպես կամավոր գույքային վճար",Տրանսֆերտների տրամադրում,288386080.2,318078424.2,293549220.6,0.9229999999999999,-12529883.6,-5898074.4,-932294.9,0.158,0.0,5016.0,5016.0,1.0
ՀՀ տարածքային կառավարման և ենթակառուցվածքների նախարարություն,1079,1079,Պետական գույքի կառավարում,Պետական գույքի համալիր և արդյունավետ կառավարման ապահովում,Պետական գույքի կառավարման արդյունավետության բարձրացում,31001,Պետական գույքի կառավարման կոմիտեի տեխնիկական հագեցվածության բարելավում,Պետական գույքի կառավարման կոմիտեի աշխատանքային պայմանների բարելավման համար վարչական սարքավորումների ձեռքբերում,Պետական մարմինների կողմից օգտագործվող ոչ ֆինանսական ակտիվների հետ գործառնություններ,288386080.2,318078424.2,293549220.6,0.9229999999999999,-12529883.6,-5898074.4,-932294.9,0.158,11682.5,11682.5,9547.2,0.8170000000000001
ՀՀ տարածքային կառավարման և ենթակառուցվածքների նախարարություն,1079,1079,Պետական գույքի կառավարում,Պետական գույքի համալիր և արդյունավետ կառավարման ապահովում,Պետական գույքի կառավարման արդյունավետության բարձրացում,31002,Ոչ ֆինանսական ակտիվների օտարումից մուտքեր,Ոչ ֆինանսական ակտիվների օտարումից մուտքեր,Պետական մարմինների կողմից օգտագործվող ոչ ֆինանսական ակտիվների հետ գործառնություններ,288386080.2,318078424.2,293549220.6,0.9229999999999999,-12529883.6,-5898074.4,-932294.9,0.158,-15000000.0,-15000000.0,-9827443.5,0.655
ՀՀ տարածքային կառավարման և ենթակառուցվածքների նախարարություն,1079,1079,Պետական գույքի կառավարում,Պետական գույքի համալիր և արդյունավետ կառավարման ապահովում,Պետական գույքի կառավարման արդյունավետության բարձրացում,31004,Պետական գույքի կառավարման կոմիտեի ենթակայության շենքերի պայմանների բարելավում,"Պետական գույքի կառավարման կոմիտեի ենթակայության շենքերի պայմանների բարելավում (հիմնանորոգում, նախագծանախահաշվային փաստաթղթերի ձեռքբերում և շենքային այլ պայմանների բարելավում)",Պետական մարմինների կողմից օգտագործվող ոչ ֆինանսական ակտիվների հետ գործառնություններ,288386080.2,318078424.2,293549220.6,0.9229999999999999,-12529883.6,-5898074.4,-932294.9,0.158,0.0,173344.2,154247.6,0.89
ՀՀ տարածքային կառավարման և ենթակառուցվածքների նախարարություն,1109,1109,Ջրային տնտեսության ոլորտում ծրագրերի համակարգում և մոնիտորինգ,Ջրային տնտեսության ոլորտում պետական արդյունավետ ծրագրերի մշակման և իրականացման  ապահովում,Ջրային տնտեսության ոլորտում իրականացվող ծրագրերի ազդեցության և արդյունավետության բարելավում,11001,"Ջրային տնտեսության ոլորտում պետական քաղաքականության մշակում, ծրագրերի համակարգում և մոնիտորինգ","Ոլորտի քաղաքականության խորհրդատվության, կոմիտեի իրավասության տակ ընկնող ծառայությունների ու ծրագրերի համակարգման ծառայություններ",Ծառայությունների մատուցում,288386080.2,318078424.2,293549220.6,0.9229999999999999,450893.8,1701974.1,1674018.2,0.9840000000000001,441943.8,490514.1,472633.5,0.9640000000000001
ՀՀ տարածքային կառավարման և ենթակառուցվածքների նախարարություն,1109,1109,Ջրային տնտեսության ոլորտում ծրագրերի համակարգում և մոնիտորինգ,Ջրային տնտեսության ոլորտում պետական արդյունավետ ծրագրերի մշակման և իրականացման  ապահովում,Ջրային տնտեսության ոլորտում իրականացվող ծրագրերի ազդեցության և արդյունավետության բարելավում,11002,"ՀՀ պետական կառավարման մարմինների կողմից  դիմումներ, հայցադիմումներ, դատարանի վճիռների  և որոշումների դեմ վերաքննիչ և վճռաբեկ բողոքներ ներկայացնելիս` «Պետական տուրքի մասին» ՀՀ օրենքով սահմանված վճարումներ","ՀՀ պետական կառավարման մարմինների կողմից  դիմումներ, հայցադիմումներ, դատարանի վճիռների  և որոշումների դեմ վերաքննիչ և վճռաբեկ բողոքներ ներկայացնելիս` «Պետական տուրքի մասին» ՀՀ օրենքով սահմանված վճարումներ",Ծառայությունների մատուցում,288386080.2,318078424.2,293549220.6,0.9229999999999999,450893.8,1701974.1,1674018.2,0.9840000000000001,0.0,5.0,5.0,1.0
ՀՀ տարածքային կառավարման և ենթակառուցվածքների նախարարություն,1109,1109,Ջրային տնտեսության ոլորտում ծրագրերի համակարգում և մոնիտորինգ,Ջրային տնտեսության ոլորտում պետական արդյունավետ ծրագրերի մշակման և իրականացման  ապահովում,Ջրային տնտեսության ոլորտում իրականացվող ծրագրերի ազդեցության և արդյունավետության բարելավում,11005,Ավարտվող շինարարական օբյեկտների ավարտական ակտերի և շահագործման թույլտվություններ ստանալու համար տեղական տուրքի վճարների ապահովում,Ջրային կոմիտեի կողմից իրականացվող ավարտվող շինարարական օբյեկտների օբյեկտների շահագործման թույլտվությունը և ավարտական ակտը ստանալու համար տեղական տուրքի վճարների ապահովում,Ծառայությունների մատուցում,288386080.2,318078424.2,293549220.6,0.9229999999999999,450893.8,1701974.1,1674018.2,0.9840000000000001,0.0,1185750.0,1181780.0,0.997
ՀՀ տարածքային կառավարման և ենթակառուցվածքների նախարարություն,1109,1109,Ջրային տնտեսության ոլորտում ծրագրերի համակարգում և մոնիտորինգ,Ջրային տնտեսության ոլորտում պետական արդյունավետ ծրագրերի մշակման և իրականացման  ապահովում,Ջրային տնտեսության ոլորտում իրականացվող ծրագրերի ազդեցության և արդյունավետության բարելավում,31001,Ջրային կոմիտեի տեխնիկական հագեցվածության բարելավում,Ջրային կոմիտեի համար համակարգչային տեխնիկայի և գրասենյակային գույքի ձեռքբերում,Պետական մարմինների կողմից օգտագործվող ոչ ֆինանսական ակտիվների հետ գործառնություններ,288386080.2,318078424.2,293549220.6,0.9229999999999999,450893.8,1701974.1,1674018.2,0.9840000000000001,8950.0,25705.0,19599.6,0.762
ՀՀ տարածքային կառավարման և ենթակառուցվածքների նախարարություն,1110,1110,Այլընտրանքային աշխատանքային ծառայություն,Քաղաքացիական պարտքի կատարման այլընտրանքային տարբերակների ապահովում,Այլընտրանքային աշխատանքային ծառայության արդյունավետության ապահովում,12001,Այլընտրանքային աշխատանքային ծառայողներին դրամական բավարարման և դրամական փոխհատուցման տրամադրում,Այլընտրանքային աշխատանքային ծառայության անցած ՀՀ քաղաքացիներին  «Այլընտրանքային ծառայության մասին» ՀՀ օրենքով սահմանված դրամական բավարարման և փոխհատուցումների տրամադրում,Տրանսֆերտների տրամադրում,288386080.2,318078424.2,293549220.6,0.9229999999999999,35000.0,35000.0,32647.1,0.9329999999999999,35000.0,35000.0,32647.1,0.9329999999999999
ՀՀ տարածքային կառավարման և ենթակառուցվածքների նախարարություն,1157,1157,Քաղաքային զարգացում,Քաղաքային ենթակառուցվածքների զարգացում,Քաղաքային ենթակառուցվածքների արդիականացում և բարելավում,12003,Արևելյան եվրոպայի էներգախնայողության և բնապահպանական գործընկերության ֆոնդի աջակցությամբ իրականացվող Երևանի քաղաքային լուսավորության դրամաշնորհային ծրագրի կատարման ապահովում,Երևանի քաղաքային լուսավորության ենթակառուցվածքի բարելավման համար տրամադրվող աջակցություն և ծառայություն,Տրանսֆերտների տրամադրում,288386080.2,318078424.2,293549220.6,0.9229999999999999,28382253.2,17495747.5,11670185.0,0.667,655158.8,250000.0,48119.0,0.192
ՀՀ տարածքային կառավարման և ենթակառուցվածքների նախարարություն,1157,1157,Քաղաքային զարգացում,Քաղաքային ենթակառուցվածքների զարգացում,Քաղաքային ենթակառուցվածքների արդիականացում և բարելավում,12004,Վերակառուցման և զարգացման եվրոպական բանկի աջակցությամբ իրականացվող Երևանի քաղաքային լուսավորության դրամաշնորհային ծրագրի կատարման ապահովում,Երևանի քաղաքային լուսավորության ենթակառուցվածքի բարելավման համար տրամադրվող աջակցություն և ծառայություն,Տրանսֆերտների տրամադրում,288386080.2,318078424.2,293549220.6,0.9229999999999999,28382253.2,17495747.5,11670185.0,0.667,38841.7,0.0,0.0,0.0
ՀՀ տարածքային կառավարման և ենթակառուցվածքների նախարարություն,1157,1157,Քաղաքային զարգացում,Քաղաքային ենթակառուցվածքների զարգացում,Քաղաքային ենթակառուցվածքների արդիականացում և բարելավում,12006,Եվրոպական ներդրումային բանկի աջակցությամբ իրականացվող Երևանի էներգաարդյունավետության ծրագրին պետական աջակցություն,Ծրագրի շրջանակներում հանրային շենքերում իրականացվող էներգաարդյունավետության և էներգախնայողության աշխատանքներ,Տրանսֆերտների տրամադրում,288386080.2,318078424.2,293549220.6,0.9229999999999999,28382253.2,17495747.5,11670185.0,0.667,200000.0,189000.0,104445.5,0.5529999999999999
ՀՀ տարածքային կառավարման և ենթակառուցվածքների նախարարություն,1157,1157,Քաղաքային զարգացում,Քաղաքային ենթակառուցվածքների զարգացում,Քաղաքային ենթակառուցվածքների արդիականացում և բարելավում,12008,Երևանի մետրոպոլիտենով ուղևորափոխադրման ծառայությունների գծով պետության կողմից համայնքի ղեկավարին պատվիրակված լիազորությունների իրականացում,Աջակցություն Երևանի քաղաքապետարանին մետրոպոլիտենով ուղևորափոխադրումների ծառայությունների մատուցման նպատակով,Տրանսֆերտների տրամադրում,288386080.2,318078424.2,293549220.6,0.9229999999999999,28382253.2,17495747.5,11670185.0,0.667,1529984.0,1529984.0,1529984.0,1.0
ՀՀ տարածքային կառավարման և ենթակառուցվածքների նախարարություն,1157,1157,Քաղաքային զարգացում,Քաղաքային ենթակառուցվածքների զարգացում,Քաղաքային ենթակառուցվածքների արդիականացում և բարելավում,12016,Վերակառուցման և զարգացման եվրոպական բանկի աջակցությամբ իրականացվող Գյումրու քաղաքային ճանապարհների տեխնիկական համագործակցության   դրամաշնորհային ծրագիր,Գյումրու ճանապարհների վերակառուցմանը և փողոցային լուսավորության արդիականացմանը խորհրդատվական աջակցություն,Տրանսֆերտների տրամադրում,288386080.2,318078424.2,293549220.6,0.9229999999999999,28382253.2,17495747.5,11670185.0,0.667,99913.2,99913.2,0.0,0.0
ՀՀ տարածքային կառավարման և ենթակառուցվածքների նախարարություն,1157,1157,Քաղաքային զարգացում,Քաղաքային ենթակառուցվածքների զարգացում,Քաղաքային ենթակառուցվածքների արդիականացում և բարելավում,12017,Վերակառուցման և զարգացման եվրոպական բանկի աջակցությամբ իրականացվող Գյումրու քաղաքային ճանապարհների  ծրագիր,Գյումրու Անի և Ավստրիական թաղամասերի փողոցների (ներառյալ հետիոտնային անցումների ցանցը և ջրահեռացման համակարգը) հիմնանորոգում,Տրանսֆերտների տրամադրում,288386080.2,318078424.2,293549220.6,0.9229999999999999,28382253.2,17495747.5,11670185.0,0.667,897502.9,0.0,0.0,0.0
ՀՀ տարածքային կառավարման և ենթակառուցվածքների նախարարություն,1157,1157,Քաղաքային զարգացում,Քաղաքային ենթակառուցվածքների զարգացում,Քաղաքային ենթակառուցվածքների արդիականացում և բարելավում,12018,"Վերակառուցման և զարգացման եվրոպական բանկի աջակցությամբ իրականացվող Գյումրու քաղաքային ճանապարհների դրամաշնորհային ծրագիր (Տրանշ Ա, Բ, Գ)",Գյումրու Անի և Ավստրիական թաղամասերի փողոցների (ներառյալ հետիոտնային անցումների ցանցը և ջրահեռացման համակարգը) հիմնանորոգում,Տրանսֆերտների տրամադրում,288386080.2,318078424.2,293549220.6,0.9229999999999999,28382253.2,17495747.5,11670185.0,0.667,432957.1,0.0,0.0,0.0
ՀՀ տարածքային կառավարման և ենթակառուցվածքների նախարարություն,1157,1157,Քաղաքային զարգացում,Քաղաքային ենթակառուցվածքների զարգացում,Քաղաքային ենթակառուցվածքների արդիականացում և բարելավում,12025,Երևանի տարածքում ճանապարհային երթևեկության կարգավորման գծով պետության կողմից համայնքի ղեկավարին պատվիրակված լիազորությունների իրականացում,"Երևանի տարածքում ճանապարհային երթևեկության կարգավորման ճանապարհային գծանշումների, երթևեկության նշանների և լուսացույցերի տեղադրման աշխատանքների իրականացում",Տրանսֆերտների տրամադրում,288386080.2,318078424.2,293549220.6,0.9229999999999999,28382253.2,17495747.5,11670185.0,0.667,765928.6,765928.6,765928.6,1.0
ՀՀ տարածքային կառավարման և ենթակառուցվածքների նախարարություն,1157,1157,Քաղաքային զարգացում,Քաղաքային ենթակառուցվածքների զարգացում,Քաղաքային ենթակառուցվածքների արդիականացում և բարելավում,12029,Ասիական զարգացման բանկի աջակցությամբ իրականացվող քաղաքային զարգացման ներդրումային ծրագրի համակարգում և կառավարում,Քաղաքային զարգացման ներդրումային ծրագրի շրջանակներում համակարգում և կառավարում,Տրանսֆերտների տրամադրում,288386080.2,318078424.2,293549220.6,0.9229999999999999,28382253.2,17495747.5,11670185.0,0.667,2016240.8,1778305.9,1253576.2,0.705
ՀՀ տարածքային կառավարման և ենթակառուցվածքների նախարարություն,1157,1157,Քաղաքային զարգացում,Քաղաքային ենթակառուցվածքների զարգացում,Քաղաքային ենթակառուցվածքների արդիականացում և բարելավում,12030,Ասիական զարգացման բանկի աջակցությամբ իրականացվող քաղաքային զարգացման ներդրումային ծրագրի շրջանակներում ճանապարհային շինարարություն,Քաղաքային զարգացման ներդրումային ծրագրի շրջանակներում ճանապարհային շինարարություն,Տրանսֆերտների տրամադրում,288386080.2,318078424.2,293549220.6,0.9229999999999999,28382253.2,17495747.5,11670185.0,0.667,6258448.3,3721000.0,0.0,0.0
ՀՀ տարածքային կառավարման և ենթակառուցվածքների նախարարություն,1157,1157,Քաղաքային զարգացում,Քաղաքային ենթակառուցվածքների զարգացում,Քաղաքային ենթակառուցվածքների արդիականացում և բարելավում,12031,Վերակառուցման և զարգացման եվրոպական բանկի աջակցությամբ իրականացվող Գյումրու քաղաքային ճանապարհների տեխնիկական համագործակցության դրամաշնորհային ծրագրի շրջանակներում ճանապարհների վերակառուցման և փողոցների լուսավորության արդիականացում,Գյումրու ճանապարհների վերակառուցման և փողոցների լուսավորության արդիականացման աշխատանքներ,Տրանսֆերտների տրամադրում,288386080.2,318078424.2,293549220.6,0.9229999999999999,28382253.2,17495747.5,11670185.0,0.667,108490.8,0.0,0.0,0.0
ՀՀ տարածքային կառավարման և ենթակառուցվածքների նախարարություն,1157,1157,Քաղաքային զարգացում,Քաղաքային ենթակառուցվածքների զարգացում,Քաղաքային ենթակառուցվածքների արդիականացում և բարելավում,12032,Վերակառուցման և զարգացման եվրոպական բանկի աջակցությամբ իրականացվող Գյումրու քաղաքային ճանապարհների տեխնիկական համագործակցության վարկային ծրագիր,Գյումրու ճանապարհների վերակառուցման և փողոցների լուսավորության արդիականացման աշխատանքներԳյումրու ճանապարհների վերակառուցման և փողոցների լուսավորության արդիականացման աշխատանքներ,Տրանսֆերտների տրամադրում,288386080.2,318078424.2,293549220.6,0.9229999999999999,28382253.2,17495747.5,11670185.0,0.667,108490.8,0.0,0.0,0.0
ՀՀ տարածքային կառավարման և ենթակառուցվածքների նախարարություն,1157,1157,Քաղաքային զարգացում,Քաղաքային ենթակառուցվածքների զարգացում,Քաղաքային ենթակառուցվածքների արդիականացում և բարելավում,21001,Երևանի մետրոպոլիտենի ենթակառուցվածքների նորոգում,Երևանի մետրոպոլիտենի ենթակառուցվածքների նորոգում,Հանրության կողմից անմիջականորեն օգտագործվող ակտիվների հետ կապված միջոցառումներ,288386080.2,318078424.2,293549220.6,0.9229999999999999,28382253.2,17495747.5,11670185.0,0.667,3500000.0,3500000.0,2909821.9,0.831
ՀՀ տարածքային կառավարման և ենթակառուցվածքների նախարարություն,1157,1157,Քաղաքային զարգացում,Քաղաքային ենթակառուցվածքների զարգացում,Քաղաքային ենթակառուցվածքների արդիականացում և բարելավում,21002,Երևանի մետրոպոլիտենի ենթակառուցվածքների կառուցում,Երևանի մետրոպոլիտենի ենթակառուցվածքների կառուցում,Հանրության կողմից անմիջականորեն օգտագործվող ակտիվների հետ կապված միջոցառումներ,288386080.2,318078424.2,293549220.6,0.9229999999999999,28382253.2,17495747.5,11670185.0,0.667,9640000.0,1361306.3,765100.0,0.562
ՀՀ տարածքային կառավարման և ենթակառուցվածքների նախարարություն,1157,1157,Քաղաքային զարգացում,Քաղաքային ենթակառուցվածքների զարգացում,Քաղաքային ենթակառուցվածքների արդիականացում և բարելավում,21033,Երևան քաղաքի բազմաբնակարան շենքերի վերելակների արդիականացում,Երևան քաղաքի բազմաբնակարան շենքերի շահագործման ոչ պիտանի վերելակների փոխարինում նոր վերելակներով,Հանրության կողմից անմիջականորեն օգտագործվող ակտիվների հետ կապված միջոցառումներ,288386080.2,318078424.2,293549220.6,0.9229999999999999,28382253.2,17495747.5,11670185.0,0.667,0.0,839960.0,839960.0,1.0
ՀՀ տարածքային կառավարման և ենթակառուցվածքների նախարարություն,1157,1157,Քաղաքային զարգացում,Քաղաքային ենթակառուցվածքների զարգացում,Քաղաքային ենթակառուցվածքների արդիականացում և բարելավում,21037,Երևան քաղաքի նախադպրոցական ուսումնական հաստատությունների կառուցման և հիմնանորոգման աշխատանքներ,"Նախադպրոցական ուսումնական հաստատությունների և դրանցբակային տարածքների հիմնանորոգում, ինչպես նաև նորերի կառուցում",Հանրության կողմից անմիջականորեն օգտագործվող ակտիվների հետ կապված միջոցառումներ,288386080.2,318078424.2,293549220.6,0.9229999999999999,28382253.2,17495747.5,11670185.0,0.667,0.0,13912.5,6812.9,0.49
ՀՀ տարածքային կառավարման և ենթակառուցվածքների նախարարություն,1157,1157,Քաղաքային զարգացում,Քաղաքային ենթակառուցվածքների զարգացում,Քաղաքային ենթակառուցվածքների արդիականացում և բարելավում,21038,Երևանի բուսաբանական այգու տարածքում անտառապուրակի կառուցապատման աշխատանքներ,Երևան քաղաքում անտառապուրակի հիմնում և կանաչ գոտիների  արդիականացում,Հանրության կողմից անմիջականորեն օգտագործվող ակտիվների հետ կապված միջոցառումներ,288386080.2,318078424.2,293549220.6,0.9229999999999999,28382253.2,17495747.5,11670185.0,0.667,2130296.2,2148547.0,2148546.9,1.0
ՀՀ տարածքային կառավարման և ենթակառուցվածքների նախարարություն,1157,1157,Քաղաքային զարգացում,Քաղաքային ենթակառուցվածքների զարգացում,Քաղաքային ենթակառուցվածքների արդիականացում և բարելավում,21041,Երևան քաղաքի հանրային տրանսպորտի շարժակազմերի համալրում և արդիականացում,"Նոր ավտոբուսների, տրոլեյբուսների և այլ հանրային փոխադրամիջոցների ձեռքբերում ներառյալ էլեկտրական կամգազով աշխատող մոդելներ",Հանրության կողմից անմիջականորեն օգտագործվող ակտիվների հետ կապված միջոցառումներ,288386080.2,318078424.2,293549220.6,0.9229999999999999,28382253.2,17495747.5,11670185.0,0.667,0.0,1297890.0,1297890.0,1.0
ՀՀ տարածքային կառավարման և ենթակառուցվածքների նախարարություն,1167,1167,Էլեկտրաէներգետիկ համակարգի զարգացման ծրագիր,Նպաստել էլեկտրաէներգետիկ համակարգի հուսալիության բարձրացմանը և էլեկտրաէներգիայի անխափան մատակարարման ապահովմանը,Հուսալի և անվտանգ էլեկտրամատակարարման ապահովում,11006,Գերմանիայի զարգացման վարկերի բանկի (KFW)) աջակցությամբ իրականացվող «Կովկասյան էլեկտրահաղորդման ցանց I» Հայաստան-Վրաստան հաղորդիչ գիծ/ենթակայանների դրամաշնորհային ծրագիր,Հայաստան-Վրաստան 400 կՎ լարման էլեկտրահաղորդման օդային գծի և համապատասխան ենթակայանների կառուցում (խորհրդատվական և կառավարման ծառայություններ),Ծառայությունների մատուցում,288386080.2,318078424.2,293549220.6,0.9229999999999999,1779624.2,1779624.2,136136.3,0.076,138607.5,138607.5,136136.3,0.982
ՀՀ տարածքային կառավարման և ենթակառուցվածքների նախարարություն,1167,1167,Էլեկտրաէներգետիկ համակարգի զարգացման ծրագիր,Նպաստել էլեկտրաէներգետիկ համակարգի հուսալիության բարձրացմանը և էլեկտրաէներգիայի անխափան մատակարարման ապահովմանը,Հուսալի և անվտանգ էլեկտրամատակարարման ապահովում,11007,Հայաստանի Հանրապետությունում նոր ատոմային էներգաբլոկի (էներգաբլոկների) կառուցման ծրագրի կառավարում,Հայաստանի Հանրապետությունում նոր ատոմային էներգաբլոկի (էներգաբլոկների) կառուցման աշխատանքների նախապատրաստում և իրականացում,Ծառայությունների մատուցում,288386080.2,318078424.2,293549220.6,0.9229999999999999,1779624.2,1779624.2,136136.3,0.076,628000.0,628000.0,0.0,0.0
ՀՀ տարածքային կառավարման և ենթակառուցվածքների նախարարություն,1167,1167,Էլեկտրաէներգետիկ համակարգի զարգացման ծրագիր,Նպաստել էլեկտրաէներգետիկ համակարգի հուսալիության բարձրացմանը և էլեկտրաէներգիայի անխափան մատակարարման ապահովմանը,Հուսալի և անվտանգ էլեկտրամատակարարման ապահովում,32006,Գերմանիայի զարգացման վարկերի բանկի (KFW) աջակցությամբ իրականացվող Կովկասյան էլեկտրահաղորդման ցանց I Հայաստան-Վրաստան հաղորդիչ գիծ/ենթակայանների դրամաշնորհային ծրագրի շրջանակներում իրականացվող ներդրումներ,Հայաստան-Վրաստան 400 ԿՎ լարման էլեկտրահաղորդման օդային գծի և համապատասխան ենթակայանների կառուցում,Այլ պետական կազմակերպությունների կողմից օգտագործվող ոչ ֆինանսական ակտիվների հետ գործառնություններ,288386080.2,318078424.2,293549220.6,0.9229999999999999,1779624.2,1779624.2,136136.3,0.076,1013016.7,1013016.7,0.0,0.0
ՀՀ տարածքային կառավարման և ենթակառուցվածքների նախարարություն,1171,1171,Ռադիոակտիվ թափոնների կառավարում,Բնակչության և շրջակա միջավայրի պաշտպանություն ռադիոակտիվ թափոնների վնասակար ազդեցությունից,"Ռադիոակտիվ թափոնների հավաքագրում, վնասազերծում և պահպանում",11001,Ռադիոակտիվ թափոնների վնասազերծման ծառայություններ,"Միջուկային և ճառագայթային անվտանգության նորմերի ու կանոնների պահպանմամբ ռադիոակտիվ թափոնների կենտրոնացված փոխադրում, ուսումնասիրում, պահպանում, վնասազերծում",Ծառայությունների մատուցում,288386080.2,318078424.2,293549220.6,0.9229999999999999,40264.2,40264.2,40264.2,1.0,40264.2,40264.2,40264.2,1.0
ՀՀ տարածքային կառավարման և ենթակառուցվածքների նախարարություն,1176,1176,Ավիացիայի բնագավառում վերահսկողության և կանոնակարգման ապահովում,ՀՀ քաղաքացիական ավիացիայի համակարգի ենթակառուցվածքների գործունեության կանոնակարգում  և զարգացում,ՀՀ օդային տարածքով քաղաքացիների և բեռների անվտանգ և արագ տեղափոխման գործընթացների պատշաճ կանոնակարգում և դրանց պահանջների ապահովում,11001,Ավիացիայի բնագավառում վերահսկողության և կանոնակարգման ծառայություններ,"ՀՀ  քաղաքացիական ավիացիայի համակարգի ենթակառուցվածքների գործունեության կանոնակարգման ու զարգացման ծառայությունների մատուցում, այդ թվում` մասնակցություն պետական քաղաքականության շրջանակներում ուղևորահոսքի ծավալների աճի համար նախադրյալների ստեղծմանը",Ծառայությունների մատուցում,288386080.2,318078424.2,293549220.6,0.9229999999999999,583070.5,616325.9,593057.9,0.9620000000000001,501804.2,535059.6,529717.5,0.99
ՀՀ տարածքային կառավարման և ենթակառուցվածքների նախարարություն,1176,1176,Ավիացիայի բնագավառում վերահսկողության և կանոնակարգման ապահովում,ՀՀ քաղաքացիական ավիացիայի համակարգի ենթակառուցվածքների գործունեության կանոնակարգում  և զարգացում,ՀՀ օդային տարածքով քաղաքացիների և բեռների անվտանգ և արագ տեղափոխման գործընթացների պատշաճ կանոնակարգում և դրանց պահանջների ապահովում,11002,Աշխատակազմի մասնագիտական կարողությունների զարգացում,"Աշխատակազմի մասնագիտական վերապատրաստումներ, գործուղումներ և որակավորման բարձրացման ծառայություններ",Ծառայությունների մատուցում,288386080.2,318078424.2,293549220.6,0.9229999999999999,583070.5,616325.9,593057.9,0.9620000000000001,78766.3,78766.3,60858.2,0.773
ՀՀ տարածքային կառավարման և ենթակառուցվածքների նախարարություն,1176,1176,Ավիացիայի բնագավառում վերահսկողության և կանոնակարգման ապահովում,ՀՀ քաղաքացիական ավիացիայի համակարգի ենթակառուցվածքների գործունեության կանոնակարգում  և զարգացում,ՀՀ օդային տարածքով քաղաքացիների և բեռների անվտանգ և արագ տեղափոխման գործընթացների պատշաճ կանոնակարգում և դրանց պահանջների ապահովում,11005,Մայրուղային աէրոնավիգացիոն ծառայությունների սպասարկում,Աէրոնավիգացիոն ծառայություններ մատուցող կազմակերպությունների փոխհատուցում` գանձումներից ազատված թռիչքների սպասարկման համար,Ծառայությունների մատուցում,288386080.2,318078424.2,293549220.6,0.9229999999999999,583070.5,616325.9,593057.9,0.9620000000000001,2500.0,2500.0,2482.2,0.993
ՀՀ տարածքային կառավարման և ենթակառուցվածքների նախարարություն,1212,1212,Տարածքային զարգացում,Տարածքային համաչափ զարգացման խթանում,ՀՀ համայնքների կառավարման արդյունավետության բարձրացում և տնտեսական գործունեության խթանում,12002,Ֆինանսական աջակցություն տեղական ինքնակառավարման մարմիններին,Օրենսդրությամբ (օրենքներով և կառավարության որոշումներով) նախատեսված օժանդակություն և փոխհատուցումներ ՏԻՄ-երին,Տրանսֆերտների տրամադրում,288386080.2,318078424.2,293549220.6,0.9229999999999999,120834112.8,141583131.0,140427559.0,0.992,98205579.1,98205579.1,98205579.1,1.0
ՀՀ տարածքային կառավարման և ենթակառուցվածքների նախարարություն,1212,1212,Տարածքային զարգացում,Տարածքային համաչափ զարգացման խթանում,ՀՀ համայնքների կառավարման արդյունավետության բարձրացում և տնտեսական գործունեության խթանում,12003,Պետական աջակցություն սահմանամերձ համայնքներին,Ծրագրի իրականացմամբ ապահովվում է «Սահմանամերձ համայնքների սոցիալական աջակցության մասին» ՀՀ օրենքի կիրարկումը,Տրանսֆերտների տրամադրում,288386080.2,318078424.2,293549220.6,0.9229999999999999,120834112.8,141583131.0,140427559.0,0.992,988933.7,1101536.7,1089285.0,0.9890000000000001
ՀՀ տարածքային կառավարման և ենթակառուցվածքների նախարարություն,1212,1212,Տարածքային զարգացում,Տարածքային համաչափ զարգացման խթանում,ՀՀ համայնքների կառավարման արդյունավետության բարձրացում և տնտեսական գործունեության խթանում,12004,Պետական աջակցություն ՀՀ Գեղարքունիքի մարզի Ճամբարակ համայնքի Արծվաշեն բնակավայրի վարչական ղեկավարի և աշխատակազմի պահպանման ծախսերի համար,Պետական աջակցություն ՀՀ Գեղարքունիքի մարզի Ճամբարակ համայնքի Արծվաշեն բնակավայրի վարչական ղեկավարի և աշխատակազմի պահպանման ծախսերի համար,Տրանսֆերտների տրամադրում,288386080.2,318078424.2,293549220.6,0.9229999999999999,120834112.8,141583131.0,140427559.0,0.992,4915.7,4915.7,4895.0,0.996
ՀՀ տարածքային կառավարման և ենթակառուցվածքների նախարարություն,1212,1212,Տարածքային զարգացում,Տարածքային համաչափ զարգացման խթանում,ՀՀ համայնքների կառավարման արդյունավետության բարձրացում և տնտեսական գործունեության խթանում,12007,ՀՀ մարզերին սուբվենցիաների տրամադրում`  ենթակառուցվածքների զարգացման նպատակով,ՀՀ մարզերին սուբվենցիաների տրամադրում`  ենթակառուցվածքների զարգացման նպատակով,Տրանսֆերտների տրամադրում,288386080.2,318078424.2,293549220.6,0.9229999999999999,120834112.8,141583131.0,140427559.0,0.992,16000000.0,33634536.4,33247716.2,0.988
ՀՀ տարածքային կառավարման և ենթակառուցվածքների նախարարություն,1212,1212,Տարածքային զարգացում,Տարածքային համաչափ զարգացման խթանում,ՀՀ համայնքների կառավարման արդյունավետության բարձրացում և տնտեսական գործունեության խթանում,12025,Մարզերում առաջնահերթ լուծում պահանջող հիմնախնդիրների լուծում,"Մարզերում առաջնահերթ լուծում պահանջող ծրագրերի իրականացում, որի արդյունքում լուծում կտրվի բնակչության և համայնքների սոցիալական նշանակություն ունեցող հիմնախնդիրներին",Տրանսֆերտների տրամադրում,288386080.2,318078424.2,293549220.6,0.9229999999999999,120834112.8,141583131.0,140427559.0,0.992,0.0,1275287.3,1090815.8,0.855
ՀՀ տարածքային կառավարման և ենթակառուցվածքների նախարարություն,1212,1212,Տարածքային զարգացում,Տարածքային համաչափ զարգացման խթանում,ՀՀ համայնքների կառավարման արդյունավետության բարձրացում և տնտեսական գործունեության խթանում,12026,Ազդակիր բնակավայրերի և համայնքների բյուջեներին հատկացվող համայնքային մասհանումներ,Օրենսդրությամբ նախատեսված` հաշվետու տարում ռոյալթի վճարողի կողմից օրենքով սահմանված չափով և կարգով պետական բյուջե վճարված ռոյալթիի չափի երկու տոկոսից փոխհատուցումներ տեղական ինքնակառավարման մարմիններին,Տրանսֆերտների տրամադրում,288386080.2,318078424.2,293549220.6,0.9229999999999999,120834112.8,141583131.0,140427559.0,0.992,1634684.3,1634684.3,1634684.2,1.0
ՀՀ տարածքային կառավարման և ենթակառուցվածքների նախարարություն,1212,1212,Տարածքային զարգացում,Տարածքային համաչափ զարգացման խթանում,ՀՀ համայնքների կառավարման արդյունավետության բարձրացում և տնտեսական գործունեության խթանում,12027,Սուբվենցիաներ` մասնակցային բյուջետավորմամբ ձևավորված ծրագրերի իրականացման  համար,ՀՀ պետական բյուջեից մասնակցային բյուջետավորմամբ ձևավորված  ծրագրերի  իրականացման նպատակով սուբվենցիաների  տրամադրում,Տրանսֆերտների տրամադրում,288386080.2,318078424.2,293549220.6,0.9229999999999999,120834112.8,141583131.0,140427559.0,0.992,1000000.0,1000000.0,740099.7,0.74
ՀՀ տարածքային կառավարման և ենթակառուցվածքների նախարարություն,1212,1212,Տարածքային զարգացում,Տարածքային համաչափ զարգացման խթանում,ՀՀ համայնքների կառավարման արդյունավետության բարձրացում և տնտեսական գործունեության խթանում,12031,Երևանի քաղաքապետարանին սեփական լիազորությունների իրականացմանն աջակցություն (Այլ դոտացիաներ),Երևանի քաղաքապետարանին սեփական լիազորությունների իրականացմանն աջակցություն (Այլ դոտացիաներ),Տրանսֆերտների տրամադրում,288386080.2,318078424.2,293549220.6,0.9229999999999999,120834112.8,141583131.0,140427559.0,0.992,0.0,3028410.0,3028410.0,1.0
ՀՀ տարածքային կառավարման և ենթակառուցվածքների նախարարություն,1212,1212,Տարածքային զարգացում,Տարածքային համաչափ զարգացման խթանում,ՀՀ համայնքների կառավարման արդյունավետության բարձրացում և տնտեսական գործունեության խթանում,12032,ՀՀ Լոռու և Տավուշի մարզերում հեղեղումների պատճառով տուժած ընտանիքներին ֆինանսական աջակցություն,2024 թվականի մայիսի 25-26-ը տեղացած հորդառատ անձրևներով պայմանավորված հեղեղումների պատճառով առաջացած արտակարգ իրավիճակի հետևանքով աղետի գոտում ֆիզիկական անձանց պատճառված վնասի փոխհատուցում,Տրանսֆերտների տրամադրում,288386080.2,318078424.2,293549220.6,0.9229999999999999,120834112.8,141583131.0,140427559.0,0.992,0.0,392.0,392.0,1.0
ՀՀ տարածքային կառավարման և ենթակառուցվածքների նախարարություն,1212,1212,Տարածքային զարգացում,Տարածքային համաչափ զարգացման խթանում,ՀՀ համայնքների կառավարման արդյունավետության բարձրացում և տնտեսական գործունեության խթանում,21001,Հրետակոծության հետևանքով հասցված վնասների վերականգնման աշխատանքներ,"Հրետակոծությունից տուժած ՀՀ սահմանամերձ համայնքների բնակիչների բնակելի տների, շենքշինությունների կենցաղային պայմանների բարելավում, աշակերտների համար ուսումնական",Հանրության կողմից անմիջականորեն օգտագործվող ակտիվների հետ կապված միջոցառումներ,288386080.2,318078424.2,293549220.6,0.9229999999999999,120834112.8,141583131.0,140427559.0,0.992,0.0,14210.4,10540.7,0.742
ՀՀ տարածքային կառավարման և ենթակառուցվածքների նախարարություն,1212,1212,Տարածքային զարգացում,Տարածքային համաչափ զարգացման խթանում,ՀՀ համայնքների կառավարման արդյունավետության բարձրացում և տնտեսական գործունեության խթանում,32001,ՀՀ մարզերում առաջնահերթ լուծում պահանջող անհետաձգելի ծրագրերի իրականացում,"ՀՀ մարզերում առաջնահերթ լուծում պահանջող անհետաձգելի ծրագրերի իրականացում, որի արդյունքում լուծում կտրվի մարզային ենթակայության կազմակերպությունների և համայնքային նշանակություն ունեցող հիմնախնդիրներին",Այլ պետական կազմակերպությունների կողմից օգտագործվող ոչ ֆինանսական ակտիվների հետ գործառնություններ,288386080.2,318078424.2,293549220.6,0.9229999999999999,120834112.8,141583131.0,140427559.0,0.992,3000000.0,1683579.1,1375141.3,0.8170000000000001
ՀՀ տարածքային կառավարման և ենթակառուցվածքների նախարարություն,1232,1232,Էներգաարդյունավետության ծրագիր,Էներգախնայողության և վերականգնվող էներգետիկայի ներուժի առավելագույն իրացում,Էներգախնայողության մակարդակի բարձրացում և վերականգնվող էներգետիկայի մասնաբաժնի աճ,12001,Եվրոպական ներդրումային բանկի աջակցությամբ իրականացվող Երևանի էներգաարդյունավետության  դրամաշնորհային ծրագրի երկրորդ փուլ (մանկապարտեզների և այլ հանրային շենքերի էներգարդյունավետվության բարելավում),Էներգաարդյունավետության և էներգախնայողությանն ուղղված միջոցառումների իրականացում հանրային (այդ թվում` մանկապարտեզների) շենքերում,Տրանսֆերտների տրամադրում,288386080.2,318078424.2,293549220.6,0.9229999999999999,5984764.8,7186048.1,7186048.0,1.0,863948.2,0.0,0.0,0.0
ՀՀ տարածքային կառավարման և ենթակառուցվածքների նախարարություն,1232,1232,Էներգաարդյունավետության ծրագիր,Էներգախնայողության և վերականգնվող էներգետիկայի ներուժի առավելագույն իրացում,Էներգախնայողության մակարդակի բարձրացում և վերականգնվող էներգետիկայի մասնաբաժնի աճ,12002,Պետական աջակցություն բնակարանների և անհատական բնակելի տների էներգաարդյունավետ վերանորոգման աշխատանքների իրականացմանը,Պետական աջակցություն բնակարանների և անհատական բնակելի տների էներգաարդյունավետ վերանորոգման աշխատանքների իրականացմանը,Տրանսֆերտների տրամադրում,288386080.2,318078424.2,293549220.6,0.9229999999999999,5984764.8,7186048.1,7186048.0,1.0,2980000.0,7186048.1,7186048.0,1.0
ՀՀ տարածքային կառավարման և ենթակառուցվածքների նախարարություն,1232,1232,Էներգաարդյունավետության ծրագիր,Էներգախնայողության և վերականգնվող էներգետիկայի ներուժի առավելագույն իրացում,Էներգախնայողության մակարդակի բարձրացում և վերականգնվող էներգետիկայի մասնաբաժնի աճ,12003,Եվրոպական ներդրումային բանկի աջակցությամբ իրականացվող Երևանի էներգաարդյունավետության ծրագրի երկրորդ փուլ (մանկապարտեզների և այլ հանրային շենքերի էներգարդյունավետվության բարելավում),Էներգաարդյունավետության և էներգախնայողությանն ուղղված միջոցառումների իրականացում հանրային (այդ թվում` մանկապարտեզների) շենքերում,Տրանսֆերտների տրամադրում,288386080.2,318078424.2,293549220.6,0.9229999999999999,5984764.8,7186048.1,7186048.0,1.0,2140816.6,0.0,0.0,0.0
ՀՀ տարածքային կառավարման և ենթակառուցվածքների նախարարություն,9025,9025,Աջակցություն ոռոգման համակարգի արդիականացմանը,Աջակցություն ոռոգման ոլորտի արդիականացմանծրագրերի իրականացմանը,Ոռոգման ոլորտում իրականացվող ծրագրերի արդյունավետության բարձրացում,12001,Աջակցություն ոռոգման համակարգերի հիմնանորոգմանը,Աջակցություն ոռոգման համակարգերի հիմնանորոգման նպատակով իրականացվող միջոցառումներին,Տրանսֆերտների տրամադրում,288386080.2,318078424.2,293549220.6,0.9229999999999999,0.0,219928.7,197461.9,0.898,0.0,219928.7,197461.9,0.898
ՀՀ առողջապահության նախարարություն,1003,1003,Հանրային առողջության պահպանում,"Մարդու օրգանիզմի վրա շրջակա միջավայրի վնասակար և վտանգավոր գործոնների ազդեցության բացառում և նվազեցում, կառավարելի վարակիչ հիվանդությունների դեմ պայքար","Բնակչության սանիտարահամաճարակային անվտանգության և վարակիչ հիվանդությունների նկատմամբ բնակչության անընկալության ապահովում: Հանրապետությունում արյան, արյան բաղադրամասերի և արյան  պատրաստուկների  անհրաժեշտ  քանակության ապահովում",11001,Բնակչության սանիտարահամաճարակային անվտանգության ապահովման և հանրային առողջապահության ծառայություններ,"Հիվանդությունների վերահսկման և կանխարգելման, ընթացիկ հակահամաճարակային և սանիտարահիգիենիկ նշանակության հետազոտություններ, վարակների օջախների համաճարակաբանական հետազոտություններ, իմունականխարգելման հիգիենիկ ուսուցման և քարոզչության ծառայություններ",Ծառայությունների մատուցում,166598619.6,171238341.6,164669988.7,0.9620000000000001,7361108.8,6790177.6,6776721.5,0.998,2299575.4,2377575.4,2377575.4,1.0
ՀՀ առողջապահության նախարարություն,1003,1003,Հանրային առողջության պահպանում,"Մարդու օրգանիզմի վրա շրջակա միջավայրի վնասակար և վտանգավոր գործոնների ազդեցության բացառում և նվազեցում, կառավարելի վարակիչ հիվանդությունների դեմ պայքար","Բնակչության սանիտարահամաճարակային անվտանգության և վարակիչ հիվանդությունների նկատմամբ բնակչության անընկալության ապահովում: Հանրապետությունում արյան, արյան բաղադրամասերի և արյան  պատրաստուկների  անհրաժեշտ  քանակության ապահովում",11002,Իմունականխարգելման ազգային ծրագիր,"Բնակչության շրջանում կառավարելի վարակիչ հիվանդությունների իմունականխարգելում` կառավարելի վարակիչ հիվանդություններով հիվանդացության նվազեցման և մահվան դեպքերի կանխման, ինչպես նաև բնակչության կոլեկտիվ անընկալության ապահովման նպատակով",Ծառայությունների մատուցում,166598619.6,171238341.6,164669988.7,0.9620000000000001,7361108.8,6790177.6,6776721.5,0.998,4550460.6,3851529.4,3842433.0,0.998
ՀՀ առողջապահության նախարարություն,1003,1003,Հանրային առողջության պահպանում,"Մարդու օրգանիզմի վրա շրջակա միջավայրի վնասակար և վտանգավոր գործոնների ազդեցության բացառում և նվազեցում, կառավարելի վարակիչ հիվանդությունների դեմ պայքար","Բնակչության սանիտարահամաճարակային անվտանգության և վարակիչ հիվանդությունների նկատմամբ բնակչության անընկալության ապահովում: Հանրապետությունում արյան, արյան բաղադրամասերի և արյան  պատրաստուկների  անհրաժեշտ  քանակության ապահովում",11003,Արյան հավաքագրման ծառայություններ,"Մարդու դոնորական արյան հավաքագրում, վարակիչ հիվանդությունների նկատմամբ հետազոտություն, համապատասխան պայմաններում և ժամկետներում պահպանում, դրանց առնչվող ծառայությունների իրականացում",Ծառայությունների մատուցում,166598619.6,171238341.6,164669988.7,0.9620000000000001,7361108.8,6790177.6,6776721.5,0.998,411072.8,461072.8,461072.8,1.0
ՀՀ առողջապահության նախարարություն,1003,1003,Հանրային առողջության պահպանում,"Մարդու օրգանիզմի վրա շրջակա միջավայրի վնասակար և վտանգավոր գործոնների ազդեցության բացառում և նվազեցում, կառավարելի վարակիչ հիվանդությունների դեմ պայքար","Բնակչության սանիտարահամաճարակային անվտանգության և վարակիչ հիվանդությունների նկատմամբ բնակչության անընկալության ապահովում: Հանրապետությունում արյան, արյան բաղադրամասերի և արյան  պատրաստուկների  անհրաժեշտ  քանակության ապահովում",11005,Առողջ ապրելակերպի խթանման և ծխելու դեմ պայքարի միջոցառումներ,"Առողջ ապրելակերպի և ծխելու դեմ պայքարի հանրային իրազեկման, ծխելը թողնելուն օժանդակության թեժ գծի ծառայության ներդնում, բուժաշխատողների շրջանում կրթական միջոցառումների իրականացում և այլն",Ծառայությունների մատուցում,166598619.6,171238341.6,164669988.7,0.9620000000000001,7361108.8,6790177.6,6776721.5,0.998,100000.0,100000.0,95640.3,0.956
ՀՀ առողջապահության նախարարություն,1053,1053,Առողջապահության համակարգի արդիականացման և արդյունավետության բարձրացման ծրագիր,Առողջապահության համակարգի արդիականացում և զարգացում,"Առողջապահական ենթակառուցվածքների բարելավում, կարողությունների զարգացում",11004,Գլոբալ հիմնադրամի աջակցությամբ իրականացվող «Հայաստանի Հանրապետությունում տուբերկուլյոզի և ՄԻԱՎ/ՁԻԱՀ-ի ծրագրերի հզորացում» դրամաշնորհային ծրագիր,"Հայաստանի Հանրապետությունում  տուբերկուլյոզի բեռի կրճատում, տուբերկուլյոզի բոլոր ձևերի որակյալ ախտորոշման և բուժման մատչելիության ապահովում",Ծառայությունների մատուցում,166598619.6,171238341.6,164669988.7,0.9620000000000001,1771500.9,2030165.5,1634326.4,0.805,368940.0,368940.0,147339.0,0.39899999999999997
ՀՀ առողջապահության նախարարություն,1053,1053,Առողջապահության համակարգի արդիականացման և արդյունավետության բարձրացման ծրագիր,Առողջապահության համակարգի արդիականացում և զարգացում,"Առողջապահական ենթակառուցվածքների բարելավում, կարողությունների զարգացում",11006,Գլոբալ հիմնադրամի աջակցությամբ իրականացվող «Հայաստանի Հանրապետությունում ՄԻԱՎ/ՁԻԱՀ-ի դեմ պայքարի ազգային ծրագրին աջակցություն» դրամաշնորհային շարունակության ծրագիր,"Խորհրդատվության և հետազոտության կետերին և լաբորատորիաներին տեխնիկական աջակցություն, հակառետրովիրուսային և օպորտունիստական վարակների բուժում և կանխարգելում, ՄԻԱՎ/ՁԻԱՀ-ի ազգային ծրագրի հիմնական բաղադրիչների գնահատում",Ծառայությունների մատուցում,166598619.6,171238341.6,164669988.7,0.9620000000000001,1771500.9,2030165.5,1634326.4,0.805,653663.6,663663.6,635935.2,0.958
ՀՀ առողջապահության նախարարություն,1053,1053,Առողջապահության համակարգի արդիականացման և արդյունավետության բարձրացման ծրագիր,Առողջապահության համակարգի արդիականացում և զարգացում,"Առողջապահական ենթակառուցվածքների բարելավում, կարողությունների զարգացում",11008,Գլոբալ հիմնադրամի աջակցությամբ իրականացվող «Հայաստանի Հանրապետությունում տուբերկուլյոզի դեմ պայքարի ազգային ծրագրին աջակցություն» դրամաշնորհային ծրագիր,"Դեղակայուն տուբերկուլյոզով հիվանդների ամբուլատոր բուժումն իրականացնող մասնագետների վերապատրաստում, դեղակայուն տուբերկուլյոզի կառավարման վերաբերյալ վերապատրաստում արտասահմանում,  ՏԲ դեղորայքի կառավարման ոլորտում տեխնիկական աջակցություն",Ծառայությունների մատուցում,166598619.6,171238341.6,164669988.7,0.9620000000000001,1771500.9,2030165.5,1634326.4,0.805,231296.4,231296.4,141021.2,0.61
ՀՀ առողջապահության նախարարություն,1053,1053,Առողջապահության համակարգի արդիականացման և արդյունավետության բարձրացման ծրագիր,Առողջապահության համակարգի արդիականացում և զարգացում,"Առողջապահական ենթակառուցվածքների բարելավում, կարողությունների զարգացում",11009,Գլոբալ հիմնադրամի աջակցությամբ իրականացվող «Հայաստանի Հանրապետությունում տուբերկուլյոզով հիվանդներին հոգեբանական աջակցության տրամադրում» դրամաշնորհային ծրագիր,Դեղակայուն ՏԲ հիվանդներին և նրանց ընտանիքի անդամներին հոգեբանական աջակցության տրամադրում,Ծառայությունների մատուցում,166598619.6,171238341.6,164669988.7,0.9620000000000001,1771500.9,2030165.5,1634326.4,0.805,20112.7,0.0,0.0,0.0
ՀՀ առողջապահության նախարարություն,1053,1053,Առողջապահության համակարգի արդիականացման և արդյունավետության բարձրացման ծրագիր,Առողջապահության համակարգի արդիականացում և զարգացում,"Առողջապահական ենթակառուցվածքների բարելավում, կարողությունների զարգացում",11011,"Գլոբալ հիմնադրամի աջակցությամբ իրականացվող «Հայաստանի Հանրապետությունում տուբերկուլյոզի և ՄԻԱՎ/ՁԻԱՀ-ի կանխարգելում, ախտորոշում և բուժում քրեակատարողական համակարգում» դրամաշնորհային ծրագիր","ՄԻԱՎ/ՁԻԱՀ-ի կանխարգելման միջոցառումների իրականացում, ախտորոշիչ լաբորատոր հետազոտությունների իրականացում դատապարտյալների ու կալանավորների շրջանում",Ծառայությունների մատուցում,166598619.6,171238341.6,164669988.7,0.9620000000000001,1771500.9,2030165.5,1634326.4,0.805,12067.6,12067.6,11928.8,0.988
ՀՀ առողջապահության նախարարություն,1053,1053,Առողջապահության համակարգի արդիականացման և արդյունավետության բարձրացման ծրագիր,Առողջապահության համակարգի արդիականացում և զարգացում,"Առողջապահական ենթակառուցվածքների բարելավում, կարողությունների զարգացում",11015,Գլոբալ հիմնադրամի աջակցությամբ իրականացվող առողջապահական բարեփոխումների տեխնիկական աջակցության ծրագիր,Գլոբալ հիմնադրամի աջակցությամբ ՀՀ-ում իրականացվող  առողջության համապարփակ ապահովագրության  ներդրման համար անհրաժեշտ օրենսդրական փաստաթղթերի մշակման  և բժ. լիցենզավորման ոլորտը կանոնակարգող օրենսդրական բարեփոխումների տեխնիկական աջակցություն,Ծառայությունների մատուցում,166598619.6,171238341.6,164669988.7,0.9620000000000001,1771500.9,2030165.5,1634326.4,0.805,7039.5,17152.2,17130.4,0.9990000000000001
ՀՀ առողջապահության նախարարություն,1053,1053,Առողջապահության համակարգի արդիականացման և արդյունավետության բարձրացման ծրագիր,Առողջապահության համակարգի արդիականացում և զարգացում,"Առողջապահական ենթակառուցվածքների բարելավում, կարողությունների զարգացում",11017,ՀՀ կայունացման և զարգացման Եվրասիական հիմնադրամի միջոցներից ֆինանսավորվող «Հայաստանի Հանրապետությունում COVID-19 համավարակի պատրաստվածության մակարդակի բարձրացում. կորոնավիրուսից առաջացող սպառնալիքի հայտնաբերում և արձագանքում»,Ծրագիրն ուղղված է Հայաստանի Հանրապետությունում COVID-19 համավարակի պատրաստվածության մակարդակի բարձրացմանը,Ծառայությունների մատուցում,166598619.6,171238341.6,164669988.7,0.9620000000000001,1771500.9,2030165.5,1634326.4,0.805,7500.0,7500.0,4791.9,0.639
ՀՀ առողջապահության նախարարություն,1053,1053,Առողջապահության համակարգի արդիականացման և արդյունավետության բարձրացման ծրագիր,Առողջապահության համակարգի արդիականացում և զարգացում,"Առողջապահական ենթակառուցվածքների բարելավում, կարողությունների զարգացում",32004,Գլոբալ հիմնադրամի աջակցությամբ իրականացվող «ՀՀ-ում տուբերկուլյոզի և ՄԻԱՎ/ՁԻԱՀ-ի ծրագրերի հզորացում» դրամաշնորհային ծրագրի շրջանակներում ՀՀ պետական առողջապահական համակարգի կարողությունների զարգացում և տեխնիկական հագեցվածության ապահովում,ՀՀ առողջապահության նախարարության հիվանդանոցային ծառայությունների բարելավման համար բժշկական սարքավորումների ձեռքբերում,Այլ պետական կազմակերպությունների կողմից օգտագործվող ոչ ֆինանսական ակտիվների հետ գործառնություններ,166598619.6,171238341.6,164669988.7,0.9620000000000001,1771500.9,2030165.5,1634326.4,0.805,414322.1,414322.1,370018.4,0.893
ՀՀ առողջապահության նախարարություն,1053,1053,Առողջապահության համակարգի արդիականացման և արդյունավետության բարձրացման ծրագիր,Առողջապահության համակարգի արդիականացում և զարգացում,"Առողջապահական ենթակառուցվածքների բարելավում, կարողությունների զարգացում",32007,ՀՀ կայունացման և զարգացման Եվրասիական հիմնադրամի միջոցներից ֆինանսավորվող «ՀՀ-ում COVID-19 համավարակի պատրաստվածության մակարդակի բարձրացում կորոնավիրուսից առաջացող սպառնալիքի հայտնաբերում և արձագանքում» ծրագրի շրջանակներում շենքային պայմանների բարելավում,Հիվանդությունների վերահսկման և կանխարգելման ազգային կենտրոնի Արարատի և Արմավիրի մարզային մասնաճյուղերի վերակառուցման և Վանաձոր քաղաքում «Վանաձորի բժշկական կենտրոն» ՓԲԸ-ի նոր ինֆեկցիոն կենտրոնի մասնաշենքի կառուցման աշխատանքներ,Այլ պետական կազմակերպությունների կողմից օգտագործվող ոչ ֆինանսական ակտիվների հետ գործառնություններ,166598619.6,171238341.6,164669988.7,0.9620000000000001,1771500.9,2030165.5,1634326.4,0.805,56559.0,315223.6,306161.6,0.971
ՀՀ առողջապահության նախարարություն,1099,1099,Առողջության առաջնային պահպանում,"Բնակչությանը մատչելի և որակյալ առաջնային բժշկական օգնության և սպասարկման տրամադրում, առողջության վատթարացման ռիսկի գործոնների վերհանում և դրանց հնարավոր անբարենպաստ ազդեցության կանխարգելում","Առողջության առաջնային պահպանման օղակում ցուցաբերվող բժշկական օգնության որակի, հիվանդությունների վաղ հայտնաբերման և կանխարգելման մակարդակի բարելավում, առողջապահական ծառայությունների վերաբերյալ իրազեկվածության և դրանց նկատմամբ պահանջարկի ավելացում",11001,Առողջության առաջնային պահպանման բժշկական օգնության ծառայություններ,"Առողջության առաջնային պահպանման օղակում հիվանդությունների կանխարգելում, ախտորոշում, բուժում, լաբորատոր-գործիքային հետազոտություններ (այդ թվում զինապարտներին, հղիներին) առանձին հիվանդություների դիսպանսեր հսկողություն",Ծառայությունների մատուցում,166598619.6,171238341.6,164669988.7,0.9620000000000001,31100000.0,32142040.0,32140900.1,1.0,30600000.0,31566040.0,31565107.9,1.0
ՀՀ առողջապահության նախարարություն,1099,1099,Առողջության առաջնային պահպանում,"Բնակչությանը մատչելի և որակյալ առաջնային բժշկական օգնության և սպասարկման տրամադրում, առողջության վատթարացման ռիսկի գործոնների վերհանում և դրանց հնարավոր անբարենպաստ ազդեցության կանխարգելում","Առողջության առաջնային պահպանման օղակում ցուցաբերվող բժշկական օգնության որակի, հիվանդությունների վաղ հայտնաբերման և կանխարգելման մակարդակի բարելավում, առողջապահական ծառայությունների վերաբերյալ իրազեկվածության և դրանց նկատմամբ պահանջարկի ավելացում",11004,Ախտորոշման ճշտման նպատակով լաբորատոր-գործիքային ախտորոշիչ հետազոտություններ նեղ մասնագիտացված կենտրոններում և շարունակական հսկողություն պահանջող և առանձին հիվանդությունների բուժման ծառայություններ,"Ախտորոշման ճշտման նպատակով լաբորատոր-գործիքային ախտորոշիչ հետազոտությունների իրականացում նեղ մասնագիտացված կենտրոններում, առանձին հիվանդությունների (քրոնիկ, դիսպանսեր հսկողություն պահանջող) բժշկական օգնության համալիր միջոցառումների իրականացում",Ծառայությունների մատուցում,166598619.6,171238341.6,164669988.7,0.9620000000000001,31100000.0,32142040.0,32140900.1,1.0,500000.0,576000.0,575792.2,1.0
ՀՀ առողջապահության նախարարություն,1126,1126,"Առողջապահության ոլորտում պետական քաղաքականության մշակում, ծրագրերի համակարգում և մոնիտորինգ","Մարդու և հանրության առողջության պահպանում, բնակչության առողջության բարելավում, հիվանդությունների կանխարգելում, հաշմանդամության և մահացության ցուցանիշների նվազեցում",Առողջապահության ոլորտում իրականացվող ծրագրերի ազդեցության և արդյունավետության բարելավում,11001,"Առողջապահության ոլորտի պետական քաղաքականության մշակում, ծրագրերի համակարգում և մոնիտորինգ","Մարդու և հանրության առողջության պահպանում, բնակչության առողջության բարելավում, հիվանդությունների կանխարգելում, հաշմանդամության և մահացության ցուցանիշների նվազեցում",Ծառայությունների մատուցում,166598619.6,171238341.6,164669988.7,0.9620000000000001,13745492.2,13724378.7,8368784.7,0.61,1313987.6,1399372.8,1399182.0,1.0
ՀՀ առողջապահության նախարարություն,1126,1126,"Առողջապահության ոլորտում պետական քաղաքականության մշակում, ծրագրերի համակարգում և մոնիտորինգ","Մարդու և հանրության առողջության պահպանում, բնակչության առողջության բարելավում, հիվանդությունների կանխարգելում, հաշմանդամության և մահացության ցուցանիշների նվազեցում",Առողջապահության ոլորտում իրականացվող ծրագրերի ազդեցության և արդյունավետության բարելավում,11003,"ՀՀ պետական կառավարման մարմինների կողմից  դիմումներ, հայցադիմումներ, դատարանի վճիռների  և որոշումների դեմ վերաքննիչ և վճռաբեկ բողոքներ ներկայացնելիս` «Պետական տուրքի մասին» ՀՀ օրենքով սահմանված վճարումներ","ՀՀ պետական կառավարման մարմինների կողմից  դիմումներ, հայցադիմումներ, դատարանի վճիռների  և որոշումների դեմ վերաքննիչ և վճռաբեկ բողոքներ ներկայացնելիս` «Պետական տուրքի մասին» ՀՀ օրենքով սահմանված վճարումներ",Ծառայությունների մատուցում,166598619.6,171238341.6,164669988.7,0.9620000000000001,13745492.2,13724378.7,8368784.7,0.61,0.0,1858.0,1858.0,1.0
ՀՀ առողջապահության նախարարություն,1126,1126,"Առողջապահության ոլորտում պետական քաղաքականության մշակում, ծրագրերի համակարգում և մոնիտորինգ","Մարդու և հանրության առողջության պահպանում, բնակչության առողջության բարելավում, հիվանդությունների կանխարգելում, հաշմանդամության և մահացության ցուցանիշների նվազեցում",Առողջապահության ոլորտում իրականացվող ծրագրերի ազդեցության և արդյունավետության բարելավում,11008,Առողջապահական ծրագրերի իրականացման գրասենյակի պահպանման ծախսեր,"Առողջապահական կազմակերպությունների կառուցման,  վերակառուցման և վերազինման գործընթացի բնականոն աշխատանքների իրականացման ապահովում",Ծառայությունների մատուցում,166598619.6,171238341.6,164669988.7,0.9620000000000001,13745492.2,13724378.7,8368784.7,0.61,148442.5,166642.5,162258.3,0.9740000000000001
ՀՀ առողջապահության նախարարություն,1126,1126,"Առողջապահության ոլորտում պետական քաղաքականության մշակում, ծրագրերի համակարգում և մոնիտորինգ","Մարդու և հանրության առողջության պահպանում, բնակչության առողջության բարելավում, հիվանդությունների կանխարգելում, հաշմանդամության և մահացության ցուցանիշների նվազեցում",Առողջապահության ոլորտում իրականացվող ծրագրերի ազդեցության և արդյունավետության բարելավում,12006,Առողջապահական համակարգի պետական առևտրային և ոչ առևտրային  կազմակերպություններին ֆինանսական աջակցության հատկացում,Առողջապահական համակարգի պետական առևտրային և ոչ  առևտրային կազմակերպություններին ֆինանսական աջակցության   տրամադրումընթացիկ գործունեության արդյունավետության բարձրացմանն ուղղված,Տրանսֆերտների տրամադրում,166598619.6,171238341.6,164669988.7,0.9620000000000001,13745492.2,13724378.7,8368784.7,0.61,0.0,415646.3,415646.3,1.0
ՀՀ առողջապահության նախարարություն,1126,1126,"Առողջապահության ոլորտում պետական քաղաքականության մշակում, ծրագրերի համակարգում և մոնիտորինգ","Մարդու և հանրության առողջության պահպանում, բնակչության առողջության բարելավում, հիվանդությունների կանխարգելում, հաշմանդամության և մահացության ցուցանիշների նվազեցում",Առողջապահության ոլորտում իրականացվող ծրագրերի ազդեցության և արդյունավետության բարելավում,31002,Առողջապահական կազմակերպությունների վերազինում,Բնակչությանը որակյալ բժշկական օգնության և սպասարկման ծառայություններ մատուցելու նպատակով` առողջապահական կազմակերպությունների անհրաժեշտ սարքավորումներով վերազինում,Պետական մարմինների կողմից օգտագործվող ոչ ֆինանսական ակտիվների հետ գործառնություններ,166598619.6,171238341.6,164669988.7,0.9620000000000001,13745492.2,13724378.7,8368784.7,0.61,2294341.6,2838811.3,1911446.0,0.6729999999999999
ՀՀ առողջապահության նախարարություն,1126,1126,"Առողջապահության ոլորտում պետական քաղաքականության մշակում, ծրագրերի համակարգում և մոնիտորինգ","Մարդու և հանրության առողջության պահպանում, բնակչության առողջության բարելավում, հիվանդությունների կանխարգելում, հաշմանդամության և մահացության ցուցանիշների նվազեցում",Առողջապահության ոլորտում իրականացվող ծրագրերի ազդեցության և արդյունավետության բարելավում,31003,"Առողջապահական կազմակերպությունների կառուցում, վերակառուցում","Բնակչությանը որակյալ բժշկական օգնության և սպասարկման ծառայություններ մատուցելու նպատակով առողջապահական կազմակերպությունների կառուցում, վերակառուցում",Պետական մարմինների կողմից օգտագործվող ոչ ֆինանսական ակտիվների հետ գործառնություններ,166598619.6,171238341.6,164669988.7,0.9620000000000001,13745492.2,13724378.7,8368784.7,0.61,9988720.5,8902047.8,4478394.2,0.503
ՀՀ առողջապահության նախարարություն,1142,1142,Դատաբժշկական և ախտաբանաանատոմիական ծառայություններ,Պաթանատոմիական կանխորոշումների հիման վրա ախտորոշման և բուժման արդյունավետության բարձրացում,Մահերի պատճառների բացահայտում,11001,Դատաբժշկական և ախտաբանաանատոմիական բժշկական օգնության ծառայություններ,Հանրապետության ուժային մարմինների որոշումների հիման վրա դատաբժշկական և գենետիկ փորձաքննությունների ապահովում` մահերի պատճառների վերհանման փորձաքննություններ: Մանկական մահերի պատճառների բացահայտում` մանկամահացության մակարդակը նվազեցնելու նպատակով,Ծառայությունների մատուցում,166598619.6,171238341.6,164669988.7,0.9620000000000001,694080.0,987673.0,986926.0,0.9990000000000001,694080.0,987673.0,986926.0,0.9990000000000001
ՀՀ առողջապահության նախարարություն,1188,1188,Դեղապահովում,"Դեղերի անվտանգության, արդյունավետության և որակի ապահովում,  ՀՀ հիմնական դեղերի ցանկում առկա կենսականորեն անհրաժեշտ դեղերի ֆիզիկական և տնտեսական մատչելիության բարձրացում",Հանրապետությունում առանձին հիվանդություններով տառապող անձանց առանցքային նշանակության դեղորայքի մատչելիության բարձրացում,11001,"Մարդասիրական օգնության կարգով ստացվող դեղերի և դեղագործական արտադրանքի ստացման, մաքսազերծման և բաշխման ծառայություններ","Մարդասիրական օգնության կարգով ստացվող դեղերի և դեղագործական արտադրանքի ստացում, մաքսազերծում և բաշխման ծառայություններ",Ծառայությունների մատուցում,166598619.6,171238341.6,164669988.7,0.9620000000000001,5525303.4,7060565.5,7021475.5,0.9940000000000001,182400.0,182400.0,182400.0,1.0
ՀՀ առողջապահության նախարարություն,1188,1188,Դեղապահովում,"Դեղերի անվտանգության, արդյունավետության և որակի ապահովում,  ՀՀ հիմնական դեղերի ցանկում առկա կենսականորեն անհրաժեշտ դեղերի ֆիզիկական և տնտեսական մատչելիության բարձրացում",Հանրապետությունում առանձին հիվանդություններով տառապող անձանց առանցքային նշանակության դեղորայքի մատչելիության բարձրացում,11002,Դեղերի փորձաքննության ծառայությունների իրականացում,Դեղերի շրջանառության պետական կարգավորման ոլորտում փորձաքննությունների կազմակերպում և իրականացում,Ծառայությունների մատուցում,166598619.6,171238341.6,164669988.7,0.9620000000000001,5525303.4,7060565.5,7021475.5,0.9940000000000001,902907.6,902907.6,902907.6,1.0
ՀՀ առողջապահության նախարարություն,1188,1188,Դեղապահովում,"Դեղերի անվտանգության, արդյունավետության և որակի ապահովում,  ՀՀ հիմնական դեղերի ցանկում առկա կենսականորեն անհրաժեշտ դեղերի ֆիզիկական և տնտեսական մատչելիության բարձրացում",Հանրապետությունում առանձին հիվանդություններով տառապող անձանց առանցքային նշանակության դեղորայքի մատչելիության բարձրացում,12001,"Դեղորայքի տրամադրում ամբուլատոր-պոլիկլինիկական, հիվանդանոցային բուժօգնություն ստացողներին և հատուկ խմբերում ընդգրկված ֆիզիկական անձանց",Կենտրոնացված կարգով դեղորայքի ձեռքբերում հիվանդանոցային բուժօգնություն ստացողներին և հատուկ խմբերում ընդգրկված ֆիզիկական անձանց տրամադրելու նպատակով,Տրանսֆերտների տրամադրում,166598619.6,171238341.6,164669988.7,0.9620000000000001,5525303.4,7060565.5,7021475.5,0.9940000000000001,4439995.8,5740297.9,5701207.9,0.993
ՀՀ առողջապահության նախարարություն,1188,1188,Դեղապահովում,"Դեղերի անվտանգության, արդյունավետության և որակի ապահովում,  ՀՀ հիմնական դեղերի ցանկում առկա կենսականորեն անհրաժեշտ դեղերի ֆիզիկական և տնտեսական մատչելիության բարձրացում",Հանրապետությունում առանձին հիվանդություններով տառապող անձանց առանցքային նշանակության դեղորայքի մատչելիության բարձրացում,12002,Մարդու պապիլոմավիրուսի թեստերի տրամադրում ամբուլատոր պոլիկլինիկական  բուժօգնություն իրականացնող բժշկական կազմակերպություններին,Կենտրոնացված կարգով մարդու պապիլոմավիրուսի թեստերի ձեռքբերում ԱԱՊ բուժօգնություն  մատուցողներին տրամադրելու նպատակով,Տրանսֆերտների տրամադրում,166598619.6,171238341.6,164669988.7,0.9620000000000001,5525303.4,7060565.5,7021475.5,0.9940000000000001,0.0,234960.0,234960.0,1.0
ՀՀ առողջապահության նախարարություն,1191,1191,"Խորհրդատվական, մասնագիտական աջակցություն և հետազոտություններ","Բժշկական օգնության կազմակերպման ու որակի բարձրացման կարգավորման մասնագիտական, խորհրդատվական, կազմակերպամեթոդական ապահովում, համակարգի գործունեության արդյունքների գնահատում",Առողջապահական վիճակագրության և նորմատիվային համակարգի բարելավում:  Առողջապահական համակարգի գործունեության արդյունքների և կենսաբժշկական ոլորտի տեղեկատվությամբ ապաhովում,11001,"Խորհրդատվական, մասնագիտական աջակցություն և հետազոտություններ","Կազմմեթոդական օգնության ծառայություններ, կլինիկական ու բժշկատնտեսագիտական ստանդարտների մշակման, առողջապահության ոլորտի նորմատիվային բազայի բարելավման ծառայություններ: Առողջապահության ոլորտի կազմակերպման մեթոդական հարցերի, ձեռնարկների մշակում, տպագրում",Ծառայությունների մատուցում,166598619.6,171238341.6,164669988.7,0.9620000000000001,407386.3,407386.3,371795.1,0.9129999999999999,191262.0,191262.0,190694.3,0.997
ՀՀ առողջապահության նախարարություն,1191,1191,"Խորհրդատվական, մասնագիտական աջակցություն և հետազոտություններ","Բժշկական օգնության կազմակերպման ու որակի բարձրացման կարգավորման մասնագիտական, խորհրդատվական, կազմակերպամեթոդական ապահովում, համակարգի գործունեության արդյունքների գնահատում",Առողջապահական վիճակագրության և նորմատիվային համակարգի բարելավում:  Առողջապահական համակարգի գործունեության արդյունքների և կենսաբժշկական ոլորտի տեղեկատվությամբ ապաhովում,11003,Բժիշկ-մասնագետների ժամանակավոր ուղեգրման միջոցով ՀՀ մարզային առողջապահական կազմակերպություններում բժշկական ծառայությունների մատուցում,Բժիշկ-մասնագետների ժամանակավոր ուղեգրման միջոցով ՀՀ մարզային առողջապահական կազմակերպություններում բժշկական ծառայությունների մատուցում,Ծառայությունների մատուցում,166598619.6,171238341.6,164669988.7,0.9620000000000001,407386.3,407386.3,371795.1,0.9129999999999999,124960.0,117776.0,83092.9,0.706
ՀՀ առողջապահության նախարարություն,1191,1191,"Խորհրդատվական, մասնագիտական աջակցություն և հետազոտություններ","Բժշկական օգնության կազմակերպման ու որակի բարձրացման կարգավորման մասնագիտական, խորհրդատվական, կազմակերպամեթոդական ապահովում, համակարգի գործունեության արդյունքների գնահատում",Առողջապահական վիճակագրության և նորմատիվային համակարգի բարելավում:  Առողջապահական համակարգի գործունեության արդյունքների և կենսաբժշկական ոլորտի տեղեկատվությամբ ապաhովում,11005,Հետբուհական մասնագիտական կրթության գծով նպաստների տրամադրում բուհական հաստատություններում,Բուժաշխատողների շարունակական մասնագիտական զարգացման ապահովում,Ծառայությունների մատուցում,166598619.6,171238341.6,164669988.7,0.9620000000000001,407386.3,407386.3,371795.1,0.9129999999999999,91164.3,98348.3,98007.9,0.997
ՀՀ առողջապահության նախարարություն,1200,1200,Մոր և մանկան առողջության պահպանում,"Մոր և մանկան առողջության պահպանում, կանանց և երեխաներին մատուցվող բժշկական ծառայությունների մատչելիության և որակի բարելավում","Մանկական և մայրական մահացության և հիվանդացության կրճատում, կանանց վերարտադրողական առողջության բարելավում",11001,Մանկաբարձական բժշկական օգնության ծառայություններ,"Մանկաբարձական բժշկական օգնության համալիր միջոցառումների իրականացում, հղիության ախտաբանական ընթացքի բժշկական օգնություն և ծննդօգնություն",Ծառայությունների մատուցում,166598619.6,171238341.6,164669988.7,0.9620000000000001,22770000.0,25551000.0,25550795.6,1.0,6940000.0,6449930.0,6449915.3,1.0
ՀՀ առողջապահության նախարարություն,1200,1200,Մոր և մանկան առողջության պահպանում,"Մոր և մանկան առողջության պահպանում, կանանց և երեխաներին մատուցվող բժշկական ծառայությունների մատչելիության և որակի բարելավում","Մանկական և մայրական մահացության և հիվանդացության կրճատում, կանանց վերարտադրողական առողջության բարելավում",11003,Երեխաներին բժշկական օգնության ծառայություններ,"Երեխաների հիվանդանոցային, արտահիվանդանոցային վերականգնողական բուժօգնության իրականացում: Նորածինների  հիվանդությունների վաղ հայտնաբերման սքրինգների իրականացման ծառայություններ",Ծառայությունների մատուցում,166598619.6,171238341.6,164669988.7,0.9620000000000001,22770000.0,25551000.0,25550795.6,1.0,14050000.0,16852470.0,16852348.2,1.0
ՀՀ առողջապահության նախարարություն,1200,1200,Մոր և մանկան առողջության պահպանում,"Մոր և մանկան առողջության պահպանում, կանանց և երեխաներին մատուցվող բժշկական ծառայությունների մատչելիության և որակի բարելավում","Մանկական և մայրական մահացության և հիվանդացության կրճատում, կանանց վերարտադրողական առողջության բարելավում",11006,Անպտուղ զույգերի համար վերարտադրողական օժանդակ տեխնոլոգիաների կիրառմամբ բժշկական օգնության ծառայություններ,Բնակչության առանձին և հատուկ խմբերում ընդգրկված անպտուղ զույգերին վերարտադրողական օժանդակ տեխնոլոգիաների կիրառմամբ բժշկական օգնության տրամադրում,Ծառայությունների մատուցում,166598619.6,171238341.6,164669988.7,0.9620000000000001,22770000.0,25551000.0,25550795.6,1.0,1780000.0,2248600.0,2248532.1,1.0
ՀՀ առողջապահության նախարարություն,1201,1201,Շտապ բժշկական օգնություն,Մարդու կյանքին և առողջությանը վտանգ սպառնացող վիճակներում որակյալ շտապ բժշկական օգնության ծառայությունների տրամադրում,"Շտապ օգնության համակարգի պատրաստվածության բարելավում, արձագանքման արագության, հասանելիության և բժշկական օգնության ծառայությունների որակի բարելավում",11001,Շտապ բժշկական օգնության ծառայություններ,Շտապ բժշկական օգնության իրականացում,Ծառայությունների մատուցում,166598619.6,171238341.6,164669988.7,0.9620000000000001,5600000.0,5925000.0,5924663.1,1.0,5600000.0,5925000.0,5924663.1,1.0
ՀՀ առողջապահության նախարարություն,1202,1202,Ոչ վարակիչ հիվանդությունների բժշկական օգնության ապահովում,"Ոչ վարակիչ հիվանդությունների (մասնավորապես՛ սիրտանոթային, շաքարային դիաբետի և չարորակ նորագոյացությունների) բուժման արդյունավետության բարձրացում",Ոչ վարակիչ հիվանդություններով պայմանավորված հիվանդացության և մահացության նվազեցում,11001,Հեմոդիալիզի և պերիտոնիալ դիալիզի անցկացման ծառայություններ,Հեմոդիալիզի կարիք ունեցող հիվանդների բժշկական օգնության համալիր միջոցառումների իրականացում,Ծառայությունների մատուցում,166598619.6,171238341.6,164669988.7,0.9620000000000001,26916428.2,28058428.2,27334066.2,0.9740000000000001,4380000.0,4343000.0,4342888.0,1.0
ՀՀ առողջապահության նախարարություն,1202,1202,Ոչ վարակիչ հիվանդությունների բժշկական օգնության ապահովում,"Ոչ վարակիչ հիվանդությունների (մասնավորապես՛ սիրտանոթային, շաքարային դիաբետի և չարորակ նորագոյացությունների) բուժման արդյունավետության բարձրացում",Ոչ վարակիչ հիվանդություններով պայմանավորված հիվանդացության և մահացության նվազեցում,11002,Անհետաձգելի բժշկական օգնություն` այդ թվում սրտի վիրահատություններ,"Անհետաձգելի բուժօգնության իրականացում` ԱՆ կողմից հաստատված հիվանդությունների, վիճակների ցանկի համաձայն` այդ թվում սրտի վիրահատություններ",Ծառայությունների մատուցում,166598619.6,171238341.6,164669988.7,0.9620000000000001,26916428.2,28058428.2,27334066.2,0.9740000000000001,7670000.0,8915000.0,8914952.6,1.0
ՀՀ առողջապահության նախարարություն,1202,1202,Ոչ վարակիչ հիվանդությունների բժշկական օգնության ապահովում,"Ոչ վարակիչ հիվանդությունների (մասնավորապես՛ սիրտանոթային, շաքարային դիաբետի և չարորակ նորագոյացությունների) բուժման արդյունավետության բարձրացում",Ոչ վարակիչ հիվանդություններով պայմանավորված հիվանդացության և մահացության նվազեցում,11003,Հոգեկան առողջության խնդիրներ և կախվածություն  (թմրաբանական) ունեցող պացիենտների բժշկական օգնության ծառայություններ,Հոգեկան առողջության խնդիրներ  և կախվածություն  (թմրաբանական) ունեցող պացիենտների  բուժում և շարունակական հսկողության համալիր միջոցառումների իրականացում,Ծառայությունների մատուցում,166598619.6,171238341.6,164669988.7,0.9620000000000001,26916428.2,28058428.2,27334066.2,0.9740000000000001,3460000.0,3444000.0,3443665.4,1.0
ՀՀ առողջապահության նախարարություն,1202,1202,Ոչ վարակիչ հիվանդությունների բժշկական օգնության ապահովում,"Ոչ վարակիչ հիվանդությունների (մասնավորապես՛ սիրտանոթային, շաքարային դիաբետի և չարորակ նորագոյացությունների) բուժման արդյունավետության բարձրացում",Ոչ վարակիչ հիվանդություններով պայմանավորված հիվանդացության և մահացության նվազեցում,11004,Ուռուցքաբանական և արյունաբանական հիվանդությունների բժշկական օգնության ծառայություններ,Ուռուցքաբանական և արյունաբանական հիվանդների բուժում և շարունակական հսկողության համալիր միջոցառումների իրականացում,Ծառայությունների մատուցում,166598619.6,171238341.6,164669988.7,0.9620000000000001,26916428.2,28058428.2,27334066.2,0.9740000000000001,8650000.0,10600000.0,10596791.8,1.0
ՀՀ առողջապահության նախարարություն,1202,1202,Ոչ վարակիչ հիվանդությունների բժշկական օգնության ապահովում,"Ոչ վարակիչ հիվանդությունների (մասնավորապես՛ սիրտանոթային, շաքարային դիաբետի և չարորակ նորագոյացությունների) բուժման արդյունավետության բարձրացում",Ոչ վարակիչ հիվանդություններով պայմանավորված հիվանդացության և մահացության նվազեցում,11006,Առողջության համապարփակ ապահովագրության ներդրմանն ուղղված լրացուցիչ միջոցառումներ,Առողջության համապարփակ ապահովագրության համակարգի ներդրում և Հիմնադրամի ընթացիկ գործունեության ապահովում,Ծառայությունների մատուցում,166598619.6,171238341.6,164669988.7,0.9620000000000001,26916428.2,28058428.2,27334066.2,0.9740000000000001,2756428.2,756428.2,35768.3,0.047
ՀՀ առողջապահության նախարարություն,1207,1207,Սոցիալապես անապահով և առանձին խմբերի անձանց բժշկական օգնություն,"Սոցիալապես անապահով և հատուկ խմբերում ընդգրկված անձանց բժշկական օգնության հասանելիության և մատչելիության մակարդակի բարձրացում, հիվանդանոցային որակյալ բժշկական օգնության ապահովում","Սոցիալապես անապահով և հատուկ խմբերում ընդգրկված անձանց բժշկական օգնության հասանելիության և մատչելիության բարձրացում, ծառայությունների մատուցման հասցեականության բարելավում",11001,Սոցիալապես անապահով և հատուկ խմբերում ընդգրկվածներին բժշկական օգնության ծառայություններ,Բնակչության սոցիալապես անապահով և հատուկ խմբերում ընդգրկվածների բժշկական օգնության իրականացում` ՀՀ կառավարության որոշմամբ հաստատված բնակչության խմբերի և ծառայությունների ցանկի համաձայն,Ծառայությունների մատուցում,166598619.6,171238341.6,164669988.7,0.9620000000000001,47689319.8,45876026.8,45874548.8,1.0,36167000.0,32413207.0,32412044.4,1.0
ՀՀ առողջապահության նախարարություն,1207,1207,Սոցիալապես անապահով և առանձին խմբերի անձանց բժշկական օգնություն,"Սոցիալապես անապահով և հատուկ խմբերում ընդգրկված անձանց բժշկական օգնության հասանելիության և մատչելիության մակարդակի բարձրացում, հիվանդանոցային որակյալ բժշկական օգնության ապահովում","Սոցիալապես անապահով և հատուկ խմբերում ընդգրկված անձանց բժշկական օգնության հասանելիության և մատչելիության բարձրացում, ծառայությունների մատուցման հասցեականության բարելավում",11002,Ստոմատոլոգիական բժշկական օգնության ծառայություններ,"Ստոմատոլոգիական բժշկական օգնության համալիր միջոցառումների (հետազոտում, ախտորոշում, բուժում) իրականացում սոցիալապես անապահով ու հատուկ խմբերում ընդգրկվածներին",Ծառայությունների մատուցում,166598619.6,171238341.6,164669988.7,0.9620000000000001,47689319.8,45876026.8,45874548.8,1.0,601300.0,609800.0,609720.1,1.0
ՀՀ առողջապահության նախարարություն,1207,1207,Սոցիալապես անապահով և առանձին խմբերի անձանց բժշկական օգնություն,"Սոցիալապես անապահով և հատուկ խմբերում ընդգրկված անձանց բժշկական օգնության հասանելիության և մատչելիության մակարդակի բարձրացում, հիվանդանոցային որակյալ բժշկական օգնության ապահովում","Սոցիալապես անապահով և հատուկ խմբերում ընդգրկված անձանց բժշկական օգնության հասանելիության և մատչելիության բարձրացում, ծառայությունների մատուցման հասցեականության բարելավում",11003,"Զինծառայողներին, ինչպես նաև փրկարար ծառայողներին և նրանց ընտանիքի անդամներին բժշկական օգնության ծառայություններ","Զինծառայողներին, նրանց հավասարեցված անձանց, ինչպես նաև փրկարար ծառայողներին և նրանց ընտանիքի անդամներին բժշկական օգնության իրականացում (հետազոտում, ախտորոշում, բուժում)",Ծառայությունների մատուցում,166598619.6,171238341.6,164669988.7,0.9620000000000001,47689319.8,45876026.8,45874548.8,1.0,5500000.0,6104500.0,6104304.3,1.0
ՀՀ առողջապահության նախարարություն,1207,1207,Սոցիալապես անապահով և առանձին խմբերի անձանց բժշկական օգնություն,"Սոցիալապես անապահով և հատուկ խմբերում ընդգրկված անձանց բժշկական օգնության հասանելիության և մատչելիության մակարդակի բարձրացում, հիվանդանոցային որակյալ բժշկական օգնության ապահովում","Սոցիալապես անապահով և հատուկ խմբերում ընդգրկված անձանց բժշկական օգնության հասանելիության և մատչելիության բարձրացում, ծառայությունների մատուցման հասցեականության բարելավում",11004,Պետական հիմնարկների և կազմակերպությունների աշխատողների բժշկական օգնության և սպասարկման ծառայություններ,Պետական հիմնարկների և կազմակերպությունների աշխատողների բժշկական օգնության և սպասարկման ծառայություններ,Ծառայությունների մատուցում,166598619.6,171238341.6,164669988.7,0.9620000000000001,47689319.8,45876026.8,45874548.8,1.0,4101800.0,5281200.0,5281199.9,1.0
ՀՀ առողջապահության նախարարություն,1207,1207,Սոցիալապես անապահով և առանձին խմբերի անձանց բժշկական օգնություն,"Սոցիալապես անապահով և հատուկ խմբերում ընդգրկված անձանց բժշկական օգնության հասանելիության և մատչելիության մակարդակի բարձրացում, հիվանդանոցային որակյալ բժշկական օգնության ապահովում","Սոցիալապես անապահով և հատուկ խմբերում ընդգրկված անձանց բժշկական օգնության հասանելիության և մատչելիության բարձրացում, ծառայությունների մատուցման հասցեականության բարելավում",11005,Թրաֆիքինգի զոհերին բժշկական օգնության ծառայություններ,"Թրաֆիքինգի զոհ դարձած անձանց բժշկական օգնության և փորձաքննությունների իրականացում (հետազոտում, ախտորոշում, բուժում)",Ծառայությունների մատուցում,166598619.6,171238341.6,164669988.7,0.9620000000000001,47689319.8,45876026.8,45874548.8,1.0,2000.0,0.0,0.0,0.0
ՀՀ առողջապահության նախարարություն,1207,1207,Սոցիալապես անապահով և առանձին խմբերի անձանց բժշկական օգնություն,"Սոցիալապես անապահով և հատուկ խմբերում ընդգրկված անձանց բժշկական օգնության հասանելիության և մատչելիության մակարդակի բարձրացում, հիվանդանոցային որակյալ բժշկական օգնության ապահովում","Սոցիալապես անապահով և հատուկ խմբերում ընդգրկված անձանց բժշկական օգնության հասանելիության և մատչելիության բարձրացում, ծառայությունների մատուցման հասցեականության բարելավում",11007,Փոխպատվաստման ծառայություններ,Մարդու օրգանների և ոսկրածուծի փոխպատվաստման ծառայությունների իրականացում,Ծառայությունների մատուցում,166598619.6,171238341.6,164669988.7,0.9620000000000001,47689319.8,45876026.8,45874548.8,1.0,461000.0,611100.0,611060.4,1.0
ՀՀ առողջապահության նախարարություն,1207,1207,Սոցիալապես անապահով և առանձին խմբերի անձանց բժշկական օգնություն,"Սոցիալապես անապահով և հատուկ խմբերում ընդգրկված անձանց բժշկական օգնության հասանելիության և մատչելիության մակարդակի բարձրացում, հիվանդանոցային որակյալ բժշկական օգնության ապահովում","Սոցիալապես անապահով և հատուկ խմբերում ընդգրկված անձանց բժշկական օգնության հասանելիության և մատչելիության բարձրացում, ծառայությունների մատուցման հասցեականության բարելավում",11017,Քրեակատարողական հիմնարկում պահվող կալանավորված անձանց և դատապարտյալներին պատշաճ բժշկական օգնություն և սպասարկման ծառայություններ,Քրեակատարողական հիմնարկում պահվող կալանավորված անձանց և դատապարտյալների առողջության պահպանում և վերականգնում,Ծառայությունների մատուցում,166598619.6,171238341.6,164669988.7,0.9620000000000001,47689319.8,45876026.8,45874548.8,1.0,856219.8,856219.8,856219.8,1.0
ՀՀ առողջապահության նախարարություն,1208,1208,Վարակիչ հիվանդությունների կանխարգելման ծրագիր,"Վարակիչ և բնակչության համար մեծ ռիսկ ներկայացնող հիվանդությունների (մալարիա, տուբերկուլյոզ, ՄԻԱՎ/ՁԻԱՀ և այլն) վաղ հայտնաբերում, արդյունվետ հակազդում և բժշկական օգնության ապահովում","Վարակի փոխանցման, վարակիչ հիվանդություններով պայմանավորված հիվանդացության և մահացության նվազեցում",11002,Տուբերկուլյոզի բժշկական օգնության ծառայություններ,"Տուբերկուլյոզի վաղ հայտնաբերմանն ուղղված ախտորոշիչ և այլ հետազոտություններ, հիվանդների բուժում",Ծառայությունների մատուցում,166598619.6,171238341.6,164669988.7,0.9620000000000001,3018000.0,2685500.0,2684985.6,1.0,868000.0,866500.0,866314.4,1.0
ՀՀ առողջապահության նախարարություն,1208,1208,Վարակիչ հիվանդությունների կանխարգելման ծրագիր,"Վարակիչ և բնակչության համար մեծ ռիսկ ներկայացնող հիվանդությունների (մալարիա, տուբերկուլյոզ, ՄԻԱՎ/ՁԻԱՀ և այլն) վաղ հայտնաբերում, արդյունվետ հակազդում և բժշկական օգնության ապահովում","Վարակի փոխանցման, վարակիչ հիվանդություններով պայմանավորված հիվանդացության և մահացության նվազեցում",11003,Աղիքային և այլ ինֆեկցիոն հիվանդությունների բժշկական օգնության ծառայություններ այդ թվում  ՄԻԱՎ/ՁԻԱՀ-ի կանխարգելման և բուժօգնության ծառայություններ,"Աղիքային և այլ ինֆեկցիոն հիվանդությունների վաղ հայտնաբերմանն ուղղված ախտորոշիչ հետազոտություններ, հիվանդների բուժում, ՄԻԱՎ/ՁԻԱՀ հիվանդության կանխարգելում,ախտորոշում, բուժում և հիվանդների դիսպանսերային հսկողություն, քարոզչություն",Ծառայությունների մատուցում,166598619.6,171238341.6,164669988.7,0.9620000000000001,3018000.0,2685500.0,2684985.6,1.0,2150000.0,1819000.0,1818671.2,1.0
ՀՀ արդարադատության նախարարություն,1052,1052,Քաղաքացիական կացության ակտերի գրանցում,Քաղաքացիական կացության ակտերի գրանցում,"Քաղաքացիական կացության ակտերի գրանցման համակարգի զարգացում, գործընթացի արդյունավետության բարելավում",11001,Քաղաքացիական կացության ակտերի գրանցման ծառայությունների տրամադրում,"Քաղաքացիական կացության ակտերի գրանցման, տեղեկանքների տրամադրման, ակտային գրանցումների վերականգնման, ակտային գրանցումներում ուղղումների, փոփոխությունների կատարման համար համայնքի ղեկավարին պատվիրակված լիազորությունների իրականացման ապահովում",Ծառայությունների մատուցում,23815649.4,25099230.1,24852349.0,0.99,156433.2,156433.2,155404.3,0.993,156433.2,156433.2,155404.3,0.993
ՀՀ արդարադատության նախարարություն,1057,1057,"Արդարադատության ոլորտում քաղաքականության  մշակում, ծրագրերի համակարգում, խորհրդատվության և մոնիտորինգի իրականացում","Արդարադատության ոլորտում քաղաքականության, խորհրդատվության, մոնիտորինգի, գնման և աջակցության իրականացում",Արդարադատության քաղաքականության իրագործմանն ուղղված ծրագրերի արդյունավետության բարելավում,11001,"Արդարադատության ոլորտում քաղաքականության, խորհրդատվության, մոնիտորինգի, գնման և աջակցության իրականացում","Ոլորտի քաղաքականության, խորհրդատվության, մոնիտորինգի, արդարադատության ծրագրերի համակարգման ծառայություններ",Ծառայությունների մատուցում,23815649.4,25099230.1,24852349.0,0.99,2229330.9,2471583.3,2464355.9,0.997,1902850.9,2130677.5,2126143.3,0.998
ՀՀ արդարադատության նախարարություն,1057,1057,"Արդարադատության ոլորտում քաղաքականության  մշակում, ծրագրերի համակարգում, խորհրդատվության և մոնիտորինգի իրականացում","Արդարադատության ոլորտում քաղաքականության, խորհրդատվության, մոնիտորինգի, գնման և աջակցության իրականացում",Արդարադատության քաղաքականության իրագործմանն ուղղված ծրագրերի արդյունավետության բարելավում,11003,Անձնական տվյալների պաշտպանության իրականացում,Անձնական տվյալների պաշտպանության հետ կապված հարաբերությունների սուբյեկտների իրավունքների պաշտպանության ապահովում,Ծառայությունների մատուցում,23815649.4,25099230.1,24852349.0,0.99,2229330.9,2471583.3,2464355.9,0.997,41636.8,41636.8,41584.8,0.9990000000000001
ՀՀ արդարադատության նախարարություն,1057,1057,"Արդարադատության ոլորտում քաղաքականության  մշակում, ծրագրերի համակարգում, խորհրդատվության և մոնիտորինգի իրականացում","Արդարադատության ոլորտում քաղաքականության, խորհրդատվության, մոնիտորինգի, գնման և աջակցության իրականացում",Արդարադատության քաղաքականության իրագործմանն ուղղված ծրագրերի արդյունավետության բարելավում,11004,"ՀՀ պետական կառավարման մարմինների կողմից  դիմումներ, հայցադիմումներ, դատարանի վճիռների  և որոշումների դեմ վերաքննիչ և վճռաբեկ բողոքներ ներկայացնելիս` «Պետական տուրքի մասին» ՀՀ օրենքով սահմանված վճարումներ","ՀՀ պետական կառավարման մարմինների կողմից  դիմումներ, հայցադիմումներ, դատարանի վճիռների  և որոշումների դեմ վերաքննիչ և վճռաբեկ բողոքներ ներկայացնելիս` «Պետական տուրքի մասին» ՀՀ օրենքով սահմանված վճարումներ",Ծառայությունների մատուցում,23815649.4,25099230.1,24852349.0,0.99,2229330.9,2471583.3,2464355.9,0.997,0.0,372.0,372.0,1.0
ՀՀ արդարադատության նախարարություն,1057,1057,"Արդարադատության ոլորտում քաղաքականության  մշակում, ծրագրերի համակարգում, խորհրդատվության և մոնիտորինգի իրականացում","Արդարադատության ոլորտում քաղաքականության, խորհրդատվության, մոնիտորինգի, գնման և աջակցության իրականացում",Արդարադատության քաղաքականության իրագործմանն ուղղված ծրագրերի արդյունավետության բարելավում,11006,Արտասահմանյան պատվիրակությունների ընդունելություններ,Արտասահմանյան պատվիրակությունների ընդունելություններ,Ծառայությունների մատուցում,23815649.4,25099230.1,24852349.0,0.99,2229330.9,2471583.3,2464355.9,0.997,0.0,3466.0,3376.6,0.9740000000000001
ՀՀ արդարադատության նախարարություն,1057,1057,"Արդարադատության ոլորտում քաղաքականության  մշակում, ծրագրերի համակարգում, խորհրդատվության և մոնիտորինգի իրականացում","Արդարադատության ոլորտում քաղաքականության, խորհրդատվության, մոնիտորինգի, գնման և աջակցության իրականացում",Արդարադատության քաղաքականության իրագործմանն ուղղված ծրագրերի արդյունավետության բարելավում,11010,Աջակցություն օրենսդրության զարգացման և իրավական հետազոտությունների կենտրոնի գործունեությանը,Օրենսդրության զարգացման և իրավական հետազոտությունների կենտրոնի գործունեության ապահովում,Ծառայությունների մատուցում,23815649.4,25099230.1,24852349.0,0.99,2229330.9,2471583.3,2464355.9,0.997,267611.5,273861.5,273861.5,1.0
ՀՀ արդարադատության նախարարություն,1057,1057,"Արդարադատության ոլորտում քաղաքականության  մշակում, ծրագրերի համակարգում, խորհրդատվության և մոնիտորինգի իրականացում","Արդարադատության ոլորտում քաղաքականության, խորհրդատվության, մոնիտորինգի, գնման և աջակցության իրականացում",Արդարադատության քաղաքականության իրագործմանն ուղղված ծրագրերի արդյունավետության բարելավում,31001,ՀՀ արդարադատության նախարարության կարողությունների զարգացում և տեխնիկական հագեցվածության ապահովում,ՀՀ արդարադատության նախարարության աշխատանքային պայմանների բարելավման համար վարչական սարքավորումների ձեռք բերում,Պետական մարմինների կողմից օգտագործվող ոչ ֆինանսական ակտիվների հետ գործառնություններ,23815649.4,25099230.1,24852349.0,0.99,2229330.9,2471583.3,2464355.9,0.997,17231.7,13369.5,13317.6,0.996
ՀՀ արդարադատության նախարարություն,1057,1057,"Արդարադատության ոլորտում քաղաքականության  մշակում, ծրագրերի համակարգում, խորհրդատվության և մոնիտորինգի իրականացում","Արդարադատության ոլորտում քաղաքականության, խորհրդատվության, մոնիտորինգի, գնման և աջակցության իրականացում",Արդարադատության քաղաքականության իրագործմանն ուղղված ծրագրերի արդյունավետության բարելավում,31002,Արդարադատության նախարարության շենքային պայմանների  բարելավում,"Արդարադատության նախարարության շենքերի նորոգում, հիմնանորոգում, կառուցում և նախագծանախահաշվային փաստաթղթերի ձեռքբերում",Պետական մարմինների կողմից օգտագործվող ոչ ֆինանսական ակտիվների հետ գործառնություններ,23815649.4,25099230.1,24852349.0,0.99,2229330.9,2471583.3,2464355.9,0.997,0.0,8200.0,5700.0,0.695
ՀՀ արդարադատության նախարարություն,1093,1093,Դատական և հանրային պաշտպանություն,Իրավունքի պաշտպանության հասանելիության և օբյեկտիվության ապահովում,Հանրային պաշտպանի ծառայությունների հասցեականության և  դատական գործընթացներին աջակցության ապահովում,11001,Հանրային պաշտպանության ծառայություններ,Օրենսդրությամբ սահմանված դեպքերում քաղաքացիներին անվճար իրավաբանական ծառայությունների տրամադրում,Ծառայությունների մատուցում,23815649.4,25099230.1,24852349.0,0.99,1575572.8,1859865.5,1859847.7,1.0,714342.7,714342.7,714342.7,1.0
ՀՀ արդարադատության նախարարություն,1093,1093,Դատական և հանրային պաշտպանություն,Իրավունքի պաշտպանության հասանելիության և օբյեկտիվության ապահովում,Հանրային պաշտպանի ծառայությունների հասցեականության և  դատական գործընթացներին աջակցության ապահովում,11002,Սնանկության գործերով կառավարչական ծառայությունների ձեռքբերում,Օրենսդրությամբ (օրենքներով և կառավարության որոշումներով) նախատեսված օժանդակություն և փոխհատուցումներ,Ծառայությունների մատուցում,23815649.4,25099230.1,24852349.0,0.99,1575572.8,1859865.5,1859847.7,1.0,75000.0,109292.7,109290.0,1.0
ՀՀ արդարադատության նախարարություն,1093,1093,Դատական և հանրային պաշտպանություն,Իրավունքի պաշտպանության հասանելիության և օբյեկտիվության ապահովում,Հանրային պաշտպանի ծառայությունների հասցեականության և  դատական գործընթացներին աջակցության ապահովում,11003,Փորձաքննությունների ծառայությունների տրամադրում,"Քրեական հետապնդում, վարչական վարույթ իրականացնող մարմինների կամ քրեական գործերով դատարանների որոշումների հիման վրա փորձագիտական հետազոտությունների իրականացում և դրա արդյունքում փորձագետի եզրակացությունների տրամադրում",Ծառայությունների մատուցում,23815649.4,25099230.1,24852349.0,0.99,1575572.8,1859865.5,1859847.7,1.0,606230.1,856230.1,856215.0,1.0
ՀՀ արդարադատության նախարարություն,1093,1093,Դատական և հանրային պաշտպանություն,Իրավունքի պաշտպանության հասանելիության և օբյեկտիվության ապահովում,Հանրային պաշտպանի ծառայությունների հասցեականության և  դատական գործընթացներին աջակցության ապահովում,11008,Աջակցություն «Արբիտրաժի և հաշտարարության հայաստանյան կենտրոն»  հիմնադրամի գործունեությանը,«Արբիտրաժի և հաշտարարության հայաստանյան կենտրոն» հիմնադրամի գործունեության ապահովում,Ծառայությունների մատուցում,23815649.4,25099230.1,24852349.0,0.99,1575572.8,1859865.5,1859847.7,1.0,180000.0,180000.0,180000.0,1.0
ՀՀ արդարադատության նախարարություն,1120,1120,Քրեակատարողական ծառայություններ,Դատապարտյալների պատժի կատարման և ուղղման համար անհրաժեշտ պայմանների ապահովում,Դատապարտյալների զբաղվածության և իրավունքների պաշտպանություն,11001,Քրեակատարողական ծառայություններ,"Դատապարտյալների և կալանավորված անձանց վերահսկողություն, կալանավայրերում դատապարտյալների և կալանավորված անձանց պահման պայմանների ապահովում, դատապարտյալների սոցիալ- հոգեբանական վերականգնում, ուսուցում, վերասոցիալականացում",Ծառայությունների մատուցում,23815649.4,25099230.1,24852349.0,0.99,14811492.1,15249645.3,15014377.4,0.985,12893197.3,12829012.9,12814596.1,0.9990000000000001
ՀՀ արդարադատության նախարարություն,1120,1120,Քրեակատարողական ծառայություններ,Դատապարտյալների պատժի կատարման և ուղղման համար անհրաժեշտ պայմանների ապահովում,Դատապարտյալների զբաղվածության և իրավունքների պաշտպանություն,11002,Պրոբացիայի ծառայություններ,"Քրեական արդարադատության իրականացման աջակցություն, հասարակության անվտանգության ապահովումը` կրկնահանցագործության կանխարգելման և կրճատման միջոցով, պատժի ենթարկված անձի վերասոցիալականացում",Ծառայությունների մատուցում,23815649.4,25099230.1,24852349.0,0.99,14811492.1,15249645.3,15014377.4,0.985,884564.2,903596.7,896241.0,0.992
ՀՀ արդարադատության նախարարություն,1120,1120,Քրեակատարողական ծառայություններ,Դատապարտյալների պատժի կատարման և ուղղման համար անհրաժեշտ պայմանների ապահովում,Դատապարտյալների զբաղվածության և իրավունքների պաշտպանություն,11005,Իրավախախտում կատարած անձանց գեղագիտական դաստիարակության և կրթական ծրագրերի իրականացում,Քրեակատարողական հիմնարկներում գտնվող իրավախախտում կատարած անձանց գեղագիտական դաստիարակության և կրթության ծրագրերի իրականացում,Ծառայությունների մատուցում,23815649.4,25099230.1,24852349.0,0.99,14811492.1,15249645.3,15014377.4,0.985,195140.2,195140.2,195140.2,1.0
ՀՀ արդարադատության նախարարություն,1120,1120,Քրեակատարողական ծառայություններ,Դատապարտյալների պատժի կատարման և ուղղման համար անհրաժեշտ պայմանների ապահովում,Դատապարտյալների զբաղվածության և իրավունքների պաշտպանություն,31001,ՀՀ արդարադատության նախարարության պրոբացիայի ծառայության կարողությունների զարգացում և տեխնիկական հագեցվածության ապահովում,ՀՀ արդարադատության նախարարության  պրոբացիայի ծառայության համար վարչական և այլ  սարքավորումների ձեռք բերում,Պետական մարմինների կողմից օգտագործվող ոչ ֆինանսական ակտիվների հետ գործառնություններ,23815649.4,25099230.1,24852349.0,0.99,14811492.1,15249645.3,15014377.4,0.985,279490.4,442424.5,438241.8,0.991
ՀՀ արդարադատության նախարարություն,1120,1120,Քրեակատարողական ծառայություններ,Դատապարտյալների պատժի կատարման և ուղղման համար անհրաժեշտ պայմանների ապահովում,Դատապարտյալների զբաղվածության և իրավունքների պաշտպանություն,31002,ՀՀ արդարադատության նախարարության քրեակատարողական  ծառայության կարողությունների զարգացում և տեխնիկական հագեցվածության ապահովում,ՀՀ արդարադատության նախարարության  քրեակատարողական ծառայության  աշխատանքային պայմանների բարելավման համար վարչական սարքավորումների ձեռք բերում,Պետական մարմինների կողմից օգտագործվող ոչ ֆինանսական ակտիվների հետ գործառնություններ,23815649.4,25099230.1,24852349.0,0.99,14811492.1,15249645.3,15014377.4,0.985,59100.0,438210.9,401528.3,0.9159999999999999
ՀՀ արդարադատության նախարարություն,1120,1120,Քրեակատարողական ծառայություններ,Դատապարտյալների պատժի կատարման և ուղղման համար անհրաժեշտ պայմանների ապահովում,Դատապարտյալների զբաղվածության և իրավունքների պաշտպանություն,31003,Քրեակատարողական հիմմնարկների շենքային պայմանների բարելավում,"Քրեակատարողական հիմնարկների շենքերի նորոգում, հիմնանորոգում, կառուցում և  նախագծանախահաշվային  փաստաթղթերի  ձեռքբերում",Պետական մարմինների կողմից օգտագործվող ոչ ֆինանսական ակտիվների հետ գործառնություններ,23815649.4,25099230.1,24852349.0,0.99,14811492.1,15249645.3,15014377.4,0.985,0.0,9860.1,5230.1,0.53
ՀՀ արդարադատության նախարարություն,1120,1120,Քրեակատարողական ծառայություններ,Դատապարտյալների պատժի կատարման և ուղղման համար անհրաժեշտ պայմանների ապահովում,Դատապարտյալների զբաղվածության և իրավունքների պաշտպանություն,31006,Քրեակատարողական ծառայության տրանսպորտայինմիջոցներով ապահովվածության բարելավում,Քրեակատարողական ծառայության կարիքների համարավտոմեքենաների ձեռքբերում,Պետական մարմինների կողմից օգտագործվող ոչ ֆինանսական ակտիվների հետ գործառնություններ,23815649.4,25099230.1,24852349.0,0.99,14811492.1,15249645.3,15014377.4,0.985,0.0,263400.0,263400.0,1.0
ՀՀ արդարադատության նախարարություն,1120,1120,Քրեակատարողական ծառայություններ,Դատապարտյալների պատժի կատարման և ուղղման համար անհրաժեշտ պայմանների ապահովում,Դատապարտյալների զբաղվածության և իրավունքների պաշտպանություն,31008,Քրեակատարողական նոր հիմնարկի կառուցում և հետագա շահագործում,Միջազգային չափանիշներին համապատասխան ազատությունից զրկված անձանց համար պատշաճ պայմանների ապահովման նպատակով նոր քրեակատարողական հիմնարկի կառուցում,Պետական մարմինների կողմից օգտագործվող ոչ ֆինանսական ակտիվների հետ գործառնություններ,23815649.4,25099230.1,24852349.0,0.99,14811492.1,15249645.3,15014377.4,0.985,500000.0,168000.0,0.0,0.0
ՀՀ արդարադատության նախարարություն,1123,1123,Իրավական իրազեկում և տեղեկատվության ապահովում,Հանրության իրազեկվածության ապահովում,Իրավական տեղեկատվության մատչելիության և հանրության իրազեկվածության մակարդակի աճ,11001,"Հրատարակչական, տեղեկատվական և տպագրական ծառայություններ","ՀՀ-ում ընդունված և ստորագրված իրավական ակտերի պաշտոնական հրատարակման, պետական վկայականների և ձևաթղթերի տպագրման ծառայություններ",Ծառայությունների մատուցում,23815649.4,25099230.1,24852349.0,0.99,1252412.8,1252412.8,1251452.1,0.9990000000000001,378578.4,378578.4,377617.7,0.997
ՀՀ արդարադատության նախարարություն,1123,1123,Իրավական իրազեկում և տեղեկատվության ապահովում,Հանրության իրազեկվածության ապահովում,Իրավական տեղեկատվության մատչելիության և հանրության իրազեկվածության մակարդակի աճ,11002,Թարգմանչական ծառայություններ,"ՀՀ, ԵՏՄ, ԵՄ իրավական ակտերի, միջազգային պայմանագրերի, միջազգային համագործակցությանն առնչվող փաստաթղթերի, դատական ակտերի, ՄԻԵԴ վճիռների և հարակից փաստաթղթերի, պաշտոնական թարգմանությունների կատարում ու ժամանակին ներկայացում շահառու մարմիններին",Ծառայությունների մատուցում,23815649.4,25099230.1,24852349.0,0.99,1252412.8,1252412.8,1251452.1,0.9990000000000001,250339.0,250339.0,250339.0,1.0
ՀՀ արդարադատության նախարարություն,1123,1123,Իրավական իրազեկում և տեղեկատվության ապահովում,Հանրության իրազեկվածության ապահովում,Իրավական տեղեկատվության մատչելիության և հանրության իրազեկվածության մակարդակի աճ,11003,Արխիվային ծառայություններ,"ՀՀ արխիվային հավաքածուի պահպանություն, համալրում, հաշվառում, հանրության կողմից արխիվային նյութերի օգտագործման ապահովում",Ծառայությունների մատուցում,23815649.4,25099230.1,24852349.0,0.99,1252412.8,1252412.8,1251452.1,0.9990000000000001,623495.4,623495.4,623495.4,1.0
ՀՀ արդարադատության նախարարություն,1149,1149,Արդարադատության համակարգի աշխատակիցների վերապատրաստում և հատուկ ուսուցում,Արդարադատության համակարգի աշխատակիցների աշխատանքի  արդյունավետության բարելավում,Արդարադատության համակարգի աշխատակիցների մասնագիտական գիտելիքների և կարողությունների բարելավում,11001,Հատուկ ծառայողների վերապատրաստում և հատուկ ուսուցում,Հատուկ ծառայողների վերապատրաստում և հատուկ ուսուցման կազմակերպում,Ծառայությունների մատուցում,23815649.4,25099230.1,24852349.0,0.99,427227.6,442719.9,442719.9,1.0,187752.0,187752.0,187752.0,1.0
ՀՀ արդարադատության նախարարություն,1149,1149,Արդարադատության համակարգի աշխատակիցների վերապատրաստում և հատուկ ուսուցում,Արդարադատության համակարգի աշխատակիցների աշխատանքի  արդյունավետության բարելավում,Արդարադատության համակարգի աշխատակիցների մասնագիտական գիտելիքների և կարողությունների բարելավում,11002,"Դատավորների, դատախազների, դատավորների ու դատախազների  թեկնածուների ցուցակում գտնվող անձանց, դատական ծառայողների, դատախազության աշխատակազմում ծառայողների, դատական կարգադրիչների վերապատրաստման և հատուկ ուսուցման ծառայություններ","Դատավորների, դատախազների, դատավորների ու դատախազների թեկնածուների ցուցակում գտնվող անձանց, դատական ծառայողների, դատախազության աշխատակազմում ծառայողների և դատական կարգադրիչների վերապատրաստման և հատուկ ուսուցման կազմակերպում",Ծառայությունների մատուցում,23815649.4,25099230.1,24852349.0,0.99,427227.6,442719.9,442719.9,1.0,239475.6,239475.6,239475.6,1.0
ՀՀ արդարադատության նախարարություն,1149,1149,Արդարադատության համակարգի աշխատակիցների վերապատրաստում և հատուկ ուսուցում,Արդարադատության համակարգի աշխատակիցների աշխատանքի  արդյունավետության բարելավում,Արդարադատության համակարգի աշխատակիցների մասնագիտական գիտելիքների և կարողությունների բարելավում,12001,Մասնագիտական վերապատրաստում անցնող ունկնդիրներին կրթաթոշակի տրամադրում,Դատավորների և դատախազների թեկնածությունների ցուցակում  ընդգրկվելու նպատակով անձանց վերապատրաստման  կրթաթոշակի տրամադրում,Տրանսֆերտների տրամադրում,23815649.4,25099230.1,24852349.0,0.99,427227.6,442719.9,442719.9,1.0,0.0,15492.3,15492.3,1.0
ՀՀ արդարադատության նախարարություն,1182,1182,Հարկադիր կատարման ծառայություններ,Հարկադիր կատարման ենթակա ակտերի կատարման ապահովում,Հարկադիր կատարման ենթակա ակտերի կատարողական ընթացակարգերի զարգացում և  կատարման ապահովում,11001,Հարկադիր կատարման ենթակա ակտերի կատարումն ապահովող ծառայություններ,"Դատական ակտերի, կատարողական թերթերի, կատարողական մակագրության թերթերի և անբողոքարկելի վարչական ակտերի պահանջների կատարման ապահովում",Ծառայությունների մատուցում,23815649.4,25099230.1,24852349.0,0.99,3363180.0,3666570.1,3664191.7,0.9990000000000001,3176221.8,3497244.4,3494871.1,0.9990000000000001
ՀՀ արդարադատության նախարարություն,1182,1182,Հարկադիր կատարման ծառայություններ,Հարկադիր կատարման ենթակա ակտերի կատարման ապահովում,Հարկադիր կատարման ենթակա ակտերի կատարողական ընթացակարգերի զարգացում և  կատարման ապահովում,11002,"ՀՀ պետական կառավարման մարմինների կողմից  դիմումներ, հայցադիմումներ, դատարանի վճիռների  և որոշումների դեմ վերաքննիչ և վճռաբեկ բողոքներ ներկայացնելիս` «Պետական տուրքի մասին» ՀՀ օրենքով սահմանված վճարումներ","ՀՀ պետական կառավարման մարմինների կողմից  դիմումներ, հայցադիմումներ, դատարանի վճիռների  և որոշումների դեմ վերաքննիչ և վճռաբեկ բողոքներ ներկայացնելիս` «Պետական տուրքի մասին» ՀՀ օրենքով սահմանված վճարումներ",Ծառայությունների մատուցում,23815649.4,25099230.1,24852349.0,0.99,3363180.0,3666570.1,3664191.7,0.9990000000000001,0.0,2129.0,2129.0,1.0
ՀՀ արդարադատության նախարարություն,1182,1182,Հարկադիր կատարման ծառայություններ,Հարկադիր կատարման ենթակա ակտերի կատարման ապահովում,Հարկադիր կատարման ենթակա ակտերի կատարողական ընթացակարգերի զարգացում և  կատարման ապահովում,11004,Պետական մարմիններից բռնագանձման ենթակա գումարների վճարում «Դատական ակտերի հարկադիր կատարման մասին»  օրենքով սահմանված դեպքերում,Պետական մարմիններից բռնագանձման ենթակա գումարների վճարում «Դատական ակտերի հարկադիր կատարման մասին»  օրենքով սահմանված դեպքերում,Ծառայությունների մատուցում,23815649.4,25099230.1,24852349.0,0.99,3363180.0,3666570.1,3664191.7,0.9990000000000001,0.0,774.0,774.0,1.0
ՀՀ արդարադատության նախարարություն,1182,1182,Հարկադիր կատարման ծառայություններ,Հարկադիր կատարման ենթակա ակտերի կատարման ապահովում,Հարկադիր կատարման ենթակա ակտերի կատարողական ընթացակարգերի զարգացում և  կատարման ապահովում,31001,Հարկադիր կատարման ծառայության տեխնիկական հագեցվածության բարելավում,Հարկադիր կատարման ծառայության տեխնիկական հագեցվածության բարելավում,Պետական մարմինների կողմից օգտագործվող ոչ ֆինանսական ակտիվների հետ գործառնություններ,23815649.4,25099230.1,24852349.0,0.99,3363180.0,3666570.1,3664191.7,0.9990000000000001,186958.2,166422.7,166417.7,1.0
ՀՀ էկոնոմիկայի նախարարություն,1022,1022,Գյուղատնտեսության խթանման ծրագիր,Գյուղատնտեսական մթերքի և դրանց վերամշակումից ստացվող սննդամթերքի ծավալների ավելացում,Գյուղատնտեսական մթերքների ծավալների ավելացում: Օգտագործվող վարելահողերի ավելացում: Պտուղբանջարեղենի և խաղողի վերամշակումից ստացված արտադրանքի ծավալների աճ,11001,Պետական աջակցություն Հայաստանի Հանրապետության խաղողագործության և գինեգործության ոլորտներում վարվող պետական քաղաքականության ու զարգացման ծրագրերի իրականացմանը,Աջակցություն Հայաստանի Հանրապետության խաղողագործության և գինեգործության ոլորտներում վարվող պետական քաղաքականության ու զարգացման ծրագրերի իրականացմանը,Ծառայությունների մատուցում,79520899.7,78983766.6,76783849.3,0.972,11876680.9,7559990.0,7456868.2,0.986,264000.0,424239.5,423535.1,0.998
ՀՀ էկոնոմիկայի նախարարություն,1022,1022,Գյուղատնտեսության խթանման ծրագիր,Գյուղատնտեսական մթերքի և դրանց վերամշակումից ստացվող սննդամթերքի ծավալների ավելացում,Գյուղատնտեսական մթերքների ծավալների ավելացում: Օգտագործվող վարելահողերի ավելացում: Պտուղբանջարեղենի և խաղողի վերամշակումից ստացված արտադրանքի ծավալների աճ,11002,Պետական աջակցություն Հայաստանի Հանրապետության գյուղատնտեսական ծրագրերի իրականացմանը,"Աջակցություն Հայաստանի Հանրապետության բուսաբուծության խթանման, բույսերի պաշտպանության և անասնաբուժական ծրագրերի իրականացմանը",Ծառայությունների մատուցում,79520899.7,78983766.6,76783849.3,0.972,11876680.9,7559990.0,7456868.2,0.986,316983.9,316983.9,313639.0,0.9890000000000001
ՀՀ էկոնոմիկայի նախարարություն,1022,1022,Գյուղատնտեսության խթանման ծրագիր,Գյուղատնտեսական մթերքի և դրանց վերամշակումից ստացվող սննդամթերքի ծավալների ավելացում,Գյուղատնտեսական մթերքների ծավալների ավելացում: Օգտագործվող վարելահողերի ավելացում: Պտուղբանջարեղենի և խաղողի վերամշակումից ստացված արտադրանքի ծավալների աճ,11006,Սպանդանոցների կողմից մատուցվող խոշոր եղջերավոր կենդանիների սպանդի ծառայության վճարի մասնակի փոխհատուցման ծրագրի շրջանակներում ստացված դիմումների ուսումնասիրություն և մոնիթորինգի իրականացմանն աջակցություն,Սպանդանոցների տեղակայման վայրի համայնքների կողմից խոշոր եղջերավոր կենդանիների սպանդի ծառայության վճարի մասնակի փոխհատուցման ծրագրի շրջանակներում ստացված դիմումների ուսումնասիրություն և մոնիթորինգի իրականացում,Ծառայությունների մատուցում,79520899.7,78983766.6,76783849.3,0.972,11876680.9,7559990.0,7456868.2,0.986,0.0,2226.0,1879.8,0.8440000000000001
ՀՀ էկոնոմիկայի նախարարություն,1022,1022,Գյուղատնտեսության խթանման ծրագիր,Գյուղատնտեսական մթերքի և դրանց վերամշակումից ստացվող սննդամթերքի ծավալների ավելացում,Գյուղատնտեսական մթերքների ծավալների ավելացում: Օգտագործվող վարելահողերի ավելացում: Պտուղբանջարեղենի և խաղողի վերամշակումից ստացված արտադրանքի ծավալների աճ,12001,Գյուղատնտեսական վարկերի տոկոսադրույքների սուբսիդավորում,Գյուղատնտեսության ոլորտում տրամադրվող վարկերի տոկոսադրույքների սուբսիդավորում,Տրանսֆերտների տրամադրում,79520899.7,78983766.6,76783849.3,0.972,11876680.9,7559990.0,7456868.2,0.986,2881300.0,1518417.5,1518417.5,1.0
ՀՀ էկոնոմիկայի նախարարություն,1022,1022,Գյուղատնտեսության խթանման ծրագիր,Գյուղատնտեսական մթերքի և դրանց վերամշակումից ստացվող սննդամթերքի ծավալների ավելացում,Գյուղատնտեսական մթերքների ծավալների ավելացում: Օգտագործվող վարելահողերի ավելացում: Պտուղբանջարեղենի և խաղողի վերամշակումից ստացված արտադրանքի ծավալների աճ,12004,Գյուղատնտեսական հումքի մթերումների (գնումների) նպատակով  տրամադրվող վարկերի տոկոսադրույքների սուբսիդավորում,"Պտուղբանջարեղենի, խաղողի, կաթի, շինշիլայի և գյուղատնտեսական կենդանիների մթերումների (գնումների) կազմակերպման նպատակով ընկերություններին մատչելի պայմաններով վարկերի տրամադրում",Տրանսֆերտների տրամադրում,79520899.7,78983766.6,76783849.3,0.972,11876680.9,7559990.0,7456868.2,0.986,3686767.5,3329273.9,3329273.8,1.0
ՀՀ էկոնոմիկայի նախարարություն,1022,1022,Գյուղատնտեսության խթանման ծրագիր,Գյուղատնտեսական մթերքի և դրանց վերամշակումից ստացվող սննդամթերքի ծավալների ավելացում,Գյուղատնտեսական մթերքների ծավալների ավելացում: Օգտագործվող վարելահողերի ավելացում: Պտուղբանջարեղենի և խաղողի վերամշակումից ստացված արտադրանքի ծավալների աճ,12005,Գերմանիայի զարգացման վարկերի բանկի (KFW) հետ համատեղ գյուղատնտեսության ոլորտում ապահովագրական համակարգի ներդրման փորձնական ծրագրի իրականացման համար պետական աջակցություն,Ապահովագրավճարների մասնակի սուբսիդավորում մարզերի կամ մարզերի որոշ տարածաշրջանների գյուղատնտեսությունում տնտեսավարողներին,Տրանսֆերտների տրամադրում,79520899.7,78983766.6,76783849.3,0.972,11876680.9,7559990.0,7456868.2,0.986,1467929.5,2009.8,1309.8,0.652
ՀՀ էկոնոմիկայի նախարարություն,1022,1022,Գյուղատնտեսության խթանման ծրագիր,Գյուղատնտեսական մթերքի և դրանց վերամշակումից ստացվող սննդամթերքի ծավալների ավելացում,Գյուղատնտեսական մթերքների ծավալների ավելացում: Օգտագործվող վարելահողերի ավելացում: Պտուղբանջարեղենի և խաղողի վերամշակումից ստացված արտադրանքի ծավալների աճ,12008,Գյուղացիական տնտեսավարողներին տրամադրվող աջակցություն,Գյուղատնտեսության զարգացման նպատակով գյուղատնտեսական ոլորտի տնտեսավարողներին աջակցություն,Տրանսֆերտների տրամադրում,79520899.7,78983766.6,76783849.3,0.972,11876680.9,7559990.0,7456868.2,0.986,0.0,456966.1,456843.8,1.0
ՀՀ էկոնոմիկայի նախարարություն,1022,1022,Գյուղատնտեսության խթանման ծրագիր,Գյուղատնտեսական մթերքի և դրանց վերամշակումից ստացվող սննդամթերքի ծավալների ավելացում,Գյուղատնտեսական մթերքների ծավալների ավելացում: Օգտագործվող վարելահողերի ավելացում: Պտուղբանջարեղենի և խաղողի վերամշակումից ստացված արտադրանքի ծավալների աճ,12010,Անասնաբուծության ճյուղում իրականացվող ներդրումային ծրագրերին աջակցություն,Անասնաբուծության ճյուղում իրականացվող առնվազն 1 մլրդ դրամի ներդրումներից կապիտալ ներդրումների մասնակի փոխհատուցում,Տրանսֆերտների տրամադրում,79520899.7,78983766.6,76783849.3,0.972,11876680.9,7559990.0,7456868.2,0.986,2410700.0,0.0,0.0,0.0
ՀՀ էկոնոմիկայի նախարարություն,1022,1022,Գյուղատնտեսության խթանման ծրագիր,Գյուղատնտեսական մթերքի և դրանց վերամշակումից ստացվող սննդամթերքի ծավալների ավելացում,Գյուղատնտեսական մթերքների ծավալների ավելացում: Օգտագործվող վարելահողերի ավելացում: Պտուղբանջարեղենի և խաղողի վերամշակումից ստացված արտադրանքի ծավալների աճ,12011,Հայաստանի Հանրապետությունում գյուղատնտեսական նշանակության հողերի միավորմանը (կոնսոլիդացիային) աջակցություն,Գյուղատնտեսական նշանակության հողերի առանձին գույքային միավորների ձեռքբերման և միավորման միջոցով առնվազն 5 հա հանրագումարային մակերեսով հողամասերի ստեղծում և ձեռքբերված առանձին գույքային միավոր հանդիսացող հողամասերի կադաստրային արժեքի 30%-ի փոխհատուցում,Տրանսֆերտների տրամադրում,79520899.7,78983766.6,76783849.3,0.972,11876680.9,7559990.0,7456868.2,0.986,200000.0,0.0,0.0,0.0
ՀՀ էկոնոմիկայի նախարարություն,1022,1022,Գյուղատնտեսության խթանման ծրագիր,Գյուղատնտեսական մթերքի և դրանց վերամշակումից ստացվող սննդամթերքի ծավալների ավելացում,Գյուղատնտեսական մթերքների ծավալների ավելացում: Օգտագործվող վարելահողերի ավելացում: Պտուղբանջարեղենի և խաղողի վերամշակումից ստացված արտադրանքի ծավալների աճ,12013,Հայաստանի Հանրապետությունում արդյունաբերական խեցգետնաբուծության զարգացման ծրագիր,"Բնական պաշարների խնայողաբար օգտագործման, արտադրական գործընթացների արդյունավետության բարձրացման և շահառուների եկամուտների ավելացման նպատակով ՀՀ-ում խեցգետինների արհեստական բուծման և աճեցման տնտեսությունների հիմնման գործընթացի խթանում պետական աջակցությամբ",Տրանսֆերտների տրամադրում,79520899.7,78983766.6,76783849.3,0.972,11876680.9,7559990.0,7456868.2,0.986,199000.0,0.0,0.0,0.0
ՀՀ էկոնոմիկայի նախարարություն,1022,1022,Գյուղատնտեսության խթանման ծրագիր,Գյուղատնտեսական մթերքի և դրանց վերամշակումից ստացվող սննդամթերքի ծավալների ավելացում,Գյուղատնտեսական մթերքների ծավալների ավելացում: Օգտագործվող վարելահողերի ավելացում: Պտուղբանջարեղենի և խաղողի վերամշակումից ստացված արտադրանքի ծավալների աճ,12015,Կոնյակի սպիրտի արտահանման աջակցության ծրագրի շրջանակներում տրամադրվող աջակցություն,Կոնյակի և բրենդիի սպիրտ արտադրողի կողմից 100000 (100 % սպիրտի հաշվարկով) լիտրից հետո այլ խմբաքանակի իրացման իրավունքի ձեռքբերման համար վճարված լրացուցիչ 100 դրամ պետական տուրքի շրջանակում արտահանված կոնյակի սպիրտին համարժեք տուրքի չափով աջակցություն,Տրանսֆերտների տրամադրում,79520899.7,78983766.6,76783849.3,0.972,11876680.9,7559990.0,7456868.2,0.986,100000.0,1061789.9,994187.5,0.9359999999999999
ՀՀ էկոնոմիկայի նախարարություն,1022,1022,Գյուղատնտեսության խթանման ծրագիր,Գյուղատնտեսական մթերքի և դրանց վերամշակումից ստացվող սննդամթերքի ծավալների ավելացում,Գյուղատնտեսական մթերքների ծավալների ավելացում: Օգտագործվող վարելահողերի ավելացում: Պտուղբանջարեղենի և խաղողի վերամշակումից ստացված արտադրանքի ծավալների աճ,12016,ՀՀ Լոռու և Տավուշի մարզերում 2024թ. մայիսի 25-26-ը տեղացած հորդառատ անձրևներով պայմանավորված հեղեղումների պատճառով հայտարարված աղետի գոտիների տարածքներում գյուղատնտեսության ոլորտում բնակչությանը պատճառված վնասի աջակցության տրամադրում,"Լոռու և Տավուշի մարզերի աղետի գոտիների տարածքներում գյուղատ. ոլորտում բնակչությանը պատճառված վնասի, մասնավորապես՛ անկած կամ կորսված գյուղատ. կենդանիների և վնասված պտղատու ծառերի, հատապտղի թփերի և ցանքատարածությունների համար փոխհատուցման տրամադրում",Տրանսֆերտների տրամադրում,79520899.7,78983766.6,76783849.3,0.972,11876680.9,7559990.0,7456868.2,0.986,0.0,47858.0,47782.3,0.998
ՀՀ էկոնոմիկայի նախարարություն,1022,1022,Գյուղատնտեսության խթանման ծրագիր,Գյուղատնտեսական մթերքի և դրանց վերամշակումից ստացվող սննդամթերքի ծավալների ավելացում,Գյուղատնտեսական մթերքների ծավալների ավելացում: Օգտագործվող վարելահողերի ավելացում: Պտուղբանջարեղենի և խաղողի վերամշակումից ստացված արտադրանքի ծավալների աճ,12017,Սպանդանոցային ծառայություն մատուցող տնտեսավարողներին աջակցության տրամադրում,ԱԱՀ վճարող համարվող սպանդանոցային ծառայություն մատուցող տնտեսավարողներին ֆերմերային տնտեսություններից գնված գյուղատնտեսական կենդանիների սպանդանոցային սպանդից ստացված մսեղիքի իրացման համար հաշվարկված ԱԱՀ-ի 75%-ի չափով աջակցության տրամադրում,Տրանսֆերտների տրամադրում,79520899.7,78983766.6,76783849.3,0.972,11876680.9,7559990.0,7456868.2,0.986,350000.0,90000.0,66934.2,0.7440000000000001
ՀՀ էկոնոմիկայի նախարարություն,1022,1022,Գյուղատնտեսության խթանման ծրագիր,Գյուղատնտեսական մթերքի և դրանց վերամշակումից ստացվող սննդամթերքի ծավալների ավելացում,Գյուղատնտեսական մթերքների ծավալների ավելացում: Օգտագործվող վարելահողերի ավելացում: Պտուղբանջարեղենի և խաղողի վերամշակումից ստացված արտադրանքի ծավալների աճ,12018,Սպանդանոցների կողմից մատուցվող խոշոր եղջերավոր կենդանիների սպանդի ծառայության վճարի մասնակի փոխհատուցման տրամադրում,Սպանդանոցների կողմից մատուցվող խոշոր եղջերավոր կենդանիների սպանդի ծառայության վճարի մասնակի փոխհատուցում,Տրանսֆերտների տրամադրում,79520899.7,78983766.6,76783849.3,0.972,11876680.9,7559990.0,7456868.2,0.986,0.0,74200.0,67040.0,0.904
ՀՀ էկոնոմիկայի նախարարություն,1022,1022,Գյուղատնտեսության խթանման ծրագիր,Գյուղատնտեսական մթերքի և դրանց վերամշակումից ստացվող սննդամթերքի ծավալների ավելացում,Գյուղատնտեսական մթերքների ծավալների ավելացում: Օգտագործվող վարելահողերի ավելացում: Պտուղբանջարեղենի և խաղողի վերամշակումից ստացված արտադրանքի ծավալների աճ,12019,Լոլիկի մթերումների գործընթացի կազմակերպման միջոցառման շրջանակներում տնտեսավարող սուբյեկտներին սուբսիդավորում,Տոմատի մածուկի արտադրությամբ զբաղվող լոլիկի մթերումներ իրականացնող տնտեսավարող սուբյեկտներին 2025թ. տնտեսությունների կողմից արտադրված լոլիկի բերքի իրացման գործընթացին աջակցելու նպատակով սուբսիդավորում,Տրանսֆերտների տրամադրում,79520899.7,78983766.6,76783849.3,0.972,11876680.9,7559990.0,7456868.2,0.986,0.0,93000.0,93000.0,1.0
ՀՀ էկոնոմիկայի նախարարություն,1022,1022,Գյուղատնտեսության խթանման ծրագիր,Գյուղատնտեսական մթերքի և դրանց վերամշակումից ստացվող սննդամթերքի ծավալների ավելացում,Գյուղատնտեսական մթերքների ծավալների ավելացում: Օգտագործվող վարելահողերի ավելացում: Պտուղբանջարեղենի և խաղողի վերամշակումից ստացված արտադրանքի ծավալների աճ,12020,2025 թվականի Արենի և Ոսկեհատ տեսակների խաղողի մթերումներ իրականացնող տնտեսավարող սուբյեկտներին սուբսիդավորում,Հայաստանի Հանրապետության Վայոց ձորի մարզում 2025 թվականին տնտեսությունների կողմից արտադրված Արենի և Ոսկեհատ տեսակների խաղողի իրացման գործընթացին աջակցություն,Տրանսֆերտների տրամադրում,79520899.7,78983766.6,76783849.3,0.972,11876680.9,7559990.0,7456868.2,0.986,0.0,143025.4,143025.4,1.0
ՀՀ էկոնոմիկայի նախարարություն,1058,1058,"Էկոնոմիկայի ոլորտում պետական քաղաքականության մշակում, ծրագրերի համակարգում և մոնիտորինգ",Էկոնոմիկայի  ոլորտում պետական արդյունավետ քաղաքականության մշակման և իրականացման ապահովում,Էկոնոմիկայի  ոլորտում իրականացվող ծրագրերի ազդեցության և արդյունավետության բարելավում,11001,"Էկոնոմիկայի ոլորտում պետական քաղաքականության մշակում, ծրագրերի համակարգում և մոնիտորինգ","Քաղաքականության մշակման և դրա կատարման համակարգման, պետական ծրագրերի պլանավորման, մշակման, իրականացման և մոնիտորինգի (վերահսկման) ծառայություններ",Ծառայությունների մատուցում,79520899.7,78983766.6,76783849.3,0.972,2597827.3,2761720.0,2735244.7,0.99,2248632.4,2555392.4,2539077.2,0.9940000000000001
ՀՀ էկոնոմիկայի նախարարություն,1058,1058,"Էկոնոմիկայի ոլորտում պետական քաղաքականության մշակում, ծրագրերի համակարգում և մոնիտորինգ",Էկոնոմիկայի  ոլորտում պետական արդյունավետ քաղաքականության մշակման և իրականացման ապահովում,Էկոնոմիկայի  ոլորտում իրականացվող ծրագրերի ազդեցության և արդյունավետության բարելավում,11002,ԱՀԿ-ում և oտարերկրյա պետություններում ՀՀ առևտրային ներկայացուցիչների նպատակների և խնդիրների իրագործում,"ԱՀԿ-ում ՀՀ տնտեսական շահերի ներկայացում և պաշտպանություն, ՀՀ առևտրատնտեսական քաղաքականության զարգացմանը, արտահանումների խթանմանը և ներդրումների ներգրավմանն ուղղված գործունեություն արտերկրում",Ծառայությունների մատուցում,79520899.7,78983766.6,76783849.3,0.972,2597827.3,2761720.0,2735244.7,0.99,236594.9,77716.7,77659.1,0.9990000000000001
ՀՀ էկոնոմիկայի նախարարություն,1058,1058,"Էկոնոմիկայի ոլորտում պետական քաղաքականության մշակում, ծրագրերի համակարգում և մոնիտորինգ",Էկոնոմիկայի  ոլորտում պետական արդյունավետ քաղաքականության մշակման և իրականացման ապահովում,Էկոնոմիկայի  ոլորտում իրականացվող ծրագրերի ազդեցության և արդյունավետության բարելավում,11003,Տնտեսական հետազոտություններ և վերլուծություններ,"Ոլորտային, թեմատիկ հետազոտությունների, վերլուծությունների և գնահատումների իրականացման միջոցով արտահանման խթանման, գործարար և ներդրումային միջավայրի բարելավման հնարավորությունների ու խոչընդոտների բացահայտում",Ծառայությունների մատուցում,79520899.7,78983766.6,76783849.3,0.972,2597827.3,2761720.0,2735244.7,0.99,27360.0,39600.0,39600.0,1.0
ՀՀ էկոնոմիկայի նախարարություն,1058,1058,"Էկոնոմիկայի ոլորտում պետական քաղաքականության մշակում, ծրագրերի համակարգում և մոնիտորինգ",Էկոնոմիկայի  ոլորտում պետական արդյունավետ քաղաքականության մշակման և իրականացման ապահովում,Էկոնոմիկայի  ոլորտում իրականացվող ծրագրերի ազդեցության և արդյունավետության բարելավում,11005,Արտասահմանյան պատվիրակությունների ընդունելություններ,Արտասահմանյան պատվիրակությունների ընդունելություններ,Ծառայությունների մատուցում,79520899.7,78983766.6,76783849.3,0.972,2597827.3,2761720.0,2735244.7,0.99,0.0,8326.0,6887.9,0.8270000000000001
ՀՀ էկոնոմիկայի նախարարություն,1058,1058,"Էկոնոմիկայի ոլորտում պետական քաղաքականության մշակում, ծրագրերի համակարգում և մոնիտորինգ",Էկոնոմիկայի  ոլորտում պետական արդյունավետ քաղաքականության մշակման և իրականացման ապահովում,Էկոնոմիկայի  ոլորտում իրականացվող ծրագրերի ազդեցության և արդյունավետության բարելավում,11006,"ՀՀ պետական կառավարման մարմինների կողմից դիմումներ, հայցադիմումներ, դատարանի վճիռների և որոշումների դեմ վերաքննիչ և վճռաբեկ բողոքներ ներկայացնելիս` «Պետական տուրքի մասին» ՀՀ օրենքով սահմանված վճարումներ","ՀՀ պետական կառավարման մարմինների կողմից դիմումներ, հայցադիմումներ, դատարանի վճիռների և որոշումների դեմ վերաքննիչ և վճռաբեկ բողոքներ ներկայացնելիս` «Պետական տուրքի մասին» ՀՀ օրենքով սահմանված վճարումներ",Ծառայությունների մատուցում,79520899.7,78983766.6,76783849.3,0.972,2597827.3,2761720.0,2735244.7,0.99,0.0,3878.4,3878.4,1.0
ՀՀ էկոնոմիկայի նախարարություն,1058,1058,"Էկոնոմիկայի ոլորտում պետական քաղաքականության մշակում, ծրագրերի համակարգում և մոնիտորինգ",Էկոնոմիկայի  ոլորտում պետական արդյունավետ քաղաքականության մշակման և իրականացման ապահովում,Էկոնոմիկայի  ոլորտում իրականացվող ծրագրերի ազդեցության և արդյունավետության բարելավում,31001,ՀՀ էկոնոմիկայի նախարարության տեխնիկական հագեցվածության բարելավում,ՀՀ էկոնոմիկայի նախարարության տեխնիկական հագեցվածության բարելավում,Պետական մարմինների կողմից օգտագործվող ոչ ֆինանսական ակտիվների հետ գործառնություններ,79520899.7,78983766.6,76783849.3,0.972,2597827.3,2761720.0,2735244.7,0.99,85240.0,76806.5,68142.1,0.887
ՀՀ էկոնոմիկայի նախարարություն,1059,1059,Բուսաբուծության խթանում և բույսերի պաշտպանություն,Հողագործությունից ստացվող արդյունքի բարելավում,Մշակաբույսերի միջին բերքատվության բարձրացում:ՀՀ գյուղատնտեսական նշանակության ողջ հողատարածքի համար կազմված ագրոքիմիական քարտեզներով ապահովվածություն: Հացահատիկի և հատիկաընդեղենի արտադրության ծավալների ավելացում,11001,"Բուսասանիտարիայի  ծառայությունների, հողերի ագրոքիմիական հետազոտության և բերրիության բարձրացման միջոցառումների իրականացում",Հանրապետության գյուղատնտեսական նշանակության հողատեսքերում բույսերի վնասակար օրգանիզմների հայտնաբերման և ագրոքիմիական քարտեզների և պարարտացման կիրառման գիտականորեն հիմնավորված երաշխավորագրերի կազմման նպատակով դաշտային հետազոտությունների իրականացում,Ծառայությունների մատուցում,79520899.7,78983766.6,76783849.3,0.972,125382.0,3736067.3,3723619.5,0.997,47940.0,47940.0,47940.0,1.0
ՀՀ էկոնոմիկայի նախարարություն,1059,1059,Բուսաբուծության խթանում և բույսերի պաշտպանություն,Հողագործությունից ստացվող արդյունքի բարելավում,Մշակաբույսերի միջին բերքատվության բարձրացում:ՀՀ գյուղատնտեսական նշանակության ողջ հողատարածքի համար կազմված ագրոքիմիական քարտեզներով ապահովվածություն: Հացահատիկի և հատիկաընդեղենի արտադրության ծավալների ավելացում,11002,Բույսերի պաշտպանության միջոցառումներ,Մկնանման կրծողների և մորեխների դեմ կենտրոնացված պայքարի միջոցառումներ,Ծառայությունների մատուցում,79520899.7,78983766.6,76783849.3,0.972,125382.0,3736067.3,3723619.5,0.997,29376.3,66616.3,66239.9,0.9940000000000001
ՀՀ էկոնոմիկայի նախարարություն,1059,1059,Բուսաբուծության խթանում և բույսերի պաշտպանություն,Հողագործությունից ստացվող արդյունքի բարելավում,Մշակաբույսերի միջին բերքատվության բարձրացում:ՀՀ գյուղատնտեսական նշանակության ողջ հողատարածքի համար կազմված ագրոքիմիական քարտեզներով ապահովվածություն: Հացահատիկի և հատիկաընդեղենի արտադրության ծավալների ավելացում,11003,Սերմերի որակի ստուգում և պետական սորտափորձարկման միջոցառումներ,"Գյուղատնտեսության մեջ օգտագործվող սերմերի որակի լաբորատոր հետազոտությունների ծառայություններ, սելեկցիոն նվաճումների հայտերի փորձաքննություններ, բույսերի նոր սորտերի փորձարկումներ",Ծառայությունների մատուցում,79520899.7,78983766.6,76783849.3,0.972,125382.0,3736067.3,3723619.5,0.997,48065.7,50672.4,50672.4,1.0
ՀՀ էկոնոմիկայի նախարարություն,1059,1059,Բուսաբուծության խթանում և բույսերի պաշտպանություն,Հողագործությունից ստացվող արդյունքի բարելավում,Մշակաբույսերի միջին բերքատվության բարձրացում:ՀՀ գյուղատնտեսական նշանակության ողջ հողատարածքի համար կազմված ագրոքիմիական քարտեզներով ապահովվածություն: Հացահատիկի և հատիկաընդեղենի արտադրության ծավալների ավելացում,11010,"ՀՀ-ում գարնանացան, աշնանացան և կերային մշակաբույսերի ցանքատարածությունների մոնիթորինգի իրականացմանն աջակցություն","Համայնքների կողմից գարնանացան մշակաբույսերի և բազմամյա խոտաբույսերի մոնիթորինգի իրականացում, արդյունքների ամփոփում և համապատասխան տեղեկատվության ներկայացում",Ծառայությունների մատուցում,79520899.7,78983766.6,76783849.3,0.972,125382.0,3736067.3,3723619.5,0.997,0.0,53928.0,53711.8,0.996
ՀՀ էկոնոմիկայի նախարարություն,1059,1059,Բուսաբուծության խթանում և բույսերի պաշտպանություն,Հողագործությունից ստացվող արդյունքի բարելավում,Մշակաբույսերի միջին բերքատվության բարձրացում:ՀՀ գյուղատնտեսական նշանակության ողջ հողատարածքի համար կազմված ագրոքիմիական քարտեզներով ապահովվածություն: Հացահատիկի և հատիկաընդեղենի արտադրության ծավալների ավելացում,12003,"ՀՀ-ում գարնանացան, աշնանացան և կերային մշակաբույսերի մշակության հիմնական աշխատանքների համար կատարված ծախսերի մասնակի փոխհատուցման տրամադրում",Մշակաբույսերի և բազմամյա  խոտաբույսերի ցանքատարածությունների ընդլայնմանը նպաստելու նպատակով մշակության հիմնական աշխատանքների համար կատարված ծախսերի մասնակի փոխհատուցում,Տրանսֆերտների տրամադրում,79520899.7,78983766.6,76783849.3,0.972,125382.0,3736067.3,3723619.5,0.997,0.0,1797600.0,1790392.8,0.996
ՀՀ էկոնոմիկայի նախարարություն,1059,1059,Բուսաբուծության խթանում և բույսերի պաշտպանություն,Հողագործությունից ստացվող արդյունքի բարելավում,Մշակաբույսերի միջին բերքատվության բարձրացում:ՀՀ գյուղատնտեսական նշանակության ողջ հողատարածքի համար կազմված ագրոքիմիական քարտեզներով ապահովվածություն: Հացահատիկի և հատիկաընդեղենի արտադրության ծավալների ավելացում,12004,ՀՀ տարբեր մարզերում 2024 և 2025թթ. տեղացած կարկուտի հետևանքով հողօգտագործողներին պատճառված վնասների մասնակի փոխհատուցում,"2024 և 2025 թվականներին ՀՀ Արագածոտնի, Արարատի, Արմավիրի, Գեղարքունիքի, Լոռու, Շիրակի, Տավուշի և Սյունիքի մարզերում տեղացած կարկուտի հետևանքով հողօգտագործողներին պատճառված վնասների մասնակի փոխհատուցման տրամադրում",Տրանսֆերտների տրամադրում,79520899.7,78983766.6,76783849.3,0.972,125382.0,3736067.3,3723619.5,0.997,0.0,1719310.6,1714662.7,0.997
ՀՀ էկոնոմիկայի նախարարություն,1067,1067,Ստանդարտների մշակում և հավատարմագրման համակարգի զարգացում,"Արտադրանքի, ծառայությունների և գործընթացների անվտանգության մակարդակի բարելավում, միջազգային ու տարածաշրջանային հավատարմագրման համակարգերին ինտեգրում",Առևտրում տեխնիկական խոչընդոտների վերացում և շուկայահանվող արտադրանքի ու մատուցվող ծառայությունների համապատասխանության գնահատման գործունեության արդյունքների նկատմամբ սպառողների վստահության բարձրացում,11001,Ստանդարտների մշակման ծառայություններ,"Արտադրանքի և ծառայությունների ազգային ստանդարտների մշակում, միջպետական, եվրոպական և միջազգային կազմակերպությունների հետ համագործակցություն, ստանդարտների ազգային ֆոնդի վարման և տեղեկատվական սպասարկման աշխատանքների իրականացում",Ծառայությունների մատուցում,79520899.7,78983766.6,76783849.3,0.972,627558.5,514394.5,514394.5,1.0,13558.5,12557.1,12557.1,1.0
ՀՀ էկոնոմիկայի նախարարություն,1067,1067,Ստանդարտների մշակում և հավատարմագրման համակարգի զարգացում,"Արտադրանքի, ծառայությունների և գործընթացների անվտանգության մակարդակի բարելավում, միջազգային ու տարածաշրջանային հավատարմագրման համակարգերին ինտեգրում",Առևտրում տեխնիկական խոչընդոտների վերացում և շուկայահանվող արտադրանքի ու մատուցվող ծառայությունների համապատասխանության գնահատման գործունեության արդյունքների նկատմամբ սպառողների վստահության բարձրացում,11002,Աջակցություն ՀՀ հավատարմագրման համակարգին,"Հավատարմագրման ծառայությունների մատուցում, հավատարմագրման համակարգի բարեփոխում, անձնակազմի ուսուցում, ազգային մարմնի կայքէջի և ռեեստրների սպասարկում, արդիականացում, ազգային մարմնի մասնակցություն աշխատաժողովներին, գագաթնաժողովներին, հանդիպումներին",Ծառայությունների մատուցում,79520899.7,78983766.6,76783849.3,0.972,627558.5,514394.5,514394.5,1.0,114000.0,114000.0,114000.0,1.0
ՀՀ էկոնոմիկայի նախարարություն,1067,1067,Ստանդարտների մշակում և հավատարմագրման համակարգի զարգացում,"Արտադրանքի, ծառայությունների և գործընթացների անվտանգության մակարդակի բարելավում, միջազգային ու տարածաշրջանային հավատարմագրման համակարգերին ինտեգրում",Առևտրում տեխնիկական խոչընդոտների վերացում և շուկայահանվող արտադրանքի ու մատուցվող ծառայությունների համապատասխանության գնահատման գործունեության արդյունքների նկատմամբ սպառողների վստահության բարձրացում,12001,Որակի ենթակառուցվածքի համակարգի արդիականացմանն աջակցություն,"ՍՉԱՄ ՓԲԸ-ում տրամաչափարկման կարողությունների հիմնում, ՍՉԱՄ ՓԲԸ-ում փորձարկման կարողությունների ընդլայնում, նոր լաբորատոր սարքավորումների ձեռքբերում, լաբորատորիաների վերազինում",Տրանսֆերտների տրամադրում,79520899.7,78983766.6,76783849.3,0.972,627558.5,514394.5,514394.5,1.0,0.0,387837.4,387837.4,1.0
ՀՀ էկոնոմիկայի նախարարություն,1067,1067,Ստանդարտների մշակում և հավատարմագրման համակարգի զարգացում,"Արտադրանքի, ծառայությունների և գործընթացների անվտանգության մակարդակի բարելավում, միջազգային ու տարածաշրջանային հավատարմագրման համակարգերին ինտեգրում",Առևտրում տեխնիկական խոչընդոտների վերացում և շուկայահանվող արտադրանքի ու մատուցվող ծառայությունների համապատասխանության գնահատման գործունեության արդյունքների նկատմամբ սպառողների վստահության բարձրացում,32002,Որակի ենթակառուցվածքի համակարգի արդիականացում,"ՍՉԱՄ ՓԲԸ-ում տրամաչափարկման կարողությունների հիմնում, ՍՉԱՄ ՓԲԸ-ում փորձարկման կարողությունների ընդլայնում, նոր լաբորատոր սարքավորումների ձեռքբերում, լաբորատորիաների վերազինում, նոր լաբորատորիաների ստեղծում",Այլ պետական կազմակերպությունների կողմից օգտագործվող ոչ ֆինանսական ակտիվների հետ գործառնություններ,79520899.7,78983766.6,76783849.3,0.972,627558.5,514394.5,514394.5,1.0,500000.0,0.0,0.0,0.0
ՀՀ էկոնոմիկայի նախարարություն,1086,1086,Գյուղական ենթակառուցվածքների վերականգնում և զարգացում,Գյուղատնտեսության ոլորտի արդյունավետության աճ,Գյուղատնտեսական արտադրանքի ծավալների ավելացում,11004,Զարգացման ֆրանսիական գործակալության աջակցությամբ իրականացվող ՀՀ Արարատի և Արմավիրի մարզերում» ոռոգվող գյուղատնտեսության զարգացման դրամաշնորհային ծրագրի համակարգում և ղեկավարում,Զարգացման ֆրանսիական գործակալության աջակցությամբ իրականացվող ՀՀ Արարատի և Արմավիրի մարզերում ոռոգվող գյուղատնտեսության զարգացման դրամաշնորհային ծրագրի համակարգում և ղեկավարում,Ծառայությունների մատուցում,79520899.7,78983766.6,76783849.3,0.972,2345441.7,2345441.7,997744.3,0.425,656655.2,656655.2,571428.5,0.87
ՀՀ էկոնոմիկայի նախարարություն,1086,1086,Գյուղական ենթակառուցվածքների վերականգնում և զարգացում,Գյուղատնտեսության ոլորտի արդյունավետության աճ,Գյուղատնտեսական արտադրանքի ծավալների ավելացում,11005,Ասիական զարգացման բանկի աջակցությամբ իրականացվող «Կլիմայական փոփոխություններին հարմարեցվող պարենային անվտանգության բարձրացման» դրամաշնորհային ծրագրի համակարգում և ղեկավարում,"Ներդրումներ կլիմադիմակայուն գյուղատնտեսության և պարենային անվտանգության բարձրացման նպատակով, ինչն ուղղվելու է երկու մարզերին Շիրակի և Տավուշի, որտեղ փոքր ֆերմերները բախվում են բարձր աղքատության, պարենային անապահովության և կլիմայական ռիսկերի",Ծառայությունների մատուցում,79520899.7,78983766.6,76783849.3,0.972,2345441.7,2345441.7,997744.3,0.425,150000.0,150000.0,155225.7,1.035
ՀՀ էկոնոմիկայի նախարարություն,1086,1086,Գյուղական ենթակառուցվածքների վերականգնում և զարգացում,Գյուղատնտեսության ոլորտի արդյունավետության աճ,Գյուղատնտեսական արտադրանքի ծավալների ավելացում,12003,Զարգացման ֆրանսիական գործակալության աջակցությամբ ՀՀ Արարատի և Արմավիրի մարզերում ժամանակակից պահանջներին համապատասխան ոռոգման համակարգերի ներդրման և զարգացմանն աջակցություն,Արարատի և Արմավիրի մարզերում ժամանակակից պահանջներին համապատասխան ոռոգման համակարգերի ներդրման աջակցություն,Տրանսֆերտների տրամադրում,79520899.7,78983766.6,76783849.3,0.972,2345441.7,2345441.7,997744.3,0.425,1232852.2,1232852.2,221501.5,0.18
ՀՀ էկոնոմիկայի նախարարություն,1086,1086,Գյուղական ենթակառուցվածքների վերականգնում և զարգացում,Գյուղատնտեսության ոլորտի արդյունավետության աճ,Գյուղատնտեսական արտադրանքի ծավալների ավելացում,12004,Ասիական զարգացման բանկի աջակցությամբ իրականացվող «Կլիմայական փոփոխություններին հարմարեցվող պարենային անվտանգության բարձրացման» դրամաշնորհային ծրագիր,"Ներդրումներ կլիմադիմակայուն գյուղատնտեսության և պարենային անվտանգության բարձրացման նպատակով, ինչն ուղղվելու է երկու մարզերին Շիրակի և Տավուշի, որտեղ փոքր ֆերմերները բախվում են բարձր աղքատության, պարենային անապահովության և կլիմայական ռիսկերի",Տրանսֆերտների տրամադրում,79520899.7,78983766.6,76783849.3,0.972,2345441.7,2345441.7,997744.3,0.425,200000.0,200000.0,0.0,0.0
ՀՀ էկոնոմիկայի նախարարություն,1086,1086,Գյուղական ենթակառուցվածքների վերականգնում և զարգացում,Գյուղատնտեսության ոլորտի արդյունավետության աճ,Գյուղատնտեսական արտադրանքի ծավալների ավելացում,31001,Զարգացման ֆրանսիական գործակալության աջակցությամբ իրականացվող ՀՀ Արարատի և Արմավիրի մարզերում Ոռոգվող գյուղատնտեսության զարգացման դրամաշնորհային ծրագիր,Ծրագրի իրականացման համար աշխատանքային պայմանների ապահովման նպատակով վարչական սարքավորումների ձեռք բերում,Պետական մարմինների կողմից օգտագործվող ոչ ֆինանսական ակտիվների հետ գործառնություններ,79520899.7,78983766.6,76783849.3,0.972,2345441.7,2345441.7,997744.3,0.425,105934.3,105934.3,49588.6,0.46799999999999997
ՀՀ էկոնոմիկայի նախարարություն,1104,1104,"Գիտելիքահենք, նորարարական տնտեսությանը և փոքր ու միջին ձեռնարկատիրությանը աջակցություն","Արտադրողականության բարձրացման նպատակով տնտեսության թվայնացման, նորարարական էլեկտրոնային կառավարման համակարգերի ներդրման, գիտելիքահենք գործարարությանը և փոքր ու միջին ձեռնարկատիրությանը աջակցություն","Արտադրողականության աճ, նորարարական և թվայնացված տնտեսություն, ՓՄՁ սուբյեկտների թվաքանակի ավելացու",11001,ՓՄՁ-ի սուբյեկտներին աջակցության ծրագրերի համակարգում և կառավարում,"Ֆինանսական և ներդրումային, գործարար ուսուցողական, տեղեկատվական, խորհրդատվական աջակցություն գործող և սկսնակ ՓՄՁ սուբյեկտներին",Ծառայությունների մատուցում,79520899.7,78983766.6,76783849.3,0.972,22072887.7,24515527.1,24372677.6,0.9940000000000001,740000.0,23000.0,20096.3,0.8740000000000001
ՀՀ էկոնոմիկայի նախարարություն,1104,1104,"Գիտելիքահենք, նորարարական տնտեսությանը և փոքր ու միջին ձեռնարկատիրությանը աջակցություն","Արտադրողականության բարձրացման նպատակով տնտեսության թվայնացման, նորարարական էլեկտրոնային կառավարման համակարգերի ներդրման, գիտելիքահենք գործարարությանը և փոքր ու միջին ձեռնարկատիրությանը աջակցություն","Արտադրողականության աճ, նորարարական և թվայնացված տնտեսություն, ՓՄՁ սուբյեկտների թվաքանակի ավելացու",11003,Համաշխարհային բանկի աջակցությամբ իրականացվող Տեխնոլոգիաների առևտրայնացման ենթակառուցվածքի զարգացում,"Տեխնոլոգիաների առևտրայնացման գործուն մեխանիզմների մշակումը, ներդրումն ու զարգացումը և պոտենցիալ առևտրային արժեք ներկայացնող գիտական արդյունքի հայտնաբերման և դրա առևտրային պոտենցիալի գնահատման մեխանիզմների մշակումը ու գնահատումը",Ծառայությունների մատուցում,79520899.7,78983766.6,76783849.3,0.972,22072887.7,24515527.1,24372677.6,0.9940000000000001,100000.0,0.0,0.0,0.0
ՀՀ էկոնոմիկայի նախարարություն,1104,1104,"Գիտելիքահենք, նորարարական տնտեսությանը և փոքր ու միջին ձեռնարկատիրությանը աջակցություն","Արտադրողականության բարձրացման նպատակով տնտեսության թվայնացման, նորարարական էլեկտրոնային կառավարման համակարգերի ներդրման, գիտելիքահենք գործարարությանը և փոքր ու միջին ձեռնարկատիրությանը աջակցություն","Արտադրողականության աճ, նորարարական և թվայնացված տնտեսություն, ՓՄՁ սուբյեկտների թվաքանակի ավելացու",11005,Մասնագիտական կարողությունների զարգացման նպատակով շահառուներին պետական աջակցություն,"Շահառուների առցանց, համակցված (առցանց և առկա բաղադրիչներով), կամ առկա եղանակով որակավորման կամ վերաորակավորման դասընթացների մասնակցության վճարի փոխհատուցում",Ծառայությունների մատուցում,79520899.7,78983766.6,76783849.3,0.972,22072887.7,24515527.1,24372677.6,0.9940000000000001,100000.0,0.0,0.0,0.0
ՀՀ էկոնոմիկայի նախարարություն,1104,1104,"Գիտելիքահենք, նորարարական տնտեսությանը և փոքր ու միջին ձեռնարկատիրությանը աջակցություն","Արտադրողականության բարձրացման նպատակով տնտեսության թվայնացման, նորարարական էլեկտրոնային կառավարման համակարգերի ներդրման, գիտելիքահենք գործարարությանը և փոքր ու միջին ձեռնարկատիրությանը աջակցություն","Արտադրողականության աճ, նորարարական և թվայնացված տնտեսություն, ՓՄՁ սուբյեկտների թվաքանակի ավելացու",11008,«Նորամուծության և ձեռներեցության ազգային կենտրոն» ՊՈԱԿ-ին աջակցություն,Կազմակերպության նախորդ տարիների հարկային պարտավորությունների մարմանն աջակցություն,Ծառայությունների մատուցում,79520899.7,78983766.6,76783849.3,0.972,22072887.7,24515527.1,24372677.6,0.9940000000000001,0.0,4200.0,4200.0,1.0
ՀՀ էկոնոմիկայի նախարարություն,1104,1104,"Գիտելիքահենք, նորարարական տնտեսությանը և փոքր ու միջին ձեռնարկատիրությանը աջակցություն","Արտադրողականության բարձրացման նպատակով տնտեսության թվայնացման, նորարարական էլեկտրոնային կառավարման համակարգերի ներդրման, գիտելիքահենք գործարարությանը և փոքր ու միջին ձեռնարկատիրությանը աջակցություն","Արտադրողականության աճ, նորարարական և թվայնացված տնտեսություն, ՓՄՁ սուբյեկտների թվաքանակի ավելացու",12001,Տնտեսության արդիականացման միջոցառմանը պետական աջակցություն,Արտադրական հնարավորությունների արդիականացման և նոր տեխնոլոգիաների ներմուծման խթանման նպատակով մատչելի պայմաններով վարկերի տրամադրում,Տրանսֆերտների տրամադրում,79520899.7,78983766.6,76783849.3,0.972,22072887.7,24515527.1,24372677.6,0.9940000000000001,19359687.7,22925619.2,22911668.3,0.9990000000000001
ՀՀ էկոնոմիկայի նախարարություն,1104,1104,"Գիտելիքահենք, նորարարական տնտեսությանը և փոքր ու միջին ձեռնարկատիրությանը աջակցություն","Արտադրողականության բարձրացման նպատակով տնտեսության թվայնացման, նորարարական էլեկտրոնային կառավարման համակարգերի ներդրման, գիտելիքահենք գործարարությանը և փոքր ու միջին ձեռնարկատիրությանը աջակցություն","Արտադրողականության աճ, նորարարական և թվայնացված տնտեսություն, ՓՄՁ սուբյեկտների թվաքանակի ավելացու",12003,Սկսնակ և փոքր բիզնեսին արտոնյալ պայմաններով վարկավորման տրամադրում,Սկսնակ և փոքր բիզնեսին արտոնյալ պայմաններով վարկավորման տրամադրում` վարկերի տարեկան տոկոսադրույքի սուբսիդավորման եղանակով,Տրանսֆերտների տրամադրում,79520899.7,78983766.6,76783849.3,0.972,22072887.7,24515527.1,24372677.6,0.9940000000000001,200000.0,0.0,0.0,0.0
ՀՀ էկոնոմիկայի նախարարություն,1104,1104,"Գիտելիքահենք, նորարարական տնտեսությանը և փոքր ու միջին ձեռնարկատիրությանը աջակցություն","Արտադրողականության բարձրացման նպատակով տնտեսության թվայնացման, նորարարական էլեկտրոնային կառավարման համակարգերի ներդրման, գիտելիքահենք գործարարությանը և փոքր ու միջին ձեռնարկատիրությանը աջակցություն","Արտադրողականության աճ, նորարարական և թվայնացված տնտեսություն, ՓՄՁ սուբյեկտների թվաքանակի ավելացու",12004,Բարձր որակավորում ունեցող մասնագետների ներգրավման նպատակով նախարարության միջոցով տնտեսավարողներին սուբսիդավորում,Հայաստանի Հանրապետության տարածքում գործող ընկերությունների արտադրողականության բարձրացման նպատակով բարձր որակավորում ունեցող մասնագետների ներգրավման աջակցություն,Տրանսֆերտների տրամադրում,79520899.7,78983766.6,76783849.3,0.972,22072887.7,24515527.1,24372677.6,0.9940000000000001,1573200.0,1499200.0,1428184.7,0.953
ՀՀ էկոնոմիկայի նախարարություն,1104,1104,"Գիտելիքահենք, նորարարական տնտեսությանը և փոքր ու միջին ձեռնարկատիրությանը աջակցություն","Արտադրողականության բարձրացման նպատակով տնտեսության թվայնացման, նորարարական էլեկտրոնային կառավարման համակարգերի ներդրման, գիտելիքահենք գործարարությանը և փոքր ու միջին ձեռնարկատիրությանը աջակցություն","Արտադրողականության աճ, նորարարական և թվայնացված տնտեսություն, ՓՄՁ սուբյեկտների թվաքանակի ավելացու",12005,Հայաստանի Հանրապետության Լոռու և Տավուշի մարզերում առաջացած արտակարգ իրավիճակի հետևանքով հայտարարված աղետի գոտիների տարածքներում տնտեսավարողներին աջակցության  տրամադրում,"Լոռու և Տավուշի մարզ-ում առաջ-ծ արտ. իրավիճ. հետևանք հայտ-ած աղետի գոտ. տարածք-ում գործ-ոն իրակ-ող և աղետից տուժած առևտ. կազ-ին կամ անհատ ձեռն-ին, ձեռնարկ-ն գործ-ան վայր հանդի-ող անշարժ գույքի սեփակ-ին կամ սեփ. իրավ. իրավատ-ին աջակց. տրամ-ում",Տրանսֆերտների տրամադրում,79520899.7,78983766.6,76783849.3,0.972,22072887.7,24515527.1,24372677.6,0.9940000000000001,0.0,63507.9,8528.4,0.134
ՀՀ էկոնոմիկայի նախարարություն,1116,1116,Անասնաբուժական ծառայություններ,Անասնահամաճարակային կայուն ֆոնի ապահովում,Գյուղատնտեսական կենդանիների վարակամերժության ապահովում,11001,Գյուղատնտեսական կենդանիների պատվաստում,"Անասնաբուժական ծառայության հակահամաճարակային միջոցառումների, կենդանիների հիվանդությունների կանխարգելման աշխատանքների կազմակերպում և համակարգում, անհրաժեշտ նյութերի ձեռքբերում",Ծառայությունների մատուցում,79520899.7,78983766.6,76783849.3,0.972,2945447.6,3341587.4,3154978.1,0.9440000000000001,2354047.6,2484505.4,2381362.3,0.958
ՀՀ էկոնոմիկայի նախարարություն,1116,1116,Անասնաբուժական ծառայություններ,Անասնահամաճարակային կայուն ֆոնի ապահովում,Գյուղատնտեսական կենդանիների վարակամերժության ապահովում,11005,Հայաստանի Հանրապետությունում խոշոր եղջերավոր կենդանիների համարակալում և հաշվառում,Հայաստանի Հանրապետությունում խոշոր եղջերավոր կենդանիների համարակալման և հաշվառման միջոցառումների իրականացում,Ծառայությունների մատուցում,79520899.7,78983766.6,76783849.3,0.972,2945447.6,3341587.4,3154978.1,0.9440000000000001,465000.0,817082.0,742115.8,0.9079999999999999
ՀՀ էկոնոմիկայի նախարարություն,1116,1116,Անասնաբուժական ծառայություններ,Անասնահամաճարակային կայուն ֆոնի ապահովում,Գյուղատնտեսական կենդանիների վարակամերժության ապահովում,11006,Մթերատվության բարձրացման փորձնական ծրագրի շրջանակներում կովերի արհեստական սերմնավորման միջոցառումների իրականացում,Արհեստական սերմնավորման միջոցով հանրապետությունում անասնագլխաքանակի ավելացում և տոհմային հատկանիշների բարելավում,Ծառայությունների մատուցում,79520899.7,78983766.6,76783849.3,0.972,2945447.6,3341587.4,3154978.1,0.9440000000000001,126400.0,0.0,0.0,0.0
ՀՀ էկոնոմիկայի նախարարություն,1116,1116,Անասնաբուժական ծառայություններ,Անասնահամաճարակային կայուն ֆոնի ապահովում,Գյուղատնտեսական կենդանիների վարակամերժության ապահովում,12001,Մթերատվության բարձրացման փորձնական ծրագրի շրջանակներում կովերի արհեստական սերմնավորման միջոցառումների իրականացում,Արհեստական սերմնավորման միջոցով հանրապետությունում անասնագլխաքանակի ավելացում և տոհմային հատկանիշների բարելավում,Տրանսֆերտների տրամադրում,79520899.7,78983766.6,76783849.3,0.972,2945447.6,3341587.4,3154978.1,0.9440000000000001,0.0,40000.0,31500.0,0.7879999999999999
ՀՀ էկոնոմիկայի նախարարություն,1165,1165,Ներդրումների և արտահանման խթանման ծրագիր,Ներդրումների ներգրավման և արտահանման խթանում,Նախորդ տարվա համեմատ ներդրումների և արտահանման ծավալների աճ,11002,ՀՀ արտահանմանն ուղղված արդյունաբերական քաղաքականության ռազմավարությամբ նախատեսված միջոցառումներ,"Նոր ոլորտների զարգացման նպաստում, արտահանմանն աջակցություն, նոր շուկաների ընդլայնման աջակցություն, սերտիֆիկացման ծառայությունների փոխհատուցում, վարկավորման տոկոսների սուբսիդավորում, կարողությունների զարգացում, արտահանման խնդիրների հետազոտում",Ծառայությունների մատուցում,79520899.7,78983766.6,76783849.3,0.972,4730600.0,4988903.0,4918224.3,0.986,577000.0,397000.0,388034.2,0.977
ՀՀ էկոնոմիկայի նախարարություն,1165,1165,Ներդրումների և արտահանման խթանման ծրագիր,Ներդրումների ներգրավման և արտահանման խթանում,Նախորդ տարվա համեմատ ներդրումների և արտահանման ծավալների աճ,11004,"Պետական աջակցություն Հայաստանի Հանրապետությունում ներդրումային ծրագրերի խթանմանը, իրականացմանը և հետներդրումային սպասարկմանը","Ներդրողների սպասարկմանը, ներդրումների խթանման աշխատանքների իրականացմանը, արդյունաբերական քաղաքականության ռազմավարությամբ նախատեսված միջոցառումների կազմակերպմանը, օտարերկրյա ներդրողների ներգրավմանը և հետներդրումային սպասարկմանը պետական աջակցություն",Ծառայությունների մատուցում,79520899.7,78983766.6,76783849.3,0.972,4730600.0,4988903.0,4918224.3,0.986,288000.0,288000.0,287616.0,0.9990000000000001
ՀՀ էկոնոմիկայի նախարարություն,1165,1165,Ներդրումների և արտահանման խթանման ծրագիր,Ներդրումների ներգրավման և արտահանման խթանում,Նախորդ տարվա համեմատ ներդրումների և արտահանման ծավալների աճ,11009,Հանրային ներդրումային ծրագրերի տեխնիկատնտեսական ուսումնասիրություն,Հանրային ներդրումային ծրագրերի նախագծերի իրականացման իրատեսականությունը գնահատելու նպատակով տեխնիկատնտեսական ուսումնասիրության իրականացում,Ծառայությունների մատուցում,79520899.7,78983766.6,76783849.3,0.972,4730600.0,4988903.0,4918224.3,0.986,250000.0,0.0,0.0,0.0
ՀՀ էկոնոմիկայի նախարարություն,1165,1165,Ներդրումների և արտահանման խթանման ծրագիր,Ներդրումների ներգրավման և արտահանման խթանում,Նախորդ տարվա համեմատ ներդրումների և արտահանման ծավալների աճ,11010,Տեքստիլ ոլորտի զարգացման ծրագրերն իրականացնող և աջակցող Օպերատորի շարունակական  գործունեության նպատակով պետական աջակցության ծրագիր,Տեքստիլ ոլորտի զարգացման գործողությունների ծրագրիրն իրականացնող Օպերատորի ֆինանասավորում,Ծառայությունների մատուցում,79520899.7,78983766.6,76783849.3,0.972,4730600.0,4988903.0,4918224.3,0.986,110700.0,20000.0,13602.0,0.68
ՀՀ էկոնոմիկայի նախարարություն,1165,1165,Ներդրումների և արտահանման խթանման ծրագիր,Ներդրումների ներգրավման և արտահանման խթանում,Նախորդ տարվա համեմատ ներդրումների և արտահանման ծավալների աճ,11012,Թողարկման և վարկանիշավորման պետական աջակցության ծրագիր,"Պարտատոմսերի և բաժնետոմսերի թողարկման, տեղաբաշխման և բորսայում ցուցակման համար օժանդակություն և միջազգային վարկանիշային գործակալություններից վարկանիշի ստացման և սպասարկման առաջին 12 ամիսների ծախսերի մասնակի փոխհատուցում",Ծառայությունների մատուցում,79520899.7,78983766.6,76783849.3,0.972,4730600.0,4988903.0,4918224.3,0.986,300000.0,240374.0,205374.0,0.8540000000000001
ՀՀ էկոնոմիկայի նախարարություն,1165,1165,Ներդրումների և արտահանման խթանման ծրագիր,Ներդրումների ներգրավման և արտահանման խթանում,Նախորդ տարվա համեմատ ներդրումների և արտահանման ծավալների աճ,11013,"«ԷՔՍՊՈ 2025» Օսակա, Կանսայ, Ճապոնիա համաշխարհային ցուցահանդեսին ՀՀ մասնակցության կազմակերպման աշխատանքներ",Ճապոնիայում և հարավասիական տարածաշրջանում ՀՀ ճանաչելիության բարձրացում բիզնեսի և այլ գործունեոթյան տեսակների համար որպես գրավիչ երկրի դիրքավորում,Ծառայությունների մատուցում,79520899.7,78983766.6,76783849.3,0.972,4730600.0,4988903.0,4918224.3,0.986,380000.0,296000.0,295008.9,0.997
ՀՀ էկոնոմիկայի նախարարություն,1165,1165,Ներդրումների և արտահանման խթանման ծրագիր,Ներդրումների ներգրավման և արտահանման խթանում,Նախորդ տարվա համեմատ ներդրումների և արտահանման ծավալների աճ,11014,Տեղական արտադրության դեղերի ներկայացման հեռուստահաղորդաշարի պատրաստում և հեռարձակման ապահովում,Ընկերությունների մասին պատմող ճանաչողական հաղորդաշարերի հեռարձակում,Ծառայությունների մատուցում,79520899.7,78983766.6,76783849.3,0.972,4730600.0,4988903.0,4918224.3,0.986,10000.0,0.0,0.0,0.0
ՀՀ էկոնոմիկայի նախարարություն,1165,1165,Ներդրումների և արտահանման խթանման ծրագիր,Ներդրումների ներգրավման և արտահանման խթանում,Նախորդ տարվա համեմատ ներդրումների և արտահանման ծավալների աճ,11015,"Պետական աջակցություն «Այգ-1» արևային ֆոտովոլտային (ֆՎ) էլեկտրակայանի նախագծման, ֆինանսավորման, կառուցման, տնօրինման և շահագործման ծրագրի իրականացմանը","ՀՀ Արագածոտնի մարզի Թալին և Դաշտադեմ համայնքների միջև «Այգ-1» արևային ֆՎ էլեկտրակայանի կառուցում և շահագործում,«Մասդար Հայաստան 1» ՓԲԸ 15% բաժնետոմսերը սեփականության իրավունքով ստանալու նպատակով «Արևային էներգետիկայի զարգացման ՓԲԸ-ին աջակցություն",Ծառայությունների մատուցում,79520899.7,78983766.6,76783849.3,0.972,4730600.0,4988903.0,4918224.3,0.986,0.0,23490.0,18380.0,0.782
ՀՀ էկոնոմիկայի նախարարություն,1165,1165,Ներդրումների և արտահանման խթանման ծրագիր,Ներդրումների ներգրավման և արտահանման խթանում,Նախորդ տարվա համեմատ ներդրումների և արտահանման ծավալների աճ,12001,Տեքստիլ ոլորտում կայունության զարգացման գործընթացներին պետական աջակացության տրամադրման միջոցառում,Տեքստիլ ոլորտի ընկերությունների կայունության զարգացման նպատակով ոլորտի կազմակերպությունների հավաստագրմանն ուղղված ծախսերի մասնակի փոխհատուցում,Տրանսֆերտների տրամադրում,79520899.7,78983766.6,76783849.3,0.972,4730600.0,4988903.0,4918224.3,0.986,31900.0,0.0,0.0,0.0
ՀՀ էկոնոմիկայի նախարարություն,1165,1165,Ներդրումների և արտահանման խթանման ծրագիր,Ներդրումների ներգրավման և արտահանման խթանում,Նախորդ տարվա համեմատ ներդրումների և արտահանման ծավալների աճ,12002,Տեքստիլ ոլորտի կազմակերպությունների համար մատակարարման շղթաների դիվերսիֆիկացիայի ապահովմանն ուղղված պետական աջակցություն,Տեքստիլ ընկերությունների կողմից ներգրավված առևտրի ֆինանսավորման վարկային գործիքների տոկոսադրույքների սուբսիդավորում և էլեկտրոնային հարթակներում վաճառքների խթանում,Տրանսֆերտների տրամադրում,79520899.7,78983766.6,76783849.3,0.972,4730600.0,4988903.0,4918224.3,0.986,167000.0,0.0,0.0,0.0
ՀՀ էկոնոմիկայի նախարարություն,1165,1165,Ներդրումների և արտահանման խթանման ծրագիր,Ներդրումների ներգրավման և արտահանման խթանում,Նախորդ տարվա համեմատ ներդրումների և արտահանման ծավալների աճ,12004,"Կլինիկական փորձարկումների, կենսահամարժեքության հետազոտությունների սուբսիդավորում",Հայաստանի Հանրապետությունում արտադրվող դեղերի կլինիկական փորձարկումների և (կամ) կենսահամարժեքության  հետազոտությունների ծախսերի մասնակի սուբսիդավորում,Տրանսֆերտների տրամադրում,79520899.7,78983766.6,76783849.3,0.972,4730600.0,4988903.0,4918224.3,0.986,200000.0,25000.0,25000.0,1.0
ՀՀ էկոնոմիկայի նախարարություն,1165,1165,Ներդրումների և արտահանման խթանման ծրագիր,Ներդրումների ներգրավման և արտահանման խթանում,Նախորդ տարվա համեմատ ներդրումների և արտահանման ծավալների աճ,12005,Դեղերի գրանցման փորձաքննությունների ծախսերի սուբսիդավորում,"Դեղերի շրջանառության պետական կարգավորման ոլորտում ԵԱՏՄ գրանցումների և վերագրանցումների, Հայաստանում կիրառման ենթակա դեղերի գրանցման և վերագրանցման, արտերկրում հայկական արտադրության դեղերի գրանցման ծախսերի սուբսիդավորում",Տրանսֆերտների տրամադրում,79520899.7,78983766.6,76783849.3,0.972,4730600.0,4988903.0,4918224.3,0.986,120000.0,40000.0,31630.4,0.7909999999999999
ՀՀ էկոնոմիկայի նախարարություն,1165,1165,Ներդրումների և արտահանման խթանման ծրագիր,Ներդրումների ներգրավման և արտահանման խթանում,Նախորդ տարվա համեմատ ներդրումների և արտահանման ծավալների աճ,12006,Հայաստանի Հանարապետության տնտեսապես բարդ ապրանքների արտադրությամբ զբաղվող առևտրային ընկերություններին պետական աջակցություն,"Տնտեսական բարդության ինդեքս օգտագործելով` պետական աջակցությունն առաջնահերթորեն տրամադրել այն տնտեսվարողներին, որոնք պատրաստվում են արտադրել 0.2 տնտեսական բարդության ցուցիչից ավելի բարձր ինդեքս ունեցող ապրանքներ",Տրանսֆերտների տրամադրում,79520899.7,78983766.6,76783849.3,0.972,4730600.0,4988903.0,4918224.3,0.986,200000.0,0.0,0.0,0.0
ՀՀ էկոնոմիկայի նախարարություն,1165,1165,Ներդրումների և արտահանման խթանման ծրագիր,Ներդրումների ներգրավման և արտահանման խթանում,Նախորդ տարվա համեմատ ներդրումների և արտահանման ծավալների աճ,12007,Մշակող արդյունաբերության ոլորտում աշխատողների ներգրավմանը պետական աջակցության տրամադրում,Աշխատողների որակավորման կամ վերապատրաստման ծախսերի մասնակի փոխհատուցման միջոցով խրախուսել մշակող արդյունաբերության ճյուղի գործատուներին ներգրավել առավել մեծ թվով պոտենցիալ աշխատողներ և կանխել ոլորտում աշխատողների հոսունությունը,Տրանսֆերտների տրամադրում,79520899.7,78983766.6,76783849.3,0.972,4730600.0,4988903.0,4918224.3,0.986,396000.0,283300.0,283282.5,1.0
ՀՀ էկոնոմիկայի նախարարություն,1165,1165,Ներդրումների և արտահանման խթանման ծրագիր,Ներդրումների ներգրավման և արտահանման խթանում,Նախորդ տարվա համեմատ ներդրումների և արտահանման ծավալների աճ,12008,Ենթակառուցվածքներ ներդրումների դիմաց ծրագրի շրջանակներում աջակցության տրամադրում,Ներդրումներ իրականացնող կազմակերպություններին ենթակառուցվածքների կառուցման աջակցության տրամադրում,Տրանսֆերտների տրամադրում,79520899.7,78983766.6,76783849.3,0.972,4730600.0,4988903.0,4918224.3,0.986,1700000.0,546302.4,544262.3,0.996
ՀՀ էկոնոմիկայի նախարարություն,1165,1165,Ներդրումների և արտահանման խթանման ծրագիր,Ներդրումների ներգրավման և արտահանման խթանում,Նախորդ տարվա համեմատ ներդրումների և արտահանման ծավալների աճ,12009,Արտահանման խթանման նպատակով օժանդակության տրամադրում,Արտահանման խթանման նպատակով արտահանողին ապրանքի արտահանումից հետո ներմուծվող երկրի օրենսդրությամբ այդ ապրանքի համար սահմանված մաքսատուրքի դրույքաչափին համապատասխան հաշվարկված գումարի չափով օժանդակության տրամադրում,Տրանսֆերտների տրամադրում,79520899.7,78983766.6,76783849.3,0.972,4730600.0,4988903.0,4918224.3,0.986,0.0,2773365.8,2773364.4,1.0
ՀՀ էկոնոմիկայի նախարարություն,1165,1165,Ներդրումների և արտահանման խթանման ծրագիր,Ներդրումների ներգրավման և արտահանման խթանում,Նախորդ տարվա համեմատ ներդրումների և արտահանման ծավալների աճ,12011,Հայաստանի Հանրապետությունից արտահանման սահմանափակման ներքո գտնվող ՀՀ ծագման որոշ ապրանքների` Հայաստանի Հանրապետությունում իրացմանն աջակցություն,Թիրախային ապրանքներ արտադրող և սեփական արտադրանքն իրացնող տնտեսավարողներին օժանդակության տրամադրում` ՀՀ-ում իրացման յուրաքանչյուր տոննայի համար` 10.0 հազար դրամի չափով,Տրանսֆերտների տրամադրում,79520899.7,78983766.6,76783849.3,0.972,4730600.0,4988903.0,4918224.3,0.986,0.0,50570.8,50570.8,1.0
ՀՀ էկոնոմիկայի նախարարություն,1165,1165,Ներդրումների և արտահանման խթանման ծրագիր,Ներդրումների ներգրավման և արտահանման խթանում,Նախորդ տարվա համեմատ ներդրումների և արտահանման ծավալների աճ,12012,Կառավարման համակարգերի և արտադրանքի համապատասխանության սերտիֆիկատների ստացմանն աջակցություն,Կազմակերպությունում ներդրված կառավարման համակարգերի սերտիֆիկացման համար կատարված ծախսերի և արտահանման նպատակով արտադրված արտադրանքի համար տրամադրված սերտիֆիկատի ծախսերի փոխհատուցում,Տրանսֆերտների տրամադրում,79520899.7,78983766.6,76783849.3,0.972,4730600.0,4988903.0,4918224.3,0.986,0.0,5500.0,2098.8,0.382
ՀՀ էկոնոմիկայի նախարարություն,1187,1187,Գյուղատնտեսության արդիականացման ծրագիր,"Գյուղատնտեսական տեխնիկական համակարգերի արդիականացում, ինտենսիվ այգիների ներդրման  և  տոհմաբուծության մեջ նոր ցեղատեսակների բուծման աջակցություն",Ոռոգման արդիական համակարգեր ներդրված հողատարածքների և տոհմային կենդանիների տեսակարար կշռի ավելացում,12002,"Հայաստանի Հանրապետությունում  խաղողի, ժամանակակից տեխնոլոգիաներով մշակվող ինտենսիվ պտղատու այգիների և հատապտղանոցների հիմնման համար վարկային տոկոսադրույքների սուբսիդավորում","Հայաստանի Հանրապետությունում  խաղողի, ժամանակակից տեխնոլոգիաներով մշակվող ինտենսիվ պտղատու այգիների և հատապտղանոցների հիմնման համար տնտեսավարողներին տրամադրվող նպատակային վարկերի տոկոսադրույքների սուբսիդավորում",Տրանսֆերտների տրամադրում,79520899.7,78983766.6,76783849.3,0.972,25685364.2,27429868.6,27424510.7,1.0,2466914.5,2229312.5,2229312.5,1.0
ՀՀ էկոնոմիկայի նախարարություն,1187,1187,Գյուղատնտեսության արդիականացման ծրագիր,"Գյուղատնտեսական տեխնիկական համակարգերի արդիականացում, ինտենսիվ այգիների ներդրման  և  տոհմաբուծության մեջ նոր ցեղատեսակների բուծման աջակցություն",Ոռոգման արդիական համակարգեր ներդրված հողատարածքների և տոհմային կենդանիների տեսակարար կշռի ավելացում,12003,Հայաստանի Հանրապետության գյուղատնտեսական տեխնիկայի լիզինգի աջակցության ծրագիր,Գյուղատնտեսական տեխնիկայի տրամադրման լիզինգի տոկոսադրույքների սուբսիդավորում,Տրանսֆերտների տրամադրում,79520899.7,78983766.6,76783849.3,0.972,25685364.2,27429868.6,27424510.7,1.0,1075458.8,957344.0,957344.0,1.0
ՀՀ էկոնոմիկայի նախարարություն,1187,1187,Գյուղատնտեսության արդիականացման ծրագիր,"Գյուղատնտեսական տեխնիկական համակարգերի արդիականացում, ինտենսիվ այգիների ներդրման  և  տոհմաբուծության մեջ նոր ցեղատեսակների բուծման աջակցություն",Ոռոգման արդիական համակարգեր ներդրված հողատարածքների և տոհմային կենդանիների տեսակարար կշռի ավելացում,12004,Հայաստանի Հանրապետության ագրոպարենային ոլորտի սարքավորումների լիզինգի աջակցության ծրագիր,Ագրոպարենային ոլորտի սարքավորումների տրամադրման լիզինգի տոկոսադրույքների սուբսիդավորում,Տրանսֆերտների տրամադրում,79520899.7,78983766.6,76783849.3,0.972,25685364.2,27429868.6,27424510.7,1.0,3492845.5,2875901.6,2875549.6,1.0
ՀՀ էկոնոմիկայի նախարարություն,1187,1187,Գյուղատնտեսության արդիականացման ծրագիր,"Գյուղատնտեսական տեխնիկական համակարգերի արդիականացում, ինտենսիվ այգիների ներդրման  և  տոհմաբուծության մեջ նոր ցեղատեսակների բուծման աջակցություն",Ոռոգման արդիական համակարգեր ներդրված հողատարածքների և տոհմային կենդանիների տեսակարար կշռի ավելացում,12005,Ոռոգման արդիական համակարգերի ներդրման համար տրամադրվող վարկերի տոկոսադրույքների սուբսիդավորման ծրագիր,Ոռոգման արդիական համակարգերի ներդրման նպատակով գյուղատնտեսությունում տնտեսավարողներին տրամադրվող նպատակային վարկերի տոկոսադրույքների սուբսիդավորում,Տրանսֆերտների տրամադրում,79520899.7,78983766.6,76783849.3,0.972,25685364.2,27429868.6,27424510.7,1.0,9480.8,42.3,42.2,0.998
ՀՀ էկոնոմիկայի նախարարություն,1187,1187,Գյուղատնտեսության արդիականացման ծրագիր,"Գյուղատնտեսական տեխնիկական համակարգերի արդիականացում, ինտենսիվ այգիների ներդրման  և  տոհմաբուծության մեջ նոր ցեղատեսակների բուծման աջակցություն",Ոռոգման արդիական համակարգեր ներդրված հողատարածքների և տոհմային կենդանիների տեսակարար կշռի ավելացում,12006,Հայաստանի Հանրապետության գյուղատնտեսությունում կարկտապաշտպան ցանցերի ներդրման համար տրամադրվող վարկերի տոկոսադրույքների սուբսիդավորում,Գյուղատնտեսության ոլորտում կարկտապաշտպան ցանցերի ներդրման համար տրամադրվող վարկերի տոկոսադրույքների սուբսիդավորում,Տրանսֆերտների տրամադրում,79520899.7,78983766.6,76783849.3,0.972,25685364.2,27429868.6,27424510.7,1.0,8029.5,8029.5,7856.4,0.978
ՀՀ էկոնոմիկայի նախարարություն,1187,1187,Գյուղատնտեսության արդիականացման ծրագիր,"Գյուղատնտեսական տեխնիկական համակարգերի արդիականացում, ինտենսիվ այգիների ներդրման  և  տոհմաբուծության մեջ նոր ցեղատեսակների բուծման աջակցություն",Ոռոգման արդիական համակարգեր ներդրված հողատարածքների և տոհմային կենդանիների տեսակարար կշռի ավելացում,12007,Փոքր և միջին «Խելացի» անասնաշենքերի կառուցման կամ վերակառուցման և դրանց տեխնոլոգիական ապահովմանն աջակցություն,Գյուղատնտեսական տնտեսավարողներին փոքր և միջին «Խելացի» անասնաշենքերի կառուցման կամ վերակառուցման և դրանց տեխնոլոգիական ապահովման համար աջակցության տրամադրում,Տրանսֆերտների տրամադրում,79520899.7,78983766.6,76783849.3,0.972,25685364.2,27429868.6,27424510.7,1.0,262200.0,69500.0,69500.0,1.0
ՀՀ էկոնոմիկայի նախարարություն,1187,1187,Գյուղատնտեսության արդիականացման ծրագիր,"Գյուղատնտեսական տեխնիկական համակարգերի արդիականացում, ինտենսիվ այգիների ներդրման  և  տոհմաբուծության մեջ նոր ցեղատեսակների բուծման աջակցություն",Ոռոգման արդիական համակարգեր ներդրված հողատարածքների և տոհմային կենդանիների տեսակարար կշռի ավելացում,12008,Հայաստանի Հանրապետությունում 2019-2024 թվականների տավարաբուծության զարգացման ծրագիր,Հանրապետությունում խոշոր եղջերավոր տոհմային կենդանիների ձեռքբերման համար տրմադրվող պատակային վարկերի տոկոսադրույքների սուբսիդավորում,Տրանսֆերտների տրամադրում,79520899.7,78983766.6,76783849.3,0.972,25685364.2,27429868.6,27424510.7,1.0,115170.9,69628.0,69627.4,1.0
ՀՀ էկոնոմիկայի նախարարություն,1187,1187,Գյուղատնտեսության արդիականացման ծրագիր,"Գյուղատնտեսական տեխնիկական համակարգերի արդիականացում, ինտենսիվ այգիների ներդրման  և  տոհմաբուծության մեջ նոր ցեղատեսակների բուծման աջակցություն",Ոռոգման արդիական համակարգեր ներդրված հողատարածքների և տոհմային կենդանիների տեսակարար կշռի ավելացում,12009,"Հայաստանի Հանրապետությունում խաղողի, ժամանակակից տեխնոլոգիաներով մշակվող ինտենսիվ պտղատու այգիների և հատապտղանոցների հիմնման համար պետական աջակցություն","Հայաստանի Հանրապետությունում խաղողի, ժամանակակից տեխնոլոգիաներով մշակվող ինտենսիվ պտղատու այգիների և հատապտղանոցների հիմնման համար տնտեսավարողների կողմից կատարված ծախսերի մասնակի փոխհատուցում",Տրանսֆերտների տրամադրում,79520899.7,78983766.6,76783849.3,0.972,25685364.2,27429868.6,27424510.7,1.0,0.0,33500.0,33500.0,1.0
ՀՀ էկոնոմիկայի նախարարություն,1187,1187,Գյուղատնտեսության արդիականացման ծրագիր,"Գյուղատնտեսական տեխնիկական համակարգերի արդիականացում, ինտենսիվ այգիների ներդրման  և  տոհմաբուծության մեջ նոր ցեղատեսակների բուծման աջակցություն",Ոռոգման արդիական համակարգեր ներդրված հողատարածքների և տոհմային կենդանիների տեսակարար կշռի ավելացում,12011,Փոքր և միջին ջերմոցային տնտեսությունների ներդրման պետական աջակցության ծրագիր,Ջերմոցների կառուցման ծախսերի մասնակի փոխհատուցում,Տրանսֆերտների տրամադրում,79520899.7,78983766.6,76783849.3,0.972,25685364.2,27429868.6,27424510.7,1.0,219329.3,43776.3,43776.0,1.0
ՀՀ էկոնոմիկայի նախարարություն,1187,1187,Գյուղատնտեսության արդիականացման ծրագիր,"Գյուղատնտեսական տեխնիկական համակարգերի արդիականացում, ինտենսիվ այգիների ներդրման  և  տոհմաբուծության մեջ նոր ցեղատեսակների բուծման աջակցություն",Ոռոգման արդիական համակարգեր ներդրված հողատարածքների և տոհմային կենդանիների տեսակարար կշռի ավելացում,12012,ՀՀ-ում  ոչխարաբուծության և այծաբուծության զարգացման նպատակով  տրամադրվող նպատակային վարկերի տոկոսադրույքների սուբսիդավորում,Հանրապետությունում մանր եղջերավոր տոհմային կենդանիների ձեռքբերման համար տրամադրվող նպատակային վարկերի տոկոսադրույքների սուբսիդավորում,Տրանսֆերտների տրամադրում,79520899.7,78983766.6,76783849.3,0.972,25685364.2,27429868.6,27424510.7,1.0,3136.7,3120.0,3119.9,1.0
ՀՀ էկոնոմիկայի նախարարություն,1187,1187,Գյուղատնտեսության արդիականացման ծրագիր,"Գյուղատնտեսական տեխնիկական համակարգերի արդիականացում, ինտենսիվ այգիների ներդրման  և  տոհմաբուծության մեջ նոր ցեղատեսակների բուծման աջակցություն",Ոռոգման արդիական համակարգեր ներդրված հողատարածքների և տոհմային կենդանիների տեսակարար կշռի ավելացում,12014,Հայաստանի Հանրապետությունում ինտենսիվ այգեգործության զարգացման նպատակով սուբսիդավորում,Հայաստանի Հանրապետությունում այգեհիմնման նպատակով տրամադրվող վարկերի տոկոսադրույքների սուբսիդավորում,Տրանսֆերտների տրամադրում,79520899.7,78983766.6,76783849.3,0.972,25685364.2,27429868.6,27424510.7,1.0,12149433.4,18354534.0,18354534.0,1.0
ՀՀ էկոնոմիկայի նախարարություն,1187,1187,Գյուղատնտեսության արդիականացման ծրագիր,"Գյուղատնտեսական տեխնիկական համակարգերի արդիականացում, ինտենսիվ այգիների ներդրման  և  տոհմաբուծության մեջ նոր ցեղատեսակների բուծման աջակցություն",Ոռոգման արդիական համակարգեր ներդրված հողատարածքների և տոհմային կենդանիների տեսակարար կշռի ավելացում,12015,Հայաստանի Հանրապետությունում ինտենսիվ այգեգործության զարգացման նպատակով ծախսերի փոխհատուցում,Հայաստանի Հանրապետությունում այգեհիմնման նպատակով կատարված ծախսերի մասնակի փոխհատուցում,Տրանսֆերտների տրամադրում,79520899.7,78983766.6,76783849.3,0.972,25685364.2,27429868.6,27424510.7,1.0,3842426.7,843475.6,843475.6,1.0
ՀՀ էկոնոմիկայի նախարարություն,1187,1187,Գյուղատնտեսության արդիականացման ծրագիր,"Գյուղատնտեսական տեխնիկական համակարգերի արդիականացում, ինտենսիվ այգիների ներդրման  և  տոհմաբուծության մեջ նոր ցեղատեսակների բուծման աջակցություն",Ոռոգման արդիական համակարգեր ներդրված հողատարածքների և տոհմային կենդանիների տեսակարար կշռի ավելացում,12016,Հայաստանի Հանրապետությունում  ջերմատնային տնտեսությունների  զարգացման աջակցության ծրագիր,Հայաստանի Հանրապետությունում ջերմատների հիմնման համար տրամադրվող վարկերի տոկոսադրույքների սուբսիդավորում,Տրանսֆերտների տրամադրում,79520899.7,78983766.6,76783849.3,0.972,25685364.2,27429868.6,27424510.7,1.0,1470238.1,1677629.8,1677629.8,1.0
ՀՀ էկոնոմիկայի նախարարություն,1187,1187,Գյուղատնտեսության արդիականացման ծրագիր,"Գյուղատնտեսական տեխնիկական համակարգերի արդիականացում, ինտենսիվ այգիների ներդրման  և  տոհմաբուծության մեջ նոր ցեղատեսակների բուծման աջակցություն",Ոռոգման արդիական համակարգեր ներդրված հողատարածքների և տոհմային կենդանիների տեսակարար կշռի ավելացում,12018,Ոչխարաբուծության և այծաբուծության զարգացման ծրագրին աջակցություն,"Արտերկրից բարձր մթերատու ոչխարի և այծերի ցեղերի տոհմային կենդանիների  ներկրման, ինչպես նաև ՀՀ-ից ձեռքբերումների շարունակականության ապահովում",Տրանսֆերտների տրամադրում,79520899.7,78983766.6,76783849.3,0.972,25685364.2,27429868.6,27424510.7,1.0,290700.0,107035.0,107034.7,1.0
ՀՀ էկոնոմիկայի նախարարություն,1187,1187,Գյուղատնտեսության արդիականացման ծրագիր,"Գյուղատնտեսական տեխնիկական համակարգերի արդիականացում, ինտենսիվ այգիների ներդրման  և  տոհմաբուծության մեջ նոր ցեղատեսակների բուծման աջակցություն",Ոռոգման արդիական համակարգեր ներդրված հողատարածքների և տոհմային կենդանիների տեսակարար կշռի ավելացում,12019,Տնամերձ հողամասերում այգեհիմնման և ոռոգման արդիական  համակարգերի ներդրման աջակցություն,ՀՀ Իջևան համայնքի Բերքաբեր և Խաշթառակ բնակավայրերում տնամերձ հողամասերում այգեհիմնման և ոռոգման արդիական համակարգերի ներդրման խթանում,Տրանսֆերտների տրամադրում,79520899.7,78983766.6,76783849.3,0.972,25685364.2,27429868.6,27424510.7,1.0,0.0,38040.0,38040.0,1.0
ՀՀ էկոնոմիկայի նախարարություն,1187,1187,Գյուղատնտեսության արդիականացման ծրագիր,"Գյուղատնտեսական տեխնիկական համակարգերի արդիականացում, ինտենսիվ այգիների ներդրման  և  տոհմաբուծության մեջ նոր ցեղատեսակների բուծման աջակցություն",Ոռոգման արդիական համակարգեր ներդրված հողատարածքների և տոհմային կենդանիների տեսակարար կշռի ավելացում,12020,Մեղվաբուծության զարգացման փորձնական ծրագրի իրականացման համար պետական աջակցություն,2024-2025 թվականներին պետական աջակցությամբ ձեռքբերվող յուրաքանչյուր մեղվափեթակի համար առավելագույնը 80000 ՀՀ դրամի ծախսերի 50%-ի փոխհատուցում,Տրանսֆերտների տրամադրում,79520899.7,78983766.6,76783849.3,0.972,25685364.2,27429868.6,27424510.7,1.0,280000.0,76000.0,71319.9,0.938
ՀՀ էկոնոմիկայի նախարարություն,1187,1187,Գյուղատնտեսության արդիականացման ծրագիր,"Գյուղատնտեսական տեխնիկական համակարգերի արդիականացում, ինտենսիվ այգիների ներդրման  և  տոհմաբուծության մեջ նոր ցեղատեսակների բուծման աջակցություն",Ոռոգման արդիական համակարգեր ներդրված հողատարածքների և տոհմային կենդանիների տեսակարար կշռի ավելացում,12021,Հայաստանի Հանրապետությունում 2025-2029 թվականների տավարաբուծության զարգացման ծրագրի շրջանակում սուբսիդավորում,Խոշոր եղջերավոր տոհմային կենդանիների ձեռքբերման համար տրամադրվող նպատակային վարկերի տոկոսադրույքների սուբսիդավորում,Տրանսֆերտների տրամադրում,79520899.7,78983766.6,76783849.3,0.972,25685364.2,27429868.6,27424510.7,1.0,0.0,1000.0,848.7,0.8490000000000001
ՀՀ էկոնոմիկայի նախարարություն,1187,1187,Գյուղատնտեսության արդիականացման ծրագիր,"Գյուղատնտեսական տեխնիկական համակարգերի արդիականացում, ինտենսիվ այգիների ներդրման  և  տոհմաբուծության մեջ նոր ցեղատեսակների բուծման աջակցություն",Ոռոգման արդիական համակարգեր ներդրված հողատարածքների և տոհմային կենդանիների տեսակարար կշռի ավելացում,12022,Հայաստանի Հանրապետությունում 2025-2029 թվականների տավարաբուծության զարգացման ծրագրի շրջանակներում աջակցություն,Խոշոր եղջերավոր տոհմային կենդանիների ձեռքբերման համար կատարված ծախսերի մասնակի փոխհատուցում,Տրանսֆերտների տրամադրում,79520899.7,78983766.6,76783849.3,0.972,25685364.2,27429868.6,27424510.7,1.0,0.0,42000.0,42000.0,1.0
ՀՀ էկոնոմիկայի նախարարություն,1190,1190,Զբոսաշրջության զարգացման ծրագիր,Հայաստանի և հայկական զբոսաշրջային արդյունքի մրցունակության և ճանաչելիության բարձրացում,Զբոսաշրջիկների թվաքանակի ավելացում,11001,"Զբոսաշրջության զարգացման ոլորտում պետական քաղաքականության մշակման և դրա կատարման համակարգման, պետական ծրագրերի պլանավորման, մշակման, իրականացման և մոնիտորինգի (վերահսկման) ծառայություններ","Քաղաքականության մշակման և դրա կատարման համակարգման, պետական ծրագրերի պլանավորման, մշակման, իրականացման և մոնիտորինգի (վերահսկման) ծառայություններ",Ծառայությունների մատուցում,79520899.7,78983766.6,76783849.3,0.972,6513709.8,1790267.0,1485587.4,0.83,148545.5,175815.7,175230.5,0.997
ՀՀ էկոնոմիկայի նախարարություն,1190,1190,Զբոսաշրջության զարգացման ծրագիր,Հայաստանի և հայկական զբոսաշրջային արդյունքի մրցունակության և ճանաչելիության բարձրացում,Զբոսաշրջիկների թվաքանակի ավելացում,11002,Աջակցություն զբոսաշրջության զարգացմանը,Զբոսաշրջիկների համար Հայաստանի գրավչությունը բարձրացնելուն ուղղված միջոցառումների իրականացում,Ծառայությունների մատուցում,79520899.7,78983766.6,76783849.3,0.972,6513709.8,1790267.0,1485587.4,0.83,800000.0,764384.0,736571.7,0.9640000000000001
ՀՀ էկոնոմիկայի նախարարություն,1190,1190,Զբոսաշրջության զարգացման ծրագիր,Հայաստանի և հայկական զբոսաշրջային արդյունքի մրցունակության և ճանաչելիության բարձրացում,Զբոսաշրջիկների թվաքանակի ավելացում,11004,Համաշխարհային բանկի աջակցությամբ իրականացվող Տեղական տնտեսության և ենթակառուցվածքների զարգացման  ծրագրի կառավարում,Տեղական տնտեսության և ենթակառուցվածքների զարգացման  ծրագիր` ՀՀ տարբեր մարզերում զբոսաշրջության հետ կապված ենթակառուցվածքների բարելավման նպատակով,Ծառայությունների մատուցում,79520899.7,78983766.6,76783849.3,0.972,6513709.8,1790267.0,1485587.4,0.83,43000.0,43000.0,42999.8,1.0
ՀՀ էկոնոմիկայի նախարարություն,1190,1190,Զբոսաշրջության զարգացման ծրագիր,Հայաստանի և հայկական զբոսաշրջային արդյունքի մրցունակության և ճանաչելիության բարձրացում,Զբոսաշրջիկների թվաքանակի ավելացում,12001,Համաշխարհային բանկի աջակցությամբ իրականացվող Տեղական տնտեսության և ենթակառուցվածքների զարգացման  ծրագրի շրջանակներում ՀՀ տարբեր մարզերում զբոսաշրջության հետ կապված ենթակառուցվածքների բարելավմանն ուղղված միջոցառումներ,"Ընտրված մարզերում զբոսաշրջության հետ կապված ենթակառուցվածքների, այդ թվում` ճանապարհների, ավտոկայանատեղերի, ջրամատակարարման համակարգերի, լուսավորության վերանորոգում և նորովի կառուցում",Տրանսֆերտների տրամադրում,79520899.7,78983766.6,76783849.3,0.972,6513709.8,1790267.0,1485587.4,0.83,522164.3,643134.5,530785.4,0.825
ՀՀ էկոնոմիկայի նախարարություն,1190,1190,Զբոսաշրջության զարգացման ծրագիր,Հայաստանի և հայկական զբոսաշրջային արդյունքի մրցունակության և ճանաչելիության բարձրացում,Զբոսաշրջիկների թվաքանակի ավելացում,12002,Համաշխարհային բանկի աջակցությամբ իրականացվող Զբոսաշրջության և մարզային ենթակառուցվածքների բարելավում,"Միջոցառումն ընդգրկում  է զբոսաշրջային կլաստերների համապարփակ և կայուն զարգացման ծրագրերի բարելավման առաջնայնություն, քաղաքային և համայնքային ենթակառուցվածքների համապարփակ արդիականացում և վերակառուցում",Տրանսֆերտների տրամադրում,79520899.7,78983766.6,76783849.3,0.972,6513709.8,1790267.0,1485587.4,0.83,5000000.0,163932.8,0.0,0.0
ՀՀ արտաքին գործերի նախարարություն,1050,1050,Միջազգային հարաբերությունների և դիվանագիտության ոլորտում մասնագետների պատրաստում և վերապատրաստում,Պետական կառավարման համակարգում արտաքին հարաբերությունների իրականացման արդյունավետության բարձրացում,"Դիվանագիտական ծառայության համալրում նոր և որակյալ մասնագետներով, դիվանագետների և պետական ծառայողների մասնագիտական կարողությունների բարելավում",11001,Արտաքին հարաբերությունների և դիվանագիտության ոլորտում մասնագետների պատրաստում և վերապատրաստում,Ուսումնական գործընթացի կազմակերպում,Ծառայությունների մատուցում,18083661.2,21041097.2,20961181.4,0.996,301467.6,301467.6,301467.6,1.0,301467.6,301467.6,301467.6,1.0
ՀՀ արտաքին գործերի նախարարություն,1061,1061,Արտաքին գործերի ոլորտում Կառավարության քաղաքականության մշակում և իրականացում,Հայաստանի Հանրապետության ինքնիշխանության և պետական շահերի պաշտպանություն,"Տարածաշրջանային խաղաղության և կայունության հաստատում, գործընկերների հետ համագործակցության խթանում և հարաբերությունների կարգավորում, ԼՂ-ից բռնի տեղահանվածների կարիքների հասցեագրում",11001,Կառավարության արտաքին քաղաքականության մշակում և իրագործման ապահովում,"ՀՀ ինքնիշխանության պաշտպանություն, արտաքին անվտանգության բաղադրիչի ամրապնդում,  արտերկրում ՀՀ քաղաքացիների շահերի պաշտպանություն",Ծառայությունների մատուցում,18083661.2,21041097.2,20961181.4,0.996,3322495.3,3457649.2,3392884.7,0.981,2804087.3,3012184.5,2968104.7,0.985
ՀՀ արտաքին գործերի նախարարություն,1061,1061,Արտաքին գործերի ոլորտում Կառավարության քաղաքականության մշակում և իրականացում,Հայաստանի Հանրապետության ինքնիշխանության և պետական շահերի պաշտպանություն,"Տարածաշրջանային խաղաղության և կայունության հաստատում, գործընկերների հետ համագործակցության խթանում և հարաբերությունների կարգավորում, ԼՂ-ից բռնի տեղահանվածների կարիքների հասցեագրում",11003,Արտասահմանյան պատվիրակությունների ընդունելություններ,Արտասահմանյան պատվիրակությունների ընդունելություններ,Ծառայությունների մատուցում,18083661.2,21041097.2,20961181.4,0.996,3322495.3,3457649.2,3392884.7,0.981,0.0,6906.7,6906.7,1.0
ՀՀ արտաքին գործերի նախարարություն,1061,1061,Արտաքին գործերի ոլորտում Կառավարության քաղաքականության մշակում և իրականացում,Հայաստանի Հանրապետության ինքնիշխանության և պետական շահերի պաշտպանություն,"Տարածաշրջանային խաղաղության և կայունության հաստատում, գործընկերների հետ համագործակցության խթանում և հարաբերությունների կարգավորում, ԼՂ-ից բռնի տեղահանվածների կարիքների հասցեագրում",11009,Հայաստանի Հանրապետությունում միջազգային նշանակության համաժողովների և այլ միջոցառումների կազմակերպում,Հայաստանի Հանրապետությունում միջազգային նշանակության համաժողովների և այլ միջոցառումների կազմակերպման և իրականացման աշխատանքներ,Ծառայությունների մատուցում,18083661.2,21041097.2,20961181.4,0.996,3322495.3,3457649.2,3392884.7,0.981,470000.0,390150.0,388802.9,0.997
ՀՀ արտաքին գործերի նախարարություն,1061,1061,Արտաքին գործերի ոլորտում Կառավարության քաղաքականության մշակում և իրականացում,Հայաստանի Հանրապետության ինքնիշխանության և պետական շահերի պաշտպանություն,"Տարածաշրջանային խաղաղության և կայունության հաստատում, գործընկերների հետ համագործակցության խթանում և հարաբերությունների կարգավորում, ԼՂ-ից բռնի տեղահանվածների կարիքների հասցեագրում",31001,Արտաքին գործերի նախարարության կարողությունների զարգացում և տեխնիկական հագեցվածության ապահովում,Արտաքին գործերի նախարարության աշխատանքային պայմանների բարելավման համար վարչական սարքավորումների ձեռք բերում,Պետական մարմինների կողմից օգտագործվող ոչ ֆինանսական ակտիվների հետ գործառնություններ,18083661.2,21041097.2,20961181.4,0.996,3322495.3,3457649.2,3392884.7,0.981,48408.0,48408.0,29070.5,0.601
ՀՀ արտաքին գործերի նախարարություն,1118,1118,Համագործակցություն միջազգային կազմակերպությունների հետ,Միջազգային կազմակերպություններում ներգրավման միջոցով ՀՀ առաջնահերթությունների սպասարկում,"Միջազգային կազմակերպություններում արտաքին քաղաքական, անվտանգային, սոցիալ-տնտեսական, մշակութային և այլ ոլորտներին առնչվող ՀՀ հետաքրքրությունների առաջմղում",12001,Միջազգային կազմակերպություններին ՀՀ անդամակցության վճարներ,"Միջազգային կազմակերպությունների աշխատանքներին ՀՀ մասնակցության, Հայաստանում նրանց կողմից տարբեր ծրագրերի իրականացման ապահովում",Տրանսֆերտների տրամադրում,18083661.2,21041097.2,20961181.4,0.996,1936293.3,1979753.7,1975283.5,0.998,1926693.3,1975753.7,1975283.5,1.0
ՀՀ արտաքին գործերի նախարարություն,1118,1118,Համագործակցություն միջազգային կազմակերպությունների հետ,Միջազգային կազմակերպություններում ներգրավման միջոցով ՀՀ առաջնահերթությունների սպասարկում,"Միջազգային կազմակերպություններում արտաքին քաղաքական, անվտանգային, սոցիալ-տնտեսական, մշակութային և այլ ոլորտներին առնչվող ՀՀ հետաքրքրությունների առաջմղում",12002,ՆԱՏՕ-ի հասարակական տեղեկատվական կենտրոնի գործունեության ապահովում,Երևանում ՆԱՏՕ-ի հասարակական տեղեկատվական կենտրոնի գրասենյակի վարձակալության վճար,Տրանսֆերտների տրամադրում,18083661.2,21041097.2,20961181.4,0.996,1936293.3,1979753.7,1975283.5,0.998,9600.0,4000.0,0.0,0.0
ՀՀ արտաքին գործերի նախարարություն,1128,1128,Օտարերկրյա պետություններում ՀՀ դիվանագիտական ծառայության մարմինների գործունեության կազմակերպում և իրականացում,Միջազգային ասպարեզում ՀՀ շահերի պաշտպանություն և դիրքորոշումների առաջ մղում,Երկկողմ և բազմակողմ միջազգային հարթակներում գործունեության ծավալում և օտարերկրյա պետություններում ՀՀ քաղաքացիների և իրավաբանական անձանց շահերի պաշտպանության ապահովում,11001,Օտարերկրյա պետություններում և միջազգային կազմակերպություններում հավատարմագրված ՀՀ դիվանագիտական ծառայության մարմինների գործունեության իրականացում,"Օտարերկրյա պետություններում և միջազգային կազմակերպություններում դիվանագիտական գործունեության միջոցով արտաքին գործերի բնագավառում ՀՀ Կառավարության քաղաքականության իրականացում, հյուպատոսական ծառայության մատուցում",Ծառայությունների մատուցում,18083661.2,21041097.2,20961181.4,0.996,12315639.4,14646392.4,14639476.4,1.0,12315639.4,12608952.4,12602036.4,0.9990000000000001
ՀՀ արտաքին գործերի նախարարություն,1128,1128,Օտարերկրյա պետություններում ՀՀ դիվանագիտական ծառայության մարմինների գործունեության կազմակերպում և իրականացում,Միջազգային ասպարեզում ՀՀ շահերի պաշտպանություն և դիրքորոշումների առաջ մղում,Երկկողմ և բազմակողմ միջազգային հարթակներում գործունեության ծավալում և օտարերկրյա պետություններում ՀՀ քաղաքացիների և իրավաբանական անձանց շահերի պաշտպանության ապահովում,11002,ՀՀ քաղաքացու անձնագիր տալու կամ փոխանակելու ծառայություն,ՀՀ քաղաքացու անձնագիր տալու կամ փոխանակելու համար պետական տուրքի վճարումից ազատելու արդյունքում չգանձված պետական տուրքի փոխհատուցում,Ծառայությունների մատուցում,18083661.2,21041097.2,20961181.4,0.996,12315639.4,14646392.4,14639476.4,1.0,0.0,144365.0,144365.0,1.0
ՀՀ արտաքին գործերի նախարարություն,1128,1128,Օտարերկրյա պետություններում ՀՀ դիվանագիտական ծառայության մարմինների գործունեության կազմակերպում և իրականացում,Միջազգային ասպարեզում ՀՀ շահերի պաշտպանություն և դիրքորոշումների առաջ մղում,Երկկողմ և բազմակողմ միջազգային հարթակներում գործունեության ծավալում և օտարերկրյա պետություններում ՀՀ քաղաքացիների և իրավաբանական անձանց շահերի պաշտպանության ապահովում,31001,Արտերկրում ՀՀ դեսպանությունների շենքային պայմանների ապահովում,"Օտարերկրյա պետություններում  ՀՀ դիվանագիտական ծառայության մարմինների գործունեության ապահովման նպատակով հողի և շենքերի ձեռքբերում, նախագծման և շինարարական աշխատանքների իրականացում (համաշինարարական աշխատանք, տարածքի բարեկարգում)",Պետական մարմինների կողմից օգտագործվող ոչ ֆինանսական ակտիվների հետ գործառնություններ,18083661.2,21041097.2,20961181.4,0.996,12315639.4,14646392.4,14639476.4,1.0,0.0,1893075.0,1893075.0,1.0
ՀՀ արտաքին գործերի նախարարություն,1178,1178,Հայաստանի Հանրապետությունում և օտարերկրյա պետություններում արարողակարգային միջոցառումների իրականացում,Արարողակարգային միջոցառումների պատշաճ կազմակերպում,Արարողակարգային միջոցառումների և Պետական արարողակարգի ծառայությանը վերապահված այլ գործառույթների համապարփակ իրականացումը՛ համաձայն միջազգայնորեն ընդունված կանոնների,11001,Պետական արարողակարգային միջոցառումների իրականացում,Հայաստանի Հանրապետությունում և օտարերկրյա պետություններում միջազգային արարողակարգային չափանիշներին համապատասխան միջոցառումների կազմակերպում և իրականացում,Ծառայությունների մատուցում,18083661.2,21041097.2,20961181.4,0.996,207765.6,504589.4,500824.4,0.993,207765.6,415336.4,411571.4,0.991
ՀՀ արտաքին գործերի նախարարություն,1178,1178,Հայաստանի Հանրապետությունում և օտարերկրյա պետություններում արարողակարգային միջոցառումների իրականացում,Արարողակարգային միջոցառումների պատշաճ կազմակերպում,Արարողակարգային միջոցառումների և Պետական արարողակարգի ծառայությանը վերապահված այլ գործառույթների համապարփակ իրականացումը՛ համաձայն միջազգայնորեն ընդունված կանոնների,11002,Արտասահմանյան պատվիրակությունների ընդունելություն,Արտասահմանյան պատվիրակությունների ընդունելություն,Ծառայությունների մատուցում,18083661.2,21041097.2,20961181.4,0.996,207765.6,504589.4,500824.4,0.993,0.0,89253.0,89253.0,1.0
ՀՀ արտաքին գործերի նախարարություն,9020,9020,Աջակցություն օտարերկրյա պետություններում ՀՀ դիվանագիտական ծառայության  կազմակերպմանը և իրականացմանը,Աջակցել երկկողմ և բազմակողմ միջազգային հարաբերություններում ՀՀ ներկայացմանը,Միջազգային հարաբերություններում ՀՀ ներգրավվածության աստիճանի և երկրի միջազգային հեղինակության բարձրացում,11001,Աջակցություն ՀՀ դեսպանությունների գործունեության իրականացմանը,Արտաքին գործերի բնագավառում ՀՀ կառավարության քաղաքականության իրականացման դիվանագիտական գործունեություն օտարերկրյա պետություններում և միջազգային կազմակերպություններում,Ծառայությունների մատուցում,18083661.2,21041097.2,20961181.4,0.996,0.0,151244.8,151244.8,1.0,0.0,151244.8,151244.8,1.0
ՀՀ շրջակա միջավայրի նախարարություն,1016,1016,Շրջակա միջավայրի վրա ազդեցության գնահատում և մոնիթորինգ,Նպաստել շրջակա միջավայրի և բնական ռեսուրսների (բացառությամբ օգտակար հանածոների) պահպանությանը,Շրջակա միջավայրի վերաբերյալ ամբողջական տեղեկատվության հրապարակում,11001,Շրջակա միջավայրի վրա ազդեցության գնահատում և փորձաքննություն,Շրջակա միջավայրի վրա ազդեցության գնահատման և փորձաքննության աշխատանքներ,Ծառայությունների մատուցում,14545340.5,16196636.9,13086372.7,0.8079999999999999,2984671.2,3363953.7,2595112.0,0.7709999999999999,220752.8,220752.8,219678.2,0.995
ՀՀ շրջակա միջավայրի նախարարություն,1016,1016,Շրջակա միջավայրի վրա ազդեցության գնահատում և մոնիթորինգ,Նպաստել շրջակա միջավայրի և բնական ռեսուրսների (բացառությամբ օգտակար հանածոների) պահպանությանը,Շրջակա միջավայրի վերաբերյալ ամբողջական տեղեկատվության հրապարակում,11003,"Արարատյան դաշտի ապօրինի շահագործվող, ինքնաշատրվանող և բացասական մակարդակով հորերի լուծարում և կոնսերվացում","Արարատյան դաշտի ապօրինի շահագործվող, ինքնաշատրվանող և բացասական մակարդակով հորերի լուծարման կամ կոնսերվացման աշխատանքների իրականացում",Ծառայությունների մատուցում,14545340.5,16196636.9,13086372.7,0.8079999999999999,2984671.2,3363953.7,2595112.0,0.7709999999999999,0.0,79340.0,22196.3,0.28
ՀՀ շրջակա միջավայրի նախարարություն,1016,1016,Շրջակա միջավայրի վրա ազդեցության գնահատում և մոնիթորինգ,Նպաստել շրջակա միջավայրի և բնական ռեսուրսների (բացառությամբ օգտակար հանածոների) պահպանությանը,Շրջակա միջավայրի վերաբերյալ ամբողջական տեղեկատվության հրապարակում,11004,"Հիդրոօդերևութաբանություն, շրջակա միջավայրի մոնիթորինգ և տեղեկատվության ապահովում","Հիդրոօդերևութաբանություն, շրջակա միջավայրի մոնիթորինգի տեղեկատվության տրամադրման  աշխատանքներ",Ծառայությունների մատուցում,14545340.5,16196636.9,13086372.7,0.8079999999999999,2984671.2,3363953.7,2595112.0,0.7709999999999999,1684541.0,1684541.0,1680617.7,0.998
ՀՀ շրջակա միջավայրի նախարարություն,1016,1016,Շրջակա միջավայրի վրա ազդեցության գնահատում և մոնիթորինգ,Նպաստել շրջակա միջավայրի և բնական ռեսուրսների (բացառությամբ օգտակար հանածոների) պահպանությանը,Շրջակա միջավայրի վերաբերյալ ամբողջական տեղեկատվության հրապարակում,11005,«Անցում էլեկտրական շարժունակությանը Հայաստանում» դրամաշնորհային ծրագրի կազմակերպչական աշխատանքների իրականացում,«Անցում էլեկտրական շարժունակությանը Հայաստանում» դրամաշնորհային ծրագրի կազմակերպչական և կառավարման միջոցառումների իրականացման աշխատանքների կազմակերպում,Ծառայությունների մատուցում,14545340.5,16196636.9,13086372.7,0.8079999999999999,2984671.2,3363953.7,2595112.0,0.7709999999999999,12687.2,12687.2,12685.5,1.0
ՀՀ շրջակա միջավայրի նախարարություն,1016,1016,Շրջակա միջավայրի վրա ազդեցության գնահատում և մոնիթորինգ,Նպաստել շրջակա միջավայրի և բնական ռեսուրսների (բացառությամբ օգտակար հանածոների) պահպանությանը,Շրջակա միջավայրի վերաբերյալ ամբողջական տեղեկատվության հրապարակում,11006,"«Շենքերի ոլորտում չափողականություն, հաշվետվողականություն և հավաստագրում (ՉՀՀ)» համակարգի ստեղծում և գիտելիքների կառավարում","ՀՀ հանրային նշանակության շենքերի և այլ հասարակական կառույցների էներգախնայողության հաշվարկման  համակարգի ստեղծման, ենթաօրենսդրական փաթեթի մշակման և համակարգի արդյունավետության վերաբերյալ տեղեկատվության հանրայնացման աշխատանքների իրականացում",Ծառայությունների մատուցում,14545340.5,16196636.9,13086372.7,0.8079999999999999,2984671.2,3363953.7,2595112.0,0.7709999999999999,72244.8,72244.8,71481.2,0.9890000000000001
ՀՀ շրջակա միջավայրի նախարարություն,1016,1016,Շրջակա միջավայրի վրա ազդեցության գնահատում և մոնիթորինգ,Նպաստել շրջակա միջավայրի և բնական ռեսուրսների (բացառությամբ օգտակար հանածոների) պահպանությանը,Շրջակա միջավայրի վերաբերյալ ամբողջական տեղեկատվության հրապարակում,11008,Արտասահմանյան պատվիրակությունների ընդունելություններ,Արտասահմանյան պատվիրակությունների ընդունելություններ,Ծառայությունների մատուցում,14545340.5,16196636.9,13086372.7,0.8079999999999999,2984671.2,3363953.7,2595112.0,0.7709999999999999,0.0,1742.5,1739.3,0.998
ՀՀ շրջակա միջավայրի նախարարություն,1016,1016,Շրջակա միջավայրի վրա ազդեցության գնահատում և մոնիթորինգ,Նպաստել շրջակա միջավայրի և բնական ռեսուրսների (բացառությամբ օգտակար հանածոների) պահպանությանը,Շրջակա միջավայրի վերաբերյալ ամբողջական տեղեկատվության հրապարակում,11009,«Հայաստանի դիմակայուն լանդշաֆտներ»  դրամաշնորհային ծրագիր,«Հայաստանի դիմակայուն լանդշաֆտների ծրագրի» շրջանակներում համապատասխան փաստաթղթերի և ձեռնարկների մշակում և Հյուսիսային Կապան և Տանձուտ լքված հանքավայրերի տեղամասերում ռեկուլտիվացիայի աշխատանքների իրականացում,Ծառայությունների մատուցում,14545340.5,16196636.9,13086372.7,0.8079999999999999,2984671.2,3363953.7,2595112.0,0.7709999999999999,679572.4,679572.4,161528.2,0.23800000000000002
ՀՀ շրջակա միջավայրի նախարարություն,1016,1016,Շրջակա միջավայրի վրա ազդեցության գնահատում և մոնիթորինգ,Նպաստել շրջակա միջավայրի և բնական ռեսուրսների (բացառությամբ օգտակար հանածոների) պահպանությանը,Շրջակա միջավայրի վերաբերյալ ամբողջական տեղեկատվության հրապարակում,11010,«Սևանա լճի ավազանում հողային ռեսուրսների և արժեքավոր էկոհամակարգերի պահպանում և կայուն կառավարում`  ուղղված բազմակի օգուտների»,Սևանա լճի ավազանի հողերի դեգրադացիայի նվազեցում և կենսաբազմազանության պահպանում: Ծրագիրը նաև ուղղված է  արոտավայրերի կայուն կառավարմանը և կայուն գյուղատնտեսական գործելակերպերի ապահովմանը`  հատկապես բնության հատուկ պահպանվող տարածքների շրջակայքում:,Ծառայությունների մատուցում,14545340.5,16196636.9,13086372.7,0.8079999999999999,2984671.2,3363953.7,2595112.0,0.7709999999999999,314873.0,314873.0,126985.6,0.40299999999999997
ՀՀ շրջակա միջավայրի նախարարություն,1016,1016,Շրջակա միջավայրի վրա ազդեցության գնահատում և մոնիթորինգ,Նպաստել շրջակա միջավայրի և բնական ռեսուրսների (բացառությամբ օգտակար հանածոների) պահպանությանը,Շրջակա միջավայրի վերաբերյալ ամբողջական տեղեկատվության հրապարակում,32003,«Հիդրոօդերևութաբանության և մոնիթորինգի կենտրոն» ՊՈԱԿ-ի տեխնիկական միջոցների արդիականացում և նոր սարքավորումների ձեռք բերում,«Հիդրոօդերևութաբանության և մոնիթորինգի կենտրոն» ՊՈԱԿ-ի տեխնիկական միջոցների արդիականացման և նոր սարքավորումներով համալրման աշխատանքների իրականացում,Այլ պետական կազմակերպությունների կողմից օգտագործվող ոչ ֆինանսական ակտիվների հետ գործառնություններ,14545340.5,16196636.9,13086372.7,0.8079999999999999,2984671.2,3363953.7,2595112.0,0.7709999999999999,0.0,298200.0,298200.0,1.0
ՀՀ շրջակա միջավայրի նախարարություն,1071,1071,"Շրջակա միջավայրի ոլորտում պետական քաղաքականության մշակում, ծրագրերի համակարգում և մոնիտորինգ",Շրջակա միջավայրի պահպանությանն ուղղված պետական քաղաքականության մշակում և իրականացում,"Շրջակա միջավայրի պահպանությանն ուղղված օրենսդրական դաշտի բարելավում, իրականացվող ծրագրերի ազդեցության և արդյունավետության աճ",11001,"Շրջակա միջավայրի ոլորտում քաղաքականության մշակում, ծրագրերի համակարգում և մոնիտորինգ","Շրջակա միջավայրի պահպանությանն ուղղված օրենսդրական դաշտի բարելավում, իրականացվող ծրագրերի արդյունավետության  ապահովում",Ծառայությունների մատուցում,14545340.5,16196636.9,13086372.7,0.8079999999999999,1267274.3,1394632.9,1376090.3,0.987,1142980.7,1270339.3,1252982.9,0.986
ՀՀ շրջակա միջավայրի նախարարություն,1071,1071,"Շրջակա միջավայրի ոլորտում պետական քաղաքականության մշակում, ծրագրերի համակարգում և մոնիտորինգ",Շրջակա միջավայրի պահպանությանն ուղղված պետական քաղաքականության մշակում և իրականացում,"Շրջակա միջավայրի պահպանությանն ուղղված օրենսդրական դաշտի բարելավում, իրականացվող ծրագրերի ազդեցության և արդյունավետության աճ",11002,Շրջակա միջավայրի ոլորտի ծրագրերի իրականացում,Շրջակա միջավայրի ոլորտի  ծրագրերի մշակում և իրականացման համակարգում,Ծառայությունների մատուցում,14545340.5,16196636.9,13086372.7,0.8079999999999999,1267274.3,1394632.9,1376090.3,0.987,105442.0,105442.0,104878.8,0.995
ՀՀ շրջակա միջավայրի նախարարություն,1071,1071,"Շրջակա միջավայրի ոլորտում պետական քաղաքականության մշակում, ծրագրերի համակարգում և մոնիտորինգ",Շրջակա միջավայրի պահպանությանն ուղղված պետական քաղաքականության մշակում և իրականացում,"Շրջակա միջավայրի պահպանությանն ուղղված օրենսդրական դաշտի բարելավում, իրականացվող ծրագրերի ազդեցության և արդյունավետության աճ",31001,ՀՀ շրջակա միջավայրի նախարարության տեխնիկական կարողությունների ընդլայնում,Համակարգչային սարքավորումների և գրասենյակային գույքի ձեռքբերում,Պետական մարմինների կողմից օգտագործվող ոչ ֆինանսական ակտիվների հետ գործառնություններ,14545340.5,16196636.9,13086372.7,0.8079999999999999,1267274.3,1394632.9,1376090.3,0.987,18851.6,18851.6,18228.6,0.9670000000000001
ՀՀ շրջակա միջավայրի նախարարություն,1133,1133,Բնապահպանական ծրագրերի իրականացում համայնքներում,Տնտեսական գործունեության հետևանքով շրջակա միջավայրին և բնակչության առողջությանը պատճառված վնասների մեղմմանն ուղղված ծրագրերի իրականացման համակարգում,Ազդակիր համայնքներում բարելավված շրջակա միջավայր,12001,Բնապահպանական սուբվենցիաներ համայնքներին,Տնտեսական գործունեության հետևանքով շրջակա միջավայրին և բնակչության առողջությանը պատճառված վնասների մեղմմանն ուղղված ծրագրերի իրականացման աջակցություն ազդակիր համայնքներին,Տրանսֆերտների տրամադրում,14545340.5,16196636.9,13086372.7,0.8079999999999999,1046076.4,1046076.4,846472.0,0.809,1046076.4,1046076.4,846472.0,0.809
ՀՀ շրջակա միջավայրի նախարարություն,1155,1155,Բնական ռեսուրսների և բնության հատուկ պահպանվող տարածքների կառավարում,Բնական ռեսուրսների և կենսաբազմազանության արդյունավետ կառավարում,Բնական ռեսուրսների և կենսաբազմազանության վերարտադրության աճի ապահովում,11001,Գերմանիայի զարգացման վարկերի բանկի (KFW) կողմից տրամադրվող դրամաշնորհային ծրագրի շրջանակներում ՀՀ Սյունիքի մարզի  բնության հատուկ պահպանվող տարածքների կառավարման բարելավմանն ուղղված ծրագրերի իրականացում,ՀՀ Սյունիքի մարզի բնության հատուկ պահպանվող տարածքների կառավարման  և հարակից համայնքների սոցիալ-տնտեսական վիճակի բարելավմանն ուղղված ծրագրերի մշակման և նախագծման աշխատանքների իրականացում,Ծառայությունների մատուցում,14545340.5,16196636.9,13086372.7,0.8079999999999999,1156806.7,2316533.2,1642067.3,0.7090000000000001,0.0,186957.2,94434.7,0.505
ՀՀ շրջակա միջավայրի նախարարություն,1155,1155,Բնական ռեսուրսների և բնության հատուկ պահպանվող տարածքների կառավարում,Բնական ռեսուրսների և կենսաբազմազանության արդյունավետ կառավարում,Բնական ռեսուրսների և կենսաբազմազանության վերարտադրության աճի ապահովում,11003,Սևանա լճում և նրա ջրահավաք ավազանում ձկան և խեցգետնի պաշարների հաշվառում,Սևանա լճում և նրա ջրահավաք ավազանում ձկան և խեցգետնի պաշարների հաշվառման աշխատանքներ,Ծառայությունների մատուցում,14545340.5,16196636.9,13086372.7,0.8079999999999999,1156806.7,2316533.2,1642067.3,0.7090000000000001,15452.2,24723.5,24723.4,1.0
ՀՀ շրջակա միջավայրի նախարարություն,1155,1155,Բնական ռեսուրսների և բնության հատուկ պահպանվող տարածքների կառավարում,Բնական ռեսուրսների և կենսաբազմազանության արդյունավետ կառավարում,Բնական ռեսուրսների և կենսաբազմազանության վերարտադրության աճի ապահովում,11004,«Սևան» ազգային պարկի կառավարում,«Սևան» ազգային պարկի տարածքում  գիտական ուսումնասիրությունների և  անտառատնտեսական  աշխատանքների կատարում,Ծառայությունների մատուցում,14545340.5,16196636.9,13086372.7,0.8079999999999999,1156806.7,2316533.2,1642067.3,0.7090000000000001,165088.7,165088.7,148579.8,0.9
ՀՀ շրջակա միջավայրի նախարարություն,1155,1155,Բնական ռեսուրսների և բնության հատուկ պահպանվող տարածքների կառավարում,Բնական ռեսուրսների և կենսաբազմազանության արդյունավետ կառավարում,Բնական ռեսուրսների և կենսաբազմազանության վերարտադրության աճի ապահովում,11005,«Դիլիջան» ազգային պարկի  կառավարում,«Դիլիջան» ազգային պարկի տարածքում  գիտական ուսումնասիրությունների և  անտառատնտեսական աշխատանքների կատարում,Ծառայությունների մատուցում,14545340.5,16196636.9,13086372.7,0.8079999999999999,1156806.7,2316533.2,1642067.3,0.7090000000000001,61701.0,61701.0,53830.9,0.872
ՀՀ շրջակա միջավայրի նախարարություն,1155,1155,Բնական ռեսուրսների և բնության հատուկ պահպանվող տարածքների կառավարում,Բնական ռեսուրսների և կենսաբազմազանության արդյունավետ կառավարում,Բնական ռեսուրսների և կենսաբազմազանության վերարտադրության աճի ապահովում,11006,«Արգելոցապարկային համալիր» բնության հատուկ պահպանվող տարածքների  կառավարում,«Արգելոցապարկային համալիր» ԲՀՊ տարածքներում  գիտական ուսումնասիրությունների և  անտառատնտեսական աշխատանքների կատարում,Ծառայությունների մատուցում,14545340.5,16196636.9,13086372.7,0.8079999999999999,1156806.7,2316533.2,1642067.3,0.7090000000000001,115799.7,115799.7,115799.7,1.0
ՀՀ շրջակա միջավայրի նախարարություն,1155,1155,Բնական ռեսուրսների և բնության հատուկ պահպանվող տարածքների կառավարում,Բնական ռեսուրսների և կենսաբազմազանության արդյունավետ կառավարում,Բնական ռեսուրսների և կենսաբազմազանության վերարտադրության աճի ապահովում,11007,«Խոսրովի անտառ» պետական արգելոցի  կառավարում,«Խոսրովի անտառ» պետական արգելոցի տարածքում   գիտական ուսումնասիրությունների և  անտառատնտեսական  աշխատանքների կատարում,Ծառայությունների մատուցում,14545340.5,16196636.9,13086372.7,0.8079999999999999,1156806.7,2316533.2,1642067.3,0.7090000000000001,111787.9,111787.9,111787.9,1.0
ՀՀ շրջակա միջավայրի նախարարություն,1155,1155,Բնական ռեսուրսների և բնության հատուկ պահպանվող տարածքների կառավարում,Բնական ռեսուրսների և կենսաբազմազանության արդյունավետ կառավարում,Բնական ռեսուրսների և կենսաբազմազանության վերարտադրության աճի ապահովում,11008,«Արփի լիճ» ազգային պարկի  կառավարում,«Արփի լիճ» ազգային պարկի գիտական ուսումնասիրությունների կատարում,Ծառայությունների մատուցում,14545340.5,16196636.9,13086372.7,0.8079999999999999,1156806.7,2316533.2,1642067.3,0.7090000000000001,47812.7,47812.7,47332.0,0.99
ՀՀ շրջակա միջավայրի նախարարություն,1155,1155,Բնական ռեսուրսների և բնության հատուկ պահպանվող տարածքների կառավարում,Բնական ռեսուրսների և կենսաբազմազանության արդյունավետ կառավարում,Բնական ռեսուրսների և կենսաբազմազանության վերարտադրության աճի ապահովում,11010,«Զանգեզուր կենսոլորտային համալիր » բնության հատուկ պահպանվող տարածքների կառավարում,«Զանգեզուր» կենսոլորտային համալիր  ԲՀՊ տարածքներում  գիտական ուսումնասիրությունների և  անտառատնտեսական աշխատանքների կատարում,Ծառայությունների մատուցում,14545340.5,16196636.9,13086372.7,0.8079999999999999,1156806.7,2316533.2,1642067.3,0.7090000000000001,122275.8,122275.8,122275.8,1.0
ՀՀ շրջակա միջավայրի նախարարություն,1155,1155,Բնական ռեսուրսների և բնության հատուկ պահպանվող տարածքների կառավարում,Բնական ռեսուրսների և կենսաբազմազանության արդյունավետ կառավարում,Բնական ռեսուրսների և կենսաբազմազանության վերարտադրության աճի ապահովում,11012,Որսի օբյեկտ հանդիսացող կենդանիների հաշվառում,Որսի օբյեկտ հանդիսացող կենդանիների հաշվառման և ստացված տվյալների հիման վրա պետական կադաստրի վարման աշխատանքների իրականացում,Ծառայությունների մատուցում,14545340.5,16196636.9,13086372.7,0.8079999999999999,1156806.7,2316533.2,1642067.3,0.7090000000000001,4388.7,4388.7,4388.7,1.0
ՀՀ շրջակա միջավայրի նախարարություն,1155,1155,Բնական ռեսուրսների և բնության հատուկ պահպանվող տարածքների կառավարում,Բնական ռեսուրսների և կենսաբազմազանության արդյունավետ կառավարում,Բնական ռեսուրսների և կենսաբազմազանության վերարտադրության աճի ապահովում,12004,Սևանի իշխանի պաշարների վերականգնման և ձկնաբուծության զարգացման հիմնադրամի առողջացմանն ուղղված աջակցություն,Սևանի իշխանի պաշարների վերականգնման և ձկնաբուծության զարգացմանհիմնադրամի ծրագրի առողջացմանն ուղղված աջակցության տրամադրում,Տրանսֆերտների տրամադրում,14545340.5,16196636.9,13086372.7,0.8079999999999999,1156806.7,2316533.2,1642067.3,0.7090000000000001,495700.0,495700.0,495700.0,1.0
ՀՀ շրջակա միջավայրի նախարարություն,1155,1155,Բնական ռեսուրսների և բնության հատուկ պահպանվող տարածքների կառավարում,Բնական ռեսուրսների և կենսաբազմազանության արդյունավետ կառավարում,Բնական ռեսուրսների և կենսաբազմազանության վերարտադրության աճի ապահովում,32001,Գերմանիայի զարգացման վարկերի բանկի (KFW) կողմից տրամադրվող դրամաշնորհային ծրագրի շրջանակներում ՀՀ Սյունիքի մարզի բնության հատուկ պահպանվող տարածքների պահպանությունն իրականացնող պետական կազմակերպությունների կարողությունների զարգացում,Սյունիքի մարզի բնության հատուկ պահպանվող տարածքների և անտառային տարածքների պահպանությունն իրականացնող պետական կազմակերպությունների կարողությունների հզորացում,Այլ պետական կազմակերպությունների կողմից օգտագործվող ոչ ֆինանսական ակտիվների հետ գործառնություններ,14545340.5,16196636.9,13086372.7,0.8079999999999999,1156806.7,2316533.2,1642067.3,0.7090000000000001,0.0,963498.0,406414.4,0.42200000000000004
ՀՀ շրջակա միջավայրի նախարարություն,1155,1155,Բնական ռեսուրսների և բնության հատուկ պահպանվող տարածքների կառավարում,Բնական ռեսուրսների և կենսաբազմազանության արդյունավետ կառավարում,Բնական ռեսուրսների և կենսաբազմազանության վերարտադրության աճի ապահովում,32002,ՀՀ Կոտայքի մարզի բնության հուշարձանների ուսումնասիրություն և անձնագրավորում,"ՀՀ Կոտայքի մարզի բնության հուշարձանների ուսումնասիրության, վերջիններիս իրավունքի պետական գրանցման և անձնագրավորման աշխատանքների իրականացում",Այլ պետական կազմակերպությունների կողմից օգտագործվող ոչ ֆինանսական ակտիվների հետ գործառնություններ,14545340.5,16196636.9,13086372.7,0.8079999999999999,1156806.7,2316533.2,1642067.3,0.7090000000000001,16800.0,16800.0,16800.0,1.0
ՀՀ շրջակա միջավայրի նախարարություն,1173,1173,Անտառների կառավարում,Անտառային տարածքների կայուն կառավարում,Կայուն կառավարվող անտառային տարածքների աճ,11001,Էկոպարեկային ծառայություն,Անտառներում և  բնության հատուկ պահպանվող տարածքներում պահպանության իրականացում և համակարգում,Ծառայությունների մատուցում,14545340.5,16196636.9,13086372.7,0.8079999999999999,8049711.2,8034640.0,6585830.4,0.82,5680741.9,4210187.0,3761701.0,0.893
ՀՀ շրջակա միջավայրի նախարարություն,1173,1173,Անտառների կառավարում,Անտառային տարածքների կայուն կառավարում,Կայուն կառավարվող անտառային տարածքների աճ,11002,Անտառկառավարման և անտառտնտեսական  ծառայություններ,Անտառային տարածքների կառավարման և անտառտնտեսական  աշխատանքների կատարման ծառայություններ,Ծառայությունների մատուցում,14545340.5,16196636.9,13086372.7,0.8079999999999999,8049711.2,8034640.0,6585830.4,0.82,474447.8,474447.8,474447.8,1.0
ՀՀ շրջակա միջավայրի նախարարություն,1173,1173,Անտառների կառավարում,Անտառային տարածքների կայուն կառավարում,Կայուն կառավարվող անտառային տարածքների աճ,11003,Անտառների կադաստրի վարում,Անտառային պետական կադաստրի վարում,Ծառայությունների մատուցում,14545340.5,16196636.9,13086372.7,0.8079999999999999,8049711.2,8034640.0,6585830.4,0.82,3000.0,3000.0,0.0,0.0
ՀՀ շրջակա միջավայրի նախարարություն,1173,1173,Անտառների կառավարում,Անտառային տարածքների կայուն կառավարում,Կայուն կառավարվող անտառային տարածքների աճ,11004,Անտառների վնասակար օրգանիզմների դեմ պայքար,Անտառածածկ տարածքներում վնասատուների և հիվանդությունների դեմ պայքար,Ծառայությունների մատուցում,14545340.5,16196636.9,13086372.7,0.8079999999999999,8049711.2,8034640.0,6585830.4,0.82,192100.0,150028.7,148880.0,0.992
ՀՀ շրջակա միջավայրի նախարարություն,1173,1173,Անտառների կառավարում,Անտառային տարածքների կայուն կառավարում,Կայուն կառավարվող անտառային տարածքների աճ,31001,Էկոպարեկային  ծառայության տեխնիկական կարողությունների ընդլայնում,Համակարգչային սարքավորումների և գրասենյակային գույքի ձեռքբերում,Պետական մարմինների կողմից օգտագործվող ոչ ֆինանսական ակտիվների հետ գործառնություններ,14545340.5,16196636.9,13086372.7,0.8079999999999999,8049711.2,8034640.0,6585830.4,0.82,699421.5,1301976.5,1269492.3,0.975
ՀՀ շրջակա միջավայրի նախարարություն,1173,1173,Անտառների կառավարում,Անտառային տարածքների կայուն կառավարում,Կայուն կառավարվող անտառային տարածքների աճ,31002,Էկոպարեկային ծառայության տրանսպորտային միջոցներով ապահովվածություն,Ավտոմեքենաների ձեռքբերում,Պետական մարմինների կողմից օգտագործվող ոչ ֆինանսական ակտիվների հետ գործառնություններ,14545340.5,16196636.9,13086372.7,0.8079999999999999,8049711.2,8034640.0,6585830.4,0.82,0.0,895000.0,0.0,0.0
ՀՀ շրջակա միջավայրի նախարարություն,1173,1173,Անտառների կառավարում,Անտառային տարածքների կայուն կառավարում,Կայուն կառավարվող անտառային տարածքների աճ,32001,Անտառվերականգնման և անտառապատման աշխատանքներ,Անտառվերականգնման և անտառապատման աշխատանքների իրականացում,Այլ պետական կազմակերպությունների կողմից օգտագործվող ոչ ֆինանսական ակտիվների հետ գործառնություններ,14545340.5,16196636.9,13086372.7,0.8079999999999999,8049711.2,8034640.0,6585830.4,0.82,1000000.0,1000000.0,931309.2,0.9309999999999999
ՀՀ շրջակա միջավայրի նախարարություն,1186,1186,Բնագիտական նմուշների պահպանություն և ցուցադրություն,"Նպաստել բնապահպանական աշխարհայացքի ձևավորմանը, բնակչության էկոլոգիական դաստիարակությանը",Մշտական և ժամանակավոր ցուցահանդեսների միջոցով հավաքածուները ներկայացնել հանրությանը և իրականացնել բնապահպանական քարոզչություն,11001,Բնագիտական նմուշների պահպանություն և ցուցադրություն,"Հայաստանին բնորոշ բնության օբյեկտների  նմուշների պահպանում, ֆոնդերի թարմացում, նմուշների ցուցահանդեսների կազմակերպում",Ծառայությունների մատուցում,14545340.5,16196636.9,13086372.7,0.8079999999999999,40800.7,40800.7,40800.7,1.0,40800.7,40800.7,40800.7,1.0
"ՀՀ կրթության, գիտության, մշակույթի և սպորտի նախարարություն",1041,1041,Մեծ նվաճումների սպորտ,Նպաստել Հայաստանում մեծ սպորտի շարունակական զարգացմանը և միջազգային հարթակներում ՀՀ դիրքի բարելավմանը,"ՀՀ առաջնությունների ընդլայնում, միջազգային սպորտային միջոցառումներին մասնակցության և նվաճումների ապահովում",11001,ՀՀ առաջնություններին և միջազգային միջոցառումներին մասնակցության ապահովման համար մարզիկների նախապատրաստում և առաջնությունների անցկացում,"Մարզաձևերի ազգային ֆեդերացիաների կողմից մարզիկների պատրաստում և տարբեր մարզաձևերի ՀՀ առաջնությունների և միջազգային մրցաշարերի անցկացում, ուսումնամարզական հավաքների կազմակերպում և միջազգային միջոցառումներին մասնակցություն",Ծառայությունների մատուցում,362664415.9,400232416.4,374398931.6,0.935,9614982.8,10215419.1,5225487.2,0.512,1367960.9,1477625.9,1474880.1,0.998
"ՀՀ կրթության, գիտության, մշակույթի և սպորտի նախարարություն",1041,1041,Մեծ նվաճումների սպորտ,Նպաստել Հայաստանում մեծ սպորտի շարունակական զարգացմանը և միջազգային հարթակներում ՀՀ դիրքի բարելավմանը,"ՀՀ առաջնությունների ընդլայնում, միջազգային սպորտային միջոցառումներին մասնակցության և նվաճումների ապահովում",11002,ՀՀ հավաքական թիմերին մարզահագուստով և մարզահանդերձանքով ապահովում,ՀՀ հավաքական թիմերին անհրաժեշտ մարզահագուստով և մարզահանդերձանքով ապահովման ծառայություններ,Ծառայությունների մատուցում,362664415.9,400232416.4,374398931.6,0.935,9614982.8,10215419.1,5225487.2,0.512,81840.0,67560.0,67560.0,1.0
"ՀՀ կրթության, գիտության, մշակույթի և սպորտի նախարարություն",1041,1041,Մեծ նվաճումների սպորտ,Նպաստել Հայաստանում մեծ սպորտի շարունակական զարգացմանը և միջազգային հարթակներում ՀՀ դիրքի բարելավմանը,"ՀՀ առաջնությունների ընդլայնում, միջազգային սպորտային միջոցառումներին մասնակցության և նվաճումների ապահովում",11003,Ադապտիվ սպորտին առնչվող ծառայություններ,Հաշմանդամային մարզական ՀԿ-ի կողմից միջազգային մրցաշարերին մարզիկների նախապատրաստում և մասնակցության ապահովում և ՀՀ առաջնությունների և այլ մարզական միջոցառումների անցկացում,Ծառայությունների մատուցում,362664415.9,400232416.4,374398931.6,0.935,9614982.8,10215419.1,5225487.2,0.512,59362.6,59362.6,55950.1,0.943
"ՀՀ կրթության, գիտության, մշակույթի և սպորտի նախարարություն",1041,1041,Մեծ նվաճումների սպորտ,Նպաստել Հայաստանում մեծ սպորտի շարունակական զարգացմանը և միջազգային հարթակներում ՀՀ դիրքի բարելավմանը,"ՀՀ առաջնությունների ընդլայնում, միջազգային սպորտային միջոցառումներին մասնակցության և նվաճումների ապահովում",11007,Շախմատիստների պատրաստման ծառայություններ,"Հայաստանի շախմատի ակադեմիա հիմնադրամի սաների ամենօրյա անվճար ուսուցում, միջազգային գրոսմայստերների և վարպետների պատրաստում, նրանց համար ուսումնամարզական հավաքների և մրցաշարերի կազմակերպում",Ծառայությունների մատուցում,362664415.9,400232416.4,374398931.6,0.935,9614982.8,10215419.1,5225487.2,0.512,156049.8,156049.8,156049.8,1.0
"ՀՀ կրթության, գիտության, մշակույթի և սպորտի նախարարություն",1041,1041,Մեծ նվաճումների սպորտ,Նպաստել Հայաստանում մեծ սպորտի շարունակական զարգացմանը և միջազգային հարթակներում ՀՀ դիրքի բարելավմանը,"ՀՀ առաջնությունների ընդլայնում, միջազգային սպորտային միջոցառումներին մասնակցության և նվաճումների ապահովում",11012,Եվրոպայի երիտասարդության օլիմպիական փառատոներին մասնակցության ապահովում,Եվրոպայի երիտասարդության օլիմպիական փառատոներին մասնակցության ապահովում,Ծառայությունների մատուցում,362664415.9,400232416.4,374398931.6,0.935,9614982.8,10215419.1,5225487.2,0.512,60454.1,54452.4,49455.8,0.9079999999999999
"ՀՀ կրթության, գիտության, մշակույթի և սպորտի նախարարություն",1041,1041,Մեծ նվաճումների սպորտ,Նպաստել Հայաստանում մեծ սպորտի շարունակական զարգացմանը և միջազգային հարթակներում ՀՀ դիրքի բարելավմանը,"ՀՀ առաջնությունների ընդլայնում, միջազգային սպորտային միջոցառումներին մասնակցության և նվաճումների ապահովում",11026,Հայաստանի Հանրապետության հակադոպինգային ծրագրերի մշակում և իրականացում,"ՀՀ մարզիկների մրցումային և արտամրցումային դոպինգ ստուգում, սպորտում արգելված նյութերի և մեթոդների կանխարգելում և հակադոպինգային կանոնակարգերի մշակում",Ծառայությունների մատուցում,362664415.9,400232416.4,374398931.6,0.935,9614982.8,10215419.1,5225487.2,0.512,88426.4,88426.4,88426.4,1.0
"ՀՀ կրթության, գիտության, մշակույթի և սպորտի նախարարություն",1041,1041,Մեծ նվաճումների սպորտ,Նպաստել Հայաստանում մեծ սպորտի շարունակական զարգացմանը և միջազգային հարթակներում ՀՀ դիրքի բարելավմանը,"ՀՀ առաջնությունների ընդլայնում, միջազգային սպորտային միջոցառումներին մասնակցության և նվաճումների ապահովում",11030,ՀՀ հավաքական թիմերի մարզիկների ֆունկցիոնալ վիճակի արդյունավետության բարձրացման նպատակով վիտամինիզացիայի և  սպորտում չարգելված կենսաբանական ակտիվ հավելումներով ապահովում,ՀՀ հավաքական թիմերի մարզիկների ֆունկցիոնալ վիճակի արդյունավետության բարձրացման նպատակով անհրաժեշտ վիտամինիզացիայի և  սպորտում չարգելված կենսաբանական ակտիվ հավելումներով ապահովում,Ծառայությունների մատուցում,362664415.9,400232416.4,374398931.6,0.935,9614982.8,10215419.1,5225487.2,0.512,30000.0,30000.0,29717.8,0.991
"ՀՀ կրթության, գիտության, մշակույթի և սպորտի նախարարություն",1041,1041,Մեծ նվաճումների սպորտ,Նպաստել Հայաստանում մեծ սպորտի շարունակական զարգացմանը և միջազգային հարթակներում ՀՀ դիրքի բարելավմանը,"ՀՀ առաջնությունների ընդլայնում, միջազգային սպորտային միջոցառումներին մասնակցության և նվաճումների ապահովում",11031,ՀՀ հավաքական թիմերի մարզիկների հոգեբանական արդյունավետության բարձրացում,Սպորտային հոգեբանության առաջատար մեթոդների ներդրման և կիրառման միջոցով մարզիկների արդյունավետության բարձրացում,Ծառայությունների մատուցում,362664415.9,400232416.4,374398931.6,0.935,9614982.8,10215419.1,5225487.2,0.512,2160.0,2160.0,2103.0,0.9740000000000001
"ՀՀ կրթության, գիտության, մշակույթի և սպորտի նախարարություն",1041,1041,Մեծ նվաճումների սպորտ,Նպաստել Հայաստանում մեծ սպորտի շարունակական զարգացմանը և միջազգային հարթակներում ՀՀ դիրքի բարելավմանը,"ՀՀ առաջնությունների ընդլայնում, միջազգային սպորտային միջոցառումներին մասնակցության և նվաճումների ապահովում",11036,ԱՊՀ երկրների երկրորդ մարզական խաղերին  ՀՀ մարզական պատվիրակության մասնակցության ապահովում,ԱՊՀ երկրների երկրորդ մարզական խաղերին ՀՀ մարզական պատվիրակության մասնակցության ապահովում,Ծառայությունների մատուցում,362664415.9,400232416.4,374398931.6,0.935,9614982.8,10215419.1,5225487.2,0.512,9487.5,0.0,0.0,0.0
"ՀՀ կրթության, գիտության, մշակույթի և սպորտի նախարարություն",1041,1041,Մեծ նվաճումների սպորտ,Նպաստել Հայաստանում մեծ սպորտի շարունակական զարգացմանը և միջազգային հարթակներում ՀՀ դիրքի բարելավմանը,"ՀՀ առաջնությունների ընդլայնում, միջազգային սպորտային միջոցառումներին մասնակցության և նվաճումների ապահովում",11047,"Հայաստանում խոշոր մրցաշարերի, աշխարհի և Եվրոպայի առաջնությունների կազմակերպում և անցկացում","Հայաստանում խոշոր մրցաշարերի, աշխարհի և Եվրոպայի առաջնությունների կազմակերպման և անցկացման ապահովում",Ծառայությունների մատուցում,362664415.9,400232416.4,374398931.6,0.935,9614982.8,10215419.1,5225487.2,0.512,1053210.0,927934.6,788326.8,0.85
"ՀՀ կրթության, գիտության, մշակույթի և սպորտի նախարարություն",1041,1041,Մեծ նվաճումների սպորտ,Նպաստել Հայաստանում մեծ սպորտի շարունակական զարգացմանը և միջազգային հարթակներում ՀՀ դիրքի բարելավմանը,"ՀՀ առաջնությունների ընդլայնում, միջազգային սպորտային միջոցառումներին մասնակցության և նվաճումների ապահովում",11051,Հայաստանում Ֆրանկոֆոնիայի մարզամշակութային խաղերի նախապատրաստում և անցկացում,Հայաստանում Ֆրանկոֆոնիայի մարզամշակութային խաղերի նախապատրաստում և անցկացման ապահովում,Ծառայությունների մատուցում,362664415.9,400232416.4,374398931.6,0.935,9614982.8,10215419.1,5225487.2,0.512,77710.0,3669.1,3560.6,0.97
"ՀՀ կրթության, գիտության, մշակույթի և սպորտի նախարարություն",1041,1041,Մեծ նվաճումների սպորտ,Նպաստել Հայաստանում մեծ սպորտի շարունակական զարգացմանը և միջազգային հարթակներում ՀՀ դիրքի բարելավմանը,"ՀՀ առաջնությունների ընդլայնում, միջազգային սպորտային միջոցառումներին մասնակցության և նվաճումների ապահովում",11053,Սպորտային միջոցառումների կազմակերպում,«Սպորտի կառավարման կենտրոն»  ՓԲԸ-ի միջոցով սպորտային միջոցառումների կազմակերպման  ապահովում,Ծառայությունների մատուցում,362664415.9,400232416.4,374398931.6,0.935,9614982.8,10215419.1,5225487.2,0.512,67000.0,326736.0,326736.0,1.0
"ՀՀ կրթության, գիտության, մշակույթի և սպորտի նախարարություն",1041,1041,Մեծ նվաճումների սպորտ,Նպաստել Հայաստանում մեծ սպորտի շարունակական զարգացմանը և միջազգային հարթակներում ՀՀ դիրքի բարելավմանը,"ՀՀ առաջնությունների ընդլայնում, միջազգային սպորտային միջոցառումներին մասնակցության և նվաճումների ապահովում",11054,"Աջակցություն ,Հավաքական թիմերի մարզական կենտրոնե ՓԲԸ-ին",««Հավաքական թիմերի մարզական կենտրոն»» ՓԲԸ-ի հրատապ խնդիրների լուծման նպատակով աջակցություն` այդ թվում կրեդիտորական պարտքերի մարում,Ծառայությունների մատուցում,362664415.9,400232416.4,374398931.6,0.935,9614982.8,10215419.1,5225487.2,0.512,0.0,108242.7,108242.7,1.0
"ՀՀ կրթության, գիտության, մշակույթի և սպորտի նախարարություն",1041,1041,Մեծ նվաճումների սպորտ,Նպաստել Հայաստանում մեծ սպորտի շարունակական զարգացմանը և միջազգային հարթակներում ՀՀ դիրքի բարելավմանը,"ՀՀ առաջնությունների ընդլայնում, միջազգային սպորտային միջոցառումներին մասնակցության և նվաճումների ապահովում",12001,Միջազգային մարզական միջոցառումների հաղթողներին և մրցանակակիրներին դրամական մրցանակների հանձնում,Միջազգային մարզական միջոցառումների հաղթողներին և մրցանակակիրներին դրամական մրցանակների հանձնում,Տրանսֆերտների տրամադրում,362664415.9,400232416.4,374398931.6,0.935,9614982.8,10215419.1,5225487.2,0.512,461000.0,713700.0,697980.0,0.978
"ՀՀ կրթության, գիտության, մշակույթի և սպորտի նախարարություն",1041,1041,Մեծ նվաճումների սպորտ,Նպաստել Հայաստանում մեծ սպորտի շարունակական զարգացմանը և միջազգային հարթակներում ՀՀ դիրքի բարելավմանը,"ՀՀ առաջնությունների ընդլայնում, միջազգային սպորտային միջոցառումներին մասնակցության և նվաճումների ապահովում",12002,"ՀՀ հավաքական թիմերի գլխավոր և ավագ մարզիչների վարձատրություն և աշխարհի չեմպիոններին, օլիմպիական խաղերի և շախմատի համաշխարհային օլիմպիադայի մրցանակակիրներին պատվովճարի հատկացում","ՀՀ հավաքական թիմերի գլխավոր և ավագ մարզիչների վարձատրություն և աշխարհի չեմպիոններին, օլիմպիական խաղերի և շախմատի համաշխարհային օլիմպիադայի մրցանակակիրներին պատվովճարի հատկացում",Տրանսֆերտների տրամադրում,362664415.9,400232416.4,374398931.6,0.935,9614982.8,10215419.1,5225487.2,0.512,187677.6,187114.9,181977.3,0.973
"ՀՀ կրթության, գիտության, մշակույթի և սպորտի նախարարություն",1041,1041,Մեծ նվաճումների սպորտ,Նպաստել Հայաստանում մեծ սպորտի շարունակական զարգացմանը և միջազգային հարթակներում ՀՀ դիրքի բարելավմանը,"ՀՀ առաջնությունների ընդլայնում, միջազգային սպորտային միջոցառումներին մասնակցության և նվաճումների ապահովում",12003,"Օլիմպիական խաղերում, աշխարհի և Եվրոպայի առաջնություններում բարձր արդյունքների հասած ՀՀ հավաքական թիմերի մարզիկներին և նրանց մարզիչներին  անվանական թոշակի հատկացում","Օլիմպիական խաղերում, աշխարհի և Եվրոպայի առաջնություններում բարձր արդյունքների հասած ՀՀ հավաքական թիմերի մարզիկներին և նրանց մարզիչներին  անվանական թոշակի հատկացում",Տրանսֆերտների տրամադրում,362664415.9,400232416.4,374398931.6,0.935,9614982.8,10215419.1,5225487.2,0.512,735918.8,835659.6,835659.5,1.0
"ՀՀ կրթության, գիտության, մշակույթի և սպորտի նախարարություն",1041,1041,Մեծ նվաճումների սպորտ,Նպաստել Հայաստանում մեծ սպորտի շարունակական զարգացմանը և միջազգային հարթակներում ՀՀ դիրքի բարելավմանը,"ՀՀ առաջնությունների ընդլայնում, միջազգային սպորտային միջոցառումներին մասնակցության և նվաճումների ապահովում",12006,ՀՀ «Տարվա լավագույնները» մրցույթի կազմակերպում և անցկացում,"ՀՀ «Տարվա լավագույնները» մրցույթի կազմակերպում, անցկացում և հաղթող ճանաչված մարզիկների պարգևատրում",Տրանսֆերտների տրամադրում,362664415.9,400232416.4,374398931.6,0.935,9614982.8,10215419.1,5225487.2,0.512,64435.1,64435.1,63998.9,0.993
"ՀՀ կրթության, գիտության, մշակույթի և սպորտի նախարարություն",1041,1041,Մեծ նվաճումների սպորտ,Նպաստել Հայաստանում մեծ սպորտի շարունակական զարգացմանը և միջազգային հարթակներում ՀՀ դիրքի բարելավմանը,"ՀՀ առաջնությունների ընդլայնում, միջազգային սպորտային միջոցառումներին մասնակցության և նվաճումների ապահովում",21001,Հայաստանում Ֆրանկոֆոնիայի խաղերի անցկացման համար անհրաժեշտ ենթակառուցվածքների ապահովում,"Հայաստանում 2027 թվականին Ֆրանկոֆոնիայի խաղերի անցկացման նպատակով համապատասխան ենթակառուցվածքների ստեղծում, բարելավում",Հանրության կողմից անմիջականորեն օգտագործվող ակտիվների հետ կապված միջոցառումներ,362664415.9,400232416.4,374398931.6,0.935,9614982.8,10215419.1,5225487.2,0.512,4622290.0,4622290.0,0.0,0.0
"ՀՀ կրթության, գիտության, մշակույթի և սպորտի նախարարություն",1041,1041,Մեծ նվաճումների սպորտ,Նպաստել Հայաստանում մեծ սպորտի շարունակական զարգացմանը և միջազգային հարթակներում ՀՀ դիրքի բարելավմանը,"ՀՀ առաջնությունների ընդլայնում, միջազգային սպորտային միջոցառումներին մասնակցության և նվաճումների ապահովում",32001,"Մանկապատանեկան մարզադպրոցներին, մարզաձևերի ազգային ֆեդերացիաներին և այլ մարզական կազմակերպություններին գույքով ապահովում","Սպորտի զարգացման նպատակով մարզադպրոցներին, ազգային ֆեդերացիաներին և այլ մարզական կազմակերպություններին մարզական և այլ անհրաժեշտ գույքի տրամադրում",Այլ պետական կազմակերպությունների կողմից օգտագործվող ոչ ֆինանսական ակտիվների հետ գործառնություններ,362664415.9,400232416.4,374398931.6,0.935,9614982.8,10215419.1,5225487.2,0.512,490000.0,490000.0,294862.3,0.602
"ՀՀ կրթության, գիտության, մշակույթի և սպորտի նախարարություն",1045,1045,Մասնագիտական կրթության և ուսուցման ծրագիր,"Աշխատաշուկայի արդի պահանջներին համապատասխան արհեստագործական և միջին մասնագիտական կրթության որակավորում ունեցող մասնագետների պատրաստում, կրթության մատչելիության ապահովում","Արհեստագործական և միջին մասնագիտական կրթության  գրավչության բարձրացում, մատչելի և մրցունակ արհեստագործական և միջին մասնագիտական կրթության ապահովում",11002,Մասնագիտական կրթության որակի ապահովման ծառայություններ,"Մասնագիտական կրթական հաստատությունների հավատարմագրում`  հավատարմագրման չափանիշների մշակում,  վերանայում",Ծառայությունների մատուցում,362664415.9,400232416.4,374398931.6,0.935,15268735.5,14928490.7,13541130.9,0.907,66312.3,66312.3,66312.3,1.0
"ՀՀ կրթության, գիտության, մշակույթի և սպորտի նախարարություն",1045,1045,Մասնագիտական կրթության և ուսուցման ծրագիր,"Աշխատաշուկայի արդի պահանջներին համապատասխան արհեստագործական և միջին մասնագիտական կրթության որակավորում ունեցող մասնագետների պատրաստում, կրթության մատչելիության ապահովում","Արհեստագործական և միջին մասնագիտական կրթության  գրավչության բարձրացում, մատչելի և մրցունակ արհեստագործական և միջին մասնագիտական կրթության ապահովում",11007,«Մասնագիտական կրթության և ուսուցման (ՄԿՈՒ) բարեփոխումներ` նոր օրենսդրության ներքո»,"Աջակցել ՄԿՈՒ նոր օրենքի դրույթների կիրարկմանը, ՄԿՈՒ շարունակականության ապահովմանը, հմտությունների մասնագիտացմանը և աշխատատեղերի համապատասխանությանը ձևավորված ոլորտային որակավորումների շրջանակներին",Ծառայությունների մատուցում,362664415.9,400232416.4,374398931.6,0.935,15268735.5,14928490.7,13541130.9,0.907,0.0,19400.0,19400.0,1.0
"ՀՀ կրթության, գիտության, մշակույթի և սպորտի նախարարություն",1045,1045,Մասնագիտական կրթության և ուսուցման ծրագիր,"Աշխատաշուկայի արդի պահանջներին համապատասխան արհեստագործական և միջին մասնագիտական կրթության որակավորում ունեցող մասնագետների պատրաստում, կրթության մատչելիության ապահովում","Արհեստագործական և միջին մասնագիտական կրթության  գրավչության բարձրացում, մատչելի և մրցունակ արհեստագործական և միջին մասնագիտական կրթության ապահովում",12001,Արհեստագործական հիմնական կրթական ծրագրում ընդգրկված  ուսանողների կրթաթոշակ,Արհեստագործական հիմնական կրթական ծրագրում ընդգրկված ուսանողներին կրթաթոշակի տրամադրում,Տրանսֆերտների տրամադրում,362664415.9,400232416.4,374398931.6,0.935,15268735.5,14928490.7,13541130.9,0.907,951444.0,951444.0,744526.2,0.7829999999999999
"ՀՀ կրթության, գիտության, մշակույթի և սպորտի նախարարություն",1045,1045,Մասնագիտական կրթության և ուսուցման ծրագիր,"Աշխատաշուկայի արդի պահանջներին համապատասխան արհեստագործական և միջին մասնագիտական կրթության որակավորում ունեցող մասնագետների պատրաստում, կրթության մատչելիության ապահովում","Արհեստագործական և միջին մասնագիտական կրթության  գրավչության բարձրացում, մատչելի և մրցունակ արհեստագործական և միջին մասնագիտական կրթության ապահովում",12002,Միջին մասնագիտական հիմնական կրթական ծրագրում ընդգրկված ուսանողների կրթաթոշակ,Միջին մասնագիտական հիմնական կրթական ծրագրում ընդգրկված  ուսանողներին կրթաթոշակի տրամադրում,Տրանսֆերտների տրամադրում,362664415.9,400232416.4,374398931.6,0.935,15268735.5,14928490.7,13541130.9,0.907,888647.0,888647.0,823652.9,0.927
"ՀՀ կրթության, գիտության, մշակույթի և սպորտի նախարարություն",1045,1045,Մասնագիտական կրթության և ուսուցման ծրագիր,"Աշխատաշուկայի արդի պահանջներին համապատասխան արհեստագործական և միջին մասնագիտական կրթության որակավորում ունեցող մասնագետների պատրաստում, կրթության մատչելիության ապահովում","Արհեստագործական և միջին մասնագիտական կրթության  գրավչության բարձրացում, մատչելի և մրցունակ արհեստագործական և միջին մասնագիտական կրթության ապահովում",12003,Արհեստագործական հիմնական կրթական ծրագրով ուսանողական նպաստների տրամադրում,Արհեստագործական հիմնական կրթական ծրագրով ուսանողական նպաստների տրամադրում,Տրանսֆերտների տրամադրում,362664415.9,400232416.4,374398931.6,0.935,15268735.5,14928490.7,13541130.9,0.907,2724674.0,2725168.5,2544326.8,0.934
"ՀՀ կրթության, գիտության, մշակույթի և սպորտի նախարարություն",1045,1045,Մասնագիտական կրթության և ուսուցման ծրագիր,"Աշխատաշուկայի արդի պահանջներին համապատասխան արհեստագործական և միջին մասնագիտական կրթության որակավորում ունեցող մասնագետների պատրաստում, կրթության մատչելիության ապահովում","Արհեստագործական և միջին մասնագիտական կրթության  գրավչության բարձրացում, մատչելի և մրցունակ արհեստագործական և միջին մասնագիտական կրթության ապահովում",12004,Միջին մասնագիտական հիմնական կրթական ծրագրով ուսանողական նպաստների տրամադրում,Միջին մասնագիտական հիմնական կրթական ծրագրով ուսանողական նպաստների տրամադրում,Տրանսֆերտների տրամադրում,362664415.9,400232416.4,374398931.6,0.935,15268735.5,14928490.7,13541130.9,0.907,7284254.9,7099089.3,6859835.8,0.966
"ՀՀ կրթության, գիտության, մշակույթի և սպորտի նախարարություն",1045,1045,Մասնագիտական կրթության և ուսուցման ծրագիր,"Աշխատաշուկայի արդի պահանջներին համապատասխան արհեստագործական և միջին մասնագիտական կրթության որակավորում ունեցող մասնագետների պատրաստում, կրթության մատչելիության ապահովում","Արհեստագործական և միջին մասնագիտական կրթության  գրավչության բարձրացում, մատչելի և մրցունակ արհեստագործական և միջին մասնագիտական կրթության ապահովում",12007,Մասնագիտական ուսումնական հաստատությունների մանկավարժական աշխատողների ատեստավորման համակարգի ներդրում և ատեստավորման գործընթացի շարունակական կազմակերպում` ուղղված մանկավարժական աշխատողների որակի  և վարձատրության բարձրացմանը,Ատեստավորման արդյունքում մանկավարժական աշխատողներին դրույքաչափի փոփոխության և համապատասխան հավելավճարի տրամադրման ապահովում,Տրանսֆերտների տրամադրում,362664415.9,400232416.4,374398931.6,0.935,15268735.5,14928490.7,13541130.9,0.907,223952.0,410373.9,403914.6,0.9840000000000001
"ՀՀ կրթության, գիտության, մշակույթի և սպորտի նախարարություն",1045,1045,Մասնագիտական կրթության և ուսուցման ծրագիր,"Աշխատաշուկայի արդի պահանջներին համապատասխան արհեստագործական և միջին մասնագիտական կրթության որակավորում ունեցող մասնագետների պատրաստում, կրթության մատչելիության ապահովում","Արհեստագործական և միջին մասնագիտական կրթության  գրավչության բարձրացում, մատչելի և մրցունակ արհեստագործական և միջին մասնագիտական կրթության ապահովում",12009,Մարզերում գործող  մասնագիտական ուսումնական հաստատությունների ուսանողների և մանկավարժական աշխատողների տրանսպորտային ծախսերի փոխհատուցում,Մարզերում գործող մասնագիտական ուսումնական հաստատությունների սովորողների և մանկավարժական աշխատողների տրանսպորտային ծախսերի փոխհատուցման ապահովում,Տրանսֆերտների տրամադրում,362664415.9,400232416.4,374398931.6,0.935,15268735.5,14928490.7,13541130.9,0.907,311682.0,545715.2,542895.2,0.995
"ՀՀ կրթության, գիտության, մշակույթի և սպորտի նախարարություն",1045,1045,Մասնագիտական կրթության և ուսուցման ծրագիր,"Աշխատաշուկայի արդի պահանջներին համապատասխան արհեստագործական և միջին մասնագիտական կրթության որակավորում ունեցող մասնագետների պատրաստում, կրթության մատչելիության ապահովում","Արհեստագործական և միջին մասնագիտական կրթության  գրավչության բարձրացում, մատչելի և մրցունակ արհեստագործական և միջին մասնագիտական կրթության ապահովում",12010,Կամավոր ատեստավորման համակարգի ներդրում և ատեստավորման գործընթացի շարունակական կազմակերպում` ուղղված մասնագիտական  ուսումնական հաստատությունների հանրակրթական առարկաներ դասավանդող մանկավարժական աշխատողների որակի բարձրացմանը,Մասնագիտական ուսումնական հաստատությունների հանրակրթական առարկաներ դասավանդող մանկավարժական աշխատողների կամավոր ատեստավորման համակարգի գործարկում,Տրանսֆերտների տրամադրում,362664415.9,400232416.4,374398931.6,0.935,15268735.5,14928490.7,13541130.9,0.907,156000.0,155320.5,151143.2,0.973
"ՀՀ կրթության, գիտության, մշակույթի և սպորտի նախարարություն",1045,1045,Մասնագիտական կրթության և ուսուցման ծրագիր,"Աշխատաշուկայի արդի պահանջներին համապատասխան արհեստագործական և միջին մասնագիտական կրթության որակավորում ունեցող մասնագետների պատրաստում, կրթության մատչելիության ապահովում","Արհեստագործական և միջին մասնագիտական կրթության  գրավչության բարձրացում, մատչելի և մրցունակ արհեստագործական և միջին մասնագիտական կրթության ապահովում",12012,2023 թվականի սեպտեմբերի 19-ից հետո Լեռնային Ղարաբաղից բռնի տեղահանված  և ՀՀ-ում արհեստագործական հիմնական կրթական ծրագրում ընգրկված ուսանողների ուսման վարձի փոխհատուցման նպատակով կրթաթոշակի տրամադրում,2023 թվականի սեպտեմբերի 19-ից հետո ԼՂ-ից բռնի տեղահանված և ՀՀ-ում արհեստագործական կրթական ծրագրում ընդգրկված ուսանողներին կրթաթոշակի տրամադրում,Տրանսֆերտների տրամադրում,362664415.9,400232416.4,374398931.6,0.935,15268735.5,14928490.7,13541130.9,0.907,11550.0,11550.0,3093.0,0.268
"ՀՀ կրթության, գիտության, մշակույթի և սպորտի նախարարություն",1045,1045,Մասնագիտական կրթության և ուսուցման ծրագիր,"Աշխատաշուկայի արդի պահանջներին համապատասխան արհեստագործական և միջին մասնագիտական կրթության որակավորում ունեցող մասնագետների պատրաստում, կրթության մատչելիության ապահովում","Արհեստագործական և միջին մասնագիտական կրթության  գրավչության բարձրացում, մատչելի և մրցունակ արհեստագործական և միջին մասնագիտական կրթության ապահովում",12013,2023 թվականի սեպտեմբերի 19-ից հետո Լեռնային Ղարաբաղից բռնի տեղահանված  և ՀՀ-ում միջին մասնագիտական հիմնական կրթական ծրագրում ընգրկված ուսանողների ուսման վարձի  փոխհատուցման նպատակով կրթաթոշակի տրամադրում,2023 թվականի սեպտեմբերի 19-ից հետո ԼՂ-ից բռնի տեղահանված և ՀՀ-ում միջին մասնագիտական հիմնական կրթական ծրագրում ընդգրկված ուսանողներին կրթաթոշակի տրամադրում,Տրանսֆերտների տրամադրում,362664415.9,400232416.4,374398931.6,0.935,15268735.5,14928490.7,13541130.9,0.907,199717.5,199717.5,72055.0,0.361
"ՀՀ կրթության, գիտության, մշակույթի և սպորտի նախարարություն",1045,1045,Մասնագիտական կրթության և ուսուցման ծրագիր,"Աշխատաշուկայի արդի պահանջներին համապատասխան արհեստագործական և միջին մասնագիտական կրթության որակավորում ունեցող մասնագետների պատրաստում, կրթության մատչելիության ապահովում","Արհեստագործական և միջին մասնագիտական կրթության  գրավչության բարձրացում, մատչելի և մրցունակ արհեստագործական և միջին մասնագիտական կրթության ապահովում",12015,Լեռնային Ղարաբաղից բռնի տեղահանված ընտանիքների Հայաստանի Հանրապետության արհեստագործական և միջին մասնագիտական հիմնական կրթական ծրագրեր իրականացնող   ուսումնական հաստատություններում սովորող ուսանողների ուսման վարձի փոխհատուցում,Մինչև 2023 թվականի սեպտեմբերի 19-ը ՀՀ արհեստագործական և միջին մասնագիտական հիմնական կրթական ծրագրեր իրականացնող հաստատությունների վճարովի ուսուցման համակարգում ընդգրկված ԼՂ-ից բռնի տեղահանված ընտանիքների ուսանողներին ուսման վարձի փոխհատուցում,Տրանսֆերտների տրամադրում,362664415.9,400232416.4,374398931.6,0.935,15268735.5,14928490.7,13541130.9,0.907,154620.0,154620.0,67754.0,0.43799999999999994
"ՀՀ կրթության, գիտության, մշակույթի և սպորտի նախարարություն",1045,1045,Մասնագիտական կրթության և ուսուցման ծրագիր,"Աշխատաշուկայի արդի պահանջներին համապատասխան արհեստագործական և միջին մասնագիտական կրթության որակավորում ունեցող մասնագետների պատրաստում, կրթության մատչելիության ապահովում","Արհեստագործական և միջին մասնագիտական կրթության  գրավչության բարձրացում, մատչելի և մրցունակ արհեստագործական և միջին մասնագիտական կրթության ապահովում",12016,Մասնագիտական  ուսումնական հաստատությունների միջնակարգ կրթության երրորդ մակարդակին համապատասխան առարկայական ծրագիր վարող մանկավարժական աշխատողներին տարակարգի շնորհման արդյունքում հավելավճարի տրամադրում,Արհեստագործական և միջին մասնագիտական ուսումնական հաստատությունների հանրակրթական առարկաներ դասավանդող մանկավարժական աշխատողների տարակարգի շնորհման համակարգի գործարկում,Տրանսֆերտների տրամադրում,362664415.9,400232416.4,374398931.6,0.935,15268735.5,14928490.7,13541130.9,0.907,11700.0,11700.0,0.0,0.0
"ՀՀ կրթության, գիտության, մշակույթի և սպորտի նախարարություն",1045,1045,Մասնագիտական կրթության և ուսուցման ծրագիր,"Աշխատաշուկայի արդի պահանջներին համապատասխան արհեստագործական և միջին մասնագիտական կրթության որակավորում ունեցող մասնագետների պատրաստում, կրթության մատչելիության ապահովում","Արհեստագործական և միջին մասնագիտական կրթության  գրավչության բարձրացում, մատչելի և մրցունակ արհեստագործական և միջին մասնագիտական կրթության ապահովում",12017,Մասնագիտական ուսումնական հաստատությունների մանկավարժական աշխատողների տարակարգի շնորհման արդյունքում հավելավճարի տրամադրում,Արհեստագործական և միջին մասնագիտական հիմնական կրթական ծրագրեր իրականացնող ուսումնական հաստատություններում տարակարգի որակավորում ստացած  մանկավարժական աշխատողներին հավելավճարի տրամադրման ապահովում,Տրանսֆերտների տրամադրում,362664415.9,400232416.4,374398931.6,0.935,15268735.5,14928490.7,13541130.9,0.907,9360.0,9360.0,0.0,0.0
"ՀՀ կրթության, գիտության, մշակույթի և սպորտի նախարարություն",1045,1045,Մասնագիտական կրթության և ուսուցման ծրագիր,"Աշխատաշուկայի արդի պահանջներին համապատասխան արհեստագործական և միջին մասնագիտական կրթության որակավորում ունեցող մասնագետների պատրաստում, կրթության մատչելիության ապահովում","Արհեստագործական և միջին մասնագիտական կրթության  գրավչության բարձրացում, մատչելի և մրցունակ արհեստագործական և միջին մասնագիտական կրթության ապահովում",32001,Մասնագիտական ուսումնական հաստատությունների շենքային պայմանների բարելավում,"Մասնագիտական ուսումնական հաստատությունների շենքերի հիմնանորոգման և նախագծման (շինարարական աշխատանքներ, ջեռուցման համակարգի ստեղծում, ներքին հարդարում, տարածքի բարեկարգում) աշխատանքների իրականացում",Այլ պետական կազմակերպությունների կողմից օգտագործվող ոչ ֆինանսական ակտիվների հետ գործառնություններ,362664415.9,400232416.4,374398931.6,0.935,15268735.5,14928490.7,13541130.9,0.907,1092146.5,906408.5,669355.8,0.738
"ՀՀ կրթության, գիտության, մշակույթի և սպորտի նախարարություն",1045,1045,Մասնագիտական կրթության և ուսուցման ծրագիր,"Աշխատաշուկայի արդի պահանջներին համապատասխան արհեստագործական և միջին մասնագիտական կրթության որակավորում ունեցող մասնագետների պատրաստում, կրթության մատչելիության ապահովում","Արհեստագործական և միջին մասնագիտական կրթության  գրավչության բարձրացում, մատչելի և մրցունակ արհեստագործական և միջին մասնագիտական կրթության ապահովում",32004,Մասնագիտական ուսումնական հաստատություններում ուսումնաարտադրական բազայով ապահովում,Մասնագիտական ուսումնական հաստատություններում ուսումնարտադրական բազայով ապահովման աշխատանքների իրականացում,Այլ պետական կազմակերպությունների կողմից օգտագործվող ոչ ֆինանսական ակտիվների հետ գործառնություններ,362664415.9,400232416.4,374398931.6,0.935,15268735.5,14928490.7,13541130.9,0.907,184863.9,184863.9,114175.4,0.618
"ՀՀ կրթության, գիտության, մշակույթի և սպորտի նախարարություն",1045,1045,Մասնագիտական կրթության և ուսուցման ծրագիր,"Աշխատաշուկայի արդի պահանջներին համապատասխան արհեստագործական և միջին մասնագիտական կրթության որակավորում ունեցող մասնագետների պատրաստում, կրթության մատչելիության ապահովում","Արհեստագործական և միջին մասնագիտական կրթության  գրավչության բարձրացում, մատչելի և մրցունակ արհեստագործական և միջին մասնագիտական կրթության ապահովում",32005,Մասնագիտական ուսումնական հաստատությունների շենքերի կառուցում,Մասնագիտական ուսումնական հաստատությունների շենքերի (մասնաշենքերի) կառուցման և նախագծման աշխատանքների իրականացում,Այլ պետական կազմակերպությունների կողմից օգտագործվող ոչ ֆինանսական ակտիվների հետ գործառնություններ,362664415.9,400232416.4,374398931.6,0.935,15268735.5,14928490.7,13541130.9,0.907,997811.4,588800.1,458690.8,0.779
"ՀՀ կրթության, գիտության, մշակույթի և սպորտի նախարարություն",1056,1056,Կինեմատոգրաֆիայի ծրագիր,"Կինոարվեստի և կինոարտադրության զարգացմանն աջակցություն, հայկական ավանդույթների շարունակականության ապահովում և կինոարվեստի հանրահռչակում","Կինոարտադրության ընդլայնում և տարածում, հասարակության կինոհաղորդակցության բարելավում",11001,Կինոնկարների արտադրություն,"Խաղարկային, անիմացիոն և վավերագրական  կինոնկարների արտադրություն",Ծառայությունների մատուցում,362664415.9,400232416.4,374398931.6,0.935,842222.9,828260.1,810197.1,0.978,478882.0,478882.0,476001.6,0.9940000000000001
"ՀՀ կրթության, գիտության, մշակույթի և սպորտի նախարարություն",1056,1056,Կինեմատոգրաֆիայի ծրագիր,"Կինոարվեստի և կինոարտադրության զարգացմանն աջակցություն, հայկական ավանդույթների շարունակականության ապահովում և կինոարվեստի հանրահռչակում","Կինոարտադրության ընդլայնում և տարածում, հասարակության կինոհաղորդակցության բարելավում",11002,Կինո-ֆոտո-ֆոնո հավաքածուի պահպանման ծառայություններ,"Կինո-ֆոտո-ֆոնո հավաքածուի պահպանում, վերականգնում",Ծառայությունների մատուցում,362664415.9,400232416.4,374398931.6,0.935,842222.9,828260.1,810197.1,0.978,81059.0,81059.0,71556.9,0.883
"ՀՀ կրթության, գիտության, մշակույթի և սպորտի նախարարություն",1056,1056,Կինեմատոգրաֆիայի ծրագիր,"Կինոարվեստի և կինոարտադրության զարգացմանն աջակցություն, հայկական ավանդույթների շարունակականության ապահովում և կինոարվեստի հանրահռչակում","Կինոարտադրության ընդլայնում և տարածում, հասարակության կինոհաղորդակցության բարելավում",11003,Կինոծրագրերի իրականացում,"Խաղարկային, վավերագրական և անիմացիոն կինոնկարների արտադրության ապահովում",Ծառայությունների մատուցում,362664415.9,400232416.4,374398931.6,0.935,842222.9,828260.1,810197.1,0.978,102257.6,206629.8,206629.5,1.0
"ՀՀ կրթության, գիտության, մշակույթի և սպորտի նախարարություն",1056,1056,Կինեմատոգրաֆիայի ծրագիր,"Կինոարվեստի և կինոարտադրության զարգացմանն աջակցություն, հայկական ավանդույթների շարունակականության ապահովում և կինոարվեստի հանրահռչակում","Կինոարտադրության ընդլայնում և տարածում, հասարակության կինոհաղորդակցության բարելավում",11005,Կինոարվեստի հանրահռչակում,"Կինոարվեստի հանրահռչակում, տարածում, մատչելիության ապահովում",Ծառայությունների մատուցում,362664415.9,400232416.4,374398931.6,0.935,842222.9,828260.1,810197.1,0.978,55689.3,61689.3,56009.1,0.9079999999999999
"ՀՀ կրթության, գիտության, մշակույթի և սպորտի նախարարություն",1056,1056,Կինեմատոգրաֆիայի ծրագիր,"Կինոարվեստի և կինոարտադրության զարգացմանն աջակցություն, հայկական ավանդույթների շարունակականության ապահովում և կինոարվեստի հանրահռչակում","Կինոարտադրության ընդլայնում և տարածում, հասարակության կինոհաղորդակցության բարելավում",11008,Կինոարտադրության ներդրումների վերադարձ,"Կինոոլորտում ներդրումների մասնակի վերադարձի մեխանիզմի գործարկում, կինոարդյունաբերության զարգացում, միջազգային համագործակցության ընդլայնում",Ծառայությունների մատուցում,362664415.9,400232416.4,374398931.6,0.935,842222.9,828260.1,810197.1,0.978,124335.0,0.0,0.0,0.0
"ՀՀ կրթության, գիտության, մշակույթի և սպորտի նախարարություն",1075,1075,Մշակութային ժառանգության ծրագիր,"Մշակութային ժառանգության պահպանում, օգտագործում, համալրում և հանրահռչակում","Մշակութային ժառանգության շարունակական պահպանում, մշակութային զբոսաշրջության զարգացում և խթանում",11001,Պատմամշակութային ժառանգության գիտահետազոտական աշխատանքներ,"Հուշարձանների  պետական հաշվառում, պահպանական գոտիների նախագծերի կազմում, հուշարձանների պետական կադաստրի կազմում, պեղումների կատարում",Ծառայությունների մատուցում,362664415.9,400232416.4,374398931.6,0.935,5459662.1,5643654.4,4962137.9,0.879,106465.2,106465.2,106465.2,1.0
"ՀՀ կրթության, գիտության, մշակույթի և սպորտի նախարարություն",1075,1075,Մշակութային ժառանգության ծրագիր,"Մշակութային ժառանգության պահպանում, օգտագործում, համալրում և հանրահռչակում","Մշակութային ժառանգության շարունակական պահպանում, մշակութային զբոսաշրջության զարգացում և խթանում",11002,Մշակութային արժեքների փորձաքննության ծառայություններ,Մշակութային նշանակության առարկաների մշակութաբանական և արվեստաբանական փորձաքննություններ,Ծառայությունների մատուցում,362664415.9,400232416.4,374398931.6,0.935,5459662.1,5643654.4,4962137.9,0.879,40700.6,40700.6,36746.6,0.903
"ՀՀ կրթության, գիտության, մշակույթի և սպորտի նախարարություն",1075,1075,Մշակութային ժառանգության ծրագիր,"Մշակութային ժառանգության պահպանում, օգտագործում, համալրում և հանրահռչակում","Մշակութային ժառանգության շարունակական պահպանում, մշակութային զբոսաշրջության զարգացում և խթանում",11003,Աջակցություն հայկական պատմամշակութային հուշարձանների վավերագրմանը,"Հուշարձանների լուսանկարում, չափագրում, վիմագրերի ընդօրինակում և վերծանում, քարտեզագրում, գրավոր աղբյուրների և արխիվային նյութերի ուսումնասիրություն, հուշարձանի վավերագրերի կազմում, վավերագրված հուշարձանների ցուցակների կազմում ըստ բնակավայրերի",Ծառայությունների մատուցում,362664415.9,400232416.4,374398931.6,0.935,5459662.1,5643654.4,4962137.9,0.879,66154.5,64730.5,63542.5,0.982
"ՀՀ կրթության, գիտության, մշակույթի և սպորտի նախարարություն",1075,1075,Մշակութային ժառանգության ծրագիր,"Մշակութային ժառանգության պահպանում, օգտագործում, համալրում և հանրահռչակում","Մշակութային ժառանգության շարունակական պահպանում, մշակութային զբոսաշրջության զարգացում և խթանում",11004,Թանգարանային ծառայություններ և ցուցահանդեսներ,"Թանգարանային նմուշների պահպանություն, ցուցահանդեսների կազմակերպում, մասնագետների վերապատրաստում",Ծառայությունների մատուցում,362664415.9,400232416.4,374398931.6,0.935,5459662.1,5643654.4,4962137.9,0.879,2784021.3,2700233.9,2608931.8,0.966
"ՀՀ կրթության, գիտության, մշակույթի և սպորտի նախարարություն",1075,1075,Մշակութային ժառանգության ծրագիր,"Մշակութային ժառանգության պահպանում, օգտագործում, համալրում և հանրահռչակում","Մշակութային ժառանգության շարունակական պահպանում, մշակութային զբոսաշրջության զարգացում և խթանում",11005,Աջակցություն ոչ նյութական մշակութային ժառանգության պահպանմանը,"Անցյալում ստեղծված, պահպանվող, կիրառվող և բանավոր ճանապարհով փոխանցվող ավանդական մշակութային արժեքների ամբողջության պահպանությանն ուղղված ծառայություններ",Ծառայությունների մատուցում,362664415.9,400232416.4,374398931.6,0.935,5459662.1,5643654.4,4962137.9,0.879,46800.0,43053.4,36109.5,0.8390000000000001
"ՀՀ կրթության, գիտության, մշակույթի և սպորտի նախարարություն",1075,1075,Մշակութային ժառանգության ծրագիր,"Մշակութային ժառանգության պահպանում, օգտագործում, համալրում և հանրահռչակում","Մշակութային ժառանգության շարունակական պահպանում, մշակութային զբոսաշրջության զարգացում և խթանում",11007,Աջակցություն թանգարանային միջոցառումների իրականացմանը,Մշակութային ժառանգության պահպանությանը և հանրահռչակմանն ուղղված թանգարանային միջոցառումների իրականացում,Ծառայությունների մատուցում,362664415.9,400232416.4,374398931.6,0.935,5459662.1,5643654.4,4962137.9,0.879,40625.0,40625.0,34656.1,0.853
"ՀՀ կրթության, գիտության, մշակույթի և սպորտի նախարարություն",1075,1075,Մշակութային ժառանգության ծրագիր,"Մշակութային ժառանգության պահպանում, օգտագործում, համալրում և հանրահռչակում","Մշակութային ժառանգության շարունակական պահպանում, մշակութային զբոսաշրջության զարգացում և խթանում",11008,"Պատմության, մշակույթի անշարժ հուշարձանների հանրահռչակում միջազգային հարթակներում",Պատմության և մշակույթի անշարժ հուշարձանների վերաբերյալ` ՅՈՒՆԵՍԿՕ-ի և այլ միջազգային կազմակերպությունների հարթակներում կազմակերպվող միջազգային ծրագրերին մասնակցության ապահովում,Ծառայությունների մատուցում,362664415.9,400232416.4,374398931.6,0.935,5459662.1,5643654.4,4962137.9,0.879,6000.0,6000.0,5262.7,0.877
"ՀՀ կրթության, գիտության, մշակույթի և սպորտի նախարարություն",1075,1075,Մշակութային ժառանգության ծրագիր,"Մշակութային ժառանգության պահպանում, օգտագործում, համալրում և հանրահռչակում","Մշակութային ժառանգության շարունակական պահպանում, մշակութային զբոսաշրջության զարգացում և խթանում",11009,"Թանգարաններում էլեկտրոնային տոմսերի միասնական ավտոմատացված համակարգերի ստեղծում, ներդրում և սպասարկում","Թանգարանների համար տոմսերի վաճառքի և մուտքի հասանելիության վերահսկման և կառավարման համակարգերի ստեղծում, տոմսային տնտեսության և ֆինանսական հոսքերի կառավարման ժամանակակից գործիքակազմի ներդրում, համակարգի ընթացիկ սպասարկում",Ծառայությունների մատուցում,362664415.9,400232416.4,374398931.6,0.935,5459662.1,5643654.4,4962137.9,0.879,11750.4,24026.4,24026.4,1.0
"ՀՀ կրթության, գիտության, մշակույթի և սպորտի նախարարություն",1075,1075,Մշակութային ժառանգության ծրագիր,"Մշակութային ժառանգության պահպանում, օգտագործում, համալրում և հանրահռչակում","Մշակութային ժառանգության շարունակական պահպանում, մշակութային զբոսաշրջության զարգացում և խթանում",11010,Մշակույթի զարգացման հիմնադրամի ծառայություններ,"Մշակույթի պահպանման, տարածման և զարգացման համար լրացուցիչ ֆինանսական միջոցների ներգրավում, մշակութային ենթակառուցվածքների գործունեության շարունակական բարելավում, մշակութային ժառանգությանն ու մշակութային կյանքին հաղորդակցման մատչելիության ապահովում",Ծառայությունների մատուցում,362664415.9,400232416.4,374398931.6,0.935,5459662.1,5643654.4,4962137.9,0.879,49920.0,179920.8,179920.8,1.0
"ՀՀ կրթության, գիտության, մշակույթի և սպորտի նախարարություն",1075,1075,Մշակութային ժառանգության ծրագիր,"Մշակութային ժառանգության պահպանում, օգտագործում, համալրում և հանրահռչակում","Մշակութային ժառանգության շարունակական պահպանում, մշակութային զբոսաշրջության զարգացում և խթանում",21001,"Հուշարձանների ամրակայում, նորոգում և վերականգնում","Հուշարձանների գիտանախագծային փաստաթղթերի կազմում,  հրատապ ուսումնասիրում, վավերագրման և ուսումնասիրման աշխատանքներ, հետախուզում և հնագիտական պեղում, ամրակայում, նորոգում և վերականգնում",Հանրության կողմից անմիջականորեն օգտագործվող ակտիվների հետ կապված միջոցառումներ,362664415.9,400232416.4,374398931.6,0.935,5459662.1,5643654.4,4962137.9,0.879,1769510.7,1789902.3,1383387.0,0.773
"ՀՀ կրթության, գիտության, մշակույթի և սպորտի նախարարություն",1075,1075,Մշակութային ժառանգության ծրագիր,"Մշակութային ժառանգության պահպանում, օգտագործում, համալրում և հանրահռչակում","Մշակութային ժառանգության շարունակական պահպանում, մշակութային զբոսաշրջության զարգացում և խթանում",21006,Հանրապետական նշանակության հուշարձանների տեղափոխում,"Հուշարձանների տեղակայման վայրի փոփոխության նպատակով դրանց ապամոնտաժման, քանդման և նոր տեղակայման վայրում մոնտաժման, վերականգնման աշխատանքների և հարակից ծառայությունների ձեռքբերում",Հանրության կողմից անմիջականորեն օգտագործվող ակտիվների հետ կապված միջոցառումներ,362664415.9,400232416.4,374398931.6,0.935,5459662.1,5643654.4,4962137.9,0.879,0.0,7369.3,6181.3,0.8390000000000001
"ՀՀ կրթության, գիտության, մշակույթի և սպորտի նախարարություն",1075,1075,Մշակութային ժառանգության ծրագիր,"Մշակութային ժառանգության պահպանում, օգտագործում, համալրում և հանրահռչակում","Մշակութային ժառանգության շարունակական պահպանում, մշակութային զբոսաշրջության զարգացում և խթանում",21007,Մշակութային արժեքների ձեռքբերում և տեղափոխում,"Մշակութային արժեքներիպահպանման և ցուցադրմաննպատակով դրանց ձեռքբերում, տեղափոխում, անհրաժեշտության դեպքում ապամոնտաժում և նորտեղակայման վայրում տեղադրում",Հանրության կողմից անմիջականորեն օգտագործվող ակտիվների հետ կապված միջոցառումներ,362664415.9,400232416.4,374398931.6,0.935,5459662.1,5643654.4,4962137.9,0.879,0.0,175360.0,175360.0,1.0
"ՀՀ կրթության, գիտության, մշակույթի և սպորտի նախարարություն",1075,1075,Մշակութային ժառանգության ծրագիր,"Մշակութային ժառանգության պահպանում, օգտագործում, համալրում և հանրահռչակում","Մշակութային ժառանգության շարունակական պահպանում, մշակութային զբոսաշրջության զարգացում և խթանում",32001,Ներդրումներ թանգարանների և պատկերասրահների հիմնանորոգման համար,"Թանգարանների և պատկերասրահների շենքերի, մասնաշենքերի հիմնանորոգում, համաշինարարական աշխատանքներ, ջեռուցման համակարգի իրականացում, ներքին հարդարում, տարածքի բարեկարգում և նախագծում",Այլ պետական կազմակերպությունների կողմից օգտագործվող ոչ ֆինանսական ակտիվների հետ գործառնություններ,362664415.9,400232416.4,374398931.6,0.935,5459662.1,5643654.4,4962137.9,0.879,394707.8,36295.2,34893.1,0.961
"ՀՀ կրթության, գիտության, մշակույթի և սպորտի նախարարություն",1075,1075,Մշակութային ժառանգության ծրագիր,"Մշակութային ժառանգության պահպանում, օգտագործում, համալրում և հանրահռչակում","Մշակութային ժառանգության շարունակական պահպանում, մշակութային զբոսաշրջության զարգացում և խթանում",32008,Թանգարանների և պատկերասրահների գույքային և տեխնիկական  հագեցվածության բարելավում,"Թանգարանների և պատկերասրահների համար անհրաժեշտ  գույքի, տեխնիկայի և սարքավորումների ձեռքբերում",Այլ պետական կազմակերպությունների կողմից օգտագործվող ոչ ֆինանսական ակտիվների հետ գործառնություններ,362664415.9,400232416.4,374398931.6,0.935,5459662.1,5643654.4,4962137.9,0.879,11689.6,134915.8,121542.1,0.9009999999999999
"ՀՀ կրթության, գիտության, մշակույթի և սպորտի նախարարություն",1075,1075,Մշակութային ժառանգության ծրագիր,"Մշակութային ժառանգության պահպանում, օգտագործում, համալրում և հանրահռչակում","Մշակութային ժառանգության շարունակական պահպանում, մշակութային զբոսաշրջության զարգացում և խթանում",32010,Տեղեկատվական մոդուլային կենտրոնների ստեղծում,Տեղեկատվական մոդուլային կենտրոնների կառուցում և տեղադրում արգելոց-թանգարանների տարածքում,Այլ պետական կազմակերպությունների կողմից օգտագործվող ոչ ֆինանսական ակտիվների հետ գործառնություններ,362664415.9,400232416.4,374398931.6,0.935,5459662.1,5643654.4,4962137.9,0.879,131317.0,136207.5,135831.9,0.997
"ՀՀ կրթության, գիտության, մշակույթի և սպորտի նախարարություն",1075,1075,Մշակութային ժառանգության ծրագիր,"Մշակութային ժառանգության պահպանում, օգտագործում, համալրում և հանրահռչակում","Մշակութային ժառանգության շարունակական պահպանում, մշակութային զբոսաշրջության զարգացում և խթանում",32012,Թանգարանների համար նոր շենքերի կառուցում,"Թանգարանների շենքերի, մասնաշենքերի կառուցում և նախագծում, նորաստեղծ թանգարանների նորակառույց շենքերով ապահովում",Այլ պետական կազմակերպությունների կողմից օգտագործվող ոչ ֆինանսական ակտիվների հետ գործառնություններ,362664415.9,400232416.4,374398931.6,0.935,5459662.1,5643654.4,4962137.9,0.879,0.0,157848.5,9281.0,0.059000000000000004
"ՀՀ կրթության, գիտության, մշակույթի և սպորտի նախարարություն",1111,1111,Բարձրագույն և հետբուհական մասնագիտական կրթության ծրագիր,"Ապահովել մատչելի, որակյալ և մրցունակ բարձրագույն և հետբուհական մասնագիտական կրթություն",Գիտելիքների տնտեսության և գիտության զարգացման արդի պահանջներին համապատասխան բարձրագույն և հետբուհական մասնագիտական որակավորում ունեցող մասնագետների պատրաստում,11001,Ակադեմիական փոխճանաչման և շարժունության ծառայություններ,Ավարտական փաստաթղթերի ու դիպլոմների փոխճանաչման վկայականների խորհրդատվության տրամադրում` հիմնվելով Եվրոպական կրթական չափորոշիչների վրա,Ծառայությունների մատուցում,362664415.9,400232416.4,374398931.6,0.935,14164280.6,14007039.9,13563394.9,0.968,43113.5,43113.5,43113.5,1.0
"ՀՀ կրթության, գիտության, մշակույթի և սպորտի նախարարություն",1111,1111,Բարձրագույն և հետբուհական մասնագիտական կրթության ծրագիր,"Ապահովել մատչելի, որակյալ և մրցունակ բարձրագույն և հետբուհական մասնագիտական կրթություն",Գիտելիքների տնտեսության և գիտության զարգացման արդի պահանջներին համապատասխան բարձրագույն և հետբուհական մասնագիտական որակավորում ունեցող մասնագետների պատրաստում,11003,Բարձրագույն կրթության որակի ապահովման ծառայություններ,"Բարձրագույն կրթական ուսումնական հաստատությունների հավատարմագրում, հավատարմագրման չափանիշների մշակում, վերանայում, մշտադիտարկումների իրականացում, ծրագրային հավատարմագրման ոլորտային չափանիշների մշակում",Ծառայությունների մատուցում,362664415.9,400232416.4,374398931.6,0.935,14164280.6,14007039.9,13563394.9,0.968,59989.5,59989.5,59989.5,1.0
"ՀՀ կրթության, գիտության, մշակույթի և սպորտի նախարարություն",1111,1111,Բարձրագույն և հետբուհական մասնագիտական կրթության ծրագիր,"Ապահովել մատչելի, որակյալ և մրցունակ բարձրագույն և հետբուհական մասնագիտական կրթություն",Գիտելիքների տնտեսության և գիտության զարգացման արդի պահանջներին համապատասխան բարձրագույն և հետբուհական մասնագիտական որակավորում ունեցող մասնագետների պատրաստում,11007,Եվրոպական բարձրագույն կրթական տարածքի անդամակցությամբ պայմանավորված բարձրագույն մասնագիտական կրթության համակարգի բարեփոխումներ,Բոլոնիայի գործընթացի շրջանակներում նախարարական համաժողովների ընթացքում ստորագրված փաստաթղթերից բխող բարեփոխումներին միտված գործողությունների իրականացում,Ծառայությունների մատուցում,362664415.9,400232416.4,374398931.6,0.935,14164280.6,14007039.9,13563394.9,0.968,45010.7,12000.7,8122.3,0.677
"ՀՀ կրթության, գիտության, մշակույթի և սպորտի նախարարություն",1111,1111,Բարձրագույն և հետբուհական մասնագիտական կրթության ծրագիր,"Ապահովել մատչելի, որակյալ և մրցունակ բարձրագույն և հետբուհական մասնագիտական կրթություն",Գիտելիքների տնտեսության և գիտության զարգացման արդի պահանջներին համապատասխան բարձրագույն և հետբուհական մասնագիտական որակավորում ունեցող մասնագետների պատրաստում,12001,Բարձրագույն մասնագիտական կրթություն ստացող ուսանողների կրթաթոշակ,Բարձրագույն մասնագիտական կրթություն ստացող ուսանողների կրթաթոշակ,Տրանսֆերտների տրամադրում,362664415.9,400232416.4,374398931.6,0.935,14164280.6,14007039.9,13563394.9,0.968,1120800.0,1120800.0,1066128.2,0.951
"ՀՀ կրթության, գիտության, մշակույթի և սպորտի նախարարություն",1111,1111,Բարձրագույն և հետբուհական մասնագիտական կրթության ծրագիր,"Ապահովել մատչելի, որակյալ և մրցունակ բարձրագույն և հետբուհական մասնագիտական կրթություն",Գիտելիքների տնտեսության և գիտության զարգացման արդի պահանջներին համապատասխան բարձրագույն և հետբուհական մասնագիտական որակավորում ունեցող մասնագետների պատրաստում,12002,Հետբուհական մասնագիտական կրթություն ստացող ուսանողների կրթաթոշակ բուհական հաստատություններում,Հետբուհական մասնագիտական կրթության գծով կրթաթոշակի տրամադրում,Տրանսֆերտների տրամադրում,362664415.9,400232416.4,374398931.6,0.935,14164280.6,14007039.9,13563394.9,0.968,532188.0,443740.0,363329.4,0.8190000000000001
"ՀՀ կրթության, գիտության, մշակույթի և սպորտի նախարարություն",1111,1111,Բարձրագույն և հետբուհական մասնագիտական կրթության ծրագիր,"Ապահովել մատչելի, որակյալ և մրցունակ բարձրագույն և հետբուհական մասնագիտական կրթություն",Գիտելիքների տնտեսության և գիտության զարգացման արդի պահանջներին համապատասխան բարձրագույն և հետբուհական մասնագիտական որակավորում ունեցող մասնագետների պատրաստում,12003,Ասպիրանտական կրթաթոշակներ գիտական հաստատություններում սովորողներին,Կրթաթոշակներ գիտական հաստատություններում ասպիրանտական կրթության մեջ գտնվող անձանց,Տրանսֆերտների տրամադրում,362664415.9,400232416.4,374398931.6,0.935,14164280.6,14007039.9,13563394.9,0.968,89040.0,58858.0,58698.5,0.997
"ՀՀ կրթության, գիտության, մշակույթի և սպորտի նախարարություն",1111,1111,Բարձրագույն և հետբուհական մասնագիտական կրթության ծրագիր,"Ապահովել մատչելի, որակյալ և մրցունակ բարձրագույն և հետբուհական մասնագիտական կրթություն",Գիտելիքների տնտեսության և գիտության զարգացման արդի պահանջներին համապատասխան բարձրագույն և հետբուհական մասնագիտական որակավորում ունեցող մասնագետների պատրաստում,12004,Բարձրագույն մասնագիտական կրթության գծով ուսանողական նպաստների տրամադրում,Բարձրագույն մասնագիտական կրթություն ստացող ուսանողների նպաստներ,Տրանսֆերտների տրամադրում,362664415.9,400232416.4,374398931.6,0.935,14164280.6,14007039.9,13563394.9,0.968,10481397.3,10102834.1,10096864.5,0.9990000000000001
"ՀՀ կրթության, գիտության, մշակույթի և սպորտի նախարարություն",1111,1111,Բարձրագույն և հետբուհական մասնագիտական կրթության ծրագիր,"Ապահովել մատչելի, որակյալ և մրցունակ բարձրագույն և հետբուհական մասնագիտական կրթություն",Գիտելիքների տնտեսության և գիտության զարգացման արդի պահանջներին համապատասխան բարձրագույն և հետբուհական մասնագիտական որակավորում ունեցող մասնագետների պատրաստում,12005,Հետբուհական մասնագիտական կրթության գծով  նպաստների տրամադրում բուհական հաստատություններում,Հետբուհական մասնագիտական կրթության գծով  նպաստների տրամադրում,Տրանսֆերտների տրամադրում,362664415.9,400232416.4,374398931.6,0.935,14164280.6,14007039.9,13563394.9,0.968,499228.0,461618.0,461260.8,0.9990000000000001
"ՀՀ կրթության, գիտության, մշակույթի և սպորտի նախարարություն",1111,1111,Բարձրագույն և հետբուհական մասնագիտական կրթության ծրագիր,"Ապահովել մատչելի, որակյալ և մրցունակ բարձրագույն և հետբուհական մասնագիտական կրթություն",Գիտելիքների տնտեսության և գիտության զարգացման արդի պահանջներին համապատասխան բարձրագույն և հետբուհական մասնագիտական որակավորում ունեցող մասնագետների պատրաստում,12006,Հետբուհական մասնագիտական կրթության գծով նպաստների տրամադրում գիտակրթական հաստատություններում,Գիտական կադրերի պատրաստման համար նպաստների տրամադրում,Տրանսֆերտների տրամադրում,362664415.9,400232416.4,374398931.6,0.935,14164280.6,14007039.9,13563394.9,0.968,35586.2,21519.0,21394.6,0.9940000000000001
"ՀՀ կրթության, գիտության, մշակույթի և սպորտի նախարարություն",1111,1111,Բարձրագույն և հետբուհական մասնագիտական կրթության ծրագիր,"Ապահովել մատչելի, որակյալ և մրցունակ բարձրագույն և հետբուհական մասնագիտական կրթություն",Գիտելիքների տնտեսության և գիտության զարգացման արդի պահանջներին համապատասխան բարձրագույն և հետբուհական մասնագիտական որակավորում ունեցող մասնագետների պատրաստում,12007,"Երևանում բարձրագույն կրթության հասանելիության ապահովում մարզաբնակ ուսանողներին, կեցության վարձավճարի փոխհատուցում մարզաբնակ և օտարերկրյա ուսանողներին",Ուսանողներին զեղչային գներով հանրակացարանային պայմանների տրամադրում,Տրանսֆերտների տրամադրում,362664415.9,400232416.4,374398931.6,0.935,14164280.6,14007039.9,13563394.9,0.968,35045.5,35045.5,31687.0,0.904
"ՀՀ կրթության, գիտության, մշակույթի և սպորտի նախարարություն",1111,1111,Բարձրագույն և հետբուհական մասնագիտական կրթության ծրագիր,"Ապահովել մատչելի, որակյալ և մրցունակ բարձրագույն և հետբուհական մասնագիտական կրթություն",Գիտելիքների տնտեսության և գիտության զարգացման արդի պահանջներին համապատասխան բարձրագույն և հետբուհական մասնագիտական որակավորում ունեցող մասնագետների պատրաստում,12008,Ուսումնական վարկերի տոկոսավճարների մասնակի փոխհատուցում,"Ուսումնական վարկերի տոկոսավճարների մասնակի փոխհատուցում` 2 տոկոսային կետի չափով, բարձր առաջադիմության դեպքում 3 տոկոսային կետի չափով",Տրանսֆերտների տրամադրում,362664415.9,400232416.4,374398931.6,0.935,14164280.6,14007039.9,13563394.9,0.968,66300.0,66300.0,66300.0,1.0
"ՀՀ կրթության, գիտության, մշակույթի և սպորտի նախարարություն",1111,1111,Բարձրագույն և հետբուհական մասնագիտական կրթության ծրագիր,"Ապահովել մատչելի, որակյալ և մրցունակ բարձրագույն և հետբուհական մասնագիտական կրթություն",Գիտելիքների տնտեսության և գիտության զարգացման արդի պահանջներին համապատասխան բարձրագույն և հետբուհական մասնագիտական որակավորում ունեցող մասնագետների պատրաստում,12011,2023 թվականի սեպտեմբերի 19-ից հետո Լեռնային Ղարաբաղից բռնի տեղահանված և ՀՀ-ում բարձրագույն մասնագիտական կրթություն ստացող ուսանողներին ուսման վարձի լրիվ կամ մասնակի փոխհատուցման նպատակով կրթաթոշակի տրամադրում,2023 թվականի սեպտեմբերի 19-ից հետո Լեռնային Ղարաբաղից բռնի տեղահանված և ՀՀ-ում բարձրագույն մասնագիտական կրթություն ստացող ուսանողներին կրթաթոշակի տրամադրում,Տրանսֆերտների տրամադրում,362664415.9,400232416.4,374398931.6,0.935,14164280.6,14007039.9,13563394.9,0.968,440237.5,363301.0,363300.9,1.0
"ՀՀ կրթության, գիտության, մշակույթի և սպորտի նախարարություն",1111,1111,Բարձրագույն և հետբուհական մասնագիտական կրթության ծրագիր,"Ապահովել մատչելի, որակյալ և մրցունակ բարձրագույն և հետբուհական մասնագիտական կրթություն",Գիտելիքների տնտեսության և գիտության զարգացման արդի պահանջներին համապատասխան բարձրագույն և հետբուհական մասնագիտական որակավորում ունեցող մասնագետների պատրաստում,12012,Լեռնային Ղարաբաղից բռնի տեղահանված ընտանիքների  ՀՀ բարձրագույն և հետբուհական մասնագիտական  կրթական ծրագրեր իրականացնող ուսումնական հաստատություններում  սովորող ուսանողների ուսման վարձի փոխհատուցում,Մինչև 2023 թ. սեպտեմբերի 19-ը ՀՀ բարձրագույն և հետբուհ. մասնագիտ.կրթ. ծրագրեր իրականացնող ուս.հաստատ-ի վճարովի ուսուց. համակարգում ընդգրկված Լեռնային Ղարաբաղից բռնի տեղահանված ընտանիք. ուսանող-ն  ուսման վարձի փոխհատուց. նպատ. ուսանող. նպաստի տրամադրում,Տրանսֆերտների տրամադրում,362664415.9,400232416.4,374398931.6,0.935,14164280.6,14007039.9,13563394.9,0.968,254235.2,589428.0,529219.9,0.898
"ՀՀ կրթության, գիտության, մշակույթի և սպորտի նախարարություն",1111,1111,Բարձրագույն և հետբուհական մասնագիտական կրթության ծրագիր,"Ապահովել մատչելի, որակյալ և մրցունակ բարձրագույն և հետբուհական մասնագիտական կրթություն",Գիտելիքների տնտեսության և գիտության զարգացման արդի պահանջներին համապատասխան բարձրագույն և հետբուհական մասնագիտական որակավորում ունեցող մասնագետների պատրաստում,32001,Բարձրագույն  ուսումնական հաստատությունների և «Զեյթուն»  ուսանողական ավան»  հիմնադրամի շենքային պայմանների բարելավում,Բարձրագույն  ուսումնական հաստատությունների և «Զեյթուն» ուսանողական ավան»   հիմնադրամի շենքային պայմանների բարելավում,Այլ պետական կազմակերպությունների կողմից օգտագործվող ոչ ֆինանսական ակտիվների հետ գործառնություններ,362664415.9,400232416.4,374398931.6,0.935,14164280.6,14007039.9,13563394.9,0.968,462109.2,626095.6,391588.9,0.625
"ՀՀ կրթության, գիտության, մշակույթի և սպորտի նախարարություն",1111,1111,Բարձրագույն և հետբուհական մասնագիտական կրթության ծրագիր,"Ապահովել մատչելի, որակյալ և մրցունակ բարձրագույն և հետբուհական մասնագիտական կրթություն",Գիտելիքների տնտեսության և գիտության զարգացման արդի պահանջներին համապատասխան բարձրագույն և հետբուհական մասնագիտական որակավորում ունեցող մասնագետների պատրաստում,32003,Բարձրագույն ուսումնական հաստատությունների և «Զեյթուն» ուսանողական ավան» հիմնադրամի նյութատեխնիկական բազայի համալրում և գույքով ապահովում,"Բարձրագույն ուսումնական հաստատությունների և «Զեյթուն» ուսանողական ավան» հիմնադրամի համար անհրաժեշտ լաբորատոր և այլ սարքավորումների, տեխնիկայի, կահույքի ձեռքբերում",Այլ պետական կազմակերպությունների կողմից օգտագործվող ոչ ֆինանսական ակտիվների հետ գործառնություններ,362664415.9,400232416.4,374398931.6,0.935,14164280.6,14007039.9,13563394.9,0.968,0.0,2397.0,2397.0,1.0
"ՀՀ կրթության, գիտության, մշակույթի և սպորտի նախարարություն",1115,1115,Երիտասարդության ծրագիր,"Նպաստել սոցիալ-տնտեսական, քաղաքական և մշակութային կյանքին երիտասարդների լիարժեք ներգրավմանը և նրանց ստեղծագործական ներուժի ամբողջական դրսևորմանը",Հասարակական կյանքում երիտասարդների արդյունավետ ներգրավվածության և դրսևորման ընդլայնում,11001,Երիտասարդական պետական քաղաքականությանն ուղղված ծրագրեր և միջոցառումներ,"Հասարակական կյանքին երիտասարդների ակտիվ մասնակցության,  երիտասարդության շրջանում առողջ ապրելակերպի, հոգևոր-մշակութային, հայրենասիրական դաստիարակության խթանում, երիտասարդների զբաղվածության հնարավորությունների մեծացում",Ծառայությունների մատուցում,362664415.9,400232416.4,374398931.6,0.935,2385952.9,2479166.8,2391185.6,0.965,53305.8,47804.3,42412.3,0.887
"ՀՀ կրթության, գիտության, մշակույթի և սպորտի նախարարություն",1115,1115,Երիտասարդության ծրագիր,"Նպաստել սոցիալ-տնտեսական, քաղաքական և մշակութային կյանքին երիտասարդների լիարժեք ներգրավմանը և նրանց ստեղծագործական ներուժի ամբողջական դրսևորմանը",Հասարակական կյանքում երիտասարդների արդյունավետ ներգրավվածության և դրսևորման ընդլայնում,11002,Երիտասարդական ծրագրերի շրջանակներում թրաֆիքինգի դեմ պայքարի միջոցառումներ,Մարդկանց շահագործման (թրաֆիքինգի) կանխարգելմանն ուղղված քարոզչական միջոցառումներ,Ծառայությունների մատուցում,362664415.9,400232416.4,374398931.6,0.935,2385952.9,2479166.8,2391185.6,0.965,9600.0,9600.0,7943.4,0.8270000000000001
"ՀՀ կրթության, գիտության, մշակույթի և սպորտի նախարարություն",1115,1115,Երիտասարդության ծրագիր,"Նպաստել սոցիալ-տնտեսական, քաղաքական և մշակութային կյանքին երիտասարդների լիարժեք ներգրավմանը և նրանց ստեղծագործական ներուժի ամբողջական դրսևորմանը",Հասարակական կյանքում երիտասարդների արդյունավետ ներգրավվածության և դրսևորման ընդլայնում,11003,ՀՀ տարվա երիտասարդական մայրաքաղաք,"Տարածքային  համաչափ զարգացում, մարզերում  երիտասարդական ծրագրերի մշակմանն ու իրականացմանը  նպաստում",Ծառայությունների մատուցում,362664415.9,400232416.4,374398931.6,0.935,2385952.9,2479166.8,2391185.6,0.965,9194.4,9194.4,9033.0,0.982
"ՀՀ կրթության, գիտության, մշակույթի և սպորտի նախարարություն",1115,1115,Երիտասարդության ծրագիր,"Նպաստել սոցիալ-տնտեսական, քաղաքական և մշակութային կյանքին երիտասարդների լիարժեք ներգրավմանը և նրանց ստեղծագործական ներուժի ամբողջական դրսևորմանը",Հասարակական կյանքում երիտասարդների արդյունավետ ներգրավվածության և դրսևորման ընդլայնում,11006,Միջազգային երիտասարդական ֆորումի կազմակերպում,Միջազգային երիտասարդական ֆորումի կազմակերպում,Ծառայությունների մատուցում,362664415.9,400232416.4,374398931.6,0.935,2385952.9,2479166.8,2391185.6,0.965,6720.7,6720.7,5222.3,0.777
"ՀՀ կրթության, գիտության, մշակույթի և սպորտի նախարարություն",1115,1115,Երիտասարդության ծրագիր,"Նպաստել սոցիալ-տնտեսական, քաղաքական և մշակութային կյանքին երիտասարդների լիարժեք ներգրավմանը և նրանց ստեղծագործական ներուժի ամբողջական դրսևորմանը",Հասարակական կյանքում երիտասարդների արդյունավետ ներգրավվածության և դրսևորման ընդլայնում,12001,Աջակցություն երիտասարդ ընտանիքներին,«Երիտասարդ ընտանիքներին մատչելի բնակարաններ» պետական նպատակային ծրագրի համաֆինանսավորում,Տրանսֆերտների տրամադրում,362664415.9,400232416.4,374398931.6,0.935,2385952.9,2479166.8,2391185.6,0.965,2149200.0,2255200.0,2220804.0,0.985
"ՀՀ կրթության, գիտության, մշակույթի և սպորտի նախարարություն",1115,1115,Երիտասարդության ծրագիր,"Նպաստել սոցիալ-տնտեսական, քաղաքական և մշակութային կյանքին երիտասարդների լիարժեք ներգրավմանը և նրանց ստեղծագործական ներուժի ամբողջական դրսևորմանը",Հասարակական կյանքում երիտասարդների արդյունավետ ներգրավվածության և դրսևորման ընդլայնում,32001,Երիտասարդական կենտրոնների ստեղծում,"Հասարակական կյանքին երիտասարդների ակտիվ մասնակցության,  երիտասարդության շրջանում առողջ ապրելակերպի, հոգևոր-մշակութային, հայրենասիրական դաստիարակության խթանում, երիտասարդների զբաղվածության հնարավորությունների մեծացում",Այլ պետական կազմակերպությունների կողմից օգտագործվող ոչ ֆինանսական ակտիվների հետ գործառնություններ,362664415.9,400232416.4,374398931.6,0.935,2385952.9,2479166.8,2391185.6,0.965,157932.0,150647.4,105770.5,0.7020000000000001
"ՀՀ կրթության, գիտության, մշակույթի և սպորտի նախարարություն",1124,1124,Գրահրատարակչության և գրադարանների ծրագիր,"Նպաստել գրականության զարգացմանը, տարածմանը և հանրահռչակմանը","Գրքի և գրական արտադրանքի բազմազանության և հասանելիության ապահովում, ստեղծագործական գործընթացների խթանում",11002,Թարգմանական ծրագրեր և աջակցություն ստեղծագործողներին ու հետազոտողներին,"Աջակցություն ստեղծագործողներին, մշակույթի ոլորտի հետազոտողներին և արտերկրի հրատարակչություններին հայ գրականության հանրահռչակման նպատակով",Ծառայությունների մատուցում,362664415.9,400232416.4,374398931.6,0.935,1783375.7,1789732.9,1689147.4,0.9440000000000001,45342.0,36338.4,29070.7,0.8
"ՀՀ կրթության, գիտության, մշակույթի և սպորտի նախարարություն",1124,1124,Գրահրատարակչության և գրադարանների ծրագիր,"Նպաստել գրականության զարգացմանը, տարածմանը և հանրահռչակմանը","Գրքի և գրական արտադրանքի բազմազանության և հասանելիության ապահովում, ստեղծագործական գործընթացների խթանում",11003,Ոչ պետական մամուլի հրատարակում,"Հայաստանում  ազգային փոքրամասնությունների լեզուներով լույս տեսնող գրական, մշակութային, տպագիր և էլեկտրոնային պարբերականների հրապարակումներ",Ծառայությունների մատուցում,362664415.9,400232416.4,374398931.6,0.935,1783375.7,1789732.9,1689147.4,0.9440000000000001,63360.4,63260.4,54383.5,0.86
"ՀՀ կրթության, գիտության, մշակույթի և սպորտի նախարարություն",1124,1124,Գրահրատարակչության և գրադարանների ծրագիր,"Նպաստել գրականության զարգացմանը, տարածմանը և հանրահռչակմանը","Գրքի և գրական արտադրանքի բազմազանության և հասանելիության ապահովում, ստեղծագործական գործընթացների խթանում",11004,Գրադարանային ծառայություններ,"Գրադարանային հավաքածուների պահպանում և համալրում, ընթերցողների սպասարկում, գրադարանային միջոցառումների կազմակերպում, գրադարանային կադրերի վերապատրաստում",Ծառայությունների մատուցում,362664415.9,400232416.4,374398931.6,0.935,1783375.7,1789732.9,1689147.4,0.9440000000000001,1579338.9,1580016.7,1509859.4,0.956
"ՀՀ կրթության, գիտության, մշակույթի և սպորտի նախարարություն",1124,1124,Գրահրատարակչության և գրադարանների ծրագիր,"Նպաստել գրականության զարգացմանը, տարածմանը և հանրահռչակմանը","Գրքի և գրական արտադրանքի բազմազանության և հասանելիության ապահովում, ստեղծագործական գործընթացների խթանում",11005,"Աջակցություն գրականության հանրահռչակմանը, գրական ծրագրերին և գրքերի միջազգային ցուցահանդեսներին մասնակցությանը",Գրական ժառանգության պահպանման և տարածման ծառայությունների մատուցում,Ծառայությունների մատուցում,362664415.9,400232416.4,374398931.6,0.935,1783375.7,1789732.9,1689147.4,0.9440000000000001,33334.4,46228.1,45112.5,0.976
"ՀՀ կրթության, գիտության, մշակույթի և սպորտի նախարարություն",1124,1124,Գրահրատարակչության և գրադարանների ծրագիր,"Նպաստել գրականության զարգացմանը, տարածմանը և հանրահռչակմանը","Գրքի և գրական արտադրանքի բազմազանության և հասանելիության ապահովում, ստեղծագործական գործընթացների խթանում",11007,Գրականության հրատարակում,Հայաստանի մշակութային ժառանգությունը ներկայացնող օտարալեզու գրականության հրատարակում,Ծառայությունների մատուցում,362664415.9,400232416.4,374398931.6,0.935,1783375.7,1789732.9,1689147.4,0.9440000000000001,42000.0,40291.3,35623.0,0.884
"ՀՀ կրթության, գիտության, մշակույթի և սպորտի նախարարություն",1124,1124,Գրահրատարակչության և գրադարանների ծրագիր,"Նպաստել գրականության զարգացմանը, տարածմանը և հանրահռչակմանը","Գրքի և գրական արտադրանքի բազմազանության և հասանելիության ապահովում, ստեղծագործական գործընթացների խթանում",32001,Հանրային գրադարանների նյութատեխնիկական բազայի զարգացում,Հանրային գրադարանների նյութատեխնիկական բազայի զարգացում,Այլ պետական կազմակերպությունների կողմից օգտագործվող ոչ ֆինանսական ակտիվների հետ գործառնություններ,362664415.9,400232416.4,374398931.6,0.935,1783375.7,1789732.9,1689147.4,0.9440000000000001,20000.0,20000.0,11500.3,0.575
"ՀՀ կրթության, գիտության, մշակույթի և սպորտի նախարարություն",1124,1124,Գրահրատարակչության և գրադարանների ծրագիր,"Նպաստել գրականության զարգացմանը, տարածմանը և հանրահռչակմանը","Գրքի և գրական արտադրանքի բազմազանության և հասանելիության ապահովում, ստեղծագործական գործընթացների խթանում",32002,Ներդրումներ գրադարանների հիմնանորոգման համար,"Գրադարանների շենքերի, մասնաշենքերի հիմնանորոգում, համաշինարարական աշխատանքներ, ջեռուցման համակարգի իրականացում ներքին հարդարում, տարածքի բարեկարգում և նախագծում",Այլ պետական կազմակերպությունների կողմից օգտագործվող ոչ ֆինանսական ակտիվների հետ գործառնություններ,362664415.9,400232416.4,374398931.6,0.935,1783375.7,1789732.9,1689147.4,0.9440000000000001,0.0,3598.0,3598.0,1.0
"ՀՀ կրթության, գիտության, մշակույթի և սպորտի նախարարություն",1130,1130,"Կրթության, գիտության, մշակույթի և սպորտի  բնագավառի   պետական քաղաքականության մշակում, ծրագրերի համակարգում և մոնիտորինգ","Ապահովել համընդհանուր, հավասարապես հասանելի, ներառական և որակյալ կրթություն՛  բավարարելով տնտեսության ու հասարակության պահանջները, լիարժեք ծառայելով  ազգային շահերին","Կրթության, գիտության, մշակույթի և սպորտի  բնագավառում իրականացվող ծրագրերի ազդեցության և արդյունավետության  բարելավում",11001,"Կրթության, գիտության, մշակույթի և սպորտի  բնագավառի պետական քաղաքականության մշակման, ծրագրերի համակարգման և մոնիտորինգի ծառայություններ","Կրթության, գիտության, մշակույթի և սպորտի  բնագավառի պետական քաղաքականության մշակման, ծրագրերի համակարգման և մոնիտորինգի ծառայությունների ապահովում",Ծառայությունների մատուցում,362664415.9,400232416.4,374398931.6,0.935,1911263.8,2361825.0,2087479.8,0.884,1770497.3,1957241.4,1939923.9,0.991
"ՀՀ կրթության, գիտության, մշակույթի և սպորտի նախարարություն",1130,1130,"Կրթության, գիտության, մշակույթի և սպորտի  բնագավառի   պետական քաղաքականության մշակում, ծրագրերի համակարգում և մոնիտորինգ","Ապահովել համընդհանուր, հավասարապես հասանելի, ներառական և որակյալ կրթություն՛  բավարարելով տնտեսության ու հասարակության պահանջները, լիարժեք ծառայելով  ազգային շահերին","Կրթության, գիտության, մշակույթի և սպորտի  բնագավառում իրականացվող ծրագրերի ազդեցության և արդյունավետության  բարելավում",11002,Լեզվի բնագավառում պետական քաղաքականության մշակման և իրականացման ծառայություններ,Լեզվի բնագավառում պետական քաղաքականության մշակման և իրականացման ապահովում,Ծառայությունների մատուցում,362664415.9,400232416.4,374398931.6,0.935,1911263.8,2361825.0,2087479.8,0.884,113892.5,118648.5,110051.7,0.9279999999999999
"ՀՀ կրթության, գիտության, մշակույթի և սպորտի նախարարություն",1130,1130,"Կրթության, գիտության, մշակույթի և սպորտի  բնագավառի   պետական քաղաքականության մշակում, ծրագրերի համակարգում և մոնիտորինգ","Ապահովել համընդհանուր, հավասարապես հասանելի, ներառական և որակյալ կրթություն՛  բավարարելով տնտեսության ու հասարակության պահանջները, լիարժեք ծառայելով  ազգային շահերին","Կրթության, գիտության, մշակույթի և սպորտի  բնագավառում իրականացվող ծրագրերի ազդեցության և արդյունավետության  բարելավում",11004,"ՀՀ պետական կառավարման մարմինների կողմից  դիմումներ, հայցադիմումներ, դատարանի վճիռների  և որոշումների դեմ վերաքննիչ և վճռաբեկ բողոքներ ներկայացնելիս` «Պետական տուրքի մասին» ՀՀ օրենքով սահմանված վճարումներ","ՀՀ պետական կառավարման մարմինների կողմից  դիմումներ, հայցադիմումներ, դատարանի վճիռների  և որոշումների դեմ վերաքննիչ և վճռաբեկ բողոքներ ներկայացնելիս` «Պետական տուրքի մասին» ՀՀ օրենքով սահմանված վճարումներ",Ծառայությունների մատուցում,362664415.9,400232416.4,374398931.6,0.935,1911263.8,2361825.0,2087479.8,0.884,0.0,7576.8,7576.8,1.0
"ՀՀ կրթության, գիտության, մշակույթի և սպորտի նախարարություն",1130,1130,"Կրթության, գիտության, մշակույթի և սպորտի  բնագավառի   պետական քաղաքականության մշակում, ծրագրերի համակարգում և մոնիտորինգ","Ապահովել համընդհանուր, հավասարապես հասանելի, ներառական և որակյալ կրթություն՛  բավարարելով տնտեսության ու հասարակության պահանջները, լիարժեք ծառայելով  ազգային շահերին","Կրթության, գիտության, մշակույթի և սպորտի  բնագավառում իրականացվող ծրագրերի ազդեցության և արդյունավետության  բարելավում",11005,"Հասարակության և պետության հանդեպ հատուկ ծառայություններ ունեցած քաղաքացիների մահվան դեպքում հրաժեշտի ծիսակատարության և թաղման կազմակերպում, գերեզմանի բարեկարգման և մահարձանի պատրաստման ու տեղադրման աշխատանքներին աջակցություն",Հասարակության և պետության հանդեպ հատուկ ծառայություններ ունեցած քաղաքացիների մահվան դեպքում հրաժեշտի ծիսակատարության և թաղման կազմակերպում,Ծառայությունների մատուցում,362664415.9,400232416.4,374398931.6,0.935,1911263.8,2361825.0,2087479.8,0.884,0.0,9515.0,9515.0,1.0
"ՀՀ կրթության, գիտության, մշակույթի և սպորտի նախարարություն",1130,1130,"Կրթության, գիտության, մշակույթի և սպորտի  բնագավառի   պետական քաղաքականության մշակում, ծրագրերի համակարգում և մոնիտորինգ","Ապահովել համընդհանուր, հավասարապես հասանելի, ներառական և որակյալ կրթություն՛  բավարարելով տնտեսության ու հասարակության պահանջները, լիարժեք ծառայելով  ազգային շահերին","Կրթության, գիտության, մշակույթի և սպորտի  բնագավառում իրականացվող ծրագրերի ազդեցության և արդյունավետության  բարելավում",31001,"ՀՀ կրթության, գիտության, մշակույթի և սպորտի նախարարության կարողությունների զարգացում և տեխնիկական հագեցվածության ապահովում","ՀՀ կրթության, գիտության, մշակույթի և սպորտի նախարարության  աշխատանքային պայմանների բարելավման համար վարչական սարքավորումների ձեռք բերում",Պետական մարմինների կողմից օգտագործվող ոչ ֆինանսական ակտիվների հետ գործառնություններ,362664415.9,400232416.4,374398931.6,0.935,1911263.8,2361825.0,2087479.8,0.884,26874.0,31914.0,20412.4,0.64
"ՀՀ կրթության, գիտության, մշակույթի և սպորտի նախարարություն",1130,1130,"Կրթության, գիտության, մշակույթի և սպորտի  բնագավառի   պետական քաղաքականության մշակում, ծրագրերի համակարգում և մոնիտորինգ","Ապահովել համընդհանուր, հավասարապես հասանելի, ներառական և որակյալ կրթություն՛  բավարարելով տնտեսության ու հասարակության պահանջները, լիարժեք ծառայելով  ազգային շահերին","Կրթության, գիտության, մշակույթի և սպորտի  բնագավառում իրականացվող ծրագրերի ազդեցության և արդյունավետության  բարելավում",31003,"Կրթության, գիտության, մշակույթի և սպորտի ոլորտներին առնչվող  անշարժ գույքի ձեռքբերում","ՀՀ կրթության, գիտության, մշակույթի և սպորտի նախարարության կողմից շենքերի և շինությունների ձեռքբերում և հաշվառում նախարարության հաշվեկշռում",Պետական մարմինների կողմից օգտագործվող ոչ ֆինանսական ակտիվների հետ գործառնություններ,362664415.9,400232416.4,374398931.6,0.935,1911263.8,2361825.0,2087479.8,0.884,0.0,236929.3,0.0,0.0
"ՀՀ կրթության, գիտության, մշակույթի և սպորտի նախարարություն",1146,1146,Հանրակրթության ծրագիր,Ապահովել անվճար և որակյալ հանրակրթություն,"Մտավոր, հոգևոր, ֆիզիկական և սոցիալական ունակությունների համակողմանի ու ներդաշնակ զարգացմամբ, հայրենասիրության, պետականության և մարդասիրության ոգով դաստիրակված, պատշաճ վարքով և վարվելակերպով անձի  ձևավորում",11001,Տարրական ընդհանուր հանրակրթություն,"Պարտադիր կրթության առաջին մակարդակում սովորողների ընդգրկվածության, գրագիտության և համակողմանի զարգացման բարձր մակարդակի ապահովում",Ծառայությունների մատուցում,362664415.9,400232416.4,374398931.6,0.935,132760843.3,137197060.7,136310727.8,0.9940000000000001,41929612.0,42541502.1,42527738.3,1.0
"ՀՀ կրթության, գիտության, մշակույթի և սպորտի նախարարություն",1146,1146,Հանրակրթության ծրագիր,Ապահովել անվճար և որակյալ հանրակրթություն,"Մտավոր, հոգևոր, ֆիզիկական և սոցիալական ունակությունների համակողմանի ու ներդաշնակ զարգացմամբ, հայրենասիրության, պետականության և մարդասիրության ոգով դաստիրակված, պատշաճ վարքով և վարվելակերպով անձի  ձևավորում",11002,Հիմնական ընդհանուր հանրակրթություն,"Պարտադիր կրթության երկրորդ մակարդակում սովորողների ընդգրկվածության, գրագիտության և համակողմանի զարգացման բարձր մակարդակի ապահովում",Ծառայությունների մատուցում,362664415.9,400232416.4,374398931.6,0.935,132760843.3,137197060.7,136310727.8,0.9940000000000001,52218623.0,53945539.9,53900275.0,0.9990000000000001
"ՀՀ կրթության, գիտության, մշակույթի և սպորտի նախարարություն",1146,1146,Հանրակրթության ծրագիր,Ապահովել անվճար և որակյալ հանրակրթություն,"Մտավոր, հոգևոր, ֆիզիկական և սոցիալական ունակությունների համակողմանի ու ներդաշնակ զարգացմամբ, հայրենասիրության, պետականության և մարդասիրության ոգով դաստիրակված, պատշաճ վարքով և վարվելակերպով անձի  ձևավորում",11003,Միջնակարգ ընդհանուր հանրակրթություն,"Պարտադիր կրթության երրորդ մակարդակում սովորողների ընդգրկվածության, գրագիտության և համակողմանի զարգացման բարձր մակարդակի ապահովում",Ծառայությունների մատուցում,362664415.9,400232416.4,374398931.6,0.935,132760843.3,137197060.7,136310727.8,0.9940000000000001,24842090.6,26376137.9,26267136.0,0.996
"ՀՀ կրթության, գիտության, մշակույթի և սպորտի նախարարություն",1146,1146,Հանրակրթության ծրագիր,Ապահովել անվճար և որակյալ հանրակրթություն,"Մտավոր, հոգևոր, ֆիզիկական և սոցիալական ունակությունների համակողմանի ու ներդաշնակ զարգացմամբ, հայրենասիրության, պետականության և մարդասիրության ոգով դաստիրակված, պատշաճ վարքով և վարվելակերպով անձի  ձևավորում",11004,Տարրական հատուկ հանրակրթություն,Պարտադիր կրթության առաջին մակարդակում սովորողների ընդգրկվածության և գրագիտության ապահովում,Ծառայությունների մատուցում,362664415.9,400232416.4,374398931.6,0.935,132760843.3,137197060.7,136310727.8,0.9940000000000001,361350.1,358759.0,358759.0,1.0
"ՀՀ կրթության, գիտության, մշակույթի և սպորտի նախարարություն",1146,1146,Հանրակրթության ծրագիր,Ապահովել անվճար և որակյալ հանրակրթություն,"Մտավոր, հոգևոր, ֆիզիկական և սոցիալական ունակությունների համակողմանի ու ներդաշնակ զարգացմամբ, հայրենասիրության, պետականության և մարդասիրության ոգով դաստիրակված, պատշաճ վարքով և վարվելակերպով անձի  ձևավորում",11005,Հիմնական հատուկ հանրակրթություն,Պարտադիր կրթության երկրորդ մակարդակում սովորողների ընդգրկվածության և գրագիտության ապահովում,Ծառայությունների մատուցում,362664415.9,400232416.4,374398931.6,0.935,132760843.3,137197060.7,136310727.8,0.9940000000000001,557081.4,507696.8,507696.8,1.0
"ՀՀ կրթության, գիտության, մշակույթի և սպորտի նախարարություն",1146,1146,Հանրակրթության ծրագիր,Ապահովել անվճար և որակյալ հանրակրթություն,"Մտավոր, հոգևոր, ֆիզիկական և սոցիալական ունակությունների համակողմանի ու ներդաշնակ զարգացմամբ, հայրենասիրության, պետականության և մարդասիրության ոգով դաստիրակված, պատշաճ վարքով և վարվելակերպով անձի  ձևավորում",11006,Միջնակարգ հատուկ հանրակրթություն,Պարտադիր կրթության երրորդ մակարդակում սովորողների ընդգրկվածության` գրագիտության և համակողմանի զարգացման բարձր մակարդակի ապահովում,Ծառայությունների մատուցում,362664415.9,400232416.4,374398931.6,0.935,132760843.3,137197060.7,136310727.8,0.9940000000000001,331237.6,347225.3,347225.3,1.0
"ՀՀ կրթության, գիտության, մշակույթի և սպորտի նախարարություն",1146,1146,Հանրակրթության ծրագիր,Ապահովել անվճար և որակյալ հանրակրթություն,"Մտավոր, հոգևոր, ֆիզիկական և սոցիալական ունակությունների համակողմանի ու ներդաշնակ զարգացմամբ, հայրենասիրության, պետականության և մարդասիրության ոգով դաստիրակված, պատշաճ վարքով և վարվելակերպով անձի  ձևավորում",11010,Տարրական մասնագիտացված հանրակրթություն,Տարրական կրթության մակարդակում մասնագիտացված հանրակրթական ծառայությունների մատուցման միջոցով սովորողների ընդգրկվածության և գրագիտության ապահովում,Ծառայությունների մատուցում,362664415.9,400232416.4,374398931.6,0.935,132760843.3,137197060.7,136310727.8,0.9940000000000001,218745.0,246938.5,246938.5,1.0
"ՀՀ կրթության, գիտության, մշակույթի և սպորտի նախարարություն",1146,1146,Հանրակրթության ծրագիր,Ապահովել անվճար և որակյալ հանրակրթություն,"Մտավոր, հոգևոր, ֆիզիկական և սոցիալական ունակությունների համակողմանի ու ներդաշնակ զարգացմամբ, հայրենասիրության, պետականության և մարդասիրության ոգով դաստիրակված, պատշաճ վարքով և վարվելակերպով անձի  ձևավորում",11011,Հիմնական մասնագիտացված հանրակրթություն,Հիմնական կրթության մակարդակում մասնագիտացված հանրակրթական ծառայությունների մատուցման միջոցով սովորողների ընդգրկվածության և գրագիտության ապահովում,Ծառայությունների մատուցում,362664415.9,400232416.4,374398931.6,0.935,132760843.3,137197060.7,136310727.8,0.9940000000000001,1537291.1,1553254.3,1542576.4,0.993
"ՀՀ կրթության, գիտության, մշակույթի և սպորտի նախարարություն",1146,1146,Հանրակրթության ծրագիր,Ապահովել անվճար և որակյալ հանրակրթություն,"Մտավոր, հոգևոր, ֆիզիկական և սոցիալական ունակությունների համակողմանի ու ներդաշնակ զարգացմամբ, հայրենասիրության, պետականության և մարդասիրության ոգով դաստիրակված, պատշաճ վարքով և վարվելակերպով անձի  ձևավորում",11012,Միջնակարգ մասնագիտացված հանրակրթություն,"Միջնակարգ կրթության մակարդակում մասնագիտացված հանրակրթական ծառայությունների մատուցման միջոցով սովորողների ընդգրկվածության , համակողմանի զարգացման և գրագիտության ապահովում",Ծառայությունների մատուցում,362664415.9,400232416.4,374398931.6,0.935,132760843.3,137197060.7,136310727.8,0.9940000000000001,2044373.7,2179051.4,2108894.0,0.968
"ՀՀ կրթության, գիտության, մշակույթի և սպորտի նախարարություն",1146,1146,Հանրակրթության ծրագիր,Ապահովել անվճար և որակյալ հանրակրթություն,"Մտավոր, հոգևոր, ֆիզիկական և սոցիալական ունակությունների համակողմանի ու ներդաշնակ զարգացմամբ, հայրենասիրության, պետականության և մարդասիրության ոգով դաստիրակված, պատշաճ վարքով և վարվելակերպով անձի  ձևավորում",11014,Նորարարական մանկավարժական ծրագրերի իրականացում հանրակրթությունում,"Հեղինակային կրթական ծրագրերի վերամշակում և իրականացում, անհատի օժտվածության զարգացման բաց համակարգ, ստեղծագործ անհատի կրթական պատվերի իրականացում",Ծառայությունների մատուցում,362664415.9,400232416.4,374398931.6,0.935,132760843.3,137197060.7,136310727.8,0.9940000000000001,126383.6,126383.6,126383.6,1.0
"ՀՀ կրթության, գիտության, մշակույթի և սպորտի նախարարություն",1146,1146,Հանրակրթության ծրագիր,Ապահովել անվճար և որակյալ հանրակրթություն,"Մտավոր, հոգևոր, ֆիզիկական և սոցիալական ունակությունների համակողմանի ու ներդաշնակ զարգացմամբ, հայրենասիրության, պետականության և մարդասիրության ոգով դաստիրակված, պատշաճ վարքով և վարվելակերպով անձի  ձևավորում",11015,Դպրոցականների օլիմպիադաների անցկացում,"Օժտված երեխաների հայտնաբերում, խրախուսում, ազգային թիմերի ձևավորում, միջազգային օլիմպիադաների մասնակիցների պատրաստում",Ծառայությունների մատուցում,362664415.9,400232416.4,374398931.6,0.935,132760843.3,137197060.7,136310727.8,0.9940000000000001,71000.0,71000.0,71000.0,1.0
"ՀՀ կրթության, գիտության, մշակույթի և սպորտի նախարարություն",1146,1146,Հանրակրթության ծրագիր,Ապահովել անվճար և որակյալ հանրակրթություն,"Մտավոր, հոգևոր, ֆիզիկական և սոցիալական ունակությունների համակողմանի ու ներդաշնակ զարգացմամբ, հայրենասիրության, պետականության և մարդասիրության ոգով դաստիրակված, պատշաճ վարքով և վարվելակերպով անձի  ձևավորում",11016,Կրթական հաստատությունների աշակերտներին դասագրքերով և ուսումնական գրականությամբ ապահովում,Հանրակրթական դպրոցում ուսումնական գործընթացի արդյունավետության  ապահովման և բարձրացման նպատակով ուսումնադիդակտիկ պարագաների ապահովում,Ծառայությունների մատուցում,362664415.9,400232416.4,374398931.6,0.935,132760843.3,137197060.7,136310727.8,0.9940000000000001,1554466.3,1554466.3,1231055.3,0.792
"ՀՀ կրթության, գիտության, մշակույթի և սպորտի նախարարություն",1146,1146,Հանրակրթության ծրագիր,Ապահովել անվճար և որակյալ հանրակրթություն,"Մտավոր, հոգևոր, ֆիզիկական և սոցիալական ունակությունների համակողմանի ու ներդաշնակ զարգացմամբ, հայրենասիրության, պետականության և մարդասիրության ոգով դաստիրակված, պատշաճ վարքով և վարվելակերպով անձի  ձևավորում",11017,Կրթական հաստատություններին ուսումնամեթոդական նյութերով ապահովում,"Ավարտական փաստաթղթերի, գովասանագրերի, դասամատյանների, մեդալների, ուսումնական ծրագրերի, մանկավարժական պարբերականների և ուսումնադիտողական պարագաների, հավաստագրերի և այլ ծառայությունների ձեռքբերում",Ծառայությունների մատուցում,362664415.9,400232416.4,374398931.6,0.935,132760843.3,137197060.7,136310727.8,0.9940000000000001,19571.4,19571.4,19438.7,0.993
"ՀՀ կրթության, գիտության, մշակույթի և սպորտի նախարարություն",1146,1146,Հանրակրթության ծրագիր,Ապահովել անվճար և որակյալ հանրակրթություն,"Մտավոր, հոգևոր, ֆիզիկական և սոցիալական ունակությունների համակողմանի ու ներդաշնակ զարգացմամբ, հայրենասիրության, պետականության և մարդասիրության ոգով դաստիրակված, պատշաճ վարքով և վարվելակերպով անձի  ձևավորում",11018,Դպրոցներում STEM կրթության և ռոբոտատեխնիկայի զարգացման իրականացում,"Հանրակրթական դպրոցի բնագիտամաթեմատիկական ուղղվածության մակարդակի զարգացում: Հանրակրթական դպրոցի սովորողների կողմից մեխանիկայի, էլեկտրոնիկայի, ծրագրավորման և ռոբոտատեխնիկային հիմունքների ուսումնասիրություն և յուրացման ապահովում",Ծառայությունների մատուցում,362664415.9,400232416.4,374398931.6,0.935,132760843.3,137197060.7,136310727.8,0.9940000000000001,946627.7,946627.7,946627.7,1.0
"ՀՀ կրթության, գիտության, մշակույթի և սպորտի նախարարություն",1146,1146,Հանրակրթության ծրագիր,Ապահովել անվճար և որակյալ հանրակրթություն,"Մտավոր, հոգևոր, ֆիզիկական և սոցիալական ունակությունների համակողմանի ու ներդաշնակ զարգացմամբ, հայրենասիրության, պետականության և մարդասիրության ոգով դաստիրակված, պատշաճ վարքով և վարվելակերպով անձի  ձևավորում",11025,Գնահատման և թեստավորման ծառայություններ,Քննական թեստերի և հարցաշարերի մշակում և փորձարկում` դպրոցի ավարտական և բուհերի ընդունելության միասնական քննությունների կազմակերպում և անցկացում` սովորողների գիտելիքների արտաքին ընթացիկ գնահատում` ազգային ստուգատեսերի անցկացում` TIMSS/PIRLS,Ծառայությունների մատուցում,362664415.9,400232416.4,374398931.6,0.935,132760843.3,137197060.7,136310727.8,0.9940000000000001,672163.4,700387.4,700387.4,1.0
"ՀՀ կրթության, գիտության, մշակույթի և սպորտի նախարարություն",1146,1146,Հանրակրթության ծրագիր,Ապահովել անվճար և որակյալ հանրակրթություն,"Մտավոր, հոգևոր, ֆիզիկական և սոցիալական ունակությունների համակողմանի ու ներդաշնակ զարգացմամբ, հայրենասիրության, պետականության և մարդասիրության ոգով դաստիրակված, պատշաճ վարքով և վարվելակերպով անձի  ձևավորում",11026,Մասնակցություն սովորողների միջազգային գնահատման ծրագրին /PISA/,"2025 թվականին Հայաստանում սովորողների միջազգային գնահատման  ծրագրի  /PISA/  կազմակերպում և անցկացում, այդ թվում `անդամավճարի փոխանցում",Ծառայությունների մատուցում,362664415.9,400232416.4,374398931.6,0.935,132760843.3,137197060.7,136310727.8,0.9940000000000001,204359.2,204359.2,204359.2,1.0
"ՀՀ կրթության, գիտության, մշակույթի և սպորտի նախարարություն",1146,1146,Հանրակրթության ծրագիր,Ապահովել անվճար և որակյալ հանրակրթություն,"Մտավոր, հոգևոր, ֆիզիկական և սոցիալական ունակությունների համակողմանի ու ներդաշնակ զարգացմամբ, հայրենասիրության, պետականության և մարդասիրության ոգով դաստիրակված, պատշաճ վարքով և վարվելակերպով անձի  ձևավորում",11027,Պետական հանրակրթական ուսումնական հաստատության տնօրենի հավակնորդների զարգացման ծրագրերի փորձաքննության իրականացում,Փորձաքննությունն իրականացնող կազմակերպությունը ՀՀ կառ. 09.02.23թ. N 181-Ն որոշմամբ հաստատված կարգի համաձայն իրականացնում է փորձաքննություն` գնահատման չափանիշների համաձայն,Ծառայությունների մատուցում,362664415.9,400232416.4,374398931.6,0.935,132760843.3,137197060.7,136310727.8,0.9940000000000001,32220.0,32220.0,21030.0,0.653
"ՀՀ կրթության, գիտության, մշակույթի և սպորտի նախարարություն",1146,1146,Հանրակրթության ծրագիր,Ապահովել անվճար և որակյալ հանրակրթություն,"Մտավոր, հոգևոր, ֆիզիկական և սոցիալական ունակությունների համակողմանի ու ներդաշնակ զարգացմամբ, հայրենասիրության, պետականության և մարդասիրության ոգով դաստիրակված, պատշաճ վարքով և վարվելակերպով անձի  ձևավորում",11029,Տարակարգի հանրապետական հանձնաժողովի աշխատանքներում  ընդգրկված փորձագետների ֆինանսավորում,Ուսուցչի տարակարգի փաթեթների փորձաքննություն,Ծառայությունների մատուցում,362664415.9,400232416.4,374398931.6,0.935,132760843.3,137197060.7,136310727.8,0.9940000000000001,5280.0,19800.0,19800.0,1.0
"ՀՀ կրթության, գիտության, մշակույթի և սպորտի նախարարություն",1146,1146,Հանրակրթության ծրագիր,Ապահովել անվճար և որակյալ հանրակրթություն,"Մտավոր, հոգևոր, ֆիզիկական և սոցիալական ունակությունների համակողմանի ու ներդաշնակ զարգացմամբ, հայրենասիրության, պետականության և մարդասիրության ոգով դաստիրակված, պատշաճ վարքով և վարվելակերպով անձի  ձևավորում",12001,Փոխհատուցում այլ բնակավայրում աշխատող պետական հանրակրթական դպրոցների մանկավարժներին,Պետական հանրակրթական դպրոցների` այլ բնակավայրում աշխատող մանկավարժների տրանսպորտային և կեցության ծախսերի փոխհատուցում,Տրանսֆերտների տրամադրում,362664415.9,400232416.4,374398931.6,0.935,132760843.3,137197060.7,136310727.8,0.9940000000000001,21951.7,21951.7,21591.0,0.9840000000000001
"ՀՀ կրթության, գիտության, մշակույթի և սպորտի նախարարություն",1146,1146,Հանրակրթության ծրագիր,Ապահովել անվճար և որակյալ հանրակրթություն,"Մտավոր, հոգևոր, ֆիզիկական և սոցիալական ունակությունների համակողմանի ու ներդաշնակ զարգացմամբ, հայրենասիրության, պետականության և մարդասիրության ոգով դաստիրակված, պատշաճ վարքով և վարվելակերպով անձի  ձևավորում",12002,Հանրակրթական դպրոցների մանկավարժներին և դպրոցահասակ երեխաներին տրանսպորտային ծախսերի փոխհատուցում,Հանրակրթական դպրոցների մանկավարժներին և դպրոցահասակ երեխաներին տրանսպորտային ծախսերի փոխհատուցման ապահովում,Տրանսֆերտների տրամադրում,362664415.9,400232416.4,374398931.6,0.935,132760843.3,137197060.7,136310727.8,0.9940000000000001,523316.0,839664.1,821163.9,0.978
"ՀՀ կրթության, գիտության, մշակույթի և սպորտի նախարարություն",1146,1146,Հանրակրթության ծրագիր,Ապահովել անվճար և որակյալ հանրակրթություն,"Մտավոր, հոգևոր, ֆիզիկական և սոցիալական ունակությունների համակողմանի ու ներդաշնակ զարգացմամբ, հայրենասիրության, պետականության և մարդասիրության ոգով դաստիրակված, պատշաճ վարքով և վարվելակերպով անձի  ձևավորում",12003,Սոցիալական աջակցություն ստացող ՀՀ սահմանամերձ համայնքների և Լեռնային Ղարաբաղից բռնի տեղահանված երեխաների դասագրքերի վարձավճարների փոխհատուցում,Հանրակրթական դպրոցի սոցիալական աջակցություն ստացող ՀՀ սահմանամերձ համայնքների դպրոցների և Լեռնային Ղարաբաղից բռնի տեղահանված երեխաների դասագրքերի վարձավճարների փոխհատուցում,Տրանսֆերտների տրամադրում,362664415.9,400232416.4,374398931.6,0.935,132760843.3,137197060.7,136310727.8,0.9940000000000001,94780.1,94780.1,72979.0,0.77
"ՀՀ կրթության, գիտության, մշակույթի և սպորտի նախարարություն",1146,1146,Հանրակրթության ծրագիր,Ապահովել անվճար և որակյալ հանրակրթություն,"Մտավոր, հոգևոր, ֆիզիկական և սոցիալական ունակությունների համակողմանի ու ներդաշնակ զարգացմամբ, հայրենասիրության, պետականության և մարդասիրության ոգով դաստիրակված, պատշաճ վարքով և վարվելակերպով անձի  ձևավորում",12004,Ատեստավորման միջոցով տարակարգի որակավորում ստացած ուսուցիչներին համապատասխան հավելավճարի տրամադրման ապահովում,Տարակարգ ստացած ուսուցիչներին համաապատասխան հավելավճարի տրամադրման ապահովում,Տրանսֆերտների տրամադրում,362664415.9,400232416.4,374398931.6,0.935,132760843.3,137197060.7,136310727.8,0.9940000000000001,368073.5,436202.3,430844.1,0.988
"ՀՀ կրթության, գիտության, մշակույթի և սպորտի նախարարություն",1146,1146,Հանրակրթության ծրագիր,Ապահովել անվճար և որակյալ հանրակրթություն,"Մտավոր, հոգևոր, ֆիզիկական և սոցիալական ունակությունների համակողմանի ու ներդաշնակ զարգացմամբ, հայրենասիրության, պետականության և մարդասիրության ոգով դաստիրակված, պատշաճ վարքով և վարվելակերպով անձի  ձևավորում",12009,Հանրակրթական դպրոցների աշակերտներին անվանական կրթաթոշակի տրամադրում,Օլիմպիադաների մասնակից և հաղթող հանրակրթական դպրոցների աշակերտներին անվանական կրթաթոշակի տրամադրում,Տրանսֆերտների տրամադրում,362664415.9,400232416.4,374398931.6,0.935,132760843.3,137197060.7,136310727.8,0.9940000000000001,134550.0,134550.0,114945.0,0.8540000000000001
"ՀՀ կրթության, գիտության, մշակույթի և սպորտի նախարարություն",1146,1146,Հանրակրթության ծրագիր,Ապահովել անվճար և որակյալ հանրակրթություն,"Մտավոր, հոգևոր, ֆիզիկական և սոցիալական ունակությունների համակողմանի ու ներդաշնակ զարգացմամբ, հայրենասիրության, պետականության և մարդասիրության ոգով դաստիրակված, պատշաճ վարքով և վարվելակերպով անձի  ձևավորում",12012,«Տարվա լավագույնները» միջոցառման շրջանակում հանրակրթական ուսումնական հաստատությունների մանկավարժներին պարգևատրում,«Տարվա լավագույնները» մրցույթում հաղթող ճանաչված մանկավարժներին պարգևատրում,Տրանսֆերտների տրամադրում,362664415.9,400232416.4,374398931.6,0.935,132760843.3,137197060.7,136310727.8,0.9940000000000001,11000.0,11000.0,11000.0,1.0
"ՀՀ կրթության, գիտության, մշակույթի և սպորտի նախարարություն",1146,1146,Հանրակրթության ծրագիր,Ապահովել անվճար և որակյալ հանրակրթություն,"Մտավոր, հոգևոր, ֆիզիկական և սոցիալական ունակությունների համակողմանի ու ներդաշնակ զարգացմամբ, հայրենասիրության, պետականության և մարդասիրության ոգով դաստիրակված, պատշաճ վարքով և վարվելակերպով անձի  ձևավորում",12015,ՀՀ  պետական հանրակրթական բոլոր ուսումնական հաստատություններում ԲՏՃՄ ոլորտի (բացառությամբ մաթեմատիկայի) դասավանդող ուսուցիչների համար վարձատրության բարձրացված հստակ չափաքանակի սահմանում,ՀՀ  պետական հանրակրթական բոլոր ուսումնական հաստատություններում ԲՏՃՄ ոլորտի (բացառությամբ մաթեմատիկայի) դասավանդող ուսուցիչներին հավելավճարի տրամադրում,Տրանսֆերտների տրամադրում,362664415.9,400232416.4,374398931.6,0.935,132760843.3,137197060.7,136310727.8,0.9940000000000001,1978771.0,2064854.1,2056694.6,0.996
"ՀՀ կրթության, գիտության, մշակույթի և սպորտի նախարարություն",1146,1146,Հանրակրթության ծրագիր,Ապահովել անվճար և որակյալ հանրակրթություն,"Մտավոր, հոգևոր, ֆիզիկական և սոցիալական ունակությունների համակողմանի ու ներդաշնակ զարգացմամբ, հայրենասիրության, պետականության և մարդասիրության ոգով դաստիրակված, պատշաճ վարքով և վարվելակերպով անձի  ձևավորում",12016,ՀՀ գյուղական բնակավայրերում մինչև 100 աշակերտ ունեցող պետական ուսումնական հաստատություններում դասավանդող ուսուցիչներին հավելավճարի սահմանում,ՀՀ գյուղական բնակավայրերում մինչև 100 աշակերտ ունեցող պետական ուսումնական հաստատություններում դասավանդող ուսուցիչներին հավելավճարի տրամադրում,Տրանսֆերտների տրամադրում,362664415.9,400232416.4,374398931.6,0.935,132760843.3,137197060.7,136310727.8,0.9940000000000001,1753158.7,1660371.4,1463701.2,0.882
"ՀՀ կրթության, գիտության, մշակույթի և սպորտի նախարարություն",1146,1146,Հանրակրթության ծրագիր,Ապահովել անվճար և որակյալ հանրակրթություն,"Մտավոր, հոգևոր, ֆիզիկական և սոցիալական ունակությունների համակողմանի ու ներդաշնակ զարգացմամբ, հայրենասիրության, պետականության և մարդասիրության ոգով դաստիրակված, պատշաճ վարքով և վարվելակերպով անձի  ձևավորում",12020,2023 թվականին Լեռնային Ղարաբաղից բռնի տեղահանված ուսուցիչների օժանդակության ծրագիր,2023 թվականին Լեռնային Ղարաբաղից բռնի տեղահանված ուսուցիչների համար ՀՀ մարզերի դպրոցներում մասնագիտական աշխատանքի հնարավորությունների ստեղծում և լրավճարի տրամադրում,Տրանսֆերտների տրամադրում,362664415.9,400232416.4,374398931.6,0.935,132760843.3,137197060.7,136310727.8,0.9940000000000001,202766.2,202766.2,170488.0,0.841
"ՀՀ կրթության, գիտության, մշակույթի և սպորտի նախարարություն",1148,1148,Արտադպրոցական դաստիարակության ծրագիր,"Նպաստել հանրակրթական ուսուցման համակարգում  ընդգրկված երեխաների ֆիզիկական, հոգևոր և գեղագիտական զարգացմանը, բնապահպանական և կիրառական գիտելիքների ձեռքբերմանը","Ստեղծել պայմաններ սովորողների ազատ ժամանացի  կազմակերպան միջոցով նրանց հետաքրքրությունների բացահայտման, ձևավորման  և զարգացման համար",11001,Արտադպրոցական դաստիարակություն,"Արվեստի, երաժշտության, սպորտի դասընթացներ մարզադպրոցներում , ստեղծագործական և արտադպրոցական դաստիարակության այլ կենտրոններում",Ծառայությունների մատուցում,362664415.9,400232416.4,374398931.6,0.935,3940682.2,3810349.5,3726315.4,0.978,2807316.0,2718286.4,2697693.8,0.992
"ՀՀ կրթության, գիտության, մշակույթի և սպորտի նախարարություն",1148,1148,Արտադպրոցական դաստիարակության ծրագիր,"Նպաստել հանրակրթական ուսուցման համակարգում  ընդգրկված երեխաների ֆիզիկական, հոգևոր և գեղագիտական զարգացմանը, բնապահպանական և կիրառական գիտելիքների ձեռքբերմանը","Ստեղծել պայմաններ սովորողների ազատ ժամանացի  կազմակերպան միջոցով նրանց հետաքրքրությունների բացահայտման, ձևավորման  և զարգացման համար",11005,Դպրոցականների ամառային հանգստի կազմակերպում և տրանսպորտային ծախսերի փոխհատուցում,"Զոհված, հաշմանդամ դարձած զինծառայողների և աշխարհազորայինների, ծնողազուրկ և սակավ ապահովված բազմազավակ ընտանիքների 7-13 տարեկան երեխաների ամառային հանգստի կազմակերպում և տրանսպորտային ծախսերի փոխհատուցում",Ծառայությունների մատուցում,362664415.9,400232416.4,374398931.6,0.935,3940682.2,3810349.5,3726315.4,0.978,202099.2,207219.7,205786.1,0.993
"ՀՀ կրթության, գիտության, մշակույթի և սպորտի նախարարություն",1148,1148,Արտադպրոցական դաստիարակության ծրագիր,"Նպաստել հանրակրթական ուսուցման համակարգում  ընդգրկված երեխաների ֆիզիկական, հոգևոր և գեղագիտական զարգացմանը, բնապահպանական և կիրառական գիտելիքների ձեռքբերմանը","Ստեղծել պայմաններ սովորողների ազատ ժամանացի  կազմակերպան միջոցով նրանց հետաքրքրությունների բացահայտման, ձևավորման  և զարգացման համար",11006,Արտադպրոցական դաստիարակություն հասարակական կազմակերպությունների կողմից,Մարզական հասարակական  կազմակերպությունների կողմից մարզիկների պատրաստում և առաջնությունների անցկացում,Ծառայությունների մատուցում,362664415.9,400232416.4,374398931.6,0.935,3940682.2,3810349.5,3726315.4,0.978,588912.9,540954.2,538369.0,0.995
"ՀՀ կրթության, գիտության, մշակույթի և սպորտի նախարարություն",1148,1148,Արտադպրոցական դաստիարակության ծրագիր,"Նպաստել հանրակրթական ուսուցման համակարգում  ընդգրկված երեխաների ֆիզիկական, հոգևոր և գեղագիտական զարգացմանը, բնապահպանական և կիրառական գիտելիքների ձեռքբերմանը","Ստեղծել պայմաններ սովորողների ազատ ժամանացի  կազմակերպան միջոցով նրանց հետաքրքրությունների բացահայտման, ձևավորման  և զարգացման համար",11007,Մարզիչ-մանկավարժների վերապատրաստման կազմակերպում,Մանկապատանեկան մարզադպրոցներում աշխատող մարզիչ-մանկավարժների վերապատրաստման կազմակերպում,Ծառայությունների մատուցում,362664415.9,400232416.4,374398931.6,0.935,3940682.2,3810349.5,3726315.4,0.978,10654.6,10654.6,4610.0,0.433
"ՀՀ կրթության, գիտության, մշակույթի և սպորտի նախարարություն",1148,1148,Արտադպրոցական դաստիարակության ծրագիր,"Նպաստել հանրակրթական ուսուցման համակարգում  ընդգրկված երեխաների ֆիզիկական, հոգևոր և գեղագիտական զարգացմանը, բնապահպանական և կիրառական գիտելիքների ձեռքբերմանը","Ստեղծել պայմաններ սովորողների ազատ ժամանացի  կազմակերպան միջոցով նրանց հետաքրքրությունների բացահայտման, ձևավորման  և զարգացման համար",11008,«Հակոբ Կոջոյան» կրթահամալիր» ՊՈԱԿ-ում արտադպրոցական դաստիարակության կազմակերպում,«Հակոբ Կոջոյան» կրթահամալիր» ՊՈԱԿ-ում արտադպրոցական դաստիարակության կազմակերպման նպատակով  պետության կողմից համայնքի ղեկավարներին պատվիրակված լիազորությունների  իրականացման ֆինանսավորում,Ծառայությունների մատուցում,362664415.9,400232416.4,374398931.6,0.935,3940682.2,3810349.5,3726315.4,0.978,6793.0,6793.0,6793.0,1.0
"ՀՀ կրթության, գիտության, մշակույթի և սպորտի նախարարություն",1148,1148,Արտադպրոցական դաստիարակության ծրագիր,"Նպաստել հանրակրթական ուսուցման համակարգում  ընդգրկված երեխաների ֆիզիկական, հոգևոր և գեղագիտական զարգացմանը, բնապահպանական և կիրառական գիտելիքների ձեռքբերմանը","Ստեղծել պայմաններ սովորողների ազատ ժամանացի  կազմակերպան միջոցով նրանց հետաքրքրությունների բացահայտման, ձևավորման  և զարգացման համար",11014,"ՀՀ դպրոցականների աշխարհի, Եվրոպայի և համաշխարհային գիմնազիադայի մասնակցության և ՀՀ տարածքում կազմակերպման ապահովում",Մարզիկ դպրոցականների մասնակցության ապահովում «Գիմնազիադա» համաշխարհային խաղերին,Ծառայությունների մատուցում,362664415.9,400232416.4,374398931.6,0.935,3940682.2,3810349.5,3726315.4,0.978,28700.0,28700.0,28700.0,1.0
"ՀՀ կրթության, գիտության, մշակույթի և սպորտի նախարարություն",1148,1148,Արտադպրոցական դաստիարակության ծրագիր,"Նպաստել հանրակրթական ուսուցման համակարգում  ընդգրկված երեխաների ֆիզիկական, հոգևոր և գեղագիտական զարգացմանը, բնապահպանական և կիրառական գիտելիքների ձեռքբերմանը","Ստեղծել պայմաններ սովորողների ազատ ժամանացի  կազմակերպան միջոցով նրանց հետաքրքրությունների բացահայտման, ձևավորման  և զարգացման համար",11015,Դպրոցը գիտական միջավայրում,"«Գիտություն և միջավայր» կրթական-ինտերակտիվ կենտրոնի միջոցով դպրոցականների գիտական մտածողության զարգացում, բնագիտության, գիտության և շրջակա միջավայրի վերաբերյալ գիտելիքի հանրայնացում, նորարարության և տեխնոլոգիական լուծումների ներկայացում",Ծառայությունների մատուցում,362664415.9,400232416.4,374398931.6,0.935,3940682.2,3810349.5,3726315.4,0.978,16039.5,16039.5,0.0,0.0
"ՀՀ կրթության, գիտության, մշակույթի և սպորտի նախարարություն",1148,1148,Արտադպրոցական դաստիարակության ծրագիր,"Նպաստել հանրակրթական ուսուցման համակարգում  ընդգրկված երեխաների ֆիզիկական, հոգևոր և գեղագիտական զարգացմանը, բնապահպանական և կիրառական գիտելիքների ձեռքբերմանը","Ստեղծել պայմաններ սովորողների ազատ ժամանացի  կազմակերպան միջոցով նրանց հետաքրքրությունների բացահայտման, ձևավորման  և զարգացման համար",11016,ՀՀ հանրակրթական ծրագրեր իրականացնող ուսումնական հաստատությունների 11-րդ դասարանների աշակերտների ռազմամարզական ճամբարի կազմակերպում,Նպաստել 11-րդ դասարաններում սովորող դպրոցականների մոտ «Նախնական զինվորական պատրաստություն» առարկայից ստացած գիտելիքների հարստացմանը և դրանց համապատասխան կարողությունների և հմտությունների զարգացմանը,Ծառայությունների մատուցում,362664415.9,400232416.4,374398931.6,0.935,3940682.2,3810349.5,3726315.4,0.978,53583.4,0.0,0.0,0.0
"ՀՀ կրթության, գիտության, մշակույթի և սպորտի նախարարություն",1148,1148,Արտադպրոցական դաստիարակության ծրագիր,"Նպաստել հանրակրթական ուսուցման համակարգում  ընդգրկված երեխաների ֆիզիկական, հոգևոր և գեղագիտական զարգացմանը, բնապահպանական և կիրառական գիտելիքների ձեռքբերմանը","Ստեղծել պայմաններ սովորողների ազատ ժամանացի  կազմակերպան միջոցով նրանց հետաքրքրությունների բացահայտման, ձևավորման  և զարգացման համար",12002,Կամավոր ատեստավորման նոր համակարգի ներդրում` ուղղված արտադպրոցական ուսումնական հաստատությունների մանկավարժական աշխատողների որակի բարձրացմանը,Արտադպրոցական հաստատություններում դասավանդող մանկավարժական աշխատողների կամավոր ատեստավորման համակարգի մշակում և ներդրում,Տրանսֆերտների տրամադրում,362664415.9,400232416.4,374398931.6,0.935,3940682.2,3810349.5,3726315.4,0.978,226583.6,227371.8,204251.7,0.898
"ՀՀ կրթության, գիտության, մշակույթի և սպորտի նախարարություն",1148,1148,Արտադպրոցական դաստիարակության ծրագիր,"Նպաստել հանրակրթական ուսուցման համակարգում  ընդգրկված երեխաների ֆիզիկական, հոգևոր և գեղագիտական զարգացմանը, բնապահպանական և կիրառական գիտելիքների ձեռքբերմանը","Ստեղծել պայմաններ սովորողների ազատ ժամանացի  կազմակերպան միջոցով նրանց հետաքրքրությունների բացահայտման, ձևավորման  և զարգացման համար",32004,Արտադպրոցական հաստատությունների գույքային եւ տեխնիկական ապահովվածության բարելավում,Գույքային եւ տեխնիկական ապահովվածության բարելավման արդյունքում  կիրառական գիտելիքների ձեռքբերման արդյունավետության բարձրացում,Այլ պետական կազմակերպությունների կողմից օգտագործվող ոչ ֆինանսական ակտիվների հետ գործառնություններ,362664415.9,400232416.4,374398931.6,0.935,3940682.2,3810349.5,3726315.4,0.978,0.0,26253.5,20014.1,0.762
"ՀՀ կրթության, գիտության, մշակույթի և սպորտի նախարարություն",1148,1148,Արտադպրոցական դաստիարակության ծրագիր,"Նպաստել հանրակրթական ուսուցման համակարգում  ընդգրկված երեխաների ֆիզիկական, հոգևոր և գեղագիտական զարգացմանը, բնապահպանական և կիրառական գիտելիքների ձեռքբերմանը","Ստեղծել պայմաններ սովորողների ազատ ժամանացի  կազմակերպան միջոցով նրանց հետաքրքրությունների բացահայտման, ձևավորման  և զարգացման համար",32005,Արտադպրոցական դաստիարակություն իրականացնող կազմակերպությունների շենքային պայմանների բարելավում,Կառույցների տեխնիկական կարողությունների և աշխատանքային միջավայրի բարելավում,Այլ պետական կազմակերպությունների կողմից օգտագործվող ոչ ֆինանսական ակտիվների հետ գործառնություններ,362664415.9,400232416.4,374398931.6,0.935,3940682.2,3810349.5,3726315.4,0.978,0.0,28076.8,20097.8,0.716
"ՀՀ կրթության, գիտության, մշակույթի և սպորտի նախարարություն",1162,1162,Գիտական և գիտատեխնիկական հետազոտությունների ծրագիր,"Գիտական և գիտատեխնիկական գործունեության հիմնարար, կիրառական և թեմատիկ հետազոտությունների իրականացում, ենթակառուցվածքի և ազգային արժեք ներկայացնող գիտական  օբյեկտների պահպանում և զարգացում, գիտական ներուժի վերարտադրության ապահովում£","Գիտության և տեխնիկայի զարգացման գերակա ուղղությունների հետազոտությունների իրականացում, գիտական ներուժի զարգացում, ազգային արժեք ներկայացնող գիտական օբյեկտների պահպանում",11001,"Գիտության բնագավառի պետական քաղաքականության մշակման, ծրագրերի համակարգման և մոնիտորինգի ծառայություններ","Գիտության բնագավառի պետական քաղաքականության իրականացում, մոնիտորինգի և գիտության ծառայությունների ու ծրագրերի համակարգման ծառայություններ",Ծառայությունների մատուցում,362664415.9,400232416.4,374398931.6,0.935,33912203.5,30962740.5,30009103.3,0.9690000000000001,449939.7,564707.5,499859.6,0.885
"ՀՀ կրթության, գիտության, մշակույթի և սպորտի նախարարություն",1162,1162,Գիտական և գիտատեխնիկական հետազոտությունների ծրագիր,"Գիտական և գիտատեխնիկական գործունեության հիմնարար, կիրառական և թեմատիկ հետազոտությունների իրականացում, ենթակառուցվածքի և ազգային արժեք ներկայացնող գիտական  օբյեկտների պահպանում և զարգացում, գիտական ներուժի վերարտադրության ապահովում£","Գիտության և տեխնիկայի զարգացման գերակա ուղղությունների հետազոտությունների իրականացում, գիտական ներուժի զարգացում, ազգային արժեք ներկայացնող գիտական օբյեկտների պահպանում",11002,Գիտական ենթակառուցվածքի արդիականացում,"Գիտական կազմակերպությունների և բուհերի գիտական ստորաբաժանումների  զարգացում, ծրագրերի իրականացում, գիտական սարքավորումների արդիականացում, միջազգային համագործակցության աջակցություն",Ծառայությունների մատուցում,362664415.9,400232416.4,374398931.6,0.935,33912203.5,30962740.5,30009103.3,0.9690000000000001,14158889.7,15122357.6,15031392.9,0.9940000000000001
"ՀՀ կրթության, գիտության, մշակույթի և սպորտի նախարարություն",1162,1162,Գիտական և գիտատեխնիկական հետազոտությունների ծրագիր,"Գիտական և գիտատեխնիկական գործունեության հիմնարար, կիրառական և թեմատիկ հետազոտությունների իրականացում, ենթակառուցվածքի և ազգային արժեք ներկայացնող գիտական  օբյեկտների պահպանում և զարգացում, գիտական ներուժի վերարտադրության ապահովում£","Գիտության և տեխնիկայի զարգացման գերակա ուղղությունների հետազոտությունների իրականացում, գիտական ներուժի զարգացում, ազգային արժեք ներկայացնող գիտական օբյեկտների պահպանում",11004,Ազգային արժեք ներկայացնող գիտական օբյեկտների պահպանություն,"Հին ձեռագրերի ինստիտուտի, ցեղասպանության թանգարանի, Բյուրականի աստղադիտարանի պահպանում",Ծառայությունների մատուցում,362664415.9,400232416.4,374398931.6,0.935,33912203.5,30962740.5,30009103.3,0.9690000000000001,962891.3,1055965.4,1055891.3,1.0
"ՀՀ կրթության, գիտության, մշակույթի և սպորտի նախարարություն",1162,1162,Գիտական և գիտատեխնիկական հետազոտությունների ծրագիր,"Գիտական և գիտատեխնիկական գործունեության հիմնարար, կիրառական և թեմատիկ հետազոտությունների իրականացում, ենթակառուցվածքի և ազգային արժեք ներկայացնող գիտական  օբյեկտների պահպանում և զարգացում, գիտական ներուժի վերարտադրության ապահովում£","Գիտության և տեխնիկայի զարգացման գերակա ուղղությունների հետազոտությունների իրականացում, գիտական ներուժի զարգացում, ազգային արժեք ներկայացնող գիտական օբյեկտների պահպանում",11005,Գիտական և գիտատեխնիկական պայմանագրային (թեմատիկ) հետազոտություններ,Գիտական և գիտատեխնիկական գործունեության պայմանագրային (թեմատիկ) հետազոտություններ,Ծառայությունների մատուցում,362664415.9,400232416.4,374398931.6,0.935,33912203.5,30962740.5,30009103.3,0.9690000000000001,9142839.0,8417209.0,8225378.6,0.977
"ՀՀ կրթության, գիտության, մշակույթի և սպորտի նախարարություն",1162,1162,Գիտական և գիտատեխնիկական հետազոտությունների ծրագիր,"Գիտական և գիտատեխնիկական գործունեության հիմնարար, կիրառական և թեմատիկ հետազոտությունների իրականացում, ենթակառուցվածքի և ազգային արժեք ներկայացնող գիտական  օբյեկտների պահպանում և զարգացում, գիտական ներուժի վերարտադրության ապահովում£","Գիտության և տեխնիկայի զարգացման գերակա ուղղությունների հետազոտությունների իրականացում, գիտական ներուժի զարգացում, ազգային արժեք ներկայացնող գիտական օբյեկտների պահպանում",11006,Գիտական և գիտատեխնիկական նպատակային-ծրագրային հետազոտություններ,Գիտական և գիտատեխնիկական նպատակային-ծրագրային հետազոտություններ,Ծառայությունների մատուցում,362664415.9,400232416.4,374398931.6,0.935,33912203.5,30962740.5,30009103.3,0.9690000000000001,305766.0,305766.0,305343.5,0.9990000000000001
"ՀՀ կրթության, գիտության, մշակույթի և սպորտի նախարարություն",1162,1162,Գիտական և գիտատեխնիկական հետազոտությունների ծրագիր,"Գիտական և գիտատեխնիկական գործունեության հիմնարար, կիրառական և թեմատիկ հետազոտությունների իրականացում, ենթակառուցվածքի և ազգային արժեք ներկայացնող գիտական  օբյեկտների պահպանում և զարգացում, գիտական ներուժի վերարտադրության ապահովում£","Գիտության և տեխնիկայի զարգացման գերակա ուղղությունների հետազոտությունների իրականացում, գիտական ներուժի զարգացում, ազգային արժեք ներկայացնող գիտական օբյեկտների պահպանում",11007,Գիտական ամսագրերի և մենագրությունների հրատարակում,Գիտական ամսագրերի և մենագրությունների հրատարակում,Ծառայությունների մատուցում,362664415.9,400232416.4,374398931.6,0.935,33912203.5,30962740.5,30009103.3,0.9690000000000001,95556.3,95556.3,95556.3,1.0
"ՀՀ կրթության, գիտության, մշակույթի և սպորտի նախարարություն",1162,1162,Գիտական և գիտատեխնիկական հետազոտությունների ծրագիր,"Գիտական և գիտատեխնիկական գործունեության հիմնարար, կիրառական և թեմատիկ հետազոտությունների իրականացում, ենթակառուցվածքի և ազգային արժեք ներկայացնող գիտական  օբյեկտների պահպանում և զարգացում, գիտական ներուժի վերարտադրության ապահովում£","Գիտության և տեխնիկայի զարգացման գերակա ուղղությունների հետազոտությունների իրականացում, գիտական ներուժի զարգացում, ազգային արժեք ներկայացնող գիտական օբյեկտների պահպանում",11008,Բարձր էներգիաների ֆիզիկայի բնագավառի ենթակառուցվածքների արդիականացում,Ֆիզիկայի բնագավառում գիտական և գիտատեխնիկական հետազոտությունների իրականացում,Ծառայությունների մատուցում,362664415.9,400232416.4,374398931.6,0.935,33912203.5,30962740.5,30009103.3,0.9690000000000001,1031865.3,1031865.3,1031865.3,1.0
"ՀՀ կրթության, գիտության, մշակույթի և սպորտի նախարարություն",1162,1162,Գիտական և գիտատեխնիկական հետազոտությունների ծրագիր,"Գիտական և գիտատեխնիկական գործունեության հիմնարար, կիրառական և թեմատիկ հետազոտությունների իրականացում, ենթակառուցվածքի և ազգային արժեք ներկայացնող գիտական  օբյեկտների պահպանում և զարգացում, գիտական ներուժի վերարտադրության ապահովում£","Գիտության և տեխնիկայի զարգացման գերակա ուղղությունների հետազոտությունների իրականացում, գիտական ներուժի զարգացում, ազգային արժեք ներկայացնող գիտական օբյեկտների պահպանում",11009,Արագացուցչային տեխնոլոգիաների զարգացում,Արագացուցչային ֆիզիկայի և տեխնիկայի բնագավառում գիտական և գիտատեխնիկական հետազոտությունների իրականացում,Ծառայությունների մատուցում,362664415.9,400232416.4,374398931.6,0.935,33912203.5,30962740.5,30009103.3,0.9690000000000001,257961.2,261341.2,261341.2,1.0
"ՀՀ կրթության, գիտության, մշակույթի և սպորտի նախարարություն",1162,1162,Գիտական և գիտատեխնիկական հետազոտությունների ծրագիր,"Գիտական և գիտատեխնիկական գործունեության հիմնարար, կիրառական և թեմատիկ հետազոտությունների իրականացում, ենթակառուցվածքի և ազգային արժեք ներկայացնող գիտական  օբյեկտների պահպանում և զարգացում, գիտական ներուժի վերարտադրության ապահովում£","Գիտության և տեխնիկայի զարգացման գերակա ուղղությունների հետազոտությունների իրականացում, գիտական ներուժի զարգացում, ազգային արժեք ներկայացնող գիտական օբյեկտների պահպանում",11010,Անտենային էտալոնների պահպանում և զարգացում,ՀՀ ազգային անտենային էտալոնների պահպանում և զարգացում,Ծառայությունների մատուցում,362664415.9,400232416.4,374398931.6,0.935,33912203.5,30962740.5,30009103.3,0.9690000000000001,45000.0,45000.0,45000.0,1.0
"ՀՀ կրթության, գիտության, մշակույթի և սպորտի նախարարություն",1162,1162,Գիտական և գիտատեխնիկական հետազոտությունների ծրագիր,"Գիտական և գիտատեխնիկական գործունեության հիմնարար, կիրառական և թեմատիկ հետազոտությունների իրականացում, ենթակառուցվածքի և ազգային արժեք ներկայացնող գիտական  օբյեկտների պահպանում և զարգացում, գիտական ներուժի վերարտադրության ապահովում£","Գիտության և տեխնիկայի զարգացման գերակա ուղղությունների հետազոտությունների իրականացում, գիտական ներուժի զարգացում, ազգային արժեք ներկայացնող գիտական օբյեկտների պահպանում",11012,Գիտական գրադարանային ծառայություններ,"Գրադարանային հավաքածուների պահպանում և համալրում, ընթերցողների սպասարկում, գրադարանային միջոցառումների կազմակերպում",Ծառայությունների մատուցում,362664415.9,400232416.4,374398931.6,0.935,33912203.5,30962740.5,30009103.3,0.9690000000000001,150630.1,153613.4,153613.4,1.0
"ՀՀ կրթության, գիտության, մշակույթի և սպորտի նախարարություն",1162,1162,Գիտական և գիտատեխնիկական հետազոտությունների ծրագիր,"Գիտական և գիտատեխնիկական գործունեության հիմնարար, կիրառական և թեմատիկ հետազոտությունների իրականացում, ենթակառուցվածքի և ազգային արժեք ներկայացնող գիտական  օբյեկտների պահպանում և զարգացում, գիտական ներուժի վերարտադրության ապահովում£","Գիտության և տեխնիկայի զարգացման գերակա ուղղությունների հետազոտությունների իրականացում, գիտական ներուժի զարգացում, ազգային արժեք ներկայացնող գիտական օբյեկտների պահպանում",11019,Գիտական աստիճանաշնորհման և գիտամանկավարժական կոչումների շնորհում,"ՀՀ-ում գիտական որակավորման, գիտական աստիճանի և գիտական կոչման վկայագրերի հանձնման, միջազգային կապերի զարգացման, ատենախոսությունների թվայնացման և գիտնականների շտեմարանների ստեղծման ու շահագործման գործընթացների իրականացում",Ծառայությունների մատուցում,362664415.9,400232416.4,374398931.6,0.935,33912203.5,30962740.5,30009103.3,0.9690000000000001,52826.9,51826.9,20755.1,0.4
"ՀՀ կրթության, գիտության, մշակույթի և սպորտի նախարարություն",1162,1162,Գիտական և գիտատեխնիկական հետազոտությունների ծրագիր,"Գիտական և գիտատեխնիկական գործունեության հիմնարար, կիրառական և թեմատիկ հետազոտությունների իրականացում, ենթակառուցվածքի և ազգային արժեք ներկայացնող գիտական  օբյեկտների պահպանում և զարգացում, գիտական ներուժի վերարտադրության ապահովում£","Գիտության և տեխնիկայի զարգացման գերակա ուղղությունների հետազոտությունների իրականացում, գիտական ներուժի զարգացում, ազգային արժեք ներկայացնող գիտական օբյեկտների պահպանում",11020,ՅՈՒՆԵՍԿՕ-ի աջակցությամբ իրականացվող «Մերձավոր Արևելքի աստղագիտական ժառանգություն 2» խորագրով միջազգային համաժողովի կազմակերպման դրամաշնորհային ծրագիր,«Մերձավոր Արևելքի աստղագիտական ժառանգություն 2» խորագրով միջազգային համաժողովի կազմակերպում,Ծառայությունների մատուցում,362664415.9,400232416.4,374398931.6,0.935,33912203.5,30962740.5,30009103.3,0.9690000000000001,0.0,7693.6,7693.6,1.0
"ՀՀ կրթության, գիտության, մշակույթի և սպորտի նախարարություն",1162,1162,Գիտական և գիտատեխնիկական հետազոտությունների ծրագիր,"Գիտական և գիտատեխնիկական գործունեության հիմնարար, կիրառական և թեմատիկ հետազոտությունների իրականացում, ենթակառուցվածքի և ազգային արժեք ներկայացնող գիտական  օբյեկտների պահպանում և զարգացում, գիտական ներուժի վերարտադրության ապահովում£","Գիտության և տեխնիկայի զարգացման գերակա ուղղությունների հետազոտությունների իրականացում, գիտական ներուժի զարգացում, ազգային արժեք ներկայացնող գիտական օբյեկտների պահպանում",12001,Գիտաշխատողներին գիտական աստիճանների համար տրվող հավելավճարներ,Պետական ծրագրերում ընդգրկված գիտական աստիճան ունեցող գիտաշխատողներին հավելավճարների տրամադրում,Տրանսֆերտների տրամադրում,362664415.9,400232416.4,374398931.6,0.935,33912203.5,30962740.5,30009103.3,0.9690000000000001,450000.0,450000.0,426160.6,0.9470000000000001
"ՀՀ կրթության, գիտության, մշակույթի և սպորտի նախարարություն",1162,1162,Գիտական և գիտատեխնիկական հետազոտությունների ծրագիր,"Գիտական և գիտատեխնիկական գործունեության հիմնարար, կիրառական և թեմատիկ հետազոտությունների իրականացում, ենթակառուցվածքի և ազգային արժեք ներկայացնող գիտական  օբյեկտների պահպանում և զարգացում, գիտական ներուժի վերարտադրության ապահովում£","Գիտության և տեխնիկայի զարգացման գերակա ուղղությունների հետազոտությունների իրականացում, գիտական ներուժի զարգացում, ազգային արժեք ներկայացնող գիտական օբյեկտների պահպանում",12002,ՀՀ ԳԱԱ իսկական և թղթակից անդամների պատվովճարների տրամադրում,ՀՀ ԳԱԱ իսկական և թղթակից անդամների պատվովճարների տրամադրում,Տրանսֆերտների տրամադրում,362664415.9,400232416.4,374398931.6,0.935,33912203.5,30962740.5,30009103.3,0.9690000000000001,112200.0,112200.0,91250.0,0.813
"ՀՀ կրթության, գիտության, մշակույթի և սպորտի նախարարություն",1162,1162,Գիտական և գիտատեխնիկական հետազոտությունների ծրագիր,"Գիտական և գիտատեխնիկական գործունեության հիմնարար, կիրառական և թեմատիկ հետազոտությունների իրականացում, ենթակառուցվածքի և ազգային արժեք ներկայացնող գիտական  օբյեկտների պահպանում և զարգացում, գիտական ներուժի վերարտադրության ապահովում£","Գիտության և տեխնիկայի զարգացման գերակա ուղղությունների հետազոտությունների իրականացում, գիտական ներուժի զարգացում, ազգային արժեք ներկայացնող գիտական օբյեկտների պահպանում",32004,Գիտական կենտրոնները ժամանակակից սարքավորումներով վերազինում ու համատեղ օգտագործման գիտական սարքավորումների կենտրոնների ստեղծում,Գիտական կենտրոնները վերազինված են ոլորտային համալիր հետազոտությունների համար անհարժեշտ սարքավորումներով,Այլ պետական կազմակերպությունների կողմից օգտագործվող ոչ ֆինանսական ակտիվների հետ գործառնություններ,362664415.9,400232416.4,374398931.6,0.935,33912203.5,30962740.5,30009103.3,0.9690000000000001,5518838.0,2110638.2,1874798.0,0.888
"ՀՀ կրթության, գիտության, մշակույթի և սպորտի նախարարություն",1162,1162,Գիտական և գիտատեխնիկական հետազոտությունների ծրագիր,"Գիտական և գիտատեխնիկական գործունեության հիմնարար, կիրառական և թեմատիկ հետազոտությունների իրականացում, ենթակառուցվածքի և ազգային արժեք ներկայացնող գիտական  օբյեկտների պահպանում և զարգացում, գիտական ներուժի վերարտադրության ապահովում£","Գիտության և տեխնիկայի զարգացման գերակա ուղղությունների հետազոտությունների իրականացում, գիտական ներուժի զարգացում, ազգային արժեք ներկայացնող գիտական օբյեկտների պահպանում",32005,Արհեստական բանականության գիտահետազոտական կենտրոնի արդիականացում,"Որակյալ ենթակառուցվածքի ստեղծում, որն առաջ կմղի արհեստական բանականության հետազոտությունները, նորարարությունները և կնպաստի տեխնոլոգիական առաջընթացին և տարբեր ոլորտներում բարդ խնդիրների լուծումների մշակմանը",Այլ պետական կազմակերպությունների կողմից օգտագործվող ոչ ֆինանսական ակտիվների հետ գործառնություններ,362664415.9,400232416.4,374398931.6,0.935,33912203.5,30962740.5,30009103.3,0.9690000000000001,1177000.0,1177000.0,883204.0,0.75
"ՀՀ կրթության, գիտության, մշակույթի և սպորտի նախարարություն",1163,1163,Մասսայական սպորտ,"Բնակչության շրջանում առողջ ապրելակերպի արմատավորում, անհատի բազմակողմանի ու ներդաշնակ զարգացման գործում ֆիզիկական կուլտուրայի և սպորտի դերի բարձրացում",Սպորտի նկատմամբ հետաքրքրվածության և մասնակցության ընդլայնում,11007,Հանրապետական ուսանողական մարզական խաղերի անցկացում,Հանրապետական ուսանողական մարզական խաղերի կազմակերպում և անցկացում,Ծառայությունների մատուցում,362664415.9,400232416.4,374398931.6,0.935,6113254.8,4182950.0,3153970.8,0.754,5000.0,5000.0,4996.7,0.9990000000000001
"ՀՀ կրթության, գիտության, մշակույթի և սպորտի նախարարություն",1163,1163,Մասսայական սպորտ,"Բնակչության շրջանում առողջ ապրելակերպի արմատավորում, անհատի բազմակողմանի ու ներդաշնակ զարգացման գործում ֆիզիկական կուլտուրայի և սպորտի դերի բարձրացում",Սպորտի նկատմամբ հետաքրքրվածության և մասնակցության ընդլայնում,11017,Համաշխարհային ունիվերսիադային Հայաստանի ուսանողական մարզական պատվիրակության մասնակցության ապահովում,Համաշխարհային ունիվերսիադային Հայաստանի ուսանողական մարզական պատվիրակության մասնակցության ապահովում,Ծառայությունների մատուցում,362664415.9,400232416.4,374398931.6,0.935,6113254.8,4182950.0,3153970.8,0.754,25000.0,25000.0,23957.7,0.958
"ՀՀ կրթության, գիտության, մշակույթի և սպորտի նախարարություն",1163,1163,Մասսայական սպորտ,"Բնակչության շրջանում առողջ ապրելակերպի արմատավորում, անհատի բազմակողմանի ու ներդաշնակ զարգացման գործում ֆիզիկական կուլտուրայի և սպորտի դերի բարձրացում",Սպորտի նկատմամբ հետաքրքրվածության և մասնակցության ընդլայնում,11018,«Հայաստանի Հանրապետության Վարչապետի գավաթ» սիրողական խճուղային հեծանվավազքի մրցաշարի անցկացում,«Հայաստանի Հանրապետության Վարչապետի գավաթ» սիրողական խճուղային հեծանվավազքի մրցաշարի կազմակերպում և անցկացում,Ծառայությունների մատուցում,362664415.9,400232416.4,374398931.6,0.935,6113254.8,4182950.0,3153970.8,0.754,40013.5,40013.5,39734.7,0.993
"ՀՀ կրթության, գիտության, մշակույթի և սպորտի նախարարություն",1163,1163,Մասսայական սպորտ,"Բնակչության շրջանում առողջ ապրելակերպի արմատավորում, անհատի բազմակողմանի ու ներդաշնակ զարգացման գործում ֆիզիկական կուլտուրայի և սպորտի դերի բարձրացում",Սպորտի նկատմամբ հետաքրքրվածության և մասնակցության ընդլայնում,11019,«Հայաստանի Հանրապետության Վարչապետի գավաթ» սիրողական խճուղավազքի մրցաշարի անցկացում,«Հայաստանի Հանրապետության Վարչապետի գավաթ» սիրողական խճուղավազքի մրցաշարի կազմակերպում և անցկացում,Ծառայությունների մատուցում,362664415.9,400232416.4,374398931.6,0.935,6113254.8,4182950.0,3153970.8,0.754,47517.9,0.0,0.0,0.0
"ՀՀ կրթության, գիտության, մշակույթի և սպորտի նախարարություն",1163,1163,Մասսայական սպորտ,"Բնակչության շրջանում առողջ ապրելակերպի արմատավորում, անհատի բազմակողմանի ու ներդաշնակ զարգացման գործում ֆիզիկական կուլտուրայի և սպորտի դերի բարձրացում",Սպորտի նկատմամբ հետաքրքրվածության և մասնակցության ընդլայնում,11020,«Հայաստանի Հանրապետության Վարչապետի գավաթ» սիրողական լողի մրցաշարի անցկացում,«Հայաստանի Հանրապետության Վարչապետի գավաթ» սիրողական լողի մրցաշարի կազմակերպում և անցկացում,Ծառայությունների մատուցում,362664415.9,400232416.4,374398931.6,0.935,6113254.8,4182950.0,3153970.8,0.754,20155.2,0.0,0.0,0.0
"ՀՀ կրթության, գիտության, մշակույթի և սպորտի նախարարություն",1163,1163,Մասսայական սպորտ,"Բնակչության շրջանում առողջ ապրելակերպի արմատավորում, անհատի բազմակողմանի ու ներդաշնակ զարգացման գործում ֆիզիկական կուլտուրայի և սպորտի դերի բարձրացում",Սպորտի նկատմամբ հետաքրքրվածության և մասնակցության ընդլայնում,11021,«Հայաստանի Հանրապետության Վարչապետի գավաթ» սիրողական սեղանի թենիսի մրցաշարի անցկացում,«Հայաստանի Հանրապետության Վարչապետի գավաթ»սիրողական սեղանի թենիսի մրցաշարի կազմակերպում և անցկացում,Ծառայությունների մատուցում,362664415.9,400232416.4,374398931.6,0.935,6113254.8,4182950.0,3153970.8,0.754,48930.2,48930.2,47828.8,0.977
"ՀՀ կրթության, գիտության, մշակույթի և սպորտի նախարարություն",1163,1163,Մասսայական սպորտ,"Բնակչության շրջանում առողջ ապրելակերպի արմատավորում, անհատի բազմակողմանի ու ներդաշնակ զարգացման գործում ֆիզիկական կուլտուրայի և սպորտի դերի բարձրացում",Սպորտի նկատմամբ հետաքրքրվածության և մասնակցության ընդլայնում,11022,Մասսայական սպորտին առնչվող ծառայություններ,Մասսայական սպորտին ուղղված միջոցառումների շրջանակում բնակչության բոլոր տարիքային խմբերի ֆիզիկական դաստիարակության գործընթացների շարունակականության ապահովում,Ծառայությունների մատուցում,362664415.9,400232416.4,374398931.6,0.935,6113254.8,4182950.0,3153970.8,0.754,50000.0,50000.0,38335.3,0.767
"ՀՀ կրթության, գիտության, մշակույթի և սպորտի նախարարություն",1163,1163,Մասսայական սպորտ,"Բնակչության շրջանում առողջ ապրելակերպի արմատավորում, անհատի բազմակողմանի ու ներդաշնակ զարգացման գործում ֆիզիկական կուլտուրայի և սպորտի դերի բարձրացում",Սպորտի նկատմամբ հետաքրքրվածության և մասնակցության ընդլայնում,11023,«Հայաստանի Հանրապետության Վարչապետի գավաթ» դպրոցականների թիմային խճուղավազքի անցկացում,«Հայաստանի Հանրապետության Վարչապետի գավաթ» դպրոցականների թիմային խճուղավազքի կազմակերպման և անցկացման ապահովում,Ծառայությունների մատուցում,362664415.9,400232416.4,374398931.6,0.935,6113254.8,4182950.0,3153970.8,0.754,29274.9,29274.9,29054.9,0.992
"ՀՀ կրթության, գիտության, մշակույթի և սպորտի նախարարություն",1163,1163,Մասսայական սպորտ,"Բնակչության շրջանում առողջ ապրելակերպի արմատավորում, անհատի բազմակողմանի ու ներդաշնակ զարգացման գործում ֆիզիկական կուլտուրայի և սպորտի դերի բարձրացում",Սպորտի նկատմամբ հետաքրքրվածության և մասնակցության ընդլայնում,11024,Հայաստանի  Հանրապետության  վարչապետի  հովանու  ներքո   ուժային  կառույցների  միջև  անցկացվող  բանակային  խաղեր,"Ռազմակիրառական  մարզաձևերի  մասսայականացում, ֆիզիկական  պատրաստականության  դերի  ու  նշանակության բարձրացում,  ինչպես  նաև  կառույցների  միջև  մարզական առողջ  մթնոլորտի  ստեղծում",Ծառայությունների մատուցում,362664415.9,400232416.4,374398931.6,0.935,6113254.8,4182950.0,3153970.8,0.754,54414.1,54414.1,48076.9,0.884
"ՀՀ կրթության, գիտության, մշակույթի և սպորտի նախարարություն",1163,1163,Մասսայական սպորտ,"Բնակչության շրջանում առողջ ապրելակերպի արմատավորում, անհատի բազմակողմանի ու ներդաշնակ զարգացման գործում ֆիզիկական կուլտուրայի և սպորտի դերի բարձրացում",Սպորտի նկատմամբ հետաքրքրվածության և մասնակցության ընդլայնում,11025,Հայաստանի Հանրապետության մարզերում դպրոցահասակ երեխաների առողջ ապրելակերպի խրախուսում,Պետություն-մասնավոր գործընկերության շրջանակներում մասնավոր լողավազաններում դպրոցահասակ երեխաների լողի ուսուցման կազմակերպում ՀՀ մարզերում,Ծառայությունների մատուցում,362664415.9,400232416.4,374398931.6,0.935,6113254.8,4182950.0,3153970.8,0.754,21384.0,25080.0,10824.0,0.43200000000000005
"ՀՀ կրթության, գիտության, մշակույթի և սպորտի նախարարություն",1163,1163,Մասսայական սպորտ,"Բնակչության շրջանում առողջ ապրելակերպի արմատավորում, անհատի բազմակողմանի ու ներդաշնակ զարգացման գործում ֆիզիկական կուլտուրայի և սպորտի դերի բարձրացում",Սպորտի նկատմամբ հետաքրքրվածության և մասնակցության ընդլայնում,11027,Բասկետբոլի դպրոցականների լիգայի անցկացում,Բասկետբոլի դպրոցականների լիգայի կազմակերպման և անցկացման ապահովում,Ծառայությունների մատուցում,362664415.9,400232416.4,374398931.6,0.935,6113254.8,4182950.0,3153970.8,0.754,99726.0,99726.0,89862.4,0.9009999999999999
"ՀՀ կրթության, գիտության, մշակույթի և սպորտի նախարարություն",1163,1163,Մասսայական սպորտ,"Բնակչության շրջանում առողջ ապրելակերպի արմատավորում, անհատի բազմակողմանի ու ներդաշնակ զարգացման գործում ֆիզիկական կուլտուրայի և սպորտի դերի բարձրացում",Սպորտի նկատմամբ հետաքրքրվածության և մասնակցության ընդլայնում,11029,Վորքաութ մարզաձևի զարգացում և մասսայականացում,Վորքաութ մարզաձևի զարգացման և մասսայականացմանապահովում,Ծառայությունների մատուցում,362664415.9,400232416.4,374398931.6,0.935,6113254.8,4182950.0,3153970.8,0.754,0.0,11834.4,11834.4,1.0
"ՀՀ կրթության, գիտության, մշակույթի և սպորտի նախարարություն",1163,1163,Մասսայական սպորտ,"Բնակչության շրջանում առողջ ապրելակերպի արմատավորում, անհատի բազմակողմանի ու ներդաշնակ զարգացման գործում ֆիզիկական կուլտուրայի և սպորտի դերի բարձրացում",Սպորտի նկատմամբ հետաքրքրվածության և մասնակցության ընդլայնում,11030,«Հայաստանի Հանրապետության Վարչապետի գավաթ» դպրոցականների լողի մրցաշարի անցկացում,«Հայաստանի Հանրապետության Վարչապետի գավաթ» դպրոցականների լողի մրցաշարի անցկացում,Ծառայությունների մատուցում,362664415.9,400232416.4,374398931.6,0.935,6113254.8,4182950.0,3153970.8,0.754,0.0,60780.3,60645.0,0.998
"ՀՀ կրթության, գիտության, մշակույթի և սպորտի նախարարություն",1163,1163,Մասսայական սպորտ,"Բնակչության շրջանում առողջ ապրելակերպի արմատավորում, անհատի բազմակողմանի ու ներդաշնակ զարգացման գործում ֆիզիկական կուլտուրայի և սպորտի դերի բարձրացում",Սպորտի նկատմամբ հետաքրքրվածության և մասնակցության ընդլայնում,11031,«Դպրոցականների վոլեյբոլի լիգա» մարզական խաղերի անցկացում,«Դպրոցականների վոլեյբոլի լիգա» մարզական խաղերի անցկացում,Ծառայությունների մատուցում,362664415.9,400232416.4,374398931.6,0.935,6113254.8,4182950.0,3153970.8,0.754,0.0,86144.6,86004.8,0.998
"ՀՀ կրթության, գիտության, մշակույթի և սպորտի նախարարություն",1163,1163,Մասսայական սպորտ,"Բնակչության շրջանում առողջ ապրելակերպի արմատավորում, անհատի բազմակողմանի ու ներդաշնակ զարգացման գործում ֆիզիկական կուլտուրայի և սպորտի դերի բարձրացում",Սպորտի նկատմամբ հետաքրքրվածության և մասնակցության ընդլայնում,12001,Աջակցություն համայնքներին մարզական հաստատությունների շենքային պայմանների բարելավման համար,Համայնքային ենթակայության մարզական հաստատությունների  վերանորոգում և կառուցում,Տրանսֆերտների տրամադրում,362664415.9,400232416.4,374398931.6,0.935,6113254.8,4182950.0,3153970.8,0.754,3230947.6,2022993.1,1499914.0,0.741
"ՀՀ կրթության, գիտության, մշակույթի և սպորտի նախարարություն",1163,1163,Մասսայական սպորտ,"Բնակչության շրջանում առողջ ապրելակերպի արմատավորում, անհատի բազմակողմանի ու ներդաշնակ զարգացման գործում ֆիզիկական կուլտուրայի և սպորտի դերի բարձրացում",Սպորտի նկատմամբ հետաքրքրվածության և մասնակցության ընդլայնում,12002,Հանրության շրջանում առողջ ապրելակերպի խրախուսման և երթևեկության այլընտրանքային ձևերի խթանում,Հանրության շրջանում առողջ ապրելակերպի խրախուսման և երթևեկության այլընտրանքային ձևերի խթանման նպատակով հեծանիվների ձեռքբերման համաֆինանսավորում,Տրանսֆերտների տրամադրում,362664415.9,400232416.4,374398931.6,0.935,6113254.8,4182950.0,3153970.8,0.754,0.0,3228.5,0.0,0.0
"ՀՀ կրթության, գիտության, մշակույթի և սպորտի նախարարություն",1163,1163,Մասսայական սպորտ,"Բնակչության շրջանում առողջ ապրելակերպի արմատավորում, անհատի բազմակողմանի ու ներդաշնակ զարգացման գործում ֆիզիկական կուլտուրայի և սպորտի դերի բարձրացում",Սպորտի նկատմամբ հետաքրքրվածության և մասնակցության ընդլայնում,12003,Համայնքներում կառուցվող մարզական ենթակառուցվածքների համար հողատարածքների ձեռքբերում,Մարզական ենթակառուցվածքների զարգացման նպատակով նոր շենքերի կառուցման համար անհրաժեշտ հողատարածքների ձեռքբերում,Տրանսֆերտների տրամադրում,362664415.9,400232416.4,374398931.6,0.935,6113254.8,4182950.0,3153970.8,0.754,0.0,329855.0,329855.0,1.0
"ՀՀ կրթության, գիտության, մշակույթի և սպորտի նախարարություն",1163,1163,Մասսայական սպորտ,"Բնակչության շրջանում առողջ ապրելակերպի արմատավորում, անհատի բազմակողմանի ու ներդաշնակ զարգացման գործում ֆիզիկական կուլտուրայի և սպորտի դերի բարձրացում",Սպորտի նկատմամբ հետաքրքրվածության և մասնակցության ընդլայնում,32001,Մարզական օբյեկտների շինարարություն,"Մարզական օբյեկտների շենքերի (մասնաշենքերի) կառուցում (համաշինարարական աշխատանքներ, ջեռուցման համակարգի իրականացում, ներքին հարդարում, տարածքի բարեկարգում) և նախագծում",Այլ պետական կազմակերպությունների կողմից օգտագործվող ոչ ֆինանսական ակտիվների հետ գործառնություններ,362664415.9,400232416.4,374398931.6,0.935,6113254.8,4182950.0,3153970.8,0.754,1314886.1,950319.8,603257.9,0.635
"ՀՀ կրթության, գիտության, մշակույթի և սպորտի նախարարություն",1163,1163,Մասսայական սպորտ,"Բնակչության շրջանում առողջ ապրելակերպի արմատավորում, անհատի բազմակողմանի ու ներդաշնակ զարգացման գործում ֆիզիկական կուլտուրայի և սպորտի դերի բարձրացում",Սպորտի նկատմամբ հետաքրքրվածության և մասնակցության ընդլայնում,32002,Մարզական օբյեկտների հիմնանորոգում,"Մարզական օբյեկտների շենքերի (մասնաշենքերի) հիմնանորոգում (համաշինարարական աշխատանքներ, ջեռուցման համակարգի իրականացում, ներքին հարդարում, տարածքի բարեկարգում) և նախագծում",Այլ պետական կազմակերպությունների կողմից օգտագործվող ոչ ֆինանսական ակտիվների հետ գործառնություններ,362664415.9,400232416.4,374398931.6,0.935,6113254.8,4182950.0,3153970.8,0.754,230405.3,150105.3,99694.2,0.664
"ՀՀ կրթության, գիտության, մշակույթի և սպորտի նախարարություն",1163,1163,Մասսայական սպորտ,"Բնակչության շրջանում առողջ ապրելակերպի արմատավորում, անհատի բազմակողմանի ու ներդաշնակ զարգացման գործում ֆիզիկական կուլտուրայի և սպորտի դերի բարձրացում",Սպորտի նկատմամբ հետաքրքրվածության և մասնակցության ընդլայնում,32003,Թեթև կոնստրուկցիաներով մարզադահլիճների հիմնում,"ՀՀ մարզերում արագ հավաքվող, թեթև կոնստրուկցիաներով, օդահենային պնևմատիկ, եվրոպական ստանդարտներին համապատասխան մարզադահլիճների հիմնում",Այլ պետական կազմակերպությունների կողմից օգտագործվող ոչ ֆինանսական ակտիվների հետ գործառնություններ,362664415.9,400232416.4,374398931.6,0.935,6113254.8,4182950.0,3153970.8,0.754,495600.0,0.0,0.0,0.0
"ՀՀ կրթության, գիտության, մշակույթի և սպորտի նախարարություն",1163,1163,Մասսայական սպորտ,"Բնակչության շրջանում առողջ ապրելակերպի արմատավորում, անհատի բազմակողմանի ու ներդաշնակ զարգացման գործում ֆիզիկական կուլտուրայի և սպորտի դերի բարձրացում",Սպորտի նկատմամբ հետաքրքրվածության և մասնակցության ընդլայնում,32005,«Վորքաութ» տեսակի մարզահրապարակների կառուցում,"Առողջ ապրելակերպի զարգացման նպատակով բնակելի շենքերի, դպրոցների բակերում և այլ հասարակական վայրերում «Վորքաութ» տեսակի",Այլ պետական կազմակերպությունների կողմից օգտագործվող ոչ ֆինանսական ակտիվների հետ գործառնություններ,362664415.9,400232416.4,374398931.6,0.935,6113254.8,4182950.0,3153970.8,0.754,0.0,134230.1,130094.1,0.9690000000000001
"ՀՀ կրթության, գիտության, մշակույթի և սպորտի նախարարություն",1163,1163,Մասսայական սպորտ,"Բնակչության շրջանում առողջ ապրելակերպի արմատավորում, անհատի բազմակողմանի ու ներդաշնակ զարգացման գործում ֆիզիկական կուլտուրայի և սպորտի դերի բարձրացում",Սպորտի նկատմամբ հետաքրքրվածության և մասնակցության ընդլայնում,32006,Ֆուտբոլի ենթակառուցվածքների զարգացման նպատակով մարզադաշտերի և մարզադպրոցների կառուցում,Ֆուտբոլի դպրոցների և ՈՒԵՖԱ ստանդարտներով ֆուտբոլի մարզադաշտերի նախագծում և կառուցում,Այլ պետական կազմակերպությունների կողմից օգտագործվող ոչ ֆինանսական ակտիվների հետ գործառնություններ,362664415.9,400232416.4,374398931.6,0.935,6113254.8,4182950.0,3153970.8,0.754,400000.0,56020.2,0.0,0.0
"ՀՀ կրթության, գիտության, մշակույթի և սպորտի նախարարություն",1168,1168,Արվեստների ծրագիր,"Նպաստել ազգային հենքի վրա ժամանակակից թատերարվեստի, երաժշտարվեստի, կերպարվեստի և պարարվեստի զարգացմանը և հանրահռչակմանը","Մրցունակ արվեստային արտադրանքի ստեղծում, ստեղծագործական գործընթացների խթանում, արվեստի նոր նախագծերի ներդրում և մշակութային կյանքում հասարակության ներգրավում",11001,Օպերային և բալետային արվեստի ներկայացումներ,"Օպերային և բալետային արվեստի ներկայացումների բեմադրություն, թատրոնի գործունեության ապահովում, ազգային օպերային և բալետային արվեստի խթանում",Ծառայությունների մատուցում,362664415.9,400232416.4,374398931.6,0.935,10161672.6,11503528.1,10886196.0,0.946,1870760.0,2129702.5,2129702.5,1.0
"ՀՀ կրթության, գիտության, մշակույթի և սպորտի նախարարություն",1168,1168,Արվեստների ծրագիր,"Նպաստել ազգային հենքի վրա ժամանակակից թատերարվեստի, երաժշտարվեստի, կերպարվեստի և պարարվեստի զարգացմանը և հանրահռչակմանը","Մրցունակ արվեստային արտադրանքի ստեղծում, ստեղծագործական գործընթացների խթանում, արվեստի նոր նախագծերի ներդրում և մշակութային կյանքում հասարակության ներգրավում",11002,Ազգային ակադեմիական թատերարվեստի ներկայացումներ,"Ազգային թատերարվեստի ներկայացումների բեմադրության, թատրոնի գործունեության ապահովում, ազգային թատերավեստի խթանում",Ծառայությունների մատուցում,362664415.9,400232416.4,374398931.6,0.935,10161672.6,11503528.1,10886196.0,0.946,414905.6,370923.6,370923.6,1.0
"ՀՀ կրթության, գիտության, մշակույթի և սպորտի նախարարություն",1168,1168,Արվեստների ծրագիր,"Նպաստել ազգային հենքի վրա ժամանակակից թատերարվեստի, երաժշտարվեստի, կերպարվեստի և պարարվեստի զարգացմանը և հանրահռչակմանը","Մրցունակ արվեստային արտադրանքի ստեղծում, ստեղծագործական գործընթացների խթանում, արվեստի նոր նախագծերի ներդրում և մշակութային կյանքում հասարակության ներգրավում",11003,Թատերական ներկայացումներ,Թատերական ներկայացումների բեմադրություններ և թատրոնների գործունեության ապահովում,Ծառայությունների մատուցում,362664415.9,400232416.4,374398931.6,0.935,10161672.6,11503528.1,10886196.0,0.946,2074886.2,2100593.0,2038279.5,0.97
"ՀՀ կրթության, գիտության, մշակույթի և սպորտի նախարարություն",1168,1168,Արվեստների ծրագիր,"Նպաստել ազգային հենքի վրա ժամանակակից թատերարվեստի, երաժշտարվեստի, կերպարվեստի և պարարվեստի զարգացմանը և հանրահռչակմանը","Մրցունակ արվեստային արտադրանքի ստեղծում, ստեղծագործական գործընթացների խթանում, արվեստի նոր նախագծերի ներդրում և մշակութային կյանքում հասարակության ներգրավում",11004,Երաժշտարվեստի և պարարվեստի համերգներ,"Երաժշտական, պարային, համերգային կազմակերպությունների գործունեության ապահովում և համերգային ծրագրերի իրականացում",Ծառայությունների մատուցում,362664415.9,400232416.4,374398931.6,0.935,10161672.6,11503528.1,10886196.0,0.946,3010792.7,3041173.2,3008613.2,0.9890000000000001
"ՀՀ կրթության, գիտության, մշակույթի և սպորտի նախարարություն",1168,1168,Արվեստների ծրագիր,"Նպաստել ազգային հենքի վրա ժամանակակից թատերարվեստի, երաժշտարվեստի, կերպարվեստի և պարարվեստի զարգացմանը և հանրահռչակմանը","Մրցունակ արվեստային արտադրանքի ստեղծում, ստեղծագործական գործընթացների խթանում, արվեստի նոր նախագծերի ներդրում և մշակութային կյանքում հասարակության ներգրավում",11005,Մշակութային միջոցառումների իրականացում,"Արվեստի հանրահռչակում, տարածում, մատչելիության ապահովում",Ծառայությունների մատուցում,362664415.9,400232416.4,374398931.6,0.935,10161672.6,11503528.1,10886196.0,0.946,1310648.0,1158419.9,1048352.0,0.905
"ՀՀ կրթության, գիտության, մշակույթի և սպորտի նախարարություն",1168,1168,Արվեստների ծրագիր,"Նպաստել ազգային հենքի վրա ժամանակակից թատերարվեստի, երաժշտարվեստի, կերպարվեստի և պարարվեստի զարգացմանը և հանրահռչակմանը","Մրցունակ արվեստային արտադրանքի ստեղծում, ստեղծագործական գործընթացների խթանում, արվեստի նոր նախագծերի ներդրում և մշակութային կյանքում հասարակության ներգրավում",11006,Ազգային ակադեմիական խմբերգային համերգներ,"Խմբերգային համերգների իրականացում, Ազգային ակադեմիական երգչախմբի գործունեության ապահովում",Ծառայությունների մատուցում,362664415.9,400232416.4,374398931.6,0.935,10161672.6,11503528.1,10886196.0,0.946,404616.6,413256.6,412056.6,0.997
"ՀՀ կրթության, գիտության, մշակույթի և սպորտի նախարարություն",1168,1168,Արվեստների ծրագիր,"Նպաստել ազգային հենքի վրա ժամանակակից թատերարվեստի, երաժշտարվեստի, կերպարվեստի և պարարվեստի զարգացմանը և հանրահռչակմանը","Մրցունակ արվեստային արտադրանքի ստեղծում, ստեղծագործական գործընթացների խթանում, արվեստի նոր նախագծերի ներդրում և մշակութային կյանքում հասարակության ներգրավում",11008,«Ժողովրդական» պատվավոր կոչման արժանացած անձանց ամենամսյա պատվովճարի վճարման ծառայություններ,"Համընդհանուր ճանաչում ունենալու, արվեuտի զարգացման գործում ունեցած մեծ և բացառիկ վաuտակի համար Ժողովրդական  պատվավոր կոչման արժանացած անձանց ամենամսյա պատվովճարի վճարման ծառայություններ",Ծառայությունների մատուցում,362664415.9,400232416.4,374398931.6,0.935,10161672.6,11503528.1,10886196.0,0.946,90.0,90.0,61.3,0.6809999999999999
"ՀՀ կրթության, գիտության, մշակույթի և սպորտի նախարարություն",1168,1168,Արվեստների ծրագիր,"Նպաստել ազգային հենքի վրա ժամանակակից թատերարվեստի, երաժշտարվեստի, կերպարվեստի և պարարվեստի զարգացմանը և հանրահռչակմանը","Մրցունակ արվեստային արտադրանքի ստեղծում, ստեղծագործական գործընթացների խթանում, արվեստի նոր նախագծերի ներդրում և մշակութային կյանքում հասարակության ներգրավում",11010,Մարզահամերգային համալիրի պահպանություն,"Կարեն Դեմիրճյանի անվան մարզահամերգային համալիրի պահպանության ապահովում, համերգների, փառատոների և այլ միջոցառումների սպասարկում",Ծառայությունների մատուցում,362664415.9,400232416.4,374398931.6,0.935,10161672.6,11503528.1,10886196.0,0.946,182104.9,196504.9,191937.7,0.977
"ՀՀ կրթության, գիտության, մշակույթի և սպորտի նախարարություն",1168,1168,Արվեստների ծրագիր,"Նպաստել ազգային հենքի վրա ժամանակակից թատերարվեստի, երաժշտարվեստի, կերպարվեստի և պարարվեստի զարգացմանը և հանրահռչակմանը","Մրցունակ արվեստային արտադրանքի ստեղծում, ստեղծագործական գործընթացների խթանում, արվեստի նոր նախագծերի ներդրում և մշակութային կյանքում հասարակության ներգրավում",11025,Թատերահամերգային կազմակերպությունների ֆինանսավորման  փորձնական մոդելի ներդրում,"Կառավարման արդի մոդելների ներդրում, պետական միջոցներինպատակային կառավարում, կազմակերպությունների գործունեության արդյունավետության բարձրացում, ֆինանսական ինքնավարության մակարդակի ապահովում, կառավարչական և կազմակերպչական կարողությունների խթանում",Ծառայությունների մատուցում,362664415.9,400232416.4,374398931.6,0.935,10161672.6,11503528.1,10886196.0,0.946,160524.4,189238.6,189238.6,1.0
"ՀՀ կրթության, գիտության, մշակույթի և սպորտի նախարարություն",1168,1168,Արվեստների ծրագիր,"Նպաստել ազգային հենքի վրա ժամանակակից թատերարվեստի, երաժշտարվեստի, կերպարվեստի և պարարվեստի զարգացմանը և հանրահռչակմանը","Մրցունակ արվեստային արտադրանքի ստեղծում, ստեղծագործական գործընթացների խթանում, արվեստի նոր նախագծերի ներդրում և մշակութային կյանքում հասարակության ներգրավում",11030,Հայաստանի ազգային ֆիլհարմոնիկ նվագախմբի հիմնադրման  100- ամյակին նվիրված հոբելյանական միջոցառումներ,"Հայաստանի ազգային ֆիլհարմոնիկ նվագախմբի հիմնադրման 100-ամյակին նվիրված հոբելյանական միջոցառումների  շրջանակներում հոբելյանական տարվա բացման և փակման միջոցառումներ, մարզային և արտասահմանյան հյուրախաղեր, բրենդբուքի պատրաստում",Ծառայությունների մատուցում,362664415.9,400232416.4,374398931.6,0.935,10161672.6,11503528.1,10886196.0,0.946,0.0,322392.2,314477.4,0.975
"ՀՀ կրթության, գիտության, մշակույթի և սպորտի նախարարություն",1168,1168,Արվեստների ծրագիր,"Նպաստել ազգային հենքի վրա ժամանակակից թատերարվեստի, երաժշտարվեստի, կերպարվեստի և պարարվեստի զարգացմանը և հանրահռչակմանը","Մրցունակ արվեստային արտադրանքի ստեղծում, ստեղծագործական գործընթացների խթանում, արվեստի նոր նախագծերի ներդրում և մշակութային կյանքում հասարակության ներգրավում",11031,Ավետիք Իսահակյանի ծննդյան 150-ամյակին նվիրված  հոբելյանական միջոցառումներ,"Ավետիք Իսահակյանի ծննդյան 150- ամյակին նվիրված հոբելյանական միջոցառումների շրջանակներում հոբելյանական գիտաժողով, փառատոն, համերգ, մրցույթ, գրքերի տպագրություն, բրենդավորում, գովազդային արշավ",Ծառայությունների մատուցում,362664415.9,400232416.4,374398931.6,0.935,10161672.6,11503528.1,10886196.0,0.946,0.0,62781.7,52981.9,0.8440000000000001
"ՀՀ կրթության, գիտության, մշակույթի և սպորտի նախարարություն",1168,1168,Արվեստների ծրագիր,"Նպաստել ազգային հենքի վրա ժամանակակից թատերարվեստի, երաժշտարվեստի, կերպարվեստի և պարարվեստի զարգացմանը և հանրահռչակմանը","Մրցունակ արվեստային արտադրանքի ստեղծում, ստեղծագործական գործընթացների խթանում, արվեստի նոր նախագծերի ներդրում և մշակութային կյանքում հասարակության ներգրավում",12001,«Ժողովրդական» պատվավոր կոչման արժանացած անձանց պատվովճար,"Համընդհանուր ճանաչում ունենալու, արվեuտի զարգացման գործում ունեցած մեծ և բացառիկ վաuտակի համար Ժողովրդական  պատվավոր կոչման արժանացած անձանց ամենամսյա պատվովճարի տրամադրում",Տրանսֆերտների տրամադրում,362664415.9,400232416.4,374398931.6,0.935,10161672.6,11503528.1,10886196.0,0.946,30000.0,30000.0,28607.5,0.9540000000000001
"ՀՀ կրթության, գիտության, մշակույթի և սպորտի նախարարություն",1168,1168,Արվեստների ծրագիր,"Նպաստել ազգային հենքի վրա ժամանակակից թատերարվեստի, երաժշտարվեստի, կերպարվեստի և պարարվեստի զարգացմանը և հանրահռչակմանը","Մրցունակ արվեստային արտադրանքի ստեղծում, ստեղծագործական գործընթացների խթանում, արվեստի նոր նախագծերի ներդրում և մշակութային կյանքում հասարակության ներգրավում",12002,Մշակույթի ոլորտի միջազգային հեղինակավոր փառատոների մրցանակաբաշխություններին մասնակցած և մրցանակի արժանացած մշակույթի գործիչների դրամական խրախուսում,"Դրամական խրախուսման տրամադրում ՀՀ քաղաքացի հանդիսացող մշակույթի ոլորտի այն գործիչներին, ովքեր որպես ՀՀ ներկայացուցիչ մասնակցել են միջազգային հեղինակավոր փառատոներին և մրցանակաբաշխություններին և արժանացել են մրցանակի",Տրանսֆերտների տրամադրում,362664415.9,400232416.4,374398931.6,0.935,10161672.6,11503528.1,10886196.0,0.946,75486.0,122980.1,122165.2,0.993
"ՀՀ կրթության, գիտության, մշակույթի և սպորտի նախարարություն",1168,1168,Արվեստների ծրագիր,"Նպաստել ազգային հենքի վրա ժամանակակից թատերարվեստի, երաժշտարվեստի, կերպարվեստի և պարարվեստի զարգացմանը և հանրահռչակմանը","Մրցունակ արվեստային արտադրանքի ստեղծում, ստեղծագործական գործընթացների խթանում, արվեստի նոր նախագծերի ներդրում և մշակութային կյանքում հասարակության ներգրավում",32001,Ներդրումներ թատրոնների և համերգային կազմակերպությունների շենքերի կապիտալ վերանորոգման համար,"Թատրոնների և համերգային կազմակերպությունների շենքերի մասնաշենքերի հիմնանորոգում, համաշինարարական աշխատանքներ, ջեռուցման համակարգի իրականացում, ներքին հարդարում, տարածքի բարեկարգում և նախագծում",Այլ պետական կազմակերպությունների կողմից օգտագործվող ոչ ֆինանսական ակտիվների հետ գործառնություններ,362664415.9,400232416.4,374398931.6,0.935,10161672.6,11503528.1,10886196.0,0.946,421551.1,343208.5,225902.1,0.6579999999999999
"ՀՀ կրթության, գիտության, մշակույթի և սպորտի նախարարություն",1168,1168,Արվեստների ծրագիր,"Նպաստել ազգային հենքի վրա ժամանակակից թատերարվեստի, երաժշտարվեստի, կերպարվեստի և պարարվեստի զարգացմանը և հանրահռչակմանը","Մրցունակ արվեստային արտադրանքի ստեղծում, ստեղծագործական գործընթացների խթանում, արվեստի նոր նախագծերի ներդրում և մշակութային կյանքում հասարակության ներգրավում",32007,Թատերահամերգային կազմակերպությունների նյութատեխնիկական բազայի  համալրում,Թատերահամերգային կազմակերպությունների համար անհրաժեշտ տեխնիկայի և սարքավորումների ձեռքբերում,Այլ պետական կազմակերպությունների կողմից օգտագործվող ոչ ֆինանսական ակտիվների հետ գործառնություններ,362664415.9,400232416.4,374398931.6,0.935,10161672.6,11503528.1,10886196.0,0.946,115607.5,932563.8,675141.1,0.7240000000000001
"ՀՀ կրթության, գիտության, մշակույթի և սպորտի նախարարություն",1168,1168,Արվեստների ծրագիր,"Նպաստել ազգային հենքի վրա ժամանակակից թատերարվեստի, երաժշտարվեստի, կերպարվեստի և պարարվեստի զարգացմանը և հանրահռչակմանը","Մրցունակ արվեստային արտադրանքի ստեղծում, ստեղծագործական գործընթացների խթանում, արվեստի նոր նախագծերի ներդրում և մշակութային կյանքում հասարակության ներգրավում",32008,Երաժշտական գործիքների ձեռքբերում,Թատերահամերգային կազմակերպությունների երաժշտական գործիքներով ապահովում,Այլ պետական կազմակերպությունների կողմից օգտագործվող ոչ ֆինանսական ակտիվների հետ գործառնություններ,362664415.9,400232416.4,374398931.6,0.935,10161672.6,11503528.1,10886196.0,0.946,89699.6,89699.6,77756.0,0.867
"ՀՀ կրթության, գիտության, մշակույթի և սպորտի նախարարություն",1183,1183,Ապահով դպրոց,"Դպրոցներին սպառնացող աղետների ռիսկի կառավարման կարողությունների հզորացում, դպրոցի անձնակազմի և աշակերտների անվտանգության ապահովման մակարդակի բարձրացում՛ կիրառելով ներառական և երեխայակենտրոն մոտեցում",Դպրոցական միջավայրի բարելավում,11002,Աջակցություն դպրոցներին «Արագ արձագանքման ֆոնդի» շրջանակում` հրատապ խնդիրների լուծման համար,Դպրոցներում արտակարգ իրավիճակների և չնախատեսված հանգամանքների հետևանքով առաջացած խնդիրների լուծման նպատակով ընթացիկ աշխատանքների իրականացում,Ծառայությունների մատուցում,362664415.9,400232416.4,374398931.6,0.935,791027.3,1993714.9,1696718.8,0.851,45000.0,140000.0,132406.6,0.946
"ՀՀ կրթության, գիտության, մշակույթի և սպորտի նախարարություն",1183,1183,Ապահով դպրոց,"Դպրոցներին սպառնացող աղետների ռիսկի կառավարման կարողությունների հզորացում, դպրոցի անձնակազմի և աշակերտների անվտանգության ապահովման մակարդակի բարձրացում՛ կիրառելով ներառական և երեխայակենտրոն մոտեցում",Դպրոցական միջավայրի բարելավում,32001,Կրթական օբյեկտների շենքային պայմանների բարելավում,"Կրթական օբյեկտների շենքերի (մասնաշենքերի) հիմնանորոգում (համաշինարարական աշխատանքներ, ջեռուցման համակարգի իրականացում, ներքին հարդարում, տարածքի բարեկարգում) և նախագծում",Այլ պետական կազմակերպությունների կողմից օգտագործվող ոչ ֆինանսական ակտիվների հետ գործառնություններ,362664415.9,400232416.4,374398931.6,0.935,791027.3,1993714.9,1696718.8,0.851,0.0,1115024.2,1037392.6,0.93
"ՀՀ կրթության, գիտության, մշակույթի և սպորտի նախարարություն",1183,1183,Ապահով դպրոց,"Դպրոցներին սպառնացող աղետների ռիսկի կառավարման կարողությունների հզորացում, դպրոցի անձնակազմի և աշակերտների անվտանգության ապահովման մակարդակի բարձրացում՛ կիրառելով ներառական և երեխայակենտրոն մոտեցում",Դպրոցական միջավայրի բարելավում,32002,Կրթական օբյեկտների շենքային ապահովվածության բարելավում,"Կրթական օբյեկտների շենքերի (մասնաշենքերի) կառուցում (համաշինարարական աշխատանքներ, ջեռուցման համակարգի իրականացում, ներքին հարդարում, տարածքի բարեկարգում) և նախագծում",Այլ պետական կազմակերպությունների կողմից օգտագործվող ոչ ֆինանսական ակտիվների հետ գործառնություններ,362664415.9,400232416.4,374398931.6,0.935,791027.3,1993714.9,1696718.8,0.851,150781.5,166193.5,132336.2,0.7959999999999999
"ՀՀ կրթության, գիտության, մշակույթի և սպորտի նախարարություն",1183,1183,Ապահով դպրոց,"Դպրոցներին սպառնացող աղետների ռիսկի կառավարման կարողությունների հզորացում, դպրոցի անձնակազմի և աշակերտների անվտանգության ապահովման մակարդակի բարձրացում՛ կիրառելով ներառական և երեխայակենտրոն մոտեցում",Դպրոցական միջավայրի բարելավում,32004,Ավագ մակարդակի կրթություն իրականացնող ուսումնական հաստատությունների շենքային պայմանների բարելավում,Ավագ դպրոցների շենքային պայմանների բարելավում,Այլ պետական կազմակերպությունների կողմից օգտագործվող ոչ ֆինանսական ակտիվների հետ գործառնություններ,362664415.9,400232416.4,374398931.6,0.935,791027.3,1993714.9,1696718.8,0.851,0.0,14613.5,14360.6,0.983
"ՀՀ կրթության, գիտության, մշակույթի և սպորտի նախարարություն",1183,1183,Ապահով դպրոց,"Դպրոցներին սպառնացող աղետների ռիսկի կառավարման կարողությունների հզորացում, դպրոցի անձնակազմի և աշակերտների անվտանգության ապահովման մակարդակի բարձրացում՛ կիրառելով ներառական և երեխայակենտրոն մոտեցում",Դպրոցական միջավայրի բարելավում,32007,Հանրակրթական կրթություն իրականացնող ուսումնական հաստատությունների նոր մարզադահլիճների կառուցում,Հանրակրթական ուսուցում իրականացնող ուսումնական հաստատությունների նոր մարզադահլիճների կառուցման նախագծանախահաշվային փաստաթղթերի մշակում,Այլ պետական կազմակերպությունների կողմից օգտագործվող ոչ ֆինանսական ակտիվների հետ գործառնություններ,362664415.9,400232416.4,374398931.6,0.935,791027.3,1993714.9,1696718.8,0.851,334320.6,262071.3,189957.3,0.725
"ՀՀ կրթության, գիտության, մշակույթի և սպորտի նախարարություն",1183,1183,Ապահով դպրոց,"Դպրոցներին սպառնացող աղետների ռիսկի կառավարման կարողությունների հզորացում, դպրոցի անձնակազմի և աշակերտների անվտանգության ապահովման մակարդակի բարձրացում՛ կիրառելով ներառական և երեխայակենտրոն մոտեցում",Դպրոցական միջավայրի բարելավում,32009,Հանրակրթական կրթություն իրականացնող ուսումնական հաստատությունների մարզադահլիճների վերակառուցում,Հանրակրթական ուսուցում իրականացնող ուսումնական հաստատությունների մարզադահլիճների վերակառուցման նախագծանախահաշվային փաստաթղթերի մշակում,Այլ պետական կազմակերպությունների կողմից օգտագործվող ոչ ֆինանսական ակտիվների հետ գործառնություններ,362664415.9,400232416.4,374398931.6,0.935,791027.3,1993714.9,1696718.8,0.851,260925.2,295812.4,190265.6,0.643
"ՀՀ կրթության, գիտության, մշակույթի և սպորտի նախարարություն",1189,1189,Դպրոցների սեյսմիկ անվտանգության մակարդակի բարձրացման ծրագիր,"Նպաստել երկրի սեյսմակայունության ապահովմանը, անհատական և հասարակական անվտանգության մակարդակի բարձրացմանը",Դպրոցական շենքերի սեյսմակայունության մակարդակի բարձրացում,11001,Ասիական զարգացման բանկի աջակցությամբ իրականացվող դպրոցների սեյսմիկ պաշտպանության ծրագրի կառավարում,Դպրոցների սեյսմիկ պաշտպանության ծրագիր` ՀՀ դպրոցների սեյսմիկ անվտանգության բարելավման նպատակով,Ծառայությունների մատուցում,362664415.9,400232416.4,374398931.6,0.935,10704812.7,14779065.3,14649983.6,0.991,255695.3,285695.3,220267.3,0.7709999999999999
"ՀՀ կրթության, գիտության, մշակույթի և սպորտի նախարարություն",1189,1189,Դպրոցների սեյսմիկ անվտանգության մակարդակի բարձրացման ծրագիր,"Նպաստել երկրի սեյսմակայունության ապահովմանը, անհատական և հասարակական անվտանգության մակարդակի բարձրացմանը",Դպրոցական շենքերի սեյսմակայունության մակարդակի բարձրացում,12001,Ասիական զարգացման բանկի աջակցությամբ իրականացվող դպրոցների սեյսմիկ պաշտպանության ծրագրի շրջանակներում ՀՀ դպրոցների սեյսմիկ անվտանգության բարելավմանն ուղղված միջոցառումներ,"Դպրոցների շենքերի ամրացման շինարարական աշխատանքներ, շինարարական ստանդարտների արդիականացում, արտակարգ իրավիճակներին արձագանքման ծրագրի մշակում, սեյսմիկ մոնիտորինգի դիտակետերի սարքավորումների արդիականացում",Տրանսֆերտների տրամադրում,362664415.9,400232416.4,374398931.6,0.935,10704812.7,14779065.3,14649983.6,0.991,1733951.0,2473951.0,2437708.9,0.985
"ՀՀ կրթության, գիտության, մշակույթի և սպորտի նախարարություն",1189,1189,Դպրոցների սեյսմիկ անվտանգության մակարդակի բարձրացման ծրագիր,"Նպաստել երկրի սեյսմակայունության ապահովմանը, անհատական և հասարակական անվտանգության մակարդակի բարձրացմանը",Դպրոցական շենքերի սեյսմակայունության մակարդակի բարձրացում,12003,Ասիական զարգացման բանկի աջակցությամբ իրականացվող դպրոցների սեյսմիկ պաշտպանության ծրագրի լրացուցիչ ֆինանսավորման շրջանակներում ՀՀ դպրոցների սեյսմիկ անվտանգության բարելավմանն ուղղված միջոցառումներ,"Դպրոցների սեյսմիկ պաշտպանության լրացուցիչ ֆինանսավորման  ծրագիր, դպրոցների շենքերի կառուցման, ամրացման շինարարական աշխատանքներ, շինարարական ստանդարտների արդիականացում, արտակարգ իրավիճակներին արձագանքման ծրագրի մշակում",Տրանսֆերտների տրամադրում,362664415.9,400232416.4,374398931.6,0.935,10704812.7,14779065.3,14649983.6,0.991,8715166.4,12019419.0,11992007.4,0.998
"ՀՀ կրթության, գիտության, մշակույթի և սպորտի նախարարություն",1192,1192,Կրթության որակի ապահովում,"Ընթացիկ աշխատանքների, բարեփոխումների և նոր նախաձեռնությունների միջոցով ֆորմալ և ոչ-ֆորմալ կրթության ոլորտում իրականացվող միջոցառումների, մատուցվող ծառայությունների բովանդակության և կազմակերպման որակի շարունակական բարելավում","Նախադպրոցականից մինչև հետբուհական կրթության որակի, այն է սովորողների, միջավայրի, ծրագրերի և ուսումնական նյութերի բովանդակության, գործընթացների, ինչպես նաև վերջնարդյունքների որակի բարելավում ըստ ներպետական և միջազգային ցուցիչների",11001,Մասնագիտական կրթության և ուսուցման (ՄԿՈՒ) բարեփոխումներ,"Մասնագիտական կրթության չափորոշիչների մշակման, վերանայման, ինչպես նաև դասախոսների վերապատրաստման միջոցով ՄԿՈւ կրթության որակի բարելավում",Ծառայությունների մատուցում,362664415.9,400232416.4,374398931.6,0.935,15757402.3,19226735.8,18276881.9,0.951,199405.4,199405.4,199405.4,1.0
"ՀՀ կրթության, գիտության, մշակույթի և սպորտի նախարարություն",1192,1192,Կրթության որակի ապահովում,"Ընթացիկ աշխատանքների, բարեփոխումների և նոր նախաձեռնությունների միջոցով ֆորմալ և ոչ-ֆորմալ կրթության ոլորտում իրականացվող միջոցառումների, մատուցվող ծառայությունների բովանդակության և կազմակերպման որակի շարունակական բարելավում","Նախադպրոցականից մինչև հետբուհական կրթության որակի, այն է սովորողների, միջավայրի, ծրագրերի և ուսումնական նյութերի բովանդակության, գործընթացների, ինչպես նաև վերջնարդյունքների որակի բարելավում ըստ ներպետական և միջազգային ցուցիչների",11006,Կրթության բովանդակային և մեթոդական սպասարկում,"Հանրակրթության պետական կրթական չափորոշիչների մշակում, վերանայում",Ծառայությունների մատուցում,362664415.9,400232416.4,374398931.6,0.935,15757402.3,19226735.8,18276881.9,0.951,543186.4,543186.4,543186.4,1.0
"ՀՀ կրթության, գիտության, մշակույթի և սպորտի նախարարություն",1192,1192,Կրթության որակի ապահովում,"Ընթացիկ աշխատանքների, բարեփոխումների և նոր նախաձեռնությունների միջոցով ֆորմալ և ոչ-ֆորմալ կրթության ոլորտում իրականացվող միջոցառումների, մատուցվող ծառայությունների բովանդակության և կազմակերպման որակի շարունակական բարելավում","Նախադպրոցականից մինչև հետբուհական կրթության որակի, այն է սովորողների, միջավայրի, ծրագրերի և ուսումնական նյութերի բովանդակության, գործընթացների, ինչպես նաև վերջնարդյունքների որակի բարելավում ըստ ներպետական և միջազգային ցուցիչների",11010,Կամավոր ատեստավորման համակարգի ներդրում` ուղղված ուսուցիչների որակի բարձրացմանը,Հանրակրթական դպրոցներում դասավանդող ուսուցիչների կամավոր ատեստավորման համակարգի գործարկում,Ծառայությունների մատուցում,362664415.9,400232416.4,374398931.6,0.935,15757402.3,19226735.8,18276881.9,0.951,8673771.4,10837633.5,10660754.6,0.9840000000000001
"ՀՀ կրթության, գիտության, մշակույթի և սպորտի նախարարություն",1192,1192,Կրթության որակի ապահովում,"Ընթացիկ աշխատանքների, բարեփոխումների և նոր նախաձեռնությունների միջոցով ֆորմալ և ոչ-ֆորմալ կրթության ոլորտում իրականացվող միջոցառումների, մատուցվող ծառայությունների բովանդակության և կազմակերպման որակի շարունակական բարելավում","Նախադպրոցականից մինչև հետբուհական կրթության որակի, այն է սովորողների, միջավայրի, ծրագրերի և ուսումնական նյութերի բովանդակության, գործընթացների, ինչպես նաև վերջնարդյունքների որակի բարելավում ըստ ներպետական և միջազգային ցուցիչների",11018,"Գրագիտության, հմտությունների զարգացման, մասնագիտական կողմնորոշման համընդհանուր ներառականության, մշակութային և մարզական կրթության վերաբերյալ հոլովակների պատրաստում","Սոցիալական հոլովակների միջոցով գրագիտության բարձրացում, գիտության, առողջ ապրելակերպի խրախուսում, մասնագիտական կողմնորոշում, մշակույթի հանրահռչակում, համընդհանուր ներառականություն",Ծառայությունների մատուցում,362664415.9,400232416.4,374398931.6,0.935,15757402.3,19226735.8,18276881.9,0.951,4000.0,4000.0,2821.9,0.705
"ՀՀ կրթության, գիտության, մշակույթի և սպորտի նախարարություն",1192,1192,Կրթության որակի ապահովում,"Ընթացիկ աշխատանքների, բարեփոխումների և նոր նախաձեռնությունների միջոցով ֆորմալ և ոչ-ֆորմալ կրթության ոլորտում իրականացվող միջոցառումների, մատուցվող ծառայությունների բովանդակության և կազմակերպման որակի շարունակական բարելավում","Նախադպրոցականից մինչև հետբուհական կրթության որակի, այն է սովորողների, միջավայրի, ծրագրերի և ուսումնական նյութերի բովանդակության, գործընթացների, ինչպես նաև վերջնարդյունքների որակի բարելավում ըստ ներպետական և միջազգային ցուցիչների",11022,Հանրակրթական հիմնական ծրագրեր իրականացնող ուսումնական հաստատությունների ատեստավորման ենթակա ուսուցչի և մանկավարժի վերապատրաստում,"Հանրակրթական ուսումնական հաստատությունների հերթական, ինչպես նաև կամավոր ատեստավորման արդյունքում 0-59 տոկոս արդյունք ցուցաբերած ուսուցիչների վերապատրաստում",Ծառայությունների մատուցում,362664415.9,400232416.4,374398931.6,0.935,15757402.3,19226735.8,18276881.9,0.951,72000.0,106259.4,76820.1,0.723
"ՀՀ կրթության, գիտության, մշակույթի և սպորտի նախարարություն",1192,1192,Կրթության որակի ապահովում,"Ընթացիկ աշխատանքների, բարեփոխումների և նոր նախաձեռնությունների միջոցով ֆորմալ և ոչ-ֆորմալ կրթության ոլորտում իրականացվող միջոցառումների, մատուցվող ծառայությունների բովանդակության և կազմակերպման որակի շարունակական բարելավում","Նախադպրոցականից մինչև հետբուհական կրթության որակի, այն է սովորողների, միջավայրի, ծրագրերի և ուսումնական նյութերի բովանդակության, գործընթացների, ինչպես նաև վերջնարդյունքների որակի բարելավում ըստ ներպետական և միջազգային ցուցիչների",11023,Համաշխարհային բանկի աջակցությամբ իրականացվող «Կրթության բարելավման ծրագրի լրացուցիչ ֆինանսավորում» վարկային ծրագիր,"Հանրակրթության որակի բարելավում, աջակցություն Նորարարությունների մրցակցային հիմնադրամի զարգացմանը, ծրագրի համակարգում և կառավարում",Ծառայությունների մատուցում,362664415.9,400232416.4,374398931.6,0.935,15757402.3,19226735.8,18276881.9,0.951,735896.7,735896.7,676720.6,0.92
"ՀՀ կրթության, գիտության, մշակույթի և սպորտի նախարարություն",1192,1192,Կրթության որակի ապահովում,"Ընթացիկ աշխատանքների, բարեփոխումների և նոր նախաձեռնությունների միջոցով ֆորմալ և ոչ-ֆորմալ կրթության ոլորտում իրականացվող միջոցառումների, մատուցվող ծառայությունների բովանդակության և կազմակերպման որակի շարունակական բարելավում","Նախադպրոցականից մինչև հետբուհական կրթության որակի, այն է սովորողների, միջավայրի, ծրագրերի և ուսումնական նյութերի բովանդակության, գործընթացների, ինչպես նաև վերջնարդյունքների որակի բարելավում ըստ ներպետական և միջազգային ցուցիչների",11024,ՀՀ պետական դպրոցների ԳՏՃՄ առարկաներ դասավանդող ուսուցիչների վերապատրաստում`  նոր ստանդարտներին համապատասխան,Աջակցություն ԳՏՃՄ առարկաների դասավանդման և ուսուցման որակը բարելավելու համար,Ծառայությունների մատուցում,362664415.9,400232416.4,374398931.6,0.935,15757402.3,19226735.8,18276881.9,0.951,138680.4,250772.6,235213.4,0.938
"ՀՀ կրթության, գիտության, մշակույթի և սպորտի նախարարություն",1192,1192,Կրթության որակի ապահովում,"Ընթացիկ աշխատանքների, բարեփոխումների և նոր նախաձեռնությունների միջոցով ֆորմալ և ոչ-ֆորմալ կրթության ոլորտում իրականացվող միջոցառումների, մատուցվող ծառայությունների բովանդակության և կազմակերպման որակի շարունակական բարելավում","Նախադպրոցականից մինչև հետբուհական կրթության որակի, այն է սովորողների, միջավայրի, ծրագրերի և ուսումնական նյութերի բովանդակության, գործընթացների, ինչպես նաև վերջնարդյունքների որակի բարելավում ըստ ներպետական և միջազգային ցուցիչների",11025,Ուսուցիչների  միջազգային վերապատրաստում,Ուսուցիչների մասնագիտական փորձի փոխանակմանն ուղղված միջազգային ծրագրերի մասնակցություն,Ծառայությունների մատուցում,362664415.9,400232416.4,374398931.6,0.935,15757402.3,19226735.8,18276881.9,0.951,0.0,23575.0,23575.0,1.0
"ՀՀ կրթության, գիտության, մշակույթի և սպորտի նախարարություն",1192,1192,Կրթության որակի ապահովում,"Ընթացիկ աշխատանքների, բարեփոխումների և նոր նախաձեռնությունների միջոցով ֆորմալ և ոչ-ֆորմալ կրթության ոլորտում իրականացվող միջոցառումների, մատուցվող ծառայությունների բովանդակության և կազմակերպման որակի շարունակական բարելավում","Նախադպրոցականից մինչև հետբուհական կրթության որակի, այն է սովորողների, միջավայրի, ծրագրերի և ուսումնական նյութերի բովանդակության, գործընթացների, ինչպես նաև վերջնարդյունքների որակի բարելավում ըստ ներպետական և միջազգային ցուցիչների",32006,Համաշխարհային բանկի աջակցությամբ իրականացվող «Կրթության բարելավման  ծրագրի լրացուցիչ ֆինանսավորում» վարկային ծրագրի շրջանակներում կապիտալ ներդրումներ  հանրակրթական ուսումնական հաստատություններում,"Կապիտալ ներդրումներ ավագ, միջնակարգ և հիմնական դպրոցներում",Այլ պետական կազմակերպությունների կողմից օգտագործվող ոչ ֆինանսական ակտիվների հետ գործառնություններ,362664415.9,400232416.4,374398931.6,0.935,15757402.3,19226735.8,18276881.9,0.951,3722712.0,4267712.0,3686072.9,0.8640000000000001
"ՀՀ կրթության, գիտության, մշակույթի և սպորտի նախարարություն",1192,1192,Կրթության որակի ապահովում,"Ընթացիկ աշխատանքների, բարեփոխումների և նոր նախաձեռնությունների միջոցով ֆորմալ և ոչ-ֆորմալ կրթության ոլորտում իրականացվող միջոցառումների, մատուցվող ծառայությունների բովանդակության և կազմակերպման որակի շարունակական բարելավում","Նախադպրոցականից մինչև հետբուհական կրթության որակի, այն է սովորողների, միջավայրի, ծրագրերի և ուսումնական նյութերի բովանդակության, գործընթացների, ինչպես նաև վերջնարդյունքների որակի բարելավում ըստ ներպետական և միջազգային ցուցիչների",32007,ՀՀ պետական դպրոցների` ԳՏՃՄ լաբորատորիաներով ապահովում,ՀՀ պետական դպրոցների համար ԳՏՃՄ առարկաների լաբորատոր սարքավարումների և կահույքի ձեռքբերում,Այլ պետական կազմակերպությունների կողմից օգտագործվող ոչ ֆինանսական ակտիվների հետ գործառնություններ,362664415.9,400232416.4,374398931.6,0.935,15757402.3,19226735.8,18276881.9,0.951,1667750.0,2258294.8,2172311.6,0.9620000000000001
"ՀՀ կրթության, գիտության, մշակույթի և սպորտի նախարարություն",1193,1193,Համընդհանուր ներառական կրթության համակարգի ներդրում,"Յուրաքանչյուր երեխայի համար կրթության մատչելիության, հավասար մասնակցության հնարավորության և որակի ապահովում՛ զարգացման առանձնահատկություններին համապատասխան և անհրաժեշտ պայմանների ստեղծման միջոցով",Խոցելի խմբերի երեխաների ընդգրկվածության ապահովում հանրակրթական հաստատություններում,11001,Մանկավարժահոգեբանական աջակցության ծառայություններ և  կրթության առանձնահատուկ պայմանների կարիք ունեցող երեխաների կրթության կազմակերպմանն օժանդակող միջոցառումներ,"Երեխաների կրթության առանձնահատուկ պայմանների կարիքի բացահայտում և գնահատում, կրթության աջակցության ծառայությունների իրականացում և կրթության կազմակերպման համար նախատեսված  ծրագրերի,  ձեռնարկների, ուսումնական այլ նյութերի մշակում,  հրատարակում և ձեռքբերում",Ծառայությունների մատուցում,362664415.9,400232416.4,374398931.6,0.935,3803996.8,3803996.8,3594294.5,0.945,3685609.5,3685609.5,3512219.7,0.953
"ՀՀ կրթության, գիտության, մշակույթի և սպորտի նախարարություն",1193,1193,Համընդհանուր ներառական կրթության համակարգի ներդրում,"Յուրաքանչյուր երեխայի համար կրթության մատչելիության, հավասար մասնակցության հնարավորության և որակի ապահովում՛ զարգացման առանձնահատկություններին համապատասխան և անհրաժեշտ պայմանների ստեղծման միջոցով",Խոցելի խմբերի երեխաների ընդգրկվածության ապահովում հանրակրթական հաստատություններում,11002,Աուտիզմ և զարգացման խանգարումներ ունեցող երեխաներին մանկավարժահոգեբանական աջակցության  ծառայությունների տրամադրում,Աուտիզմ և զարգացման խանգարումներ ունեցող երեխաների համար անհրաժեշտ պայմանների ստեղծում,Ծառայությունների մատուցում,362664415.9,400232416.4,374398931.6,0.935,3803996.8,3803996.8,3594294.5,0.945,82099.8,82099.8,82074.8,1.0
"ՀՀ կրթության, գիտության, մշակույթի և սպորտի նախարարություն",1193,1193,Համընդհանուր ներառական կրթության համակարգի ներդրում,"Յուրաքանչյուր երեխայի համար կրթության մատչելիության, հավասար մասնակցության հնարավորության և որակի ապահովում՛ զարգացման առանձնահատկություններին համապատասխան և անհրաժեշտ պայմանների ստեղծման միջոցով",Խոցելի խմբերի երեխաների ընդգրկվածության ապահովում հանրակրթական հաստատություններում,12018,Մանկավարժահոգեբանական աջակցության ծառայություններ մատուցող մասնագետների  ատեստավորման համակարգի ներդրում,"Մանկավարժահոգեբանական աջակցության ծառայություններ մատուցող մասնագետների մասնագիտական առաջխաղացման, ներառյալ ատեստավորման գործընթացի ապահովում",Տրանսֆերտների տրամադրում,362664415.9,400232416.4,374398931.6,0.935,3803996.8,3803996.8,3594294.5,0.945,36287.5,36287.5,0.0,0.0
"ՀՀ կրթության, գիտության, մշակույթի և սպորտի նախարարություն",1196,1196,Մարզերի մշակութային զարգացման ծրագիր,Մարզերում մշակութային կյանքի և մշակութաստեղծ գործունեության ակտիվացում,Համայնքներում մշակույթի հասանելիության և մշակութային կյանքին մարզային բնակչության ընդգրկվածության ընդլայնում,11001,Մշակութային միջոցառումների իրականացում ՀՀ մարզերում,Մարզի տարածքում մշակութային միջոցառումների կազմակերպում և իրականացում,Ծառայությունների մատուցում,362664415.9,400232416.4,374398931.6,0.935,444765.5,630804.2,566198.3,0.898,170884.9,443606.0,415248.5,0.9359999999999999
"ՀՀ կրթության, գիտության, մշակույթի և սպորտի նախարարություն",1196,1196,Մարզերի մշակութային զարգացման ծրագիր,Մարզերում մշակութային կյանքի և մշակութաստեղծ գործունեության ակտիվացում,Համայնքներում մշակույթի հասանելիության և մշակութային կյանքին մարզային բնակչության ընդգրկվածության ընդլայնում,11002,Համայնքային մշակույթի և ազատ ժամանցի կազմակերպում,"Համայնքային մշակույթի և ազատ ժամանցի կազմակերպում մշակույթի կենտրոնում, տարածքային մշակութային միջոցառումների իրականացում",Ծառայությունների մատուցում,362664415.9,400232416.4,374398931.6,0.935,444765.5,630804.2,566198.3,0.898,48880.6,48880.6,40733.8,0.833
"ՀՀ կրթության, գիտության, մշակույթի և սպորտի նախարարություն",1196,1196,Մարզերի մշակութային զարգացման ծրագիր,Մարզերում մշակութային կյանքի և մշակութաստեղծ գործունեության ակտիվացում,Համայնքներում մշակույթի հասանելիության և մշակութային կյանքին մարզային բնակչության ընդգրկվածության ընդլայնում,12001,Աջակցություն համայնքներին մշակութային հաստատությունների շենքային պայմանների բարելավման համար,"Համայնքային ենթակայության մշակույթի տների, ակումբների և կենտրոնների հիմնանորոգում, կառուցում և նախագծում",Տրանսֆերտների տրամադրում,362664415.9,400232416.4,374398931.6,0.935,444765.5,630804.2,566198.3,0.898,0.0,51056.1,50075.4,0.981
"ՀՀ կրթության, գիտության, մշակույթի և սպորտի նախարարություն",1196,1196,Մարզերի մշակութային զարգացման ծրագիր,Մարզերում մշակութային կյանքի և մշակութաստեղծ գործունեության ակտիվացում,Համայնքներում մշակույթի հասանելիության և մշակութային կյանքին մարզային բնակչության ընդգրկվածության ընդլայնում,12002,Համայնքային մշակութային-ժամանցային կենտրոնի ստեղծում,"Համայնքի մշակութային կյանքի ակտիվացում, հանրային ընթերցանության, գեղագիտական կրթության զարգացում, համայնքի բնակչության որակյալ և բովանդակալից ժամանցի կազմակերպում",Տրանսֆերտների տրամադրում,362664415.9,400232416.4,374398931.6,0.935,444765.5,630804.2,566198.3,0.898,225000.0,79472.5,52360.9,0.659
"ՀՀ կրթության, գիտության, մշակույթի և սպորտի նախարարություն",1196,1196,Մարզերի մշակութային զարգացման ծրագիր,Մարզերում մշակութային կյանքի և մշակութաստեղծ գործունեության ակտիվացում,Համայնքներում մշակույթի հասանելիության և մշակութային կյանքին մարզային բնակչության ընդգրկվածության ընդլայնում,12003,Մշակութային կենտրոնների գույքային հագեցվածության բարելավում,"Մշակութային կենտրոնների համար անհրաժեշտ գույքի, տեխնիկայի և սարքավորումների ձեռքբերում",Տրանսֆերտների տրամադրում,362664415.9,400232416.4,374398931.6,0.935,444765.5,630804.2,566198.3,0.898,0.0,7789.0,7779.8,0.9990000000000001
"ՀՀ կրթության, գիտության, մշակույթի և սպորտի նախարարություն",1198,1198,Մշակութային և գեղագիտական դաստիարակության ծրագիր,Երեխաների հոգևոր և գեղագիտական ընդունակությունների բացահայտում և զարգացում,Ստեղծագործական ունակությունների ձևավորում և զարգացում,11001,"Երաժշտական, արվեստի, գեղարվեստի և պարարվեստի դպրոցներում ուսումնամեթոդական աշխատանքներ","Երաժշտական, արվեստի, գեղարվեստի և պարարվեստի դպրոցներում ուսումնամեթոդական աշխատանքների կազմակերպում աշակերտների և դասատուների համար",Ծառայությունների մատուցում,362664415.9,400232416.4,374398931.6,0.935,1002980.7,884267.6,814710.9,0.9209999999999999,38000.0,37424.5,31674.5,0.846
"ՀՀ կրթության, գիտության, մշակույթի և սպորտի նախարարություն",1198,1198,Մշակութային և գեղագիտական դաստիարակության ծրագիր,Երեխաների հոգևոր և գեղագիտական ընդունակությունների բացահայտում և զարգացում,Ստեղծագործական ունակությունների ձևավորում և զարգացում,11002,Երաժշտական և արվեստի դպրոցների համար ուսումնամեթոդական գրականության մշակում և հրատարակում,"Գեղարվեստական կրթություն իրականացնող հենակետային դպրոցների և դրանց բազայի վրա ստեղծված մեթոդական կենտրոնների գործունեության ապահովում, դասավանդման գիտապրակտիկ մեթոդների ներդրում և նոր ուսումնամեթոդական ձեռնարկների և ուղեցույցերի ապահովում",Ծառայությունների մատուցում,362664415.9,400232416.4,374398931.6,0.935,1002980.7,884267.6,814710.9,0.9209999999999999,14250.0,14250.0,14250.0,1.0
"ՀՀ կրթության, գիտության, մշակույթի և սպորտի նախարարություն",1198,1198,Մշակութային և գեղագիտական դաստիարակության ծրագիր,Երեխաների հոգևոր և գեղագիտական ընդունակությունների բացահայտում և զարգացում,Ստեղծագործական ունակությունների ձևավորում և զարգացում,11003,Երաժշտական և արվեստի դպրոցների համար երաժշտական գործիքների ձեռքբերում,"Ազգային, փողային և լարային գործիքների ձեռքբերում",Ծառայությունների մատուցում,362664415.9,400232416.4,374398931.6,0.935,1002980.7,884267.6,814710.9,0.9209999999999999,12805.0,12805.0,6817.9,0.532
"ՀՀ կրթության, գիտության, մշակույթի և սպորտի նախարարություն",1198,1198,Մշակութային և գեղագիտական դաստիարակության ծրագիր,Երեխաների հոգևոր և գեղագիտական ընդունակությունների բացահայտում և զարգացում,Ստեղծագործական ունակությունների ձևավորում և զարգացում,11004,Աջակցություն շնորհալի պատանի երաժիշտ կատարողների մասնագիտական կարողությունների զարգացմանը և կատարելագործմանը,Տաղանդավոր պատանի երաժիշտ-կատարողների զարգացման և կատարելագործման նպատակային ծրագիր,Ծառայությունների մատուցում,362664415.9,400232416.4,374398931.6,0.935,1002980.7,884267.6,814710.9,0.9209999999999999,12000.0,12000.0,12000.0,1.0
"ՀՀ կրթության, գիտության, մշակույթի և սպորտի նախարարություն",1198,1198,Մշակութային և գեղագիտական դաստիարակության ծրագիր,Երեխաների հոգևոր և գեղագիտական ընդունակությունների բացահայտում և զարգացում,Ստեղծագործական ունակությունների ձևավորում և զարգացում,11005,"Ազգային, փողային և լարային նվագարանների գծով ուսուցում","Երաժշտական և արվեստի դպրոցներում ազգային, փողային և լարային  նվագարանների գծով ուսուցման կազմակերպում",Ծառայությունների մատուցում,362664415.9,400232416.4,374398931.6,0.935,1002980.7,884267.6,814710.9,0.9209999999999999,257317.6,257317.6,255647.2,0.9940000000000001
"ՀՀ կրթության, գիտության, մշակույթի և սպորտի նախարարություն",1198,1198,Մշակութային և գեղագիտական դաստիարակության ծրագիր,Երեխաների հոգևոր և գեղագիտական ընդունակությունների բացահայտում և զարգացում,Ստեղծագործական ունակությունների ձևավորում և զարգացում,11006,«Քո արվեստը դպրոցում»,Հանրակրթական ուսումնական հաստատություններում սովորող դպրոցականների համար իրականացնել մշակութային կրթության բաղադրիչի լրացում,Ծառայությունների մատուցում,362664415.9,400232416.4,374398931.6,0.935,1002980.7,884267.6,814710.9,0.9209999999999999,60000.0,60000.0,59660.0,0.9940000000000001
"ՀՀ կրթության, գիտության, մշակույթի և սպորտի նախարարություն",1198,1198,Մշակութային և գեղագիտական դաստիարակության ծրագիր,Երեխաների հոգևոր և գեղագիտական ընդունակությունների բացահայտում և զարգացում,Ստեղծագործական ունակությունների ձևավորում և զարգացում,11007,«Սիմֆոնիկ ԴասA»  կրթամշակութային ծրագիր,"Ավագ դպրոցներում սովորող դպրոցականների համար իրականացնել երաժշտական ճաշակի և կրթության ձևավորում, շարունակականության ապահովում",Ծառայությունների մատուցում,362664415.9,400232416.4,374398931.6,0.935,1002980.7,884267.6,814710.9,0.9209999999999999,30000.0,30000.0,29674.9,0.9890000000000001
"ՀՀ կրթության, գիտության, մշակույթի և սպորտի նախարարություն",1198,1198,Մշակութային և գեղագիտական դաստիարակության ծրագիր,Երեխաների հոգևոր և գեղագիտական ընդունակությունների բացահայտում և զարգացում,Ստեղծագործական ունակությունների ձևավորում և զարգացում,11008,Ստեղծագործական կրթամշակութային մանկապատանեկան ծրագրեր և նախագծեր,"Արվեստի հանրահռչակում, տարածում, մատչելիության ապահովում մանկապատանեկան ստեղծագործական միջոցառումների միջոցով",Ծառայությունների մատուցում,362664415.9,400232416.4,374398931.6,0.935,1002980.7,884267.6,814710.9,0.9209999999999999,129407.3,129407.3,119935.2,0.927
"ՀՀ կրթության, գիտության, մշակույթի և սպորտի նախարարություն",1198,1198,Մշակութային և գեղագիտական դաստիարակության ծրագիր,Երեխաների հոգևոր և գեղագիտական ընդունակությունների բացահայտում և զարգացում,Ստեղծագործական ունակությունների ձևավորում և զարգացում,11009,Դպրոցական բաժանորդային համակարգի ծրագրի իրականացում,"Մշակութային միջոցառումներին աշակերտների ներգրավվածության բարձրացում, մշակութային հաստատություն այցելելու ավանդույթի, գեղարվեստական ճաշակի և լայն աշխարհայացքի ձևավորում",Ծառայությունների մատուցում,362664415.9,400232416.4,374398931.6,0.935,1002980.7,884267.6,814710.9,0.9209999999999999,449200.8,331063.2,285051.3,0.861
"ՀՀ կրթության, գիտության, մշակույթի և սպորտի նախարարություն",1215,1215,"Կրթության, մշակույթի և սպորտի ոլորտներում միջազգային և սփյուռքի հետ համագործակցության զարգացում","Կրթության, մշակույթի և սպորտի ոլորտներում միջազգային համագործակցության ընդլայնում, սփյուռքում և օտարերկրյա պետություններում հայկական կրթական կարողությունների հզորացում","Սփյուռքի ուսուցիչների կարողությունների բարելավում, հայագիտական առարկաների դասավանդման հիմքերի ամրապնդում, համահայկական միջոցառումների կազմակերպում, միջազգային համաձայնագրերով և հուշագրերով անդամակցությունների գործընթացի ապահովում",11002,Սփյուռքի կրթօջախների ուսուցիչների կարողությունների հզորացում,Սփյուռքի ուսուցիչների վերապատրաստում Հայաստանում մասնագիտական առանձին ուղղություններով,Ծառայությունների մատուցում,362664415.9,400232416.4,374398931.6,0.935,398301.2,409175.2,398809.1,0.975,35550.0,35550.0,35040.0,0.986
"ՀՀ կրթության, գիտության, մշակույթի և սպորտի նախարարություն",1215,1215,"Կրթության, մշակույթի և սպորտի ոլորտներում միջազգային և սփյուռքի հետ համագործակցության զարգացում","Կրթության, մշակույթի և սպորտի ոլորտներում միջազգային համագործակցության ընդլայնում, սփյուռքում և օտարերկրյա պետություններում հայկական կրթական կարողությունների հզորացում","Սփյուռքի ուսուցիչների կարողությունների բարելավում, հայագիտական առարկաների դասավանդման հիմքերի ամրապնդում, համահայկական միջոցառումների կազմակերպում, միջազգային համաձայնագրերով և հուշագրերով անդամակցությունների գործընթացի ապահովում",11003,"Սփյուռքի կրթօջախների համար դասագրքերի և այլ ուսումնական նյութերի մշակում, ձեռքբերում և տրամադրում","Սփյուռքի կրթօջախների համար դասագրքերի և այլ ուսումնական նյութերի մշակում, բաշխում և առաքում",Ծառայությունների մատուցում,362664415.9,400232416.4,374398931.6,0.935,398301.2,409175.2,398809.1,0.975,90000.0,90000.0,85800.9,0.953
"ՀՀ կրթության, գիտության, մշակույթի և սպորտի նախարարություն",1215,1215,"Կրթության, մշակույթի և սպորտի ոլորտներում միջազգային և սփյուռքի հետ համագործակցության զարգացում","Կրթության, մշակույթի և սպորտի ոլորտներում միջազգային համագործակցության ընդլայնում, սփյուռքում և օտարերկրյա պետություններում հայկական կրթական կարողությունների հզորացում","Սփյուռքի ուսուցիչների կարողությունների բարելավում, հայագիտական առարկաների դասավանդման հիմքերի ամրապնդում, համահայկական միջոցառումների կազմակերպում, միջազգային համաձայնագրերով և հուշագրերով անդամակցությունների գործընթացի ապահովում",12001,Օտարերկրյա պետություններում հայերենի և հայագիտական առարկաների դասավանդում,"Օտաերկրյա համալսարաններում, թանգարան-ինստիտուտներում և կենտրոններում  հայագիտության դասավանդում, աջակցություն գիտական խորհրդաժողովների կազմակերպմանը և հայագիտական հետազոտությունների իրականացմանը",Տրանսֆերտների տրամադրում,362664415.9,400232416.4,374398931.6,0.935,398301.2,409175.2,398809.1,0.975,141720.0,141720.0,141720.0,1.0
"ՀՀ կրթության, գիտության, մշակույթի և սպորտի նախարարություն",1215,1215,"Կրթության, մշակույթի և սպորտի ոլորտներում միջազգային և սփյուռքի հետ համագործակցության զարգացում","Կրթության, մշակույթի և սպորտի ոլորտներում միջազգային համագործակցության ընդլայնում, սփյուռքում և օտարերկրյա պետություններում հայկական կրթական կարողությունների հզորացում","Սփյուռքի ուսուցիչների կարողությունների բարելավում, հայագիտական առարկաների դասավանդման հիմքերի ամրապնդում, համահայկական միջոցառումների կազմակերպում, միջազգային համաձայնագրերով և հուշագրերով անդամակցությունների գործընթացի ապահովում",12003,Կրթամշակութային աջակցություն սփյուռքի համայնքներին,Սփյուռքի համայնքներին կրթամշակութային օժանդակություն,Տրանսֆերտների տրամադրում,362664415.9,400232416.4,374398931.6,0.935,398301.2,409175.2,398809.1,0.975,4062.6,4062.6,4023.0,0.99
"ՀՀ կրթության, գիտության, մշակույթի և սպորտի նախարարություն",1215,1215,"Կրթության, մշակույթի և սպորտի ոլորտներում միջազգային և սփյուռքի հետ համագործակցության զարգացում","Կրթության, մշակույթի և սպորտի ոլորտներում միջազգային համագործակցության ընդլայնում, սփյուռքում և օտարերկրյա պետություններում հայկական կրթական կարողությունների հզորացում","Սփյուռքի ուսուցիչների կարողությունների բարելավում, հայագիտական առարկաների դասավանդման հիմքերի ամրապնդում, համահայկական միջոցառումների կազմակերպում, միջազգային համաձայնագրերով և հուշագրերով անդամակցությունների գործընթացի ապահովում",12004,Հայաստանի միգրանտ ընտանիքների դպրոցականների հայոց լեզվի իմացության բարելավում,Հայաստան ներգաղթած և վերադարձած ընտանիքների երեխաների համար հայերենի դասընթացների կազմակերպում,Տրանսֆերտների տրամադրում,362664415.9,400232416.4,374398931.6,0.935,398301.2,409175.2,398809.1,0.975,4560.0,4560.0,4320.0,0.9470000000000001
"ՀՀ կրթության, գիտության, մշակույթի և սպորտի նախարարություն",1215,1215,"Կրթության, մշակույթի և սպորտի ոլորտներում միջազգային և սփյուռքի հետ համագործակցության զարգացում","Կրթության, մշակույթի և սպորտի ոլորտներում միջազգային համագործակցության ընդլայնում, սփյուռքում և օտարերկրյա պետություններում հայկական կրթական կարողությունների հզորացում","Սփյուռքի ուսուցիչների կարողությունների բարելավում, հայագիտական առարկաների դասավանդման հիմքերի ամրապնդում, համահայկական միջոցառումների կազմակերպում, միջազգային համաձայնագրերով և հուշագրերով անդամակցությունների գործընթացի ապահովում",12005,Միջազգային կազմակերպություններին անդամակցում,"Կրթության, գիտության, մշակույթի և սպորտի ոլորտներում միջազգային համաձայնագրերով և հուշագրերով անդամակցությունների անդամավճարների հատկացում",Տրանսֆերտների տրամադրում,362664415.9,400232416.4,374398931.6,0.935,398301.2,409175.2,398809.1,0.975,100408.6,111282.6,110853.0,0.996
"ՀՀ կրթության, գիտության, մշակույթի և սպորտի նախարարություն",1215,1215,"Կրթության, մշակույթի և սպորտի ոլորտներում միջազգային և սփյուռքի հետ համագործակցության զարգացում","Կրթության, մշակույթի և սպորտի ոլորտներում միջազգային համագործակցության ընդլայնում, սփյուռքում և օտարերկրյա պետություններում հայկական կրթական կարողությունների հզորացում","Սփյուռքի ուսուցիչների կարողությունների բարելավում, հայագիտական առարկաների դասավանդման հիմքերի ամրապնդում, համահայկական միջոցառումների կազմակերպում, միջազգային համաձայնագրերով և հուշագրերով անդամակցությունների գործընթացի ապահովում",12006,Աջակցություն օտարերկրյա պետություններում հայալեզու թատերական ներկայացումներին,Մասնակի աջակցություն Թբիլիսիի Պ. Ադամյանի անվան թատրոնին,Տրանսֆերտների տրամադրում,362664415.9,400232416.4,374398931.6,0.935,398301.2,409175.2,398809.1,0.975,18000.0,18000.0,13052.2,0.725
"ՀՀ կրթության, գիտության, մշակույթի և սպորտի նախարարություն",1215,1215,"Կրթության, մշակույթի և սպորտի ոլորտներում միջազգային և սփյուռքի հետ համագործակցության զարգացում","Կրթության, մշակույթի և սպորտի ոլորտներում միջազգային համագործակցության ընդլայնում, սփյուռքում և օտարերկրյա պետություններում հայկական կրթական կարողությունների հզորացում","Սփյուռքի ուսուցիչների կարողությունների բարելավում, հայագիտական առարկաների դասավանդման հիմքերի ամրապնդում, համահայկական միջոցառումների կազմակերպում, միջազգային համաձայնագրերով և հուշագրերով անդամակցությունների գործընթացի ապահովում",12007,Աջակցություն Թբիլիսիում գտնվող հայ գրողների պանթեոնի պահպանմանը,Թբիլիսիի հայ գրողների պանթեոնի պահպանում,Տրանսֆերտների տրամադրում,362664415.9,400232416.4,374398931.6,0.935,398301.2,409175.2,398809.1,0.975,4000.0,4000.0,4000.0,1.0
"ՀՀ կրթության, գիտության, մշակույթի և սպորտի նախարարություն",1227,1227,Կրթության ոլորտում տեղեկատվական և հաղորդակցական տեխնոլոգիաների ներդրում,"Կրթության կազմակերպման և կառավարման գործընթացներում թվային գործիքների ներդրում, տեղեկատվական և հաղորդակցական տեխնոլոգիաների կիրառելության ընդլայնում","Կրթության կազմակերպման և կառավարման համակարգերի թվայնացման ու ճկուն գործիքների ներդրմամբ՛ կրթական ծառայությունների մատուցման այլընտրանքային ձևերի ապահովում, ՏՀՏ հմտությունների զարգացում",11001,Էլեկտրոնային կառավարում,"ՀՀ կրթական ցանցի մշտադիտարկում, կենտրոնական հանգույցի սերվերների սպասարկում, կրթության կառավարման տեղեկատվական համակարգի ամբողջականացում",Ծառայությունների մատուցում,362664415.9,400232416.4,374398931.6,0.935,876696.1,923571.1,923571.1,1.0,331581.8,331581.8,331581.8,1.0
"ՀՀ կրթության, գիտության, մշակույթի և սպորտի նախարարություն",1227,1227,Կրթության ոլորտում տեղեկատվական և հաղորդակցական տեխնոլոգիաների ներդրում,"Կրթության կազմակերպման և կառավարման գործընթացներում թվային գործիքների ներդրում, տեղեկատվական և հաղորդակցական տեխնոլոգիաների կիրառելության ընդլայնում","Կրթության կազմակերպման և կառավարման համակարգերի թվայնացման ու ճկուն գործիքների ներդրմամբ՛ կրթական ծառայությունների մատուցման այլընտրանքային ձևերի ապահովում, ՏՀՏ հմտությունների զարգացում",11002,ՏՀՏ բովանդակություն և հեռավար ուսուցում,"«Հայկական կրթական միջավայր» պորտալի և ենթակայքերի սպասարկում, հեռավար դասընթացների կազմակերպում, կրթության ոլորտում ՏՀՏ բնագավառի ծրագրերի համակարգում",Ծառայությունների մատուցում,362664415.9,400232416.4,374398931.6,0.935,876696.1,923571.1,923571.1,1.0,263114.3,263114.3,263114.3,1.0
"ՀՀ կրթության, գիտության, մշակույթի և սպորտի նախարարություն",1227,1227,Կրթության ոլորտում տեղեկատվական և հաղորդակցական տեխնոլոգիաների ներդրում,"Կրթության կազմակերպման և կառավարման գործընթացներում թվային գործիքների ներդրում, տեղեկատվական և հաղորդակցական տեխնոլոգիաների կիրառելության ընդլայնում","Կրթության կազմակերպման և կառավարման համակարգերի թվայնացման ու ճկուն գործիքների ներդրմամբ՛ կրթական ծառայությունների մատուցման այլընտրանքային ձևերի ապահովում, ՏՀՏ հմտությունների զարգացում",11003,Տեղեկատվական և հաղորդակցական տեխնոլոգիաների (ՏՀՏ) ենթակառուցվածքների ապահովում և սպասարկում,"Հայաստանի կրթական ցանցում ընդգրկված ուսումնական հաստատություններին ինտերնետի մատակարարման, հաստատությունների ներքին համակարգչային ցանցերի, աշխատող համակարգիչների ծրագրային ու տեխնիկական սպասարկում",Ծառայությունների մատուցում,362664415.9,400232416.4,374398931.6,0.935,876696.1,923571.1,923571.1,1.0,282000.0,282000.0,282000.0,1.0
"ՀՀ կրթության, գիտության, մշակույթի և սպորտի նախարարություն",1227,1227,Կրթության ոլորտում տեղեկատվական և հաղորդակցական տեխնոլոգիաների ներդրում,"Կրթության կազմակերպման և կառավարման գործընթացներում թվային գործիքների ներդրում, տեղեկատվական և հաղորդակցական տեխնոլոգիաների կիրառելության ընդլայնում","Կրթության կազմակերպման և կառավարման համակարգերի թվայնացման ու ճկուն գործիքների ներդրմամբ՛ կրթական ծառայությունների մատուցման այլընտրանքային ձևերի ապահովում, ՏՀՏ հմտությունների զարգացում",11004,Հայերենի ստուգման և գնահատման համակարգի ստեղծում,"Հայերենի առանձնահատկություններից բխող, միջազգայնորեն ճանաչված, իմացությունը ստուգող և գնահատող համակարգի ստեղծման և գործարկման ապահովում",Ծառայությունների մատուցում,362664415.9,400232416.4,374398931.6,0.935,876696.1,923571.1,923571.1,1.0,0.0,46875.0,46875.0,1.0
"ՀՀ կրթության, գիտության, մշակույթի և սպորտի նախարարություն",1236,1236,"Հանրակրթական և նախադպրոցական հաստատությունների հիմնում, կառուցում, բարելավում","Առնվազն 300 դպրոցի և 500 մանկապարտեզի կառուցման, վերակառուցման, հիմնանորոգման ծրագրերի իրականացում ՀՀ պետական բյուջեի միջոցների շրջանակներում",Կրթական միջավայրի բարելավում,11001,"Հանրակրթական և նախադպրոցական հաստատությունների  կառուցման, վերակառուցման, հիմնանորոգման ծրագրերի  համակարգման և մոնիտորինգի ծառայություններ","Հանրակրթական և նախադպրոցական հաստատությունների կառուցման, վերակառուցման, հիմնանորոգման ծրագրերի համակարգման և մոնիտորինգի ծառայությունների ապահովում",Ծառայությունների մատուցում,362664415.9,400232416.4,374398931.6,0.935,84420175.9,111512877.2,100787463.1,0.904,610823.0,2352582.3,1832410.5,0.779
"ՀՀ կրթության, գիտության, մշակույթի և սպորտի նախարարություն",1236,1236,"Հանրակրթական և նախադպրոցական հաստատությունների հիմնում, կառուցում, բարելավում","Առնվազն 300 դպրոցի և 500 մանկապարտեզի կառուցման, վերակառուցման, հիմնանորոգման ծրագրերի իրականացում ՀՀ պետական բյուջեի միջոցների շրջանակներում",Կրթական միջավայրի բարելավում,12001,Նախադպրոցական կրթության շրջանակներում մսուրային խմբերի ձևավորման համար շենքային պայմանների ապահովում,"Նախադպրոցական կրթության հասանելիության ապահովման նպատակով մանկապարտեզներում մսուրային խմբերի (վաղ տարիքի առաջին, երկրորդ, կրտսեր տարիքի առաջին խմբերի) ձևավորման համար նախատեսված տարածքների վերանորոգում/հիմնանորոգում, նախագծում",Տրանսֆերտների տրամադրում,362664415.9,400232416.4,374398931.6,0.935,84420175.9,111512877.2,100787463.1,0.904,0.0,26265.9,13021.9,0.496
"ՀՀ կրթության, գիտության, մշակույթի և սպորտի նախարարություն",1236,1236,"Հանրակրթական և նախադպրոցական հաստատությունների հիմնում, կառուցում, բարելավում","Առնվազն 300 դպրոցի և 500 մանկապարտեզի կառուցման, վերակառուցման, հիմնանորոգման ծրագրերի իրականացում ՀՀ պետական բյուջեի միջոցների շրջանակներում",Կրթական միջավայրի բարելավում,31001,"Հանրակրթական և նախադպրոցական հաստատությունների   կառուցման, վերակառուցման, հիմնանորոգման ծրագրերի   համակարգման շրջանակներում Հայաստանի տարածքային   զարգացման հիմնադրամի կարողությունների զարգացում և   տեխնիկական հագեցվածության ապահովում",Հայաստանի տարածքային զարգացման հիմնադրամի  աշխատանքային պայմանների բարելավման համար վարչական   սարքավորումների ձեռքբերում,Պետական մարմինների կողմից օգտագործվող ոչ ֆինանսական ակտիվների հետ գործառնություններ,362664415.9,400232416.4,374398931.6,0.935,84420175.9,111512877.2,100787463.1,0.904,0.0,117086.8,69894.9,0.597
"ՀՀ կրթության, գիտության, մշակույթի և սպորտի նախարարություն",1236,1236,"Հանրակրթական և նախադպրոցական հաստատությունների հիմնում, կառուցում, բարելավում","Առնվազն 300 դպրոցի և 500 մանկապարտեզի կառուցման, վերակառուցման, հիմնանորոգման ծրագրերի իրականացում ՀՀ պետական բյուջեի միջոցների շրջանակներում",Կրթական միջավայրի բարելավում,32001,Մանկապարտեզների նոր շենքերի կառուցում,"Նախադպրոցական կրթության հասանելիության ապահովման նպատակով` մանկապարտեզների հիմնում, նոր շենքերի (մասնաշենքերի), ներառյալ` ,Մոդուլայինե տիպի շենքերի կառուցում և նախագծում",Այլ պետական կազմակերպությունների կողմից օգտագործվող ոչ ֆինանսական ակտիվների հետ գործառնություններ,362664415.9,400232416.4,374398931.6,0.935,84420175.9,111512877.2,100787463.1,0.904,6933408.7,7096966.1,5506748.0,0.7759999999999999
"ՀՀ կրթության, գիտության, մշակույթի և սպորտի նախարարություն",1236,1236,"Հանրակրթական և նախադպրոցական հաստատությունների հիմնում, կառուցում, բարելավում","Առնվազն 300 դպրոցի և 500 մանկապարտեզի կառուցման, վերակառուցման, հիմնանորոգման ծրագրերի իրականացում ՀՀ պետական բյուջեի միջոցների շրջանակներում",Կրթական միջավայրի բարելավում,32002,"Մանկապարտեզների շենքերի վերակառուցում, հիմնանորոգում","Նախադպրոցական կրթության հասանելիության ապահովման նպատակով` մանկապարտեզների շենքերի (մասնաշենքերի), վերակառուցում, հիմնանորոգում և նախագծում",Այլ պետական կազմակերպությունների կողմից օգտագործվող ոչ ֆինանսական ակտիվների հետ գործառնություններ,362664415.9,400232416.4,374398931.6,0.935,84420175.9,111512877.2,100787463.1,0.904,3000000.0,1083950.6,947795.2,0.8740000000000001
"ՀՀ կրթության, գիտության, մշակույթի և սպորտի նախարարություն",1236,1236,"Հանրակրթական և նախադպրոցական հաստատությունների հիմնում, կառուցում, բարելավում","Առնվազն 300 դպրոցի և 500 մանկապարտեզի կառուցման, վերակառուցման, հիմնանորոգման ծրագրերի իրականացում ՀՀ պետական բյուջեի միջոցների շրջանակներում",Կրթական միջավայրի բարելավում,32003,Հանրակրթական դպրոցների նոր շենքերի կառուցում,ՀՀ մարզերում կրթական որակյալ ծառայությունների հասանելիության ապահովման ծրագրի շրջանակներում հանրակրթական և նախադպրոցական կրթության հասանելիության ապահովման նպատակով կրթական կենտրոնների կառուցում,Այլ պետական կազմակերպությունների կողմից օգտագործվող ոչ ֆինանսական ակտիվների հետ գործառնություններ,362664415.9,400232416.4,374398931.6,0.935,84420175.9,111512877.2,100787463.1,0.904,35066773.0,42611392.8,39938466.7,0.937
"ՀՀ կրթության, գիտության, մշակույթի և սպորտի նախարարություն",1236,1236,"Հանրակրթական և նախադպրոցական հաստատությունների հիմնում, կառուցում, բարելավում","Առնվազն 300 դպրոցի և 500 մանկապարտեզի կառուցման, վերակառուցման, հիմնանորոգման ծրագրերի իրականացում ՀՀ պետական բյուջեի միջոցների շրջանակներում",Կրթական միջավայրի բարելավում,32004,"Հանրակրթական դպրոցների շենքերի վերակառուցում, հիմնանորոգում","Դպրոցական պարտադիր կրթության հասանելիության ապահովման նպատակով` հանրակրթական դպրոցների շենքերի (մասնաշենքերի), վերակառուցում, հիմնանորոգում և նախագծում",Այլ պետական կազմակերպությունների կողմից օգտագործվող ոչ ֆինանսական ակտիվների հետ գործառնություններ,362664415.9,400232416.4,374398931.6,0.935,84420175.9,111512877.2,100787463.1,0.904,2864675.5,25895923.9,23886972.5,0.922
"ՀՀ կրթության, գիտության, մշակույթի և սպորտի նախարարություն",1236,1236,"Հանրակրթական և նախադպրոցական հաստատությունների հիմնում, կառուցում, բարելավում","Առնվազն 300 դպրոցի և 500 մանկապարտեզի կառուցման, վերակառուցման, հիմնանորոգման ծրագրերի իրականացում ՀՀ պետական բյուջեի միջոցների շրջանակներում",Կրթական միջավայրի բարելավում,32005,Կրթահամալիրների կառուցում,ՀՀ մարզերում կրթական որակյալ ծառայությունների հասանելիության ապահովման ծրագրի շրջանակներում հանրակրթական և նախադպրոցական կրթության հասանելիության ապահովման նպատակով կրթական կենտրոնների կառուցում,Այլ պետական կազմակերպությունների կողմից օգտագործվող ոչ ֆինանսական ակտիվների հետ գործառնություններ,362664415.9,400232416.4,374398931.6,0.935,84420175.9,111512877.2,100787463.1,0.904,34694495.7,27715150.7,25226522.9,0.91
"ՀՀ կրթության, գիտության, մշակույթի և սպորտի նախարարություն",1236,1236,"Հանրակրթական և նախադպրոցական հաստատությունների հիմնում, կառուցում, բարելավում","Առնվազն 300 դպրոցի և 500 մանկապարտեզի կառուցման, վերակառուցման, հիմնանորոգման ծրագրերի իրականացում ՀՀ պետական բյուջեի միջոցների շրջանակներում",Կրթական միջավայրի բարելավում,32006,"Հանրակրթական դպրոցների, մանկապարտեզների և կրթահամալիրների գույքով և տեխնիկայով ապահովում",Կրթական ժամանակակից նորմերին և կրթական չափորոշիչներին համապատասխան ուսուցման ծրագրերն իրականացնելու նպատակով հանրակրթական և նախադպրոցական հաստատությունների համար գույքի և տեխնիկայի ձեռքբերում,Այլ պետական կազմակերպությունների կողմից օգտագործվող ոչ ֆինանսական ակտիվների հետ գործառնություններ,362664415.9,400232416.4,374398931.6,0.935,84420175.9,111512877.2,100787463.1,0.904,1250000.0,4613558.1,3365630.5,0.73
"ՀՀ կրթության, գիտության, մշակույթի և սպորտի նախարարություն",1238,1238,Նախադպրոցական կրթություն,Ապահովել հասանելի և որակյալ նախադպրոցական կրթություն,Բոլոր երեխաներն ունեն հավասար հասանելիություն նախադպրոցական կրթության և զարգացման որակյալ ծառայություններին,11001,Նախադպրոցական կրթության հասանելիության և որակի ապահովում,Նախադպրոցական կրթութան մակարդակում սաների ընդգրկվածության` զարգացման բարձր մակարդակի ապահովում` 5-6 տարեկան երեխաների նախապատրաստում տարրական դպրոցին,Ծառայությունների մատուցում,362664415.9,400232416.4,374398931.6,0.935,4031048.4,4043914.4,3017368.8,0.746,800167.8,813033.8,809692.0,0.996
"ՀՀ կրթության, գիտության, մշակույթի և սպորտի նախարարություն",1238,1238,Նախադպրոցական կրթություն,Ապահովել հասանելի և որակյալ նախադպրոցական կրթություն,Բոլոր երեխաներն ունեն հավասար հասանելիություն նախադպրոցական կրթության և զարգացման որակյալ ծառայություններին,11002,Նախադպրոցական ծրագրեր իրականացնող ուսումնական հաստատությունների մանկավարժների վերապատրաստում,Նախադպրոցական ծրագրեր իրականացնող ուսումնական հաստատությունների մանկավարժների վերապատրաստման գործընթացի կազմակերպում և իրականացում,Ծառայությունների մատուցում,362664415.9,400232416.4,374398931.6,0.935,4031048.4,4043914.4,3017368.8,0.746,36048.0,36048.0,24837.6,0.6890000000000001
"ՀՀ կրթության, գիտության, մշակույթի և սպորտի նախարարություն",1238,1238,Նախադպրոցական կրթություն,Ապահովել հասանելի և որակյալ նախադպրոցական կրթություն,Բոլոր երեխաներն ունեն հավասար հասանելիություն նախադպրոցական կրթության և զարգացման որակյալ ծառայություններին,12001,Սոցիալական որոշ խմբերի  մինչև 5 տարեկան երեխաների նախադպրոցական կրթության ապահովում,Նախադպրոցական ծառայություններում երեխաների ընդգրկվածության մեծացման և մատչելիության ապահովման նպատակով` պետական բյուջեից ֆինանսական միջոցների հատկացում սոցիալական որոշ խմբերի երեխաներ համար,Տրանսֆերտների տրամադրում,362664415.9,400232416.4,374398931.6,0.935,4031048.4,4043914.4,3017368.8,0.746,3166356.6,3166356.6,2165470.8,0.684
"ՀՀ կրթության, գիտության, մշակույթի և սպորտի նախարարություն",1238,1238,Նախադպրոցական կրթություն,Ապահովել հասանելի և որակյալ նախադպրոցական կրթություն,Բոլոր երեխաներն ունեն հավասար հասանելիություն նախադպրոցական կրթության և զարգացման որակյալ ծառայություններին,12002,Մասնագիտական զարգացման և վարձատրության  փոխկապակցված համակարգի ներդրում`  նախադպրոցական հաստատությունների  մանկավարժներին տարակարգի շնորհման գործընթացի  միջոցով,Նախադպրոցական ծառայությունների որակի  շարունակական բարձրացման նախադրյալների  ապահովում,Տրանսֆերտների տրամադրում,362664415.9,400232416.4,374398931.6,0.935,4031048.4,4043914.4,3017368.8,0.746,28476.0,28476.0,17368.4,0.61
"ՀՀ կրթության, գիտության, մշակույթի և սպորտի նախարարություն",1240,1240,Ակադեմիական քաղաքի ստեղծում,Որակյալ բարձրագույն կրթության և հետազոտության համար արդիական կրթական միջավայրի ապահովման կամպուսային կլաստերների համախումբ,«ՀՀ կրթության մինչև 2030 թվականի զարգացման պետական ծրագիրը հաստատելու մասին» ՀՀ օրենքի համաձայն նախատեսված է ակադեմիական քաղաքի ստեղծում,11001,Ակադեմիական քաղաքի  ծրագրի համակարգման և մոնիտորինգի ծառայություններ,ՀՀ կառավարության 2023 թվականի ապրիլի 21-ի N 585-Ա որոշմամբ հաստատված <Ակադեմիական քաղաք> հիմնադրամի կանոնադրությամբ նախատեսված գործառույթների իրականացում,Ծառայությունների մատուցում,362664415.9,400232416.4,374398931.6,0.935,2114076.3,2114076.3,1316457.5,0.623,174446.0,174446.0,174446.0,1.0
"ՀՀ կրթության, գիտության, մշակույթի և սպորտի նախարարություն",1240,1240,Ակադեմիական քաղաքի ստեղծում,Որակյալ բարձրագույն կրթության և հետազոտության համար արդիական կրթական միջավայրի ապահովման կամպուսային կլաստերների համախումբ,«ՀՀ կրթության մինչև 2030 թվականի զարգացման պետական ծրագիրը հաստատելու մասին» ՀՀ օրենքի համաձայն նախատեսված է ակադեմիական քաղաքի ստեղծում,11002,Ակադեմիական քաղաք ծրագրի իրականացման համար միջազգային խորհրդատվական ծառայությունների ձեռքբերում և պայմանագրերի սպասարկում,Ակադեմիական քաղաք ծրագրի իրականացման համար միջազգային խորհրդատվական ծառայությունների ձեռքբերում և պայմանագրերի սպասարկում,Ծառայությունների մատուցում,362664415.9,400232416.4,374398931.6,0.935,2114076.3,2114076.3,1316457.5,0.623,523000.0,794000.0,375292.2,0.473
"ՀՀ կրթության, գիտության, մշակույթի և սպորտի նախարարություն",1240,1240,Ակադեմիական քաղաքի ստեղծում,Որակյալ բարձրագույն կրթության և հետազոտության համար արդիական կրթական միջավայրի ապահովման կամպուսային կլաստերների համախումբ,«ՀՀ կրթության մինչև 2030 թվականի զարգացման պետական ծրագիրը հաստատելու մասին» ՀՀ օրենքի համաձայն նախատեսված է ակադեմիական քաղաքի ստեղծում,12001,«Ակադեմիական քաղաք» ծրագրի շրջանակներում գույքերի օտարման գործընթացների ապահովում,«Ակադեմիական քաղաք» ծրագրի շրջանակներում գույքերի օտարման գործընթացների իրականացում,Տրանսֆերտների տրամադրում,362664415.9,400232416.4,374398931.6,0.935,2114076.3,2114076.3,1316457.5,0.623,0.0,12720.0,12000.0,0.943
"ՀՀ կրթության, գիտության, մշակույթի և սպորտի նախարարություն",1240,1240,Ակադեմիական քաղաքի ստեղծում,Որակյալ բարձրագույն կրթության և հետազոտության համար արդիական կրթական միջավայրի ապահովման կամպուսային կլաստերների համախումբ,«ՀՀ կրթության մինչև 2030 թվականի զարգացման պետական ծրագիրը հաստատելու մասին» ՀՀ օրենքի համաձայն նախատեսված է ակադեմիական քաղաքի ստեղծում,32001,"Ակադեմիական քաղաքի նախագծման, կառուցման և բովանդակային գործընթացների ապահովում",Չորս ակադեմիական կլաստերներից բաղկացած քաղաքի համապատասխան ենթակառուցվածքների ապահովման նպատակով նախագծանախահաշվային փաստաթղթերի կազմում և շինարարական աշխատանքների իրականացում,Այլ պետական կազմակերպությունների կողմից օգտագործվող ոչ ֆինանսական ակտիվների հետ գործառնություններ,362664415.9,400232416.4,374398931.6,0.935,2114076.3,2114076.3,1316457.5,0.623,1416630.3,1132910.3,754719.2,0.6659999999999999
ՀՀ պաշտպանության նախարարություն,1125,1125,Ռազմական ուսուցում և վերապատրաստում,ՀՀ ԶՈւ պատրաստության մակարդակի բարձրացում,"ՀՀ ԶՈւ-ում զինծառայողների, ստորաբաժանումների և կառավարման մարմինների պատրաստության մակարդակի բարձրացում",11001,Ռազմաուսումնական հաստատություններում նեղ մասնագետների պատրաստում և վերապատրաստում,"Ուսուցում արտերկրների ռազմական ուսումնական հաստատություններում, ակադեմիաներում, դասընթացներում վերապատրաստում",Ծառայությունների մատուցում,664636861.0,696141905.0,678375996.4,0.9740000000000001,1065292.4,746787.9,664633.2,0.89,1065292.4,746787.9,664633.2,0.89
ՀՀ պաշտպանության նախարարություն,1169,1169,ՀՀ պաշտպանության ապահովում,"ՀՀ ԶՈւ ռազմավարական ծավալումն ապահովող մարտական պատրաստականության պահպանում, արտաքին թշնամուց ՀՀ պետական սահմանների պաշտպանության ապահովում",ՀՀ ԶՈւ ռազմավարական ծավալումն ապահովող մարտական պատրաստականության պահպանում,11001,Ռազմական կարիքների բավարարում,Ընթացիկ գործունեության ապահովման գործողություններ,Ծառայությունների մատուցում,664636861.0,696141905.0,678375996.4,0.9740000000000001,660912534.1,692946596.7,675663329.7,0.975,253570207.0,257252367.1,256312072.4,0.996
ՀՀ պաշտպանության նախարարություն,1169,1169,ՀՀ պաշտպանության ապահովում,"ՀՀ ԶՈւ ռազմավարական ծավալումն ապահովող մարտական պատրաստականության պահպանում, արտաքին թշնամուց ՀՀ պետական սահմանների պաշտպանության ապահովում",ՀՀ ԶՈւ ռազմավարական ծավալումն ապահովող մարտական պատրաստականության պահպանում,11002,ՀՀ օդանավակայաններում ՌԴ զորամիավորումների օդանավերի սպասարկման ծառայություններ,ՀՀ օդանավակայաններում ՌԴ զորամիավորումների օդանավերի սպասարկման և ծառայությունների ծախսերի փոխհատուցում,Ծառայությունների մատուցում,664636861.0,696141905.0,678375996.4,0.9740000000000001,660912534.1,692946596.7,675663329.7,0.975,49893.3,49893.3,49893.2,1.0
ՀՀ պաշտպանության նախարարություն,1169,1169,ՀՀ պաշտպանության ապահովում,"ՀՀ ԶՈւ ռազմավարական ծավալումն ապահովող մարտական պատրաստականության պահպանում, արտաքին թշնամուց ՀՀ պետական սահմանների պաշտպանության ապահովում",ՀՀ ԶՈւ ռազմավարական ծավալումն ապահովող մարտական պատրաստականության պահպանում,11004,"ՀՀ պետական կառավարման մարմինների կողմից դիմումներ, հայցադիմումներ, դատարանի վճիռների և որոշումների դեմ վերաքննիչ և վճռաբեկ բողոքներ ներկայացնելիս` «Պետական տուրքի մասին» ՀՀ օրենքով սահմանված վճարումներ","ՀՀ պետական կառավարման մարմինների կողմից դիմումներ, հայցադիմումներ, դատարանի վճիռների և որոշումների դեմ վերաքննիչ և վճռաբեկ բողոքներ ներկայացնելիս` «Պետական տուրքի մասին» ՀՀ օրենքով սահմանված վճարումներ",Ծառայությունների մատուցում,664636861.0,696141905.0,678375996.4,0.9740000000000001,660912534.1,692946596.7,675663329.7,0.975,0.0,97871.4,97871.3,1.0
ՀՀ պաշտպանության նախարարություն,1169,1169,ՀՀ պաշտպանության ապահովում,"ՀՀ ԶՈւ ռազմավարական ծավալումն ապահովող մարտական պատրաստականության պահպանում, արտաքին թշնամուց ՀՀ պետական սահմանների պաշտպանության ապահովում",ՀՀ ԶՈւ ռազմավարական ծավալումն ապահովող մարտական պատրաստականության պահպանում,11006,Գիտահետազոտական և փորձակոնստրուկտորական աշխատանքների գիտատեխնիկական /ռազմատեխնիկական/ ուղեկցում,Գիտահետազոտական և փորձակոնստրուկտորական աշխատանքների տակտիկատեխնիկական առաջադրանքների իրականացման ռազմատեխնիկական ուղեկցում պետական փորձարկումների ավարտով,Ծառայությունների մատուցում,664636861.0,696141905.0,678375996.4,0.9740000000000001,660912534.1,692946596.7,675663329.7,0.975,0.0,38939.7,37394.3,0.96
ՀՀ պաշտպանության նախարարություն,1169,1169,ՀՀ պաշտպանության ապահովում,"ՀՀ ԶՈւ ռազմավարական ծավալումն ապահովող մարտական պատրաստականության պահպանում, արտաքին թշնամուց ՀՀ պետական սահմանների պաշտպանության ապահովում",ՀՀ ԶՈւ ռազմավարական ծավալումն ապահովող մարտական պատրաստականության պահպանում,11007,Երկրապահ կամավորականների գործունեության ապահովում,Երկրապահ կամավորականների 2025թ. գործունեության ապահովում,Ծառայությունների մատուցում,664636861.0,696141905.0,678375996.4,0.9740000000000001,660912534.1,692946596.7,675663329.7,0.975,0.0,234638.0,234638.0,1.0
ՀՀ պաշտպանության նախարարություն,1169,1169,ՀՀ պաշտպանության ապահովում,"ՀՀ ԶՈւ ռազմավարական ծավալումն ապահովող մարտական պատրաստականության պահպանում, արտաքին թշնամուց ՀՀ պետական սահմանների պաշտպանության ապահովում",ՀՀ ԶՈւ ռազմավարական ծավալումն ապահովող մարտական պատրաստականության պահպանում,31001,ՀՀ պաշտպանության նախարարության շենքային պայմանների բարելավում,"Պաշտպանության կարիքների համար բնակելի, գրասենյակային և այլ նշանակության շենքերի և շինությունների կառուցում",Պետական մարմինների կողմից օգտագործվող ոչ ֆինանսական ակտիվների հետ գործառնություններ,664636861.0,696141905.0,678375996.4,0.9740000000000001,660912534.1,692946596.7,675663329.7,0.975,291071033.8,435272887.3,418931460.6,0.9620000000000001
ՀՀ պաշտպանության նախարարություն,1169,1169,ՀՀ պաշտպանության ապահովում,"ՀՀ ԶՈւ ռազմավարական ծավալումն ապահովող մարտական պատրաստականության պահպանում, արտաքին թշնամուց ՀՀ պետական սահմանների պաշտպանության ապահովում",ՀՀ ԶՈւ ռազմավարական ծավալումն ապահովող մարտական պատրաստականության պահպանում,31008,ՀՀ պաշտպանության նախարարության կապիտալ կարիքների բավարարում,Պաշտպանության կարիքների համար կապիտալ միջոցների ձեռքբերում,Պետական մարմինների կողմից օգտագործվող ոչ ֆինանսական ակտիվների հետ գործառնություններ,664636861.0,696141905.0,678375996.4,0.9740000000000001,660912534.1,692946596.7,675663329.7,0.975,116221400.0,0.0,0.0,0.0
ՀՀ պաշտպանության նախարարություն,1177,1177,Հումանիտար ականազերծման և փորձագիտական ծառայություններ,"Նվազեցնել ականների և պատերազմի պայթուցիկ մնացորդների տարածման սոցիալական, տնտեսական և բնապահպանական վտանգավոր ազդեցությունը մարդու և հասարակության կենսագոյության վրա",Ականների և ՊՊՄ-ների ռիսկերի կրճատում մինչև նվազագույն մակարդակ: Կասկածելի ականապատված տարածքների և դրա հետ փոխկապակցված զոհերի նվազեցում,11001,Հումանիտար ականազերծման և փորձագիտական ծառայությունների կազմակերպում,"Հակաականային գործողությունների ենթակա տարածքի հետազննում, քարտեզագրում, նախատեսվող ծավալի աշխատանքների հստակեցում և իրականացվող միջոցառումների պլանավորում",Ծառայությունների մատուցում,664636861.0,696141905.0,678375996.4,0.9740000000000001,321100.6,321100.6,319708.8,0.996,321100.6,321100.6,319708.8,0.996
ՀՀ պաշտպանության նախարարություն,1197,1197,Միջազգային ռազմական համագործակցություն,"Միջազգային կայուն և բազմակողմ ռազմաքաղաքական հարաբերությունների ամրապնդում, փորձի փոխանակում և ռազմական բարեփոխումներին աջակցության ընդլայնում",Միազգային ռազմական համագործակցության ընդլայնում և արդյունավետության աճ,11001,ՀՀ ռազմական կցորդների և ներկայացուցիչների պահպանում,"Օտարերկրյա պետություններում ՀՀ ռազմական կցորդների և միջազգային կազմակերպություններում (ՄԱԿ, ԵԱՀԿ, ՀԱՊԿ, ՆԱՏՕ) ռազմաքաղաքական և ռազմական ներկայացուցիչների պահպանում",Ծառայությունների մատուցում,664636861.0,696141905.0,678375996.4,0.9740000000000001,932098.7,728156.3,686701.0,0.943,932098.7,728156.3,686701.0,0.943
ՀՀ պաշտպանության նախարարություն,1204,1204,Ռազմաբժշկական սպասարկում և առողջապահական ծառայություններ,"Զինծառայողների, ինչպես նաև նրանց ընտանիքների անդամների առողջության պահպանում, որակյալ բժշկական ծառայություններով ապահովում",Ծառայողական պարտականությունների արդյունավետ կատարմանը խոչընդոտող հիվանդությունների կանխարգելում և առողջական խնդիրների լուծում,11001,"Զինծառայողներին, ինչպես նաև նրանց ընտանիքի անդամներին բժշկական օգնության ծառայություններ",ՊՆ համակարգում վերականգնողական մասնագիտացված բուժօգնության գծով ծառայությունների տրամադրում,Ծառայությունների մատուցում,664636861.0,696141905.0,678375996.4,0.9740000000000001,1405835.2,1399263.5,1041623.7,0.7440000000000001,75955.0,75955.0,70922.4,0.934
ՀՀ պաշտպանության նախարարություն,1204,1204,Ռազմաբժշկական սպասարկում և առողջապահական ծառայություններ,"Զինծառայողների, ինչպես նաև նրանց ընտանիքների անդամների առողջության պահպանում, որակյալ բժշկական ծառայություններով ապահովում",Ծառայողական պարտականությունների արդյունավետ կատարմանը խոչընդոտող հիվանդությունների կանխարգելում և առողջական խնդիրների լուծում,11002,Հիգիենիկ և համաճարակային փորձագիտական ծառայություններ,ՀՀ զինված ուժերում անձնակազմի գործունեության կենսամիջավայրի նկատմամբ վերահսկողության և համաճարակային միջոցառումների կազմակերպում,Ծառայությունների մատուցում,664636861.0,696141905.0,678375996.4,0.9740000000000001,1405835.2,1399263.5,1041623.7,0.7440000000000001,11470.0,11470.0,11461.8,0.9990000000000001
ՀՀ պաշտպանության նախարարություն,1204,1204,Ռազմաբժշկական սպասարկում և առողջապահական ծառայություններ,"Զինծառայողների, ինչպես նաև նրանց ընտանիքների անդամների առողջության պահպանում, որակյալ բժշկական ծառայություններով ապահովում",Ծառայողական պարտականությունների արդյունավետ կատարմանը խոչընդոտող հիվանդությունների կանխարգելում և առողջական խնդիրների լուծում,11003,Հոսպիտալների և բուժկետերի բժշկական սարքավորումների պահպանման ծառայություններ,Զինվորական հոսպիտալների և բժշկական կետերի սարքավորումների ընթացիկ վերանորոգման և տեխնիկական սպասարկման ծառայություններ,Ծառայությունների մատուցում,664636861.0,696141905.0,678375996.4,0.9740000000000001,1405835.2,1399263.5,1041623.7,0.7440000000000001,37480.0,42317.0,25988.0,0.614
ՀՀ պաշտպանության նախարարություն,1204,1204,Ռազմաբժշկական սպասարկում և առողջապահական ծառայություններ,"Զինծառայողների, ինչպես նաև նրանց ընտանիքների անդամների առողջության պահպանում, որակյալ բժշկական ծառայություններով ապահովում",Ծառայողական պարտականությունների արդյունավետ կատարմանը խոչընդոտող հիվանդությունների կանխարգելում և առողջական խնդիրների լուծում,11004,Դեղորայքի տրամադրում զորամասային և հոսպիտալային օղակներում բուժօգնություն ստացողներին,Կենտրոնացված կարգով դեղորայքի ձեռք բերում ամբուլատոր-պոլիկլինիկական և հոսպիտալային բուժօգնություն ստացողներին տրամադրելու նպատակով,Ծառայությունների մատուցում,664636861.0,696141905.0,678375996.4,0.9740000000000001,1405835.2,1399263.5,1041623.7,0.7440000000000001,890680.2,925271.5,854262.0,0.9229999999999999
ՀՀ պաշտպանության նախարարություն,1204,1204,Ռազմաբժշկական սպասարկում և առողջապահական ծառայություններ,"Զինծառայողների, ինչպես նաև նրանց ընտանիքների անդամների առողջության պահպանում, որակյալ բժշկական ծառայություններով ապահովում",Ծառայողական պարտականությունների արդյունավետ կատարմանը խոչընդոտող հիվանդությունների կանխարգելում և առողջական խնդիրների լուծում,31001,Հոսպիտալների և բուժկետերի բժշկական սարքավորումներով համալրում,Զորամասային և հոսպիտալային օղակներում բժշկական հետազոտությունների համար անհրաժեշտ սարքավորումների և գույքի ձեռքբերում,Պետական մարմինների կողմից օգտագործվող ոչ ֆինանսական ակտիվների հետ գործառնություններ,664636861.0,696141905.0,678375996.4,0.9740000000000001,1405835.2,1399263.5,1041623.7,0.7440000000000001,390250.0,344250.0,78989.5,0.22899999999999998
ՀՀ աշխատանքի և սոցիալական հարցերի նախարարություն,1005,1005,Պարգևավճարներ և պատվովճարներ,"Պետական հոգածության դրսևորում, առանձին կատեգորիայի քաղաքացիներին և նրանց ընտանիքներին սոցիալական երաշխիքների տրամադրում",Առանձին կատեգորիայի քաղաքացիներին և նրանց ընտանիքի անդամների սոցիալական պաշտպանվածության մակարդակի բարձրացում,12001,"Զինծառայողներին,  ՀՄՊ մասնակիցներին, այլ պետություններում մարտական գործողությունների մասնակիցներին, զոհված (մահացած) զինծառայողի ընտանիքի անդամներին, ընտանիքներին տրվող պարգևավճարներ","Զինծառայողներին,  ՀՄՊ մասնակիցներին, այլ պետություններում մարտական գործողությունների մասնակիցներին, զոհված (մահացած) զինծառայողի ընտանիքի անդամներին, ընտանիքներին, պարգևավճարների տրամադրում",Տրանսֆերտների տրամադրում,905640416.6,900844935.4,874115738.0,0.97,11107100.0,11100500.0,10188594.5,0.9179999999999999,11017100.0,11010500.0,10120757.3,0.919
ՀՀ աշխատանքի և սոցիալական հարցերի նախարարություն,1005,1005,Պարգևավճարներ և պատվովճարներ,"Պետական հոգածության դրսևորում, առանձին կատեգորիայի քաղաքացիներին և նրանց ընտանիքներին սոցիալական երաշխիքների տրամադրում",Առանձին կատեգորիայի քաղաքացիներին և նրանց ընտանիքի անդամների սոցիալական պաշտպանվածության մակարդակի բարձրացում,12002,Վետերանների պատվովճարներ,ՀՄՊ վետերաններին պատվովճարի տրամադրում,Տրանսֆերտների տրամադրում,905640416.6,900844935.4,874115738.0,0.97,11107100.0,11100500.0,10188594.5,0.9179999999999999,78000.0,78000.0,59337.2,0.7609999999999999
ՀՀ աշխատանքի և սոցիալական հարցերի նախարարություն,1005,1005,Պարգևավճարներ և պատվովճարներ,"Պետական հոգածության դրսևորում, առանձին կատեգորիայի քաղաքացիներին և նրանց ընտանիքներին սոցիալական երաշխիքների տրամադրում",Առանձին կատեգորիայի քաղաքացիներին և նրանց ընտանիքի անդամների սոցիալական պաշտպանվածության մակարդակի բարձրացում,12005,Ծնողական փառքի մեդալով պարգևատրված անձանց ամենամսյա պատվովճար,Ծնողական փառքի մեդալով պարգևատրված անձանց ամենամսյա պատվովճար,Տրանսֆերտների տրամադրում,905640416.6,900844935.4,874115738.0,0.97,11107100.0,11100500.0,10188594.5,0.9179999999999999,12000.0,12000.0,8500.0,0.708
ՀՀ աշխատանքի և սոցիալական հարցերի նախարարություն,1011,1011,Անապահով և կյանքի դժվարին իրավիճակում սոցիալական խմբերին աջակցություն,Օժանդակել անապահով ընտանիքների կենսամակարդակի բարձրացմանը,Աղքատության մեղմում և ծայրահեղ աղքատության կրճատում,11001,Ընտանիքի կենսամակարդակի բարձրացմանն ուղղված նպաստների իրականացման ապահովում,"Ընտանիքների անապահովության գնահատման համակարգում հաշվառված, ընդգրկված անապահով ճանաչված ընտանիքներին նպաստի, սոցիալական նպաստի և հրատապ օգնության վճարման ծառայությունների ձեռքբերում",Ծառայությունների մատուցում,905640416.6,900844935.4,874115738.0,0.97,23410935.1,22922996.7,21087191.1,0.92,111762.0,111762.0,22570.2,0.20199999999999999
ՀՀ աշխատանքի և սոցիալական հարցերի նախարարություն,1011,1011,Անապահով և կյանքի դժվարին իրավիճակում սոցիալական խմբերին աջակցություն,Օժանդակել անապահով ընտանիքների կենսամակարդակի բարձրացմանը,Աղքատության մեղմում և ծայրահեղ աղքատության կրճատում,11003,Սոցիալական դեպքի վարման ծառայության ձեռք բերում,"Ընտանիքի, դրա յուրաքանչյուր անդամի, սոցիալական գնահատման իրականացում  անապահով սոցիալական խմբերին հայտնաբերելու համար  սոցիալական աջակցության տարածքային մարմինների սոցիալական աշխատողների կողմից տնային այցելությունների միջոցով",Ծառայությունների մատուցում,905640416.6,900844935.4,874115738.0,0.97,23410935.1,22922996.7,21087191.1,0.92,78750.0,78750.0,58777.8,0.746
ՀՀ աշխատանքի և սոցիալական հարցերի նախարարություն,1011,1011,Անապահով և կյանքի դժվարին իրավիճակում սոցիալական խմբերին աջակցություն,Օժանդակել անապահով ընտանիքների կենսամակարդակի բարձրացմանը,Աղքատության մեղմում և ծայրահեղ աղքատության կրճատում,11005,Սոցիալական շտապ օգնություն,Արագ արձագանքման ապահովում,Ծառայությունների մատուցում,905640416.6,900844935.4,874115738.0,0.97,23410935.1,22922996.7,21087191.1,0.92,27059.5,27059.5,27020.3,0.9990000000000001
ՀՀ աշխատանքի և սոցիալական հարցերի նախարարություն,1011,1011,Անապահով և կյանքի դժվարին իրավիճակում սոցիալական խմբերին աջակցություն,Օժանդակել անապահով ընտանիքների կենսամակարդակի բարձրացմանը,Աղքատության մեղմում և ծայրահեղ աղքատության կրճատում,11007,Սոցիալական բնակարանային ֆոնդի սպասարկման ծառայությունների տրամադրում,"Սոցբնակ. ֆոնդի շենք. բնակ. իրավունք ունեցող անձանց  սոցաջակց. ծրագր. շրջանակ. օրենսդր. սահմանվ. ծառ. մատուցում բազմաբն. սոց.բնակ. ֆոնդի շենքերի պահպան., տեխ. սպասարկ. և սոցաջակց. ծրագր. նախատեսվ. բնաիր. օգնութ. պահպան. և բաշխման աշխատ. կազմում",Ծառայությունների մատուցում,905640416.6,900844935.4,874115738.0,0.97,23410935.1,22922996.7,21087191.1,0.92,55441.0,62862.4,62474.1,0.9940000000000001
ՀՀ աշխատանքի և սոցիալական հարցերի նախարարություն,1011,1011,Անապահով և կյանքի դժվարին իրավիճակում սոցիալական խմբերին աջակցություն,Օժանդակել անապահով ընտանիքների կենսամակարդակի բարձրացմանը,Աղքատության մեղմում և ծայրահեղ աղքատության կրճատում,11008,Ժամանակավոր կացարաններում բնակվող փախստականների կենցաղային խնդիրների լուծման միջոցառումների իրականացում,"Կացարաններում սանիտարահիգիենիկ պայմանների, ընդհանուր օգտագործման էլեկտրաէներգիայի, ջրմուղ-կոյուղու ծախսերի փոխհատուցում, ինչպես նաև այդ կացարանների պահպանման աշխատանքերի կազմակերպում",Ծառայությունների մատուցում,905640416.6,900844935.4,874115738.0,0.97,23410935.1,22922996.7,21087191.1,0.92,34767.6,34767.6,33795.5,0.972
ՀՀ աշխատանքի և սոցիալական հարցերի նախարարություն,1011,1011,Անապահով և կյանքի դժվարին իրավիճակում սոցիալական խմբերին աջակցություն,Օժանդակել անապահով ընտանիքների կենսամակարդակի բարձրացմանը,Աղքատության մեղմում և ծայրահեղ աղքատության կրճատում,11009,Անօթևան անձանց կացարանով ապահովում,"Անօթևան անձանց կացարանով ապահովում ժամանակավոր օթևաններում` ընդհանուր տիպի, հատուկ (մասնագիտացված), ընդունիչ-ախտորոշիչ կենտրոնում, ճգնաժամային կենտրոններում",Ծառայությունների մատուցում,905640416.6,900844935.4,874115738.0,0.97,23410935.1,22922996.7,21087191.1,0.92,70762.4,70762.4,69455.0,0.982
ՀՀ աշխատանքի և սոցիալական հարցերի նախարարություն,1011,1011,Անապահով և կյանքի դժվարին իրավիճակում սոցիալական խմբերին աջակցություն,Օժանդակել անապահով ընտանիքների կենսամակարդակի բարձրացմանը,Աղքատության մեղմում և ծայրահեղ աղքատության կրճատում,11010,Սոցիալապես անապահով անձանց սննդի կազմակերպում,ՀՀ մարզերում և Երևան քաղաքում սոցիալապես անապահով անձանց սննդի կազմակերպման ծառայության տրամադրում,Ծառայությունների մատուցում,905640416.6,900844935.4,874115738.0,0.97,23410935.1,22922996.7,21087191.1,0.92,92190.0,151843.7,151825.8,1.0
ՀՀ աշխատանքի և սոցիալական հարցերի նախարարություն,1011,1011,Անապահով և կյանքի դժվարին իրավիճակում սոցիալական խմբերին աջակցություն,Օժանդակել անապահով ընտանիքների կենսամակարդակի բարձրացմանը,Աղքատության մեղմում և ծայրահեղ աղքատության կրճատում,11011,Սոցիալական բնակարանային ֆոնդի շենքային պայմանների բարելավում,Արտաշատ քաղաքում գտնվող սոցիալական բնակարանային ֆոնդի շենքի կապիտալ վերանորոգման նախագծանախահաշվային փաստաթղթերի ձեռքբերում,Ծառայությունների մատուցում,905640416.6,900844935.4,874115738.0,0.97,23410935.1,22922996.7,21087191.1,0.92,0.0,22370.2,7530.0,0.337
ՀՀ աշխատանքի և սոցիալական հարցերի նախարարություն,1011,1011,Անապահով և կյանքի դժվարին իրավիճակում սոցիալական խմբերին աջակցություն,Օժանդակել անապահով ընտանիքների կենսամակարդակի բարձրացմանը,Աղքատության մեղմում և ծայրահեղ աղքատության կրճատում,12001,Ընտանիքի կենսամակարդակի բարձրացմանն ուղղված նպաստներ,"Ընտանիքների անապահովության գնահատման համակարգում հաշվառված, անապահով ճանաչված ընտանիքներին նպաստի, սոցիալական նպաստի և հրատապ օգնության տրամադրում",Տրանսֆերտների տրամադրում,905640416.6,900844935.4,874115738.0,0.97,23410935.1,22922996.7,21087191.1,0.92,22754921.0,22199907.5,20596589.4,0.9279999999999999
ՀՀ աշխատանքի և սոցիալական հարցերի նախարարություն,1011,1011,Անապահով և կյանքի դժվարին իրավիճակում սոցիալական խմբերին աջակցություն,Օժանդակել անապահով ընտանիքների կենսամակարդակի բարձրացմանը,Աղքատության մեղմում և ծայրահեղ աղքատության կրճատում,12007,"Սոցիալական բնակարանային ֆոնդի կացարաններում բնակվող միայնակ կենսաթոշակառուներին սպառած բնական գազի, էլեկտրական էներգիայի և ջրամատակարարման վարձավճարների փոխհատուցում",Սոց. բնակ. ֆոնդի  կացարաններում բնակվող միայնակ կենսաթոշակառուներին  տարեցներին կամ հաշմանդամություն ունեցող սոց. անապահով խմբերի կոմունալ ծախսերի դիմաց դրամական փոխհատուցում ծառայություն տրամադրող կազմակերպություններին,Տրանսֆերտների տրամադրում,905640416.6,900844935.4,874115738.0,0.97,23410935.1,22922996.7,21087191.1,0.92,21600.0,21600.0,16353.0,0.757
ՀՀ աշխատանքի և սոցիալական հարցերի նախարարություն,1011,1011,Անապահով և կյանքի դժվարին իրավիճակում սոցիալական խմբերին աջակցություն,Օժանդակել անապահով ընտանիքների կենսամակարդակի բարձրացմանը,Աղքատության մեղմում և ծայրահեղ աղքատության կրճատում,12008,Բնակչության սոցիալական պաշտպանության պետական և պետության կողմից ուղղորդմամբ հաստատությունների (մանկատների) շրջանավարտներին դրամական աջակցություն,ՀՀ-ում  գործող երեխաներին շուրջօրյա խնամք տրամադրող բն. սոց. պաշտպանության պետական հաստատությունների (մանկատների) 18 տարին լրացած և հաստատությունից դուրս գրված շրջանավարտների դրամական աջակցության տրամադրում  նվազագույն ամսական աշխատավարձի չափով,Տրանսֆերտների տրամադրում,905640416.6,900844935.4,874115738.0,0.97,23410935.1,22922996.7,21087191.1,0.92,27900.0,27900.0,5100.0,0.183
ՀՀ աշխատանքի և սոցիալական հարցերի նախարարություն,1011,1011,Անապահով և կյանքի դժվարին իրավիճակում սոցիալական խմբերին աջակցություն,Օժանդակել անապահով ընտանիքների կենսամակարդակի բարձրացմանը,Աղքատության մեղմում և ծայրահեղ աղքատության կրճատում,12009,Բնակչության սոցիալական պաշտպանության պետական և պետության կողմից ուղղորդմամբ հաստատությունների (մանկատների) շրջանավարտներին բնակելի տարածության վարձավճարի հատուցում,ՀՀ-ում  գործող երեխաներին շուրջօրյա խնամք տրամադրող բն. սոց. պաշտպանության պետական հաստատությունների (մանկատների) 18 տարին լրացած և հաստատությունից դուրս գրված շրջանավարտների բնակելի տարածության վարձավճարի հատուցման տրամադրում,Տրանսֆերտների տրամադրում,905640416.6,900844935.4,874115738.0,0.97,23410935.1,22922996.7,21087191.1,0.92,37200.0,37200.0,6000.0,0.161
ՀՀ աշխատանքի և սոցիալական հարցերի նախարարություն,1011,1011,Անապահով և կյանքի դժվարին իրավիճակում սոցիալական խմբերին աջակցություն,Օժանդակել անապահով ընտանիքների կենսամակարդակի բարձրացմանը,Աղքատության մեղմում և ծայրահեղ աղքատության կրճատում,12010,ՀՀ-ում փախստական ճանաչված և ապաստան ստացած անձանց վարձակալությամբ բնակարանների ձեռքբերման ծախսերի փոխհատուցման տրամադրում,"ՀՀ-ում փախստական ճանաչված և ապաստան ստացած անձանց բնակարաններ վարձակալելու համար փոխատուցման տրամադրում   առավելագույնը 6 ամիս ժամկետով, յուրաքանչյուր ամսվա համար 60000 ՀՀ դրամի չափով",Տրանսֆերտների տրամադրում,905640416.6,900844935.4,874115738.0,0.97,23410935.1,22922996.7,21087191.1,0.92,13680.0,13680.0,2880.0,0.21100000000000002
ՀՀ աշխատանքի և սոցիալական հարցերի նախարարություն,1011,1011,Անապահով և կյանքի դժվարին իրավիճակում սոցիալական խմբերին աջակցություն,Օժանդակել անապահով ընտանիքների կենսամակարդակի բարձրացմանը,Աղքատության մեղմում և ծայրահեղ աղքատության կրճատում,12011,ՀՀ վերադարձող քաղաքացիների վերաինտեգրմանն ուղղված առաջնային ծրագիր,"ՀՀ-ում փախստական ճանաչված և ապաստան ստացած անձանց բնակարաններ վարձակալելու համար փոխատուցման տրամադրում  առավելագույնը 6 ամիս ժամկետով, յուրաքանչյուր ամսվա համար 60000 ՀՀ դրամի չափով",Տրանսֆերտների տրամադրում,905640416.6,900844935.4,874115738.0,0.97,23410935.1,22922996.7,21087191.1,0.92,10080.0,10080.0,1620.0,0.161
ՀՀ աշխատանքի և սոցիալական հարցերի նախարարություն,1011,1011,Անապահով և կյանքի դժվարին իրավիճակում սոցիալական խմբերին աջակցություն,Օժանդակել անապահով ընտանիքների կենսամակարդակի բարձրացմանը,Աղքատության մեղմում և ծայրահեղ աղքատության կրճատում,32001,Սոցիալական բնակարանային ֆոնդի շենքերի վերանորոգում,Սոցիալական բնակարանային ֆոնդի շենքերի թվով 4 շենքների վերանորոգում` սոցիալական բնակարանային ֆոնդի շահառուներին սպասարկելու համար,Այլ պետական կազմակերպությունների կողմից օգտագործվող ոչ ֆինանսական ակտիվների հետ գործառնություններ,905640416.6,900844935.4,874115738.0,0.97,23410935.1,22922996.7,21087191.1,0.92,74821.6,52451.4,25200.0,0.48
ՀՀ աշխատանքի և սոցիալական հարցերի նախարարություն,1015,1015,Սոցիալական փաթեթների ապահովում,Պետական հիմնարկների և կազմակերպությունների աշխատողների սոցիալական երաշխիքների ապահովում և աշխատանքային մոտիվացիայի բարձրացում,Պետական մարմինների աշխատակիցների կյանքի որակի բարելավում,12001,Պետական հիմնարկների և կազմակերպությունների աշխատողների սոցիալական փաթեթով ապահովում,"Հիպոթեքային վարկի կամ ուսանող-ն վարկի ամսական վճարի, ուսման վճարի, հանգստի ապահովման գծով կամ մարզա-առողջ. և սպորտ. համալիրների, լողավազանների և այլ սպորտ. Կազմակերպ-ի, ինչպես նաև առողջապահական փաթեթի մեջ չներառված լրացուցիչ ծառայութ-ի վճարի փոխհատուցում",Տրանսֆերտների տրամադրում,905640416.6,900844935.4,874115738.0,0.97,11694096.0,11694096.0,9367248.4,0.8009999999999999,11694096.0,11694096.0,9367248.4,0.8009999999999999
ՀՀ աշխատանքի և սոցիալական հարցերի նախարարություն,1032,1032,Տարեց և (կամ) հաշմանդամություն ունեցող անձանց աջակցություն,Տարեց և (կամ) հաշմանդամություն ունեցող անձանց խնամքի տրամադրում,Տարեց և (կամ) հաշմանդամություն ունեցող անձանց խնամքի ծառայությունների որակի բարելավում,11001,Տարեց և (կամ) հաշմանդամություն ունեցող անձանց շուրջօրյա խնամքի ծառայություններ,Բնակչության սոցիալական պաշտպանության հաստատություններում տարեց և (կամ) հաշմանդամություն ունեցող անձանց շուրջօրյա խնամքի տրամադրման ծառայություն,Ծառայությունների մատուցում,905640416.6,900844935.4,874115738.0,0.97,4860645.2,4882070.6,3751650.5,0.768,3361674.4,3349178.4,3243987.1,0.9690000000000001
ՀՀ աշխատանքի և սոցիալական հարցերի նախարարություն,1032,1032,Տարեց և (կամ) հաշմանդամություն ունեցող անձանց աջակցություն,Տարեց և (կամ) հաշմանդամություն ունեցող անձանց խնամքի տրամադրում,Տարեց և (կամ) հաշմանդամություն ունեցող անձանց խնամքի ծառայությունների որակի բարելավում,11002,Տարեց և (կամ) հաշմանդամություն ունեցող անձանց տնային պայմաններում խնամքի ծառայություններ,Տարեցներին (կամ) հաշմանդամություն ունեցող անձանց խնամքի տրամադրման ծառայություն տնային պայմաններում,Ծառայությունների մատուցում,905640416.6,900844935.4,874115738.0,0.97,4860645.2,4882070.6,3751650.5,0.768,239803.2,239803.2,239581.6,0.9990000000000001
ՀՀ աշխատանքի և սոցիալական հարցերի նախարարություն,1032,1032,Տարեց և (կամ) հաշմանդամություն ունեցող անձանց աջակցություն,Տարեց և (կամ) հաշմանդամություն ունեցող անձանց խնամքի տրամադրում,Տարեց և (կամ) հաշմանդամություն ունեցող անձանց խնամքի ծառայությունների որակի բարելավում,11003,Տարեց և (կամ) հաշմանդամություն ունեցող անձանց ցերեկային խնամքի ծառայություններ,Տարեց և (կամ) հաշմանդամություն ունեցող անձանց խնամքի տրամադրման ծառայություն սոցիալական հոգածության ցերեկային կենտրոններում,Ծառայությունների մատուցում,905640416.6,900844935.4,874115738.0,0.97,4860645.2,4882070.6,3751650.5,0.768,78879.6,136297.9,136264.6,1.0
ՀՀ աշխատանքի և սոցիալական հարցերի նախարարություն,1032,1032,Տարեց և (կամ) հաշմանդամություն ունեցող անձանց աջակցություն,Տարեց և (կամ) հաշմանդամություն ունեցող անձանց խնամքի տրամադրում,Տարեց և (կամ) հաշմանդամություն ունեցող անձանց խնամքի ծառայությունների որակի բարելավում,12002,ԱՊՀ տարածքում Հայրենական մեծ պատերազմի հաշմանդամների և մասնակիցների օդային տրանսպորտով մատուցվող ծառայությունների դիմաց փոխհատուցում,ԱՊՀ տարածքում Հայրենական մեծ պատերազմի հաշմանդամների և մասնակիցների օդային տրանսպորտով մատուցվող ծառայությունների դիմաց չստացված եկամուտների փոխհատուցում,Տրանսֆերտների տրամադրում,905640416.6,900844935.4,874115738.0,0.97,4860645.2,4882070.6,3751650.5,0.768,2000.0,3000.0,2776.3,0.925
ՀՀ աշխատանքի և սոցիալական հարցերի նախարարություն,1032,1032,Տարեց և (կամ) հաշմանդամություն ունեցող անձանց աջակցություն,Տարեց և (կամ) հաշմանդամություն ունեցող անձանց խնամքի տրամադրում,Տարեց և (կամ) հաշմանդամություն ունեցող անձանց խնամքի ծառայությունների որակի բարելավում,12003,Աջակցություն «ՀՀ մարշալ Բաղրամյանի անվան վետերանների միավորում» հասարակական կազմակերպությանը,"Աջակցության տրամադրում` վետերանների նյութական, կենցաղային պայմանների բարելավման, բժշկական սպասարկման, հուղարկավորության ծախսերի, հուշատախտակների ու հուշարձանների խնամքի իրականացման համար",Տրանսֆերտների տրամադրում,905640416.6,900844935.4,874115738.0,0.97,4860645.2,4882070.6,3751650.5,0.768,20000.0,20000.0,19938.6,0.997
ՀՀ աշխատանքի և սոցիալական հարցերի նախարարություն,1032,1032,Տարեց և (կամ) հաշմանդամություն ունեցող անձանց աջակցություն,Տարեց և (կամ) հաշմանդամություն ունեցող անձանց խնամքի տրամադրում,Տարեց և (կամ) հաշմանդամություն ունեցող անձանց խնամքի ծառայությունների որակի բարելավում,32007,Տարեց և (կամ) հաշմանդամություն ունեցող անձանց շուրջօրյա խնամքի  պետական ոչ առևտրային կազմակերպությունների շենքային պայմանների բարելավում,"Տարեց և (կամ) հաշմանդամություն ունեցող անձանց շուրջօրյա խնամք մատուցող ՊՈԱԿ-ների վերանորոգման և շինարարության համար անհրաժեշտ նախագծանախահաշվային փաթեթների կազմում և փորձաքննության անցկացում, վերանորոգման և շինարարական աշխատանքների իրականացում",Այլ պետական կազմակերպությունների կողմից օգտագործվող ոչ ֆինանսական ակտիվների հետ գործառնություններ,905640416.6,900844935.4,874115738.0,0.97,4860645.2,4882070.6,3751650.5,0.768,1158288.0,1133791.1,109102.3,0.096
ՀՀ աշխատանքի և սոցիալական հարցերի նախարարություն,1068,1068,Ժողովրդագրական վիճակի բարելավում,Խթանել ժողովրդագրական վիճակի բարելավումը,Ժողովրդագրական վիճակի բարելավում և բազմազավակության աճ,11001,Մինչև 2 տարեկան երեխայի խնամքի նպաստի տրամադրման ապահովում,Մինչև 2 տարեկան երեխայի խնամքի նպաստի վճարման ծառայությունների ձեռքբերում,Ծառայությունների մատուցում,905640416.6,900844935.4,874115738.0,0.97,80087570.0,75838137.4,74270388.6,0.9790000000000001,650.0,650.0,511.4,0.787
ՀՀ աշխատանքի և սոցիալական հարցերի նախարարություն,1068,1068,Ժողովրդագրական վիճակի բարելավում,Խթանել ժողովրդագրական վիճակի բարելավումը,Ժողովրդագրական վիճակի բարելավում և բազմազավակության աճ,12001,Մինչև 2 տարեկան երեխայի խնամքի նպաստի տրամադրում,Մինչև 2 տարեկան երեխայի խնամքի նպաստի տրամադրում,Տրանսֆերտների տրամադրում,905640416.6,900844935.4,874115738.0,0.97,80087570.0,75838137.4,74270388.6,0.9790000000000001,30237780.0,28321381.0,28038384.2,0.99
ՀՀ աշխատանքի և սոցիալական հարցերի նախարարություն,1068,1068,Ժողովրդագրական վիճակի բարելավում,Խթանել ժողովրդագրական վիճակի բարելավումը,Ժողովրդագրական վիճակի բարելավում և բազմազավակության աճ,12002,Երեխայի ծննդյան միանվագ նպաստ,Երեխայի ծննդյան կապակցությամբ միանվագ նպաստի տրամադրում,Տրանսֆերտների տրամադրում,905640416.6,900844935.4,874115738.0,0.97,80087570.0,75838137.4,74270388.6,0.9790000000000001,20905000.0,19697162.6,18583161.1,0.943
ՀՀ աշխատանքի և սոցիալական հարցերի նախարարություն,1068,1068,Ժողովրդագրական վիճակի բարելավում,Խթանել ժողովրդագրական վիճակի բարելավումը,Ժողովրդագրական վիճակի բարելավում և բազմազավակության աճ,12003,Երեխա ունեցող ընտանիքների բնակարանային ապահովման աջակցություն,Երեխա ունեցող ընտանիքների բնակարանային ապահովման աջակցության տրամադրում,Տրանսֆերտների տրամադրում,905640416.6,900844935.4,874115738.0,0.97,80087570.0,75838137.4,74270388.6,0.9790000000000001,1800000.0,2500000.0,2499994.3,1.0
ՀՀ աշխատանքի և սոցիալական հարցերի նախարարություն,1068,1068,Ժողովրդագրական վիճակի բարելավում,Խթանել ժողովրդագրական վիճակի բարելավումը,Ժողովրդագրական վիճակի բարելավում և բազմազավակության աճ,12004,Դրամական աջակցություն ընտանիքում 3 և ավելի երեխա ունեցող ընտանիքներին,"Ընտանիքում 3-րդ և յուրաքանչյուր հաջորդ երեխայի ծնվելու կապակցությամբ նոր ծնված երեխային նշանակել և վճարել դրամական աջակցություն` ամսական 50000 դրամի չափով, մինչև երեխայի 6 տարեկանը լրանալը",Տրանսֆերտների տրամադրում,905640416.6,900844935.4,874115738.0,0.97,80087570.0,75838137.4,74270388.6,0.9790000000000001,27061800.0,25236603.8,25078587.6,0.9940000000000001
ՀՀ աշխատանքի և սոցիալական հարցերի նախարարություն,1068,1068,Ժողովրդագրական վիճակի բարելավում,Խթանել ժողովրդագրական վիճակի բարելավումը,Ժողովրդագրական վիճակի բարելավում և բազմազավակության աճ,12005,Զոհված զինծառայողների ծնողների վերարտադրողականության օժանդակ տեխնոլոգիաների կիրառմամբ բժշկական օգնության և սպասարկման որոշ ծախսերի մասնակի փոխհատուցման տրամադրում,Զոհված զինծառայողների ծնողների վերարտադրողական առողջությանն աջակցելու նպատակով վերարտադրողականության օժանդակ տեխնոլոգիաների կիրառմամբ բժշկական օգնության և սպասարկման որոշ ծախսերի մասնակի փոխհատուցման տրամադրում,Տրանսֆերտների տրամադրում,905640416.6,900844935.4,874115738.0,0.97,80087570.0,75838137.4,74270388.6,0.9790000000000001,82340.0,82340.0,69750.0,0.847
ՀՀ աշխատանքի և սոցիալական հարցերի նախարարություն,1082,1082,Սոցիալական աջակցություն անաշխատունակության դեպքում,Կորցրած եկամուտների մասնակի փոխհատուցում,Անաշխատունակության հետևանքով եկամտի կորստի մասնակի փոխհատուցման ապահովում,11001,Ժամանակավոր անաշխատունակության թերթիկների տպագրություն,Ժամանակավոր անաշխատունակության և մայրության նպաստների նշանակման համար բժշկական  հաuտատության կողմից տրվող ժամանակավոր անաշխատունակության ձևաթղթերի տպագրության ծառայությունների ձեռքբերում,Ծառայությունների մատուցում,905640416.6,900844935.4,874115738.0,0.97,24976802.2,26104102.2,26085835.0,0.9990000000000001,0.0,5250.0,5235.0,0.997
ՀՀ աշխատանքի և սոցիալական հարցերի նախարարություն,1082,1082,Սոցիալական աջակցություն անաշխատունակության դեպքում,Կորցրած եկամուտների մասնակի փոխհատուցում,Անաշխատունակության հետևանքով եկամտի կորստի մասնակի փոխհատուցման ապահովում,12001,Ժամանակավոր անաշխատունակության դեպքում նպաստ,"ժամանակավոր անաշխատունակության դեպքում  (հիվանդության, ընտանիքի հիվանդ անդամի խնամքի և օրենքով սահմանված այլ պատճ. առաջացած) վարձու աշխատողներին, նոտարներին և անհատ ձեռնարկատերերին ժամանակավոր անաշխատունակության նպաստի վճարում",Տրանսֆերտների տրամադրում,905640416.6,900844935.4,874115738.0,0.97,24976802.2,26104102.2,26085835.0,0.9990000000000001,5800000.0,6553000.0,6545603.4,0.9990000000000001
ՀՀ աշխատանքի և սոցիալական հարցերի նախարարություն,1082,1082,Սոցիալական աջակցություն անաշխատունակության դեպքում,Կորցրած եկամուտների մասնակի փոխհատուցում,Անաշխատունակության հետևանքով եկամտի կորստի մասնակի փոխհատուցման ապահովում,12002,Մայրության նպաստ,Մայրության նպաստի տրամադրում աշխատող և չաշխատող անձանց,Տրանսֆերտների տրամադրում,905640416.6,900844935.4,874115738.0,0.97,24976802.2,26104102.2,26085835.0,0.9990000000000001,19010500.0,19432550.0,19423748.4,1.0
ՀՀ աշխատանքի և սոցիալական հարցերի նախարարություն,1082,1082,Սոցիալական աջակցություն անաշխատունակության դեպքում,Կորցրած եկամուտների մասնակի փոխհատուցում,Անաշխատունակության հետևանքով եկամտի կորստի մասնակի փոխհատուցման ապահովում,12003,"Աշխատողների աշխատանքային պարտականությունների կատարման հետ կապված խեղման, մասնագիտական հիվանդության և առողջության այլ վնասման հետևանքով պատճառված վնասի փոխհատուցում","Աշխատողների աշխատանքային պարտականությունների կատարման հետ կապված խեղման, մասնագիտական հիվանդության և առողջության այլ վնասման հետևանքով պատճառված վնասի փոխհատուցման տրամադրում",Տրանսֆերտների տրամադրում,905640416.6,900844935.4,874115738.0,0.97,24976802.2,26104102.2,26085835.0,0.9990000000000001,166302.2,113302.2,111248.2,0.982
ՀՀ աշխատանքի և սոցիալական հարցերի նախարարություն,1088,1088,Զբաղվածության ծրագիր,Բնակչության կայուն և ժամանակավոր զբաղվածության ապահովմանը միտված պայմանների ստեղծում,Կայուն և ժամանակավոր զբաղվածների թվաքանակի աճ,12006,Սեզոնային զբաղվածության խթանման միջոցով գյուղացիական տնտեսությանն աջակցության տրամադրում,"Աշխատաշուկայում անմրցունակ` գյուղատնտեսական նշանակության հողի սեփականատեր, վարձակալ կամ անհատույց օգտագործող հանդիսացող անձանց ֆինանսական աջակցություն սեզոնային զբաղվածության ապահովման համար",Տրանսֆերտների տրամադրում,905640416.6,900844935.4,874115738.0,0.97,1733100.0,2892900.0,1987931.0,0.687,504600.0,25725.0,0.0,0.0
ՀՀ աշխատանքի և սոցիալական հարցերի նախարարություն,1088,1088,Զբաղվածության ծրագիր,Բնակչության կայուն և ժամանակավոր զբաղվածության ապահովմանը միտված պայմանների ստեղծում,Կայուն և ժամանակավոր զբաղվածների թվաքանակի աճ,12018,"Ադրբեջանի կողմից 2016, 2020  և 2022 թթ. սանձազերծված ռազմական գործողություններին մասնակցած, ինչպես նաև 2020 թ. հետո ժամկետային պարտադիր զինվորական ծառայությունից զորացրված  գործազուրկ անձանց մասնագիտական ուսուցման կազմակերպման և զբաղվածության ապահովում","Զբաղվածության ապահովում Ադրբեջանի կողմից 2016, 2020 և 2022 թվականներին սանձազերծված ռազմական գործողություններին մասնակցած գործազուրկ անձանց համար",Տրանսֆերտների տրամադրում,905640416.6,900844935.4,874115738.0,0.97,1733100.0,2892900.0,1987931.0,0.687,355350.0,355350.0,97135.4,0.273
ՀՀ աշխատանքի և սոցիալական հարցերի նախարարություն,1088,1088,Զբաղվածության ծրագիր,Բնակչության կայուն և ժամանակավոր զբաղվածության ապահովմանը միտված պայմանների ստեղծում,Կայուն և ժամանակավոր զբաղվածների թվաքանակի աճ,12022,2023 թ. Լեռնային Ղարաբաղից բռնի տեղահանված  անձանց համար կարճաժամկետ ուսուցման դասընթացի կազմակերպման և աշխատանքային փորձ ձեռք բերելու համար աջակցության տրամադրում,"Աջակցել 2023թ. Լեռնային Ղարաբաղից բռնի տեղահանված անձանց ձեռք բերելու գործատուի կողմից ներկայացված պահանջներին համապատասխան մասնագիտական հմտություններ, կարողություններ և աշխատանքային փորձ` թափուր աշխատատեղերը համալրելու համար",Տրանսֆերտների տրամադրում,905640416.6,900844935.4,874115738.0,0.97,1733100.0,2892900.0,1987931.0,0.687,873150.0,808150.0,571490.1,0.7070000000000001
ՀՀ աշխատանքի և սոցիալական հարցերի նախարարություն,1088,1088,Զբաղվածության ծրագիր,Բնակչության կայուն և ժամանակավոր զբաղվածության ապահովմանը միտված պայմանների ստեղծում,Կայուն և ժամանակավոր զբաղվածների թվաքանակի աճ,12024,Անհուսալի վարկային դասով դասակարգված վարկային պարտավորություն(ներ) ունեցող աշխատաշուկայից (ֆորմալ զբաղվածությունից) դուրս մնացած կամ մասնակի ֆորմալ զբաղվածություն ունեցող անձանց աջակցություն,"Աջակցել աշխատաշուկայից դուրս մնացածներին կամ մասնակի ֆորմալ զբաղվածություն ունեցողներին, որոնք ունեն անհուսալի վարկային դասով դասակարգված վարկային պարտավորություն(ներ)` վերականգնելու իրենց տնտեսական ակտիվությունն աշխատաշուկա վերադառնալու միջոցով",Տրանսֆերտների տրամադրում,905640416.6,900844935.4,874115738.0,0.97,1733100.0,2892900.0,1987931.0,0.687,0.0,1377700.0,1311709.1,0.9520000000000001
ՀՀ աշխատանքի և սոցիալական հարցերի նախարարություն,1088,1088,Զբաղվածության ծրագիր,Բնակչության կայուն և ժամանակավոր զբաղվածության ապահովմանը միտված պայմանների ստեղծում,Կայուն և ժամանակավոր զբաղվածների թվաքանակի աճ,12025,"Անապահովության գնահատման համ-ով անապահով  ճանաչված ընտանիքի աշխատունակ անձանց համար կարճաժամկետ ուսուցման դասընթացի կազմ-ն,  աշխատանք. փորձ ձեռք բերելու համար աջակցության և զբաղված-ն ապահովման տրամադրում","Անապա-ն գնահատ. հմկգ-ով ան. ճանաչված ընտանիքի աշխ-ակ անձանց տնտես. ակտիվա-ցում, գործ-ի պահանջ-ն համ. մասնագիտ. հմտություն., կարող. և աշխ-ն փորձ ձեռք բերելուն աջակ., գործ-ի թափուր աշխատ. համալր. համար շահառ-ի ուս.,  գործատ-ն աշխ-ձի մասնակի փոխհ. տրամ-ում",Տրանսֆերտների տրամադրում,905640416.6,900844935.4,874115738.0,0.97,1733100.0,2892900.0,1987931.0,0.687,0.0,197350.0,7596.3,0.038
ՀՀ աշխատանքի և սոցիալական հարցերի նախարարություն,1088,1088,Զբաղվածության ծրագիր,Բնակչության կայուն և ժամանակավոր զբաղվածության ապահովմանը միտված պայմանների ստեղծում,Կայուն և ժամանակավոր զբաղվածների թվաքանակի աճ,12026,Անապահովության գնահատման համակարգով անապահով ճանաչված ընտանիքների աշխատունակ անձանց վարձատրվող հասարակական աշխատանքի դիմաց աջակցության տրամադրում,"Անապահ-ն գնահատ- հմկգ-ով անապահով ճանաչված ընտանիք-ի աշխատ-կ անձանց եկամտով ապահովում, աշխ-ի շուկա մուտքի և զբաղված-ն հասնելի-ան հնար-ի մեծացում, զբաղված-ն ունենալու նկատ-մբ վերաբեր-ի փոփ-ուն, համայնք-ին ենթակառ-ի զարգացում, սոցիալ. լարված-ն նվազ.",Տրանսֆերտների տրամադրում,905640416.6,900844935.4,874115738.0,0.97,1733100.0,2892900.0,1987931.0,0.687,0.0,128625.0,0.0,0.0
ՀՀ աշխատանքի և սոցիալական հարցերի նախարարություն,1098,1098,Բնակարանային ապահովում,Հանրապետությունում մշտական բնակության վայր չունեցող անօթևան անձանց բնակարանային ապահովմանն աջակցություն,Հանրապետությունում մշտական բնակության վայր չունեցող անօթևան անձանց բնակարանային ապահովվածության բարելավում,12001,Երկրաշարժի հետևանքով անօթևան մնացած ընտանիքների բնակարանային ապահովում,Բնակության վայր չունեցող անօթևան անձանց բնակարանային ապահովման աջակցություն,Տրանսֆերտների տրամադրում,905640416.6,900844935.4,874115738.0,0.97,12006785.5,14525157.4,12893670.8,0.888,51780.0,175379.0,143830.5,0.82
ՀՀ աշխատանքի և սոցիալական հարցերի նախարարություն,1098,1098,Բնակարանային ապահովում,Հանրապետությունում մշտական բնակության վայր չունեցող անօթևան անձանց բնակարանային ապահովմանն աջակցություն,Հանրապետությունում մշտական բնակության վայր չունեցող անօթևան անձանց բնակարանային ապահովվածության բարելավում,12002,"Զոհված (մահացած) առաջին, երկրորդ և երրորդ խմբի հաշմանդամ զինծառայողների անօթևան ընտանիքներին բնակարանով ապահովում և բնակարանային պայմանների բարելավում","Գնահատման չափանիշների համաձայն բնակարանի բարելավման կարիք ունեցող կարիքավորների ճանաչում, հաշվառում և նրանց անհատույց ֆինասական աջակցության տրամադրման եղանակով բնակարանային խնդիրների լուծում",Տրանսֆերտների տրամադրում,905640416.6,900844935.4,874115738.0,0.97,12006785.5,14525157.4,12893670.8,0.888,494000.0,494000.0,470483.0,0.9520000000000001
ՀՀ աշխատանքի և սոցիալական հարցերի նախարարություն,1098,1098,Բնակարանային ապահովում,Հանրապետությունում մշտական բնակության վայր չունեցող անօթևան անձանց բնակարանային ապահովմանն աջակցություն,Հանրապետությունում մշտական բնակության վայր չունեցող անօթևան անձանց բնակարանային ապահովվածության բարելավում,12006,"ՀՀ ՊՆ համակարգի` բնակարանային պայմանների բարելավման կարիք ունեցող զինծառայողներին, նրանց հավասարեցված անձանց և նրանց ընտանիքների անդամներին բնակարան ձեռք բերելու նպատակով անհատույց պետական ֆինանսական աջակցության տրամադրում",Գնահատման չափանիշների համաձայն բնակարանի բարելավման կարիք ունեցող կարիքավորների ճանաչում` հաշվառում և նրանց անհատույց ֆինանսական աջակցության տրամադրման եղանակով բնակարանային խնդիրների լուծում,Տրանսֆերտների տրամադրում,905640416.6,900844935.4,874115738.0,0.97,12006785.5,14525157.4,12893670.8,0.888,920994.5,920994.5,918490.0,0.997
ՀՀ աշխատանքի և սոցիալական հարցերի նախարարություն,1098,1098,Բնակարանային ապահովում,Հանրապետությունում մշտական բնակության վայր չունեցող անօթևան անձանց բնակարանային ապահովմանն աջակցություն,Հանրապետությունում մշտական բնակության վայր չունեցող անօթևան անձանց բնակարանային ապահովվածության բարելավում,12007,Լեռնային Ղարաբաղի առանձին շրջաններից բռնի տեղահանված ընտանիքների համար բնակարանային մատչելիության ապահովման պետական աջակցության տրամադրում,Լեռնային Ղարաբաղի առանձին շրջաններից բռնի տեղահանված ընտանիքների համար բնակարանային մատչելիության ապահովման պետական աջակցության տրամադրում,Տրանսֆերտների տրամադրում,905640416.6,900844935.4,874115738.0,0.97,12006785.5,14525157.4,12893670.8,0.888,7067451.0,7067451.0,5933216.7,0.84
ՀՀ աշխատանքի և սոցիալական հարցերի նախարարություն,1098,1098,Բնակարանային ապահովում,Հանրապետությունում մշտական բնակության վայր չունեցող անօթևան անձանց բնակարանային ապահովմանն աջակցություն,Հանրապետությունում մշտական բնակության վայր չունեցող անօթևան անձանց բնակարանային ապահովվածության բարելավում,12008,Սահմանամերձ բնակավայրերում ընտանիքների բնակարանային մատչելիության ապահովման պետական աջակցություն,ՀՀ սահմանամերձ գյուղական բնակավայրում անհատական բնակելի տուն կառուցելու նպատակով գործընկեր կազմակերպությունների կողմից տրամադրված հիփոթեքային վարկ ստացած շահառուին աջակցություն,Տրանսֆերտների տրամադրում,905640416.6,900844935.4,874115738.0,0.97,12006785.5,14525157.4,12893670.8,0.888,3456000.0,5496000.0,5161772.6,0.9390000000000001
ՀՀ աշխատանքի և սոցիալական հարցերի նախարարություն,1098,1098,Բնակարանային ապահովում,Հանրապետությունում մշտական բնակության վայր չունեցող անօթևան անձանց բնակարանային ապահովմանն աջակցություն,Հանրապետությունում մշտական բնակության վայր չունեցող անօթևան անձանց բնակարանային ապահովվածության բարելավում,12009,Բնակարանի վարձակալության վարձավճարի հատուցում,Անապահով ընտանիքներին և խոցելի այլ խմբերին ժամանակավոր կացարաններով ապահովելու նպատակով բնակարանի վարձակալության վարձավճարի հատուցման տրամադրում` 6 ամիս ժամկետով,Տրանսֆերտների տրամադրում,905640416.6,900844935.4,874115738.0,0.97,12006785.5,14525157.4,12893670.8,0.888,16560.0,16560.0,0.0,0.0
ՀՀ աշխատանքի և սոցիալական հարցերի նախարարություն,1098,1098,Բնակարանային ապահովում,Հանրապետությունում մշտական բնակության վայր չունեցող անօթևան անձանց բնակարանային ապահովմանն աջակցություն,Հանրապետությունում մշտական բնակության վայր չունեցող անօթևան անձանց բնակարանային ապահովվածության բարելավում,12010,Ղարաբաղից բռնի տեղահանված առանձին ընտանիքների բնակարանային ապահովման պետական աջակցություն,Ադրբեջանի կողմից 2020 թ. սեպտեմբերի 27-ից հետո Ղարաբաղի դեմ սանձազերծված ռազմ. գործող-ի հետևանքով տեղահանված պատերազմական գործող-ի հետևանքով զոհված (մահացած) կամ անհայտ բացակայող ճանաչված անձանց ընտանիքների համար բնակարանային հասանելիության ապահովումը/,Տրանսֆերտների տրամադրում,905640416.6,900844935.4,874115738.0,0.97,12006785.5,14525157.4,12893670.8,0.888,0.0,121444.2,32863.9,0.271
ՀՀ աշխատանքի և սոցիալական հարցերի նախարարություն,1098,1098,Բնակարանային ապահովում,Հանրապետությունում մշտական բնակության վայր չունեցող անօթևան անձանց բնակարանային ապահովմանն աջակցություն,Հանրապետությունում մշտական բնակության վայր չունեցող անօթևան անձանց բնակարանային ապահովվածության բարելավում,21001,Բնակարանային շինարարություն,"Բազմաբնակարան բնակելի շենքերի (մասնաշենքերի) կառուցում, (տեխնիկական և հեղինակային հսկողություն) նախագծահետազոտական փաստաթղթերի ձեռքբերում",Հանրության կողմից անմիջականորեն օգտագործվող ակտիվների հետ կապված միջոցառումներ,905640416.6,900844935.4,874115738.0,0.97,12006785.5,14525157.4,12893670.8,0.888,0.0,233328.7,233014.2,0.9990000000000001
ՀՀ աշխատանքի և սոցիալական հարցերի նախարարություն,1102,1102,Կենսաթոշակային ապահովություն,Կենսաթոշակի իրավունքի իրացում,Կենսաթոշակների նշանակման և վճարման գործընթացի ապահովում,11001,Կենսաթոշակների և այլ դրամական վճարների տրամադրման տեղեկատվական միասնական համակարգերի սպասարկում և շահագործում,"Կենսաթոշակների և այլ դրամական վճարների տրամադրման տեղեկատվական համակարգի վարման, սպասարկման և տեղեկատվության տրամադրման ծառայություններ",Ծառայությունների մատուցում,905640416.6,900844935.4,874115738.0,0.97,560271500.0,550429460.7,535899763.8,0.9740000000000001,72400.0,72400.0,69360.9,0.958
ՀՀ աշխատանքի և սոցիալական հարցերի նախարարություն,1102,1102,Կենսաթոշակային ապահովություն,Կենսաթոշակի իրավունքի իրացում,Կենսաթոշակների նշանակման և վճարման գործընթացի ապահովում,11002,Կենսաթոշակների և այլ դրամական վճարների իրականացման ապահովում,Կենսաթոշակների և այլ դրամական վճարների վճարման ծառայությունների ձեռքբերում,Ծառայությունների մատուցում,905640416.6,900844935.4,874115738.0,0.97,560271500.0,550429460.7,535899763.8,0.9740000000000001,579800.0,609850.0,604977.7,0.992
ՀՀ աշխատանքի և սոցիալական հարցերի նախարարություն,1102,1102,Կենսաթոշակային ապահովություն,Կենսաթոշակի իրավունքի իրացում,Կենսաթոշակների նշանակման և վճարման գործընթացի ապահովում,12001,Սպայական անձնակազմի և նրանց ընտանիքների անդամների կենսաթոշակներ,"Սպայական անձնակազմի զինծառայողներին երկարամյա ծառայության, հաշմանդամության և զինծառայողի մահվան դեպքում նրա ընտանիքի անդամներին կերակրողին կորցնելու դեպքում զինվորական կենսաթոշակների տրամադրում",Տրանսֆերտների տրամադրում,905640416.6,900844935.4,874115738.0,0.97,560271500.0,550429460.7,535899763.8,0.9740000000000001,46338000.0,46338000.0,44329468.3,0.9570000000000001
ՀՀ աշխատանքի և սոցիալական հարցերի նախարարություն,1102,1102,Կենսաթոշակային ապահովություն,Կենսաթոշակի իրավունքի իրացում,Կենսաթոշակների նշանակման և վճարման գործընթացի ապահովում,12002,Շարքային զինծառայողների և նրանց ընտանիքների անդամների զինվորական կենսաթոշակներ,"ԽՍՀՄ զինված ուժերի շարքային կազմի զինծառայողներին հաշմանդամության, նրանց մահվան դեպքում ընտանիքների անդամներին կերակրողին կորցնելու դեպքում զինվորական կենսաթոշակների տրամադրում",Տրանսֆերտների տրամադրում,905640416.6,900844935.4,874115738.0,0.97,560271500.0,550429460.7,535899763.8,0.9740000000000001,687900.0,687900.0,678311.1,0.986
ՀՀ աշխատանքի և սոցիալական հարցերի նախարարություն,1102,1102,Կենսաթոշակային ապահովություն,Կենսաթոշակի իրավունքի իրացում,Կենսաթոշակների նշանակման և վճարման գործընթացի ապահովում,12003,Աշխատանքային կենսաթոշակներ,"Աշխատանքային կենսաթոշակների (տարիքային, հաշմանդամության, արտոնյալ պայմաններով, երկարամյա ծառայության, մասնակի, կերակրողին կորցնելու դեպքում կենսաթոշակների) տրամադրում",Տրանսֆերտների տրամադրում,905640416.6,900844935.4,874115738.0,0.97,560271500.0,550429460.7,535899763.8,0.9740000000000001,298601000.0,288728910.7,288410053.9,0.9990000000000001
ՀՀ աշխատանքի և սոցիալական հարցերի նախարարություն,1102,1102,Կենսաթոշակային ապահովություն,Կենսաթոշակի իրավունքի իրացում,Կենսաթոշակների նշանակման և վճարման գործընթացի ապահովում,12004,ՀՀ օրենքով նշանակված կենսաթոշակներ,"«Պաշտոնատար անձանց գործունեության ապահովման, սպասարկման և սոցիալական երաշխիքների մասին» ՀՀ օրենքով սահմանված պաշտոններում պաշտոնավարած անձանց կենսաթոշակի տրամադրում",Տրանսֆերտների տրամադրում,905640416.6,900844935.4,874115738.0,0.97,560271500.0,550429460.7,535899763.8,0.9740000000000001,3992400.0,3992400.0,3512851.0,0.88
ՀՀ աշխատանքի և սոցիալական հարցերի նախարարություն,1102,1102,Կենսաթոշակային ապահովություն,Կենսաթոշակի իրավունքի իրացում,Կենսաթոշակների նշանակման և վճարման գործընթացի ապահովում,12005,Կուտակային հատկացումներ մասնակցի կենսաթոշակային հաշվին,«Կուտակային կենսաթոշակների մասին» ՀՀ օրենքով սահմանված կարգով մասնակցի կենսաթոշակային հաշվին կուտակային հատկացումների կատարում,Տրանսֆերտների տրամադրում,905640416.6,900844935.4,874115738.0,0.97,560271500.0,550429460.7,535899763.8,0.9740000000000001,210000000.0,210000000.0,198294740.9,0.9440000000000001
ՀՀ աշխատանքի և սոցիալական հարցերի նախարարություն,1117,1117,"Սոցիալական պաշտպանության բնագավառում պետական քաղաքականության մշակում, ծրագրերի համակարգում և մոնիթորինգ","Աղքատության մեղմման և անհավասարության նվազեցման, աշխատաշուկայի պահանջարկի և գործազրկության անհմպ. կրճատման, զբաղվածության աճի, ժողովրդագրական իրավիճակի բարելավման և քաղաքացիների սոց.իրավունքի  իրացմանն ուղղված քաղաքականության մշակմ. և իրականացմ. ապահովու",Առողջության պահպանման որակյալ ծառայությունների տրամադրում,11001,"Սոցիալական պաշտպանության բնագավառի պետական քաղաքականության մշակման, ծրագրերի համակարգման և մոնիթորինգի ծառայություններ","Սոցիալական պաշտպանության բնագավառի պետական քաղաքականության մշակման, ծրագրերի համակարգման և մոնիտորինգի ծառայություններ",Ծառայությունների մատուցում,905640416.6,900844935.4,874115738.0,0.97,8232093.7,8729509.1,8679544.3,0.9940000000000001,1100757.5,1263871.7,1254255.5,0.992
ՀՀ աշխատանքի և սոցիալական հարցերի նախարարություն,1117,1117,"Սոցիալական պաշտպանության բնագավառում պետական քաղաքականության մշակում, ծրագրերի համակարգում և մոնիթորինգ","Աղքատության մեղմման և անհավասարության նվազեցման, աշխատաշուկայի պահանջարկի և գործազրկության անհմպ. կրճատման, զբաղվածության աճի, ժողովրդագրական իրավիճակի բարելավման և քաղաքացիների սոց.իրավունքի  իրացմանն ուղղված քաղաքականության մշակմ. և իրականացմ. ապահովու",Առողջության պահպանման որակյալ ծառայությունների տրամադրում,11002,Սոցիալական պաշտպանության առանձին  ծրագրերի իրականացման ապահովում,Պետական կենսաթոշակային ապահովության բնագավառում քաղաքականության իրականացում,Ծառայությունների մատուցում,905640416.6,900844935.4,874115738.0,0.97,8232093.7,8729509.1,8679544.3,0.9940000000000001,6790924.7,6917052.6,6883362.1,0.995
ՀՀ աշխատանքի և սոցիալական հարցերի նախարարություն,1117,1117,"Սոցիալական պաշտպանության բնագավառում պետական քաղաքականության մշակում, ծրագրերի համակարգում և մոնիթորինգ","Աղքատության մեղմման և անհավասարության նվազեցման, աշխատաշուկայի պահանջարկի և գործազրկության անհմպ. կրճատման, զբաղվածության աճի, ժողովրդագրական իրավիճակի բարելավման և քաղաքացիների սոց.իրավունքի  իրացմանն ուղղված քաղաքականության մշակմ. և իրականացմ. ապահովու",Առողջության պահպանման որակյալ ծառայությունների տրամադրում,11003,Հանրային իրազեկման միջոցառումների իրականացում,"Սոց. պաշտպ. ոլորտի վերաբերյալ տեսահոլովակների պատրաստում, ԶԼՄ-ներով իրադարձային աշխատանքների լուսաբանում, բուկլետների և գրքույկների տպագրում և տարածում (այդ թվում` թրաֆիքինգի դեմ պայքարի, տրամադրվող սոցիալական աջակցության, զբաղվածության և այլ հարցեր)",Ծառայությունների մատուցում,905640416.6,900844935.4,874115738.0,0.97,8232093.7,8729509.1,8679544.3,0.9940000000000001,21327.0,21327.0,18535.7,0.8690000000000001
ՀՀ աշխատանքի և սոցիալական հարցերի նախարարություն,1117,1117,"Սոցիալական պաշտպանության բնագավառում պետական քաղաքականության մշակում, ծրագրերի համակարգում և մոնիթորինգ","Աղքատության մեղմման և անհավասարության նվազեցման, աշխատաշուկայի պահանջարկի և գործազրկության անհմպ. կրճատման, զբաղվածության աճի, ժողովրդագրական իրավիճակի բարելավման և քաղաքացիների սոց.իրավունքի  իրացմանն ուղղված քաղաքականության մշակմ. և իրականացմ. ապահովու",Առողջության պահպանման որակյալ ծառայությունների տրամադրում,11004,"Սոցիալական պաշտպանության ոլորտի տեղեկատվական համակարգի սպասարկման (կատարելագործման), շահագործման և տեղեկատվության տրամադրման ծառայություններ",Սոցիալական պաշտպանության ոլորտի տեղեկատվական բազաների  սպասարկում և շահագործում,Ծառայությունների մատուցում,905640416.6,900844935.4,874115738.0,0.97,8232093.7,8729509.1,8679544.3,0.9940000000000001,311219.5,421749.3,421749.3,1.0
ՀՀ աշխատանքի և սոցիալական հարցերի նախարարություն,1117,1117,"Սոցիալական պաշտպանության բնագավառում պետական քաղաքականության մշակում, ծրագրերի համակարգում և մոնիթորինգ","Աղքատության մեղմման և անհավասարության նվազեցման, աշխատաշուկայի պահանջարկի և գործազրկության անհմպ. կրճատման, զբաղվածության աճի, ժողովրդագրական իրավիճակի բարելավման և քաղաքացիների սոց.իրավունքի  իրացմանն ուղղված քաղաքականության մշակմ. և իրականացմ. ապահովու",Առողջության պահպանման որակյալ ծառայությունների տրամադրում,11006,"ՀՀ պետական կառավարման մարմինների կողմից  դիմումներ, հայցադիմումներ, դատարանի վճիռների  և որոշումների դեմ վերաքննիչ և վճռաբեկ բողոքներ ներկայացնելիս` «Պետական տուրքի մասին» ՀՀ օրենքով սահմանված վճարումներ","ՀՀ պետական կառավարման մարմինների կողմից  դիմումներ, հայցադիմումներ, դատարանի վճիռների  և որոշումների դեմ վերաքննիչ և վճռաբեկ բողոքներ ներկայացնելիս` «Պետական տուրքի մասին» ՀՀ օրենքով սահմանված վճարումներ",Ծառայությունների մատուցում,905640416.6,900844935.4,874115738.0,0.97,8232093.7,8729509.1,8679544.3,0.9940000000000001,0.0,763.0,763.0,1.0
ՀՀ աշխատանքի և սոցիալական հարցերի նախարարություն,1117,1117,"Սոցիալական պաշտպանության բնագավառում պետական քաղաքականության մշակում, ծրագրերի համակարգում և մոնիթորինգ","Աղքատության մեղմման և անհավասարության նվազեցման, աշխատաշուկայի պահանջարկի և գործազրկության անհմպ. կրճատման, զբաղվածության աճի, ժողովրդագրական իրավիճակի բարելավման և քաղաքացիների սոց.իրավունքի  իրացմանն ուղղված քաղաքականության մշակմ. և իրականացմ. ապահովու",Առողջության պահպանման որակյալ ծառայությունների տրամադրում,11007,"ՀՀ պետական կառավարման մարմինների կողմից  դիմումներ, հայցադիմումներ, դատարանի վճիռների  և որոշումների դեմ վերաքննիչ և վճռաբեկ բողոքներ ներկայացնելիս` «Պետական տուրքի մասին» ՀՀ օրենքով սահմանված վճարումներ","ՀՀ պետական կառավարման մարմինների կողմից  դիմումներ, հայցադիմումներ, դատարանի վճիռների  և որոշումների դեմ վերաքննիչ և վճռաբեկ բողոքներ ներկայացնելիս` «Պետական տուրքի մասին» ՀՀ օրենքով սահմանված վճարումներ",Ծառայությունների մատուցում,905640416.6,900844935.4,874115738.0,0.97,8232093.7,8729509.1,8679544.3,0.9940000000000001,0.0,9398.6,9398.5,1.0
ՀՀ աշխատանքի և սոցիալական հարցերի նախարարություն,1117,1117,"Սոցիալական պաշտպանության բնագավառում պետական քաղաքականության մշակում, ծրագրերի համակարգում և մոնիթորինգ","Աղքատության մեղմման և անհավասարության նվազեցման, աշխատաշուկայի պահանջարկի և գործազրկության անհմպ. կրճատման, զբաղվածության աճի, ժողովրդագրական իրավիճակի բարելավման և քաղաքացիների սոց.իրավունքի  իրացմանն ուղղված քաղաքականության մշակմ. և իրականացմ. ապահովու",Առողջության պահպանման որակյալ ծառայությունների տրամադրում,11012,ԱՍՀՆ ենթակայության Համալիր սոցիալական ծառայության կենտրոնների հիմնանորոգման աշխատանքների գծով աուդիտորական ծառայություն,ԱՍՀՆ ենթակայության Համալիր սոցիալական ծառայության կենտրոնների հիմնանորոգման աշխատանքների գծով աուդիտորական ծառայություն,Ծառայությունների մատուցում,905640416.6,900844935.4,874115738.0,0.97,8232093.7,8729509.1,8679544.3,0.9940000000000001,0.0,3773.5,3773.5,1.0
ՀՀ աշխատանքի և սոցիալական հարցերի նախարարություն,1117,1117,"Սոցիալական պաշտպանության բնագավառում պետական քաղաքականության մշակում, ծրագրերի համակարգում և մոնիթորինգ","Աղքատության մեղմման և անհավասարության նվազեցման, աշխատաշուկայի պահանջարկի և գործազրկության անհմպ. կրճատման, զբաղվածության աճի, ժողովրդագրական իրավիճակի բարելավման և քաղաքացիների սոց.իրավունքի  իրացմանն ուղղված քաղաքականության մշակմ. և իրականացմ. ապահովու",Առողջության պահպանման որակյալ ծառայությունների տրամադրում,31001,Միասնական սոցիալական ծառայության կարողությունների զարգացում և տեխնիկական հագեցվածության ապահովում,Միասնական սոցիալական ծառայության գործունեության համար անհրաժեշտ վարչական սարքավորումների ձեռքբերում,Պետական մարմինների կողմից օգտագործվող ոչ ֆինանսական ակտիվների հետ գործառնություններ,905640416.6,900844935.4,874115738.0,0.97,8232093.7,8729509.1,8679544.3,0.9940000000000001,7865.0,7865.0,6592.2,0.838
ՀՀ աշխատանքի և սոցիալական հարցերի նախարարություն,1117,1117,"Սոցիալական պաշտպանության բնագավառում պետական քաղաքականության մշակում, ծրագրերի համակարգում և մոնիթորինգ","Աղքատության մեղմման և անհավասարության նվազեցման, աշխատաշուկայի պահանջարկի և գործազրկության անհմպ. կրճատման, զբաղվածության աճի, ժողովրդագրական իրավիճակի բարելավման և քաղաքացիների սոց.իրավունքի  իրացմանն ուղղված քաղաքականության մշակմ. և իրականացմ. ապահովու",Առողջության պահպանման որակյալ ծառայությունների տրամադրում,31002,ՀՀ աշխատանքի և սոցիալական հարցերի նախարարության աշխատակազմի տեխնիկական հագեցվածության բարելավում,ԱՍՀՆ-ան գործունեության համար անհրաժեշտ վարչական սարքավորումների ձեռքբերում,Պետական մարմինների կողմից օգտագործվող ոչ ֆինանսական ակտիվների հետ գործառնություններ,905640416.6,900844935.4,874115738.0,0.97,8232093.7,8729509.1,8679544.3,0.9940000000000001,0.0,895.0,894.9,1.0
ՀՀ աշխատանքի և սոցիալական հարցերի նախարարություն,1117,1117,"Սոցիալական պաշտպանության բնագավառում պետական քաղաքականության մշակում, ծրագրերի համակարգում և մոնիթորինգ","Աղքատության մեղմման և անհավասարության նվազեցման, աշխատաշուկայի պահանջարկի և գործազրկության անհմպ. կրճատման, զբաղվածության աճի, ժողովրդագրական իրավիճակի բարելավման և քաղաքացիների սոց.իրավունքի  իրացմանն ուղղված քաղաքականության մշակմ. և իրականացմ. ապահովու",Առողջության պահպանման որակյալ ծառայությունների տրամադրում,31003,ՀՀ աշխատանքի և սոցիալական հարցերի նախարարության աշխատակազմին գույքով ապահովում,ԱՍՀՆ-ան գործունեության համար անհրաժեշտ վարչական գույքի ձեռքբերում,Պետական մարմինների կողմից օգտագործվող ոչ ֆինանսական ակտիվների հետ գործառնություններ,905640416.6,900844935.4,874115738.0,0.97,8232093.7,8729509.1,8679544.3,0.9940000000000001,0.0,5760.0,5010.5,0.87
ՀՀ աշխատանքի և սոցիալական հարցերի նախարարություն,1117,1117,"Սոցիալական պաշտպանության բնագավառում պետական քաղաքականության մշակում, ծրագրերի համակարգում և մոնիթորինգ","Աղքատության մեղմման և անհավասարության նվազեցման, աշխատաշուկայի պահանջարկի և գործազրկության անհմպ. կրճատման, զբաղվածության աճի, ժողովրդագրական իրավիճակի բարելավման և քաղաքացիների սոց.իրավունքի  իրացմանն ուղղված քաղաքականության մշակմ. և իրականացմ. ապահովու",Առողջության պահպանման որակյալ ծառայությունների տրամադրում,31009,ԱՍՀՆ ենթակայության Համալիր սոցիալական ծառայության կենտրոնների  շենքերի և շինությունների հիմնանորոգում,Համալիր սոցիալական ծառայության կենտրոնների շենքերի և շինությունների հիմնանորոգման աշխատանքների ետերաշխիքային և հեղինակային հսկողության իրականացման վճարներ,Պետական մարմինների կողմից օգտագործվող ոչ ֆինանսական ակտիվների հետ գործառնություններ,905640416.6,900844935.4,874115738.0,0.97,8232093.7,8729509.1,8679544.3,0.9940000000000001,0.0,77053.4,75209.2,0.976
ՀՀ աշխատանքի և սոցիալական հարցերի նախարարություն,1141,1141,Երեխաների հիմնահարցեր,Կյանքի դժվարին իրավիճակում հայտնված երեխաների հիմնական պահանջմունքների և սոցիալական կարիքների բավարարում և ինտեգրում հասարակություն,Երեխաներին մատուցվող սոցիալական ծառայությունների և դրանց հասցեականության բարելավումե կյանքի դժվարին իրավիճակում հայտնված երեխաների ինտեգրում հասարկություն,11001,Երեխաների շուրջօրյա խնամքի ծառայություններ,"Մինչև 18 տարեկան առանց ծնողական խնամքի մնացած երեխաների շուրջօրյա խնամքի, դաստիարակության, ուսման, ֆիզիկական և մտավոր զարգացմանը նպաստող պայմանների ապահովում, երեխաների իրավունքների և շահերի պաշտպանություն",Ծառայությունների մատուցում,905640416.6,900844935.4,874115738.0,0.97,4965334.7,5007836.1,4612567.4,0.9209999999999999,2647172.1,2528938.1,2389222.6,0.945
ՀՀ աշխատանքի և սոցիալական հարցերի նախարարություն,1141,1141,Երեխաների հիմնահարցեր,Կյանքի դժվարին իրավիճակում հայտնված երեխաների հիմնական պահանջմունքների և սոցիալական կարիքների բավարարում և ինտեգրում հասարակություն,Երեխաներին մատուցվող սոցիալական ծառայությունների և դրանց հասցեականության բարելավումե կյանքի դժվարին իրավիճակում հայտնված երեխաների ինտեգրում հասարկություն,11007,Կյանքի դժվարին իրավիճակում հայտնված երեխաներին` երեխայի և ընտանիքի աջակցության կենտրոններում ծառայությունների տրամադրում,Կյանքի դժվարին իրավիճակում հայտնված երեխաներին  շուրջօրյա խնամքի և ցերեկային ծառայություննեի  տրամադրում,Ծառայությունների մատուցում,905640416.6,900844935.4,874115738.0,0.97,4965334.7,5007836.1,4612567.4,0.9209999999999999,833333.8,673439.8,599050.3,0.89
ՀՀ աշխատանքի և սոցիալական հարցերի նախարարություն,1141,1141,Երեխաների հիմնահարցեր,Կյանքի դժվարին իրավիճակում հայտնված երեխաների հիմնական պահանջմունքների և սոցիալական կարիքների բավարարում և ինտեգրում հասարակություն,Երեխաներին մատուցվող սոցիալական ծառայությունների և դրանց հասցեականության բարելավումե կյանքի դժվարին իրավիճակում հայտնված երեխաների ինտեգրում հասարկություն,11009,Երեխաների և ընտանիքների աջակցության տրամադրման ծառայություններ,"Կյանքի դժվարին իրավիճակում հայտնված կամ հաշմանդամություն ունեցող 2-18 տարեկան երեխաների ցերեկային խնամքի, դաստիարակության, ուսման, ֆիզիկական և մտավոր զարգացմանը նպաստող պայմանների ապահովում, ինչպես նաև ընտանեկան բռնության ենթարկված անձանց աջակցություն",Ծառայությունների մատուցում,905640416.6,900844935.4,874115738.0,0.97,4965334.7,5007836.1,4612567.4,0.9209999999999999,355045.7,355045.7,289214.3,0.815
ՀՀ աշխատանքի և սոցիալական հարցերի նախարարություն,1141,1141,Երեխաների հիմնահարցեր,Կյանքի դժվարին իրավիճակում հայտնված երեխաների հիմնական պահանջմունքների և սոցիալական կարիքների բավարարում և ինտեգրում հասարակություն,Երեխաներին մատուցվող սոցիալական ծառայությունների և դրանց հասցեականության բարելավումե կյանքի դժվարին իրավիճակում հայտնված երեխաների ինտեգրում հասարկություն,11018,Երեխաների խնամքի ցերեկային ծառայությունների տրամադրում,"Կյանքի դժվար. իրավ. հայտնված և հաշմ. ունեցող երեխ. ցերեկ. խնամքի ծառ. տրամադր.է, հասարակ. ներառելը`  մատչելի սոց-հոգեբան., մանկավարժ. վերականգնող. ծառ. տրամադրման, կրթ. կարողութ. զարգացման, ինչպես նաև երեխ. շուրջօրյա հաստատ. մուտքի կանխարգ. միջոցով",Ծառայությունների մատուցում,905640416.6,900844935.4,874115738.0,0.97,4965334.7,5007836.1,4612567.4,0.9209999999999999,477765.7,480767.1,469188.8,0.976
ՀՀ աշխատանքի և սոցիալական հարցերի նախարարություն,1141,1141,Երեխաների հիմնահարցեր,Կյանքի դժվարին իրավիճակում հայտնված երեխաների հիմնական պահանջմունքների և սոցիալական կարիքների բավարարում և ինտեգրում հասարակություն,Երեխաներին մատուցվող սոցիալական ծառայությունների և դրանց հասցեականության բարելավումե կյանքի դժվարին իրավիճակում հայտնված երեխաների ինտեգրում հասարկություն,11020,Հաշմանդամություն ունեցող երեխայի տնային խնամքի ծառայություններ,"Աջակցություն հաշմանդամություն ունեցող անձանց անկախ ապրելու, կանխարգելելով մուտքը խնամքի հաստատություններ",Ծառայությունների մատուցում,905640416.6,900844935.4,874115738.0,0.97,4965334.7,5007836.1,4612567.4,0.9209999999999999,100534.6,100534.6,100534.6,1.0
ՀՀ աշխատանքի և սոցիալական հարցերի նախարարություն,1141,1141,Երեխաների հիմնահարցեր,Կյանքի դժվարին իրավիճակում հայտնված երեխաների հիմնական պահանջմունքների և սոցիալական կարիքների բավարարում և ինտեգրում հասարակություն,Երեխաներին մատուցվող սոցիալական ծառայությունների և դրանց հասցեականության բարելավումե կյանքի դժվարին իրավիճակում հայտնված երեխաների ինտեգրում հասարկություն,11021,Առանց ծնողական խնամքի մնացած (այսուհետ` ԱԾԽՄ) երեխաների խնամքի ապահովումը ընտանեկան միջավայրին առավել մոտ սոցիալ-կենցաղային պայմաններում,Առանց ծնողական խնամքի մնացած (այսուհետ` ԱԾԽՄ) երեխաների խնամքի ապահովումը ընտանեկան միջավայրին առավել մոտ սոցիալ-կենցաղային պայմաններում,Ծառայությունների մատուցում,905640416.6,900844935.4,874115738.0,0.97,4965334.7,5007836.1,4612567.4,0.9209999999999999,0.0,278128.0,207733.3,0.747
ՀՀ աշխատանքի և սոցիալական հարցերի նախարարություն,1141,1141,Երեխաների հիմնահարցեր,Կյանքի դժվարին իրավիճակում հայտնված երեխաների հիմնական պահանջմունքների և սոցիալական կարիքների բավարարում և ինտեգրում հասարակություն,Երեխաներին մատուցվող սոցիալական ծառայությունների և դրանց հասցեականության բարելավումե կյանքի դժվարին իրավիճակում հայտնված երեխաների ինտեգրում հասարկություն,12001,Երեխաների շուրջօրյա խնամքի բնակչության սոցիալական պաշտպանության հաստատություններում խնամվող դպրոցում սովորող երեխաներին դրամական աջակցության տրամադրում,ՀՀ աշխատանքի և սոցիալական հարցերի նախարարության ենթակայության երեխաների շուրջօրյա խնամքի բնակչության սոցիալական պաշտպանության հաստատություններում խնամվող և դպրոցում սովորող երեխաների համար անձնական մանր ծախսերի համար դրամական միջոցների տրամադրում,Տրանսֆերտների տրամադրում,905640416.6,900844935.4,874115738.0,0.97,4965334.7,5007836.1,4612567.4,0.9209999999999999,31392.0,31392.0,22319.5,0.711
ՀՀ աշխատանքի և սոցիալական հարցերի նախարարություն,1141,1141,Երեխաների հիմնահարցեր,Կյանքի դժվարին իրավիճակում հայտնված երեխաների հիմնական պահանջմունքների և սոցիալական կարիքների բավարարում և ինտեգրում հասարակություն,Երեխաներին մատուցվող սոցիալական ծառայությունների և դրանց հասցեականության բարելավումե կյանքի դժվարին իրավիճակում հայտնված երեխաների ինտեգրում հասարկություն,12004,Խնամատար ընտանիքում երեխայի խնամքի և դաստիարակության աջակցության տրամադրում,Երեխաների շուրջօրյա խնամքի բնակչության սոցիալական պաշտպանության հաստատություններում խնամվող առանց ծնողական խնամքի մնացած երեխաների խնամքի և դաստիարակության բարենպաստ պայմանների ստեղծում` նրանց խնամատար ընտանիքներ տեղավորելու միջոցով,Տրանսֆերտների տրամադրում,905640416.6,900844935.4,874115738.0,0.97,4965334.7,5007836.1,4612567.4,0.9209999999999999,395290.8,395290.8,374673.7,0.948
ՀՀ աշխատանքի և սոցիալական հարցերի նախարարություն,1141,1141,Երեխաների հիմնահարցեր,Կյանքի դժվարին իրավիճակում հայտնված երեխաների հիմնական պահանջմունքների և սոցիալական կարիքների բավարարում և ինտեգրում հասարակություն,Երեխաներին մատուցվող սոցիալական ծառայությունների և դրանց հասցեականության բարելավումե կյանքի դժվարին իրավիճակում հայտնված երեխաների ինտեգրում հասարկություն,12008,Անհայտ բացակայող կամ մահացած ճանաչված զինծառայողների ծնողներին մինչև երեք տարեկան երեխայի խնամքի կազմակերպման համար պետական աջակցության տրամադրում,Անհայտ բացակայող կամ մահացած ճանաչված զինծառայողների ծնողներին մինչև երեք տարեկան երեխայի խնամքի կազմակերպման համար պետական աջակցության տրամադրում,Տրանսֆերտների տրամադրում,905640416.6,900844935.4,874115738.0,0.97,4965334.7,5007836.1,4612567.4,0.9209999999999999,124800.0,164300.0,160630.4,0.978
ՀՀ աշխատանքի և սոցիալական հարցերի նախարարություն,1145,1145,"Կանանց հիմնահարցեր, ընտանիքում բռնության և մարդկանց թրաֆիքինգի զոհերին աջակացություն","Խոցելի խմբերին պատկանող կանանց, ինչպես նաև ընտանիքում բռնության, թրաֆիքինգի և շահագործման, սեռական բռնության ենթարկված անձանց  կաիրքահեն սոցիական աջակցությունների տրամադրում",նպաստել  խտրականության և անհավասարության հաղթահարմանը,11001,"Թրաֆիքինգի և շահագործման, սեռական բռնության ենթարկված անձանց սոցիալ- հոգեբանական վերականգնողական ծառայություններ","Թրաֆիքինգի և շահագործման, սեռական բռնության ենթարկված անձանց պաշտպանություն և նրանց մատչելի, բազմակողմանի ու օպերատիվ աջակցության կազմակերպում",Ծառայությունների մատուցում,905640416.6,900844935.4,874115738.0,0.97,157764.2,157764.2,152571.1,0.9670000000000001,32105.0,32105.0,28749.3,0.895
ՀՀ աշխատանքի և սոցիալական հարցերի նախարարություն,1145,1145,"Կանանց հիմնահարցեր, ընտանիքում բռնության և մարդկանց թրաֆիքինգի զոհերին աջակացություն","Խոցելի խմբերին պատկանող կանանց, ինչպես նաև ընտանիքում բռնության, թրաֆիքինգի և շահագործման, սեռական բռնության ենթարկված անձանց  կաիրքահեն սոցիական աջակցությունների տրամադրում",նպաստել  խտրականության և անհավասարության հաղթահարմանը,11002,Ընտանիքում բռնության ենթարկված անձանց ապաստարանի ծառայություններ,"Ընտանիքում բռն. ենթարկված անձանց, անհրաժեշտության դեպքում նրանց խնամքի տակ գտնվող երեխաներին  անհատույց ապահով բնակելի տարածքով, սննդով և հագուստով ապահովում, հոգեբանական և իրավ. օգն. տրամադրում, ինչպես նաև օրենսդրությամբ սահմնանված սոց. աջակցություն",Ծառայությունների մատուցում,905640416.6,900844935.4,874115738.0,0.97,157764.2,157764.2,152571.1,0.9670000000000001,12225.0,12225.0,12225.0,1.0
ՀՀ աշխատանքի և սոցիալական հարցերի նախարարություն,1145,1145,"Կանանց հիմնահարցեր, ընտանիքում բռնության և մարդկանց թրաֆիքինգի զոհերին աջակացություն","Խոցելի խմբերին պատկանող կանանց, ինչպես նաև ընտանիքում բռնության, թրաֆիքինգի և շահագործման, սեռական բռնության ենթարկված անձանց  կաիրքահեն սոցիական աջակցությունների տրամադրում",նպաստել  խտրականության և անհավասարության հաղթահարմանը,11003,Ընտանեկան բռնության ենթարկված անձանց աջակցության կենտրոնների  ծառայություններ,"Ընտանիքում բռն. ենթարկված անձանց /կին տղամարդ/ ,Ընտանիքում բռն. կանխարգելման, ընտանիքում բռն. ենթարկված անձանց պաշտպանության և ընտանիքում համերաշխության վերականգնման մասինե  ՀՀ օրենքի 19-րդ հոդվածի պահանջներին համապատասխան ծառայությունների տրամադրում",Ծառայությունների մատուցում,905640416.6,900844935.4,874115738.0,0.97,157764.2,157764.2,152571.1,0.9670000000000001,96684.2,96684.2,95681.7,0.99
ՀՀ աշխատանքի և սոցիալական հարցերի նախարարություն,1145,1145,"Կանանց հիմնահարցեր, ընտանիքում բռնության և մարդկանց թրաֆիքինգի զոհերին աջակացություն","Խոցելի խմբերին պատկանող կանանց, ինչպես նաև ընտանիքում բռնության, թրաֆիքինգի և շահագործման, սեռական բռնության ենթարկված անձանց  կաիրքահեն սոցիական աջակցությունների տրամադրում",նպաստել  խտրականության և անհավասարության հաղթահարմանը,12001,Մարդկանց թրաֆիքինգի (և/կամ) շահագործման զոհերին միանվագ դրամական փոխհատուցման տրամադրում,Մարդկանց թրաֆիքինգի և շահագործման ենթարկվելու ընթացքում անձի կրած վնասների մասնակի փոխհատուցման նպատակով դրամական փոխհատուցման տրամադրում,Տրանսֆերտների տրամադրում,905640416.6,900844935.4,874115738.0,0.97,157764.2,157764.2,152571.1,0.9670000000000001,1750.0,1750.0,1750.0,1.0
ՀՀ աշխատանքի և սոցիալական հարցերի նախարարություն,1145,1145,"Կանանց հիմնահարցեր, ընտանիքում բռնության և մարդկանց թրաֆիքինգի զոհերին աջակացություն","Խոցելի խմբերին պատկանող կանանց, ինչպես նաև ընտանիքում բռնության, թրաֆիքինգի և շահագործման, սեռական բռնության ենթարկված անձանց  կաիրքահեն սոցիական աջակցությունների տրամադրում",նպաստել  խտրականության և անհավասարության հաղթահարմանը,12002,Ընտանիքում բռնության ենթարկվածներին ժամանակավոր աջակցություն,"Ընտանիքում բռնության ենթարկված անձանց ֆինանսական աջակցության տրամադրում ՀՀ կառավարության 2019 թվականի մարտի 29-ի N333-Ն որոշմամբ սահմանված դրույթների պահանջներին համապատասխան է ոչ ավելի, քան 150.0 հազ. դրամի չափով",Տրանսֆերտների տրամադրում,905640416.6,900844935.4,874115738.0,0.97,157764.2,157764.2,152571.1,0.9670000000000001,15000.0,15000.0,14165.0,0.9440000000000001
ՀՀ աշխատանքի և սոցիալական հարցերի նախարարություն,1153,1153,Սոցիալական պաշտպանության ոլորտի զարգացման ծրագիր,"Սոցիալական պաշտպանության ոլորտի քաղաքականության, ծրագրերի, գիտահետազոտական և մասնագիտական կապիտալի զարգացման ապահովում","Սոցիալական պաշտպանության ոլորտի հիմնախնդիրների լուծումների առաջադրում, բարեփոխեւմներին ուղղված սոցիալական ինովացիաների մշակում, ինչպես նաև ոլորտի մասնագետների շարունակական կրթության ապահովում, գիտելիքների և կարողությունների զարգացում",11001,"Մեթոդաբանական ձեռնարկների մշակում, հետազոտությունների անցկացում և սոցիալական ապահովության ոլորտի կադրերի վերապատրաստում","Սոցիալական պաշտպանության բնագավառում կիրառվող մեթոդաբանական ձեռնարկների մշակման, գիտահետազոտական աշխատանքների իրականացման և բնագավառի կադրերի վերապատրաստման ծառայությունների մատուցում",Ծառայությունների մատուցում,905640416.6,900844935.4,874115738.0,0.97,149657.5,157409.5,153783.6,0.977,121486.3,129238.3,127023.0,0.983
ՀՀ աշխատանքի և սոցիալական հարցերի նախարարություն,1153,1153,Սոցիալական պաշտպանության ոլորտի զարգացման ծրագիր,"Սոցիալական պաշտպանության ոլորտի քաղաքականության, ծրագրերի, գիտահետազոտական և մասնագիտական կապիտալի զարգացման ապահովում","Սոցիալական պաշտպանության ոլորտի հիմնախնդիրների լուծումների առաջադրում, բարեփոխեւմներին ուղղված սոցիալական ինովացիաների մշակում, ինչպես նաև ոլորտի մասնագետների շարունակական կրթության ապահովում, գիտելիքների և կարողությունների զարգացում",11002,"Մասնագիտական կողմնորոշման, համակարգի մեթոդաբանության ապահովման և կադրերի վերապատրաստման ծառայություններ","Հանրության լայն շրջանակներում իրազեկում տնտեսության մեջ տեղի ունեցող զարգացումների, աշխատաշուկայում պահանջվող նոր մասնագիտությունների, թափուր աշխատատեղերի մասին, ինչպես նաև գործատուի և աշխատանք փնտրողի միջև ուղղակի կապի ստեղծում",Ծառայությունների մատուցում,905640416.6,900844935.4,874115738.0,0.97,149657.5,157409.5,153783.6,0.977,28171.2,28171.2,26760.6,0.95
ՀՀ աշխատանքի և սոցիալական հարցերի նախարարություն,1160,1160,Հաշմանդամություն ունեցող անձանց սոցիալական ներառում,Հաշմանդամություն ունեցող անձանց հիմնական պահանջմունքների և սոցիալական կարիքների բավարարում և սոցիալական ներառում հասարակություն,Հաշմանդամություն ունեցող անձանց մատուցվող սոցիալական ծառայությունների հասցեականության և արդյունավետության բարձրացում,11009,Տեսողության խնդիրներ ունեցող անձանց սոցիալ-հոգեբանական վերականգնում,Չտեսնող անձանց համապատասխան հմտությունների ուսուցում` տարածության մեջ սպիտակ ձեռնափայտերի օգնությամբ ինքնուրույն տեղաշարժվելու և հասարակության մեջ ներառվելու համար,Ծառայությունների մատուցում,905640416.6,900844935.4,874115738.0,0.97,3300559.7,4006801.5,3553108.8,0.887,11561.6,11561.6,11559.6,1.0
ՀՀ աշխատանքի և սոցիալական հարցերի նախարարություն,1160,1160,Հաշմանդամություն ունեցող անձանց սոցիալական ներառում,Հաշմանդամություն ունեցող անձանց հիմնական պահանջմունքների և սոցիալական կարիքների բավարարում և սոցիալական ներառում հասարակություն,Հաշմանդամություն ունեցող անձանց մատուցվող սոցիալական ծառայությունների հասցեականության և արդյունավետության բարձրացում,11012,Հաշմանդամություն ունեցող անձանց սոցիալ- վերականգնողական ծառայություններ ցերեկային կենտրոնում,Մտավոր և հոգեկան խնդիրներ ունեցող անձանց սոցիալ-վերականգնողական ծառայությունների մատուցում ցերեկային կենտրոնում,Ծառայությունների մատուցում,905640416.6,900844935.4,874115738.0,0.97,3300559.7,4006801.5,3553108.8,0.887,218640.1,218640.1,207592.7,0.9490000000000001
ՀՀ աշխատանքի և սոցիալական հարցերի նախարարություն,1160,1160,Հաշմանդամություն ունեցող անձանց սոցիալական ներառում,Հաշմանդամություն ունեցող անձանց հիմնական պահանջմունքների և սոցիալական կարիքների բավարարում և սոցիալական ներառում հասարակություն,Հաշմանդամություն ունեցող անձանց մատուցվող սոցիալական ծառայությունների հասցեականության և արդյունավետության բարձրացում,11013,Հաշմանդամություն ունեցող անձանց շուրջօրյա  խնամքի  ծառայություներ համայնքահենք փոքր խմբային տներում,Հաշմանդամություն ունեցող անձանց շուրջօրյա  խնամքի  ծառայություներ համայնքահենք փոքր խմբային տներում,Ծառայությունների մատուցում,905640416.6,900844935.4,874115738.0,0.97,3300559.7,4006801.5,3553108.8,0.887,127126.6,138622.6,126859.0,0.915
ՀՀ աշխատանքի և սոցիալական հարցերի նախարարություն,1160,1160,Հաշմանդամություն ունեցող անձանց սոցիալական ներառում,Հաշմանդամություն ունեցող անձանց հիմնական պահանջմունքների և սոցիալական կարիքների բավարարում և սոցիալական ներառում հասարակություն,Հաշմանդամություն ունեցող անձանց մատուցվող սոցիալական ծառայությունների հասցեականության և արդյունավետության բարձրացում,11016,Անձնական օգնականի ծառայություն,Աջակցություն հաշմանդամություն ունեցող անձանց անկախ ապրելուն,Ծառայությունների մատուցում,905640416.6,900844935.4,874115738.0,0.97,3300559.7,4006801.5,3553108.8,0.887,151048.8,242587.8,227600.1,0.938
ՀՀ աշխատանքի և սոցիալական հարցերի նախարարություն,1160,1160,Հաշմանդամություն ունեցող անձանց սոցիալական ներառում,Հաշմանդամություն ունեցող անձանց հիմնական պահանջմունքների և սոցիալական կարիքների բավարարում և սոցիալական ներառում հասարակություն,Հաշմանդամություն ունեցող անձանց մատուցվող սոցիալական ծառայությունների հասցեականության և արդյունավետության բարձրացում,12001,Պետական հավաստագրերով աջակցող միջոցների տրամադրում և դրանց վերանորոգում,Հաշմանդամություն ունեցող անձանց աջակցող միջոցների տրամադրում պետական հավաստագրերի միջոցով և աջակցող միջոցների վերանորոգում,Տրանսֆերտների տրամադրում,905640416.6,900844935.4,874115738.0,0.97,3300559.7,4006801.5,3553108.8,0.887,1924342.6,2527549.4,2414767.1,0.955
ՀՀ աշխատանքի և սոցիալական հարցերի նախարարություն,1160,1160,Հաշմանդամություն ունեցող անձանց սոցիալական ներառում,Հաշմանդամություն ունեցող անձանց հիմնական պահանջմունքների և սոցիալական կարիքների բավարարում և սոցիալական ներառում հասարակություն,Հաշմանդամություն ունեցող անձանց մատուցվող սոցիալական ծառայությունների հասցեականության և արդյունավետության բարձրացում,32001,Մեծամորում հաշմանդամություն ունեցող անձանց համար անկախ կյանքի կենտրոնի կառուցում,"Հաշմանդամություն ունեցող անձանց սոցիալական, մասնագիտական ծառայությունների զարգացման և տրամադրման, կենցաղավարման ծրագրերի, տարբեր թերապիաների միջոցով անկախ կյանքի ծառայություններ մատուցելու նպատակով անկախ կյանքի կենտրոնի կառուցում",Այլ պետական կազմակերպությունների կողմից օգտագործվող ոչ ֆինանսական ակտիվների հետ գործառնություններ,905640416.6,900844935.4,874115738.0,0.97,3300559.7,4006801.5,3553108.8,0.887,867840.0,867840.0,564730.3,0.6509999999999999
ՀՀ աշխատանքի և սոցիալական հարցերի նախարարություն,1184,1184,Ավանդների և այլ փոխհատուցումներ,«ՎՏԲ-Հայաստան» ՓԲԸ-ում ավանդատու հանդիսացող և նախկին ԽՍՀՄ Խնայբանկի ՀԽՍՀ հանրապետական բանկում մինչև 1993 թվականի հունիսի 10-ը ներդրված դրամական ավանդների փոխհատուցում և անավարտ շինարարության բնակարանաշինարարական կոոպերատիվների փայատերերի կողմից Խորհրդայի,"Արդի մարտահրավերներին դիմակայող, պետական և հասարակական պահանջարկը բավարարող, թափանցիկ, բարևարք, հաշվետվողական գործունեության ապահովում",11001,Մինչև 1993 թվականի հունիսի 10-ը ներդրված ավանդների դիմաց փոխհատուցման միջոցառման իրականացման ապահովում,«ՎՏԲ-Հայաստան» ՓԲԸ-ում ավանդատու հանդիսացող և նախկին ԽՍՀՄ Խնայբանկի ՀԽՍՀ հանրապետական բանկում մինչև 1993 թվականի հունիսի 10-ը ավանդներ ներդրած քաղաքացիների փոխհատուցման վճարման ծառայությունների ձեռքբերում,Ծառայությունների մատուցում,905640416.6,900844935.4,874115738.0,0.97,1010000.0,1010000.0,824340.2,0.816,10000.0,10000.0,7154.0,0.715
ՀՀ աշխատանքի և սոցիալական հարցերի նախարարություն,1184,1184,Ավանդների և այլ փոխհատուցումներ,«ՎՏԲ-Հայաստան» ՓԲԸ-ում ավանդատու հանդիսացող և նախկին ԽՍՀՄ Խնայբանկի ՀԽՍՀ հանրապետական բանկում մինչև 1993 թվականի հունիսի 10-ը ներդրված դրամական ավանդների փոխհատուցում և անավարտ շինարարության բնակարանաշինարարական կոոպերատիվների փայատերերի կողմից Խորհրդայի,"Արդի մարտահրավերներին դիմակայող, պետական և հասարակական պահանջարկը բավարարող, թափանցիկ, բարևարք, հաշվետվողական գործունեության ապահովում",12001,"«ՎՏԲ- Հայաստան» ՓԲԸ-ում ավանդատու հանդիսացող քաղաքացիների, որպես նախկին ԽՍՀՄ Խնայբանկի ՀԽՍՀ հանրապետական բանկում մինչև 1993 թվականի հունիսի 10-ը ներդրված դրամական ավանդների դիմաց փոխհատուցում",«ՎՏԲ-Հայաստան» ՓԲԸ-ում ավանդատու հանդիսացող քաղաքացիների` որպես նախկին ԽՍՀՄ Խնայբանկի ՀԽՍՀ հանրապետական բանկում մինչև 1993 թվականի հունիսի 10-ը ներդրված ավանդների դիմաց փոխհատուցման տրամադրում,Տրանսֆերտների տրամադրում,905640416.6,900844935.4,874115738.0,0.97,1010000.0,1010000.0,824340.2,0.816,1000000.0,1000000.0,817186.2,0.8170000000000001
ՀՀ աշխատանքի և սոցիալական հարցերի նախարարություն,1205,1205,Սոցիալական ապահովություն,Սոցիալական ապահովության իրավունքի իրականացման ապահովում,Սոցիալական ապահովության իրավունքի իրականացում,12001,"Ծերության, հաշմանդամության, կերակրողին կորցնելու դեպքում նպաստներ","Ծերության, հաշմանդամության, կերակրողին կորցնելու դեպքում սոցիալական նպաստների տրամադրում",Տրանսֆերտների տրամադրում,905640416.6,900844935.4,874115738.0,0.97,122676472.8,123026675.9,122608366.8,0.997,50131000.0,51832000.0,51732907.3,0.998
ՀՀ աշխատանքի և սոցիալական հարցերի նախարարություն,1205,1205,Սոցիալական ապահովություն,Սոցիալական ապահովության իրավունքի իրականացման ապահովում,Սոցիալական ապահովության իրավունքի իրականացում,12002,"Կենսաթոշակ, ծերության նպաստ, կերակրողին կորցնելու դեպքում նպաստ կամ հաշմանդամության նպաստ ստանալու իրավունք ունեցող անձանց մահվան դեպքում տրվող թաղման նպաստ","Կենսաթոշակ, ծերության նպաստ, կերակրողին կորցնելու դեպքում նպաստ կամ հաշմանդամության նպաստ ստանալու իրավունք ունեցող անձանց մահվան դեպքում տրվող թաղման նպաստի տրամադրում",Տրանսֆերտների տրամադրում,905640416.6,900844935.4,874115738.0,0.97,122676472.8,123026675.9,122608366.8,0.997,4600000.0,4600000.0,4348291.4,0.945
ՀՀ աշխատանքի և սոցիալական հարցերի նախարարություն,1205,1205,Սոցիալական ապահովություն,Սոցիալական ապահովության իրավունքի իրականացման ապահովում,Սոցիալական ապահովության իրավունքի իրականացում,12003,ՀՀ քաղաքացիական գործերով վերաքննիչ դատարանի վճիռների համաձայն կերակրողը կորցրած անձանց կրած վնասի փոխհատուցում,ՀՀ քաղաքացիական գործերով վերաքննիչ դատարանի 2010թ. Ապրիի 2-ի NԵԱՆԴ1676/02/09 և 2009թ. Մայիսի 8-ի NԵԱՔԴ1538/02/08 վճիռների համաձայն կերակրողը կորցրած անձանց պատճառված վնասի փոխհատուցում,Տրանսֆերտների տրամադրում,905640416.6,900844935.4,874115738.0,0.97,122676472.8,123026675.9,122608366.8,0.997,9679.2,9679.2,9679.2,1.0
ՀՀ աշխատանքի և սոցիալական հարցերի նախարարություն,1205,1205,Սոցիալական ապահովություն,Սոցիալական ապահովության իրավունքի իրականացման ապահովում,Սոցիալական ապահովության իրավունքի իրականացում,12004,Աջակցություն հաշմանդամ դարձած զինծառայողներին և զոհվածների ընտանիքներին,"Միանվագ սոցիալական ապահովագրության վճարներ ՀՀ պաշտպանության, փրկարարական ծառայության և ՀՀ քննչական կոմիտեում ծառայության ժամանակ հաշմանդամ  դարձած զինծառայողներին և  զոհված (մահացած) զինծառայողների ու փրկարար ծառայողների  ընտանիքներին",Տրանսֆերտների տրամադրում,905640416.6,900844935.4,874115738.0,0.97,122676472.8,123026675.9,122608366.8,0.997,0.0,56830.0,56830.0,1.0
ՀՀ աշխատանքի և սոցիալական հարցերի նախարարություն,1205,1205,Սոցիալական ապահովություն,Սոցիալական ապահովության իրավունքի իրականացման ապահովում,Սոցիալական ապահովության իրավունքի իրականացում,12005,Աջակցություն զոհվածների ընտանիքներին,"Վարժական հավաքների և զինծառայության և փրկարարական ծառայության ընթացքում մահացած (զոհված) զինծառայողների  ու  փրկարար  ծառայողների հուղարկավորության, գերեզմանների բարեկարգման, տապանաքարերի պատրաստման և տեղադրման հետ կապված ծախսերի փոխհատուցում",Տրանսֆերտների տրամադրում,905640416.6,900844935.4,874115738.0,0.97,122676472.8,123026675.9,122608366.8,0.997,0.0,289371.3,289371.3,1.0
ՀՀ աշխատանքի և սոցիալական հարցերի նախարարություն,1205,1205,Սոցիալական ապահովություն,Սոցիալական ապահովության իրավունքի իրականացման ապահովում,Սոցիալական ապահովության իրավունքի իրականացում,12006,Վնասի փոխհատուցում կերակրողը կորցրած անձանց,"ՀՀ քաղաք. գործերով վերաքննիչ դատարանի 05-1680 գործով 15.07.2005թ և 07-3832 գործով 03.11.2007թ, ինչպես նաև Կենտրոն և Նորք Մարաշ վարչ. շրջանների ընդհ. իրավասության 1-ին ատյանի դատարանի 08.06.2012թ NԵԴԿ/1247/02/10/ վճիռների համաձայն կրած վնասի փոխհատուցում",Տրանսֆերտների տրամադրում,905640416.6,900844935.4,874115738.0,0.97,122676472.8,123026675.9,122608366.8,0.997,3063.6,3063.6,3063.6,1.0
ՀՀ աշխատանքի և սոցիալական հարցերի նախարարություն,1205,1205,Սոցիալական ապահովություն,Սոցիալական ապահովության իրավունքի իրականացման ապահովում,Սոցիալական ապահովության իրավունքի իրականացում,12007,"ՀՀ ՊՆ, ՀՀ ԿԱ ԱԱԾ կրտսեր, միջին, ավագ և ՀՀ ԿԱ ՀՀ ոստիկանության միջին, ավագ, գլխավոր սպայական անձնակազմին սոցիալական աջակցություն","ՀՀ ՊՆ, ՀՀ ԿԱ ԱԱԾ կրտսեր, միջին, ավագ և ՀՀ ԿԱ ՀՀ ոստիկանության միջին, ավագ և գլխավոր սպայական անձնակազմին տրամադրաված սպառողական վարկերի տոկոսագումարների մասնակի փոխհատուցում",Տրանսֆերտների տրամադրում,905640416.6,900844935.4,874115738.0,0.97,122676472.8,123026675.9,122608366.8,0.997,652.0,652.0,27.2,0.042
ՀՀ աշխատանքի և սոցիալական հարցերի նախարարություն,1205,1205,Սոցիալական ապահովություն,Սոցիալական ապահովության իրավունքի իրականացման ապահովում,Սոցիալական ապահովության իրավունքի իրականացում,12009,Հայաստանի Հանրապետության պաշտպանության ժամանակ զինծառայողների կյանքին կամ առողջությանը պատճառված վնասների հատուցում,Հայաստանի Հանրապետության պաշտպանության ժամանակ զինծառայողների կյանքին կամ առողջությանը պատճառված վնասների հատուցում,Տրանսֆերտների տրամադրում,905640416.6,900844935.4,874115738.0,0.97,122676472.8,123026675.9,122608366.8,0.997,55500000.0,49557062.5,49557062.5,1.0
ՀՀ աշխատանքի և սոցիալական հարցերի նախարարություն,1205,1205,Սոցիալական ապահովություն,Սոցիալական ապահովության իրավունքի իրականացման ապահովում,Սոցիալական ապահովության իրավունքի իրականացում,12012,ՀՀ ՊՆ զինվորական կոչում ունեցող անձնակազմին   սոցիալական աջակցություն,ՀՀ ՊՆ զինվորական կոչում ունեցող անձնակազմին տրամադրված սպառողական վարկերի տոկոսագումարների մասնակի փոխհատուցում,Տրանսֆերտների տրամադրում,905640416.6,900844935.4,874115738.0,0.97,122676472.8,123026675.9,122608366.8,0.997,78.0,78.0,9.8,0.126
ՀՀ աշխատանքի և սոցիալական հարցերի նախարարություն,1205,1205,Սոցիալական ապահովություն,Սոցիալական ապահովության իրավունքի իրականացման ապահովում,Սոցիալական ապահովության իրավունքի իրականացում,12018,Ռազմական դրությամբ պայմանավորված` դրամական աջակցություն անհայտ կորած զինծառայողների ընտանիքներին,Ադրբեջանի կողմից 2020 թվականի սեպտեմբերի 27-ին սանձազերծված ռազմական գործողությունների հետեւանքով անհայտ կորած զինծառայողների ընտանիքներին դրամական օժանդակության տրամադրում,Տրանսֆերտների տրամադրում,905640416.6,900844935.4,874115738.0,0.97,122676472.8,123026675.9,122608366.8,0.997,0.0,76500.0,76500.0,1.0
ՀՀ աշխատանքի և սոցիալական հարցերի նախարարություն,1205,1205,Սոցիալական ապահովություն,Սոցիալական ապահովության իրավունքի իրականացման ապահովում,Սոցիալական ապահովության իրավունքի իրականացում,12020,Ռազմական դրությամբ պայմանավորված` դրամական  աջակցություն քաղաքացիական անձանց շրջանում  անհայտ կորածների ընտանիքներին,Ադրբեջանի Հանրապետության կողմից Արցախի Հանրապետության ուղղությամբ սկսված պատերազմական գործողությունների հետևանքով քաղաքացիական անձանց շրջանում զոհերի ընտանիքներին և հաշմանդամություն ձեռքբերած անձանց սոցիալական աջակցության տրամադրում,Տրանսֆերտների տրամադրում,905640416.6,900844935.4,874115738.0,0.97,122676472.8,123026675.9,122608366.8,0.997,0.0,39600.0,39600.0,1.0
ՀՀ աշխատանքի և սոցիալական հարցերի նախարարություն,1205,1205,Սոցիալական ապահովություն,Սոցիալական ապահովության իրավունքի իրականացման ապահովում,Սոցիալական ապահովության իրավունքի իրականացում,12029,Անկանխիկ եղանակով վճարումներից կենսաթոշակառուներին հետվճարի տրամադրում,Անկանխիկ եղանակով վճարումներից կենսաթոշակառուներին հետվճարի տրամադրում` պետություն-մասնավոր սոցիալական փոխգործակցության միջոցառման շրջանակում,Տրանսֆերտների տրամադրում,905640416.6,900844935.4,874115738.0,0.97,122676472.8,123026675.9,122608366.8,0.997,12432000.0,16371100.0,16332714.4,0.998
ՀՀ աշխատանքի և սոցիալական հարցերի նախարարություն,1205,1205,Սոցիալական ապահովություն,Սոցիալական ապահովության իրավունքի իրականացման ապահովում,Սոցիալական ապահովության իրավունքի իրականացում,12037,"2023 թվականի սեպտեմբեր  ամսին կանխիկ եղանակով վճարման  ենթակա եղած` ԼՂ զինվորական կենսաթոշակների, պարգևավճարների գումարների հատկացում","2023 թվականի սեպտեմբեր ամսին կանխիկ եղանակով վճարման  ենթակա եղած` ԼՂ զինվորական կենսաթոշակների, պարգևավճարների գումարների վճարում",Տրանսֆերտների տրամադրում,905640416.6,900844935.4,874115738.0,0.97,122676472.8,123026675.9,122608366.8,0.997,0.0,190739.3,162310.2,0.851
ՀՀ աշխատանքի և սոցիալական հարցերի նախարարություն,1225,1225,Ճգնաժամերի հակազդման և արտակարգ իրավիճակների հետևանքների նվազեցման և վերացման նպատակով առանձին սոցիալական խմբերին տրվող սոցիալական աջակցություն,Օժանդակել ճգնաժամերի հակազդման և արտակարգ իրավիճակների հետևանքով ընտանիքների առջև ծառացած սոցիալական խնդիրների բացասական հետևանքների մեղմմանը,Ճգնաժամերի հակազդման և արտակարգ իրավիճակների առաջացրած սոցիալական խնդիրների բացասական հետևանքները մեղմելու նպատակով ընտանիքներին դրամական աջակցության տրամադրում,12018,Լեռնային Ղարաբաղից բռնի տեղահանվածներին օժանդակելու համար աջակցություն,Լեռնային Ղարաբաղից բռնի տեղահանվածներին  սոցիալական աջակցության տրամադրում և բնակարանային ապահովության խնդրի լուծում,Տրանսֆերտների տրամադրում,905640416.6,900844935.4,874115738.0,0.97,35000000.0,38359518.2,37999182.1,0.991,35000000.0,38331200.0,37977310.0,0.991
ՀՀ աշխատանքի և սոցիալական հարցերի նախարարություն,1225,1225,Ճգնաժամերի հակազդման և արտակարգ իրավիճակների հետևանքների նվազեցման և վերացման նպատակով առանձին սոցիալական խմբերին տրվող սոցիալական աջակցություն,Օժանդակել ճգնաժամերի հակազդման և արտակարգ իրավիճակների հետևանքով ընտանիքների առջև ծառացած սոցիալական խնդիրների բացասական հետևանքների մեղմմանը,Ճգնաժամերի հակազդման և արտակարգ իրավիճակների առաջացրած սոցիալական խնդիրների բացասական հետևանքները մեղմելու նպատակով ընտանիքներին դրամական աջակցության տրամադրում,12021,Լեռնային Ղարաբաղից բռնի տեղահանված անձանց ժամանակավոր բնակության կացարանների կոմունալ և տնտեսական ծախսերի փոխհատուցում,"Կացարաններում ընդհանուր օգտագործման էլեկտրաէներգիայի, ջրմուղկոյուղու ծախսերի փոխհատուցում, ինչպես նաև այդ կացարանների պահպանման աշխատանքների կազմակերպում",Տրանսֆերտների տրամադրում,905640416.6,900844935.4,874115738.0,0.97,35000000.0,38359518.2,37999182.1,0.991,0.0,28318.2,21872.1,0.772
ՀՀ բարձր տեխնոլոգիական արդյունաբերության նախարարություն,1043,1043,Բարձր տեխնոլոգիական արդյունաբերության էկոհամակարգի և շուկայի զարգացման ծրագիր,Բարձր տեխնոլոգիաների ենթակառուցվածքների բարելավում,Բարձր տեխնոլոգիաների ոլորտի աճ,11004,Մասնագետների պատրաստման ԲՈՒՀ-մասնավոր հատված համագործակցություն,"Համալսարանների հետ համատեղ մասնավոր ընկերությունների կողմից իրականացվող մասնագետների պատրաստման ծրագրերի իրագործում, մասնագետների վերապատրաստման դասընթացների կազմակերպում մասնավոր ընկերությունների ծրագրերով և մասնագետների միջոցով",Ծառայությունների մատուցում,47510329.3,27903081.3,20017204.8,0.7170000000000001,32810908.1,17951054.6,13055286.2,0.727,413000.0,190371.7,182342.1,0.958
ՀՀ բարձր տեխնոլոգիական արդյունաբերության նախարարություն,1043,1043,Բարձր տեխնոլոգիական արդյունաբերության էկոհամակարգի և շուկայի զարգացման ծրագիր,Բարձր տեխնոլոգիաների ենթակառուցվածքների բարելավում,Բարձր տեխնոլոգիաների ոլորտի աճ,11007,Շուկաների զարգացում և միջազգային համագործակցություն,Հայկական ընկերությունների հետ համատեղ միջազգային և երկկողմ բիզնես ֆորումների կազմակերպում` ապրանքների և ծառայությունների թիրախավորված վաճառքի խթանման նպատակով,Ծառայությունների մատուցում,47510329.3,27903081.3,20017204.8,0.7170000000000001,32810908.1,17951054.6,13055286.2,0.727,344956.0,344956.0,340056.5,0.986
ՀՀ բարձր տեխնոլոգիական արդյունաբերության նախարարություն,1043,1043,Բարձր տեխնոլոգիական արդյունաբերության էկոհամակարգի և շուկայի զարգացման ծրագիր,Բարձր տեխնոլոգիաների ենթակառուցվածքների բարելավում,Բարձր տեխնոլոգիաների ոլորտի աճ,11009,Ձեռներեցության տեխնոլոգիական էկոհամակարգ,"Ձեռնարկատիրական (գիտական և տեխնոլոգիական հիմքով) կրթության բարելավման, ստարտափերի զարգացման համար անհրաժեշտ ենթակառուցվածքների, ինչպես նաև դեպի հայաստանյան տեխնոլոգիական համակարգ գիտելիքի ներհոսքի ապահովման ծառայություններ",Ծառայությունների մատուցում,47510329.3,27903081.3,20017204.8,0.7170000000000001,32810908.1,17951054.6,13055286.2,0.727,748500.0,948500.0,812028.1,0.856
ՀՀ բարձր տեխնոլոգիական արդյունաբերության նախարարություն,1043,1043,Բարձր տեխնոլոգիական արդյունաբերության էկոհամակարգի և շուկայի զարգացման ծրագիր,Բարձր տեխնոլոգիաների ենթակառուցվածքների բարելավում,Բարձր տեխնոլոգիաների ոլորտի աճ,11018,Պետական աջակցություն տեղեկատվական տեխնոլոգիաների ոլորտում գործունեություն իրականացնող առևտրային կազմակերպություններին և անհատ ձեռնարկատերերին,Տեղեկատվական տեխնոլոգիաների ոլորտում գործունեություն իրականացնող առևտրային կազմակերպություններին և անհատ ձեռնարկատերերին պետական աջակցության տրամադրում,Ծառայությունների մատուցում,47510329.3,27903081.3,20017204.8,0.7170000000000001,32810908.1,17951054.6,13055286.2,0.727,29361160.0,13400363.8,8868710.6,0.662
ՀՀ բարձր տեխնոլոգիական արդյունաբերության նախարարություն,1043,1043,Բարձր տեխնոլոգիական արդյունաբերության էկոհամակարգի և շուկայի զարգացման ծրագիր,Բարձր տեխնոլոգիաների ենթակառուցվածքների բարելավում,Բարձր տեխնոլոգիաների ոլորտի աճ,11020,Թվային ծառայությունների ձեռքբերում,Պետական գերատեսչությունների համար միասնական թվային ծառայությունների ձեռքբերում,Ծառայությունների մատուցում,47510329.3,27903081.3,20017204.8,0.7170000000000001,32810908.1,17951054.6,13055286.2,0.727,702000.0,702000.0,701972.2,1.0
ՀՀ բարձր տեխնոլոգիական արդյունաբերության նախարարություն,1043,1043,Բարձր տեխնոլոգիական արդյունաբերության էկոհամակարգի և շուկայի զարգացման ծրագիր,Բարձր տեխնոլոգիաների ենթակառուցվածքների բարելավում,Բարձր տեխնոլոգիաների ոլորտի աճ,11021,Երկրի հեռակա դիտարկման տեխնոլոգիաների զարգացման ապահովման նպատակով  արբանյակի սպասարկման և այլ ծառայություններ,"Արբանյակի և երկրային կառավարման կենտրոնի ծրագրային ապահովման նպատակով թարմացման ծառայությունների ձեռքբերում, արտերկրի ընդունիչ կայանների միջոցով ՀՀ արբանյակից տվյալներ ստանալու ծառայությունների ձեռք բերում",Ծառայությունների մատուցում,47510329.3,27903081.3,20017204.8,0.7170000000000001,32810908.1,17951054.6,13055286.2,0.727,193643.2,193643.2,165243.6,0.853
ՀՀ բարձր տեխնոլոգիական արդյունաբերության նախարարություն,1043,1043,Բարձր տեխնոլոգիական արդյունաբերության էկոհամակարգի և շուկայի զարգացման ծրագիր,Բարձր տեխնոլոգիաների ենթակառուցվածքների բարելավում,Բարձր տեխնոլոգիաների ոլորտի աճ,11023,"Ինժեներական բիզնես աքսելերատորի շենքի և ընդհանուր ենթակառուցվածքների համակարգման, պահպանման և սպասարկման աշխատանքների իրականացում","Ինժեներական բիզնես աքսելերատորի շենքի կառուցման շարունակականության ապահովման նպատակով հաշվետվությունների կազմում, պահպանման աշխատանքների իրականացում",Ծառայությունների մատուցում,47510329.3,27903081.3,20017204.8,0.7170000000000001,32810908.1,17951054.6,13055286.2,0.727,36000.0,36000.0,36000.0,1.0
ՀՀ բարձր տեխնոլոգիական արդյունաբերության նախարարություն,1043,1043,Բարձր տեխնոլոգիական արդյունաբերության էկոհամակարգի և շուկայի զարգացման ծրագիր,Բարձր տեխնոլոգիաների ենթակառուցվածքների բարելավում,Բարձր տեխնոլոգիաների ոլորտի աճ,11024,Հայաստանի բարձր տեխնոլոգիաների ոլորտի զարգացման ռազմավարական ծրագրի մշակում,Հաշվի առնելով ընտրված տեխնոլոգիական ուղղությունները` բարձր տեխնոլոգիաների ոլորտի զարգացման երկարաժամկետ տեսլականի և ռազմավարական նպատակների սահմանում,Ծառայությունների մատուցում,47510329.3,27903081.3,20017204.8,0.7170000000000001,32810908.1,17951054.6,13055286.2,0.727,0.0,65660.0,65660.0,1.0
ՀՀ բարձր տեխնոլոգիական արդյունաբերության նախարարություն,1043,1043,Բարձր տեխնոլոգիական արդյունաբերության էկոհամակարգի և շուկայի զարգացման ծրագիր,Բարձր տեխնոլոգիաների ենթակառուցվածքների բարելավում,Բարձր տեխնոլոգիաների ոլորտի աճ,11025,Հայաստանի նորարարական էկոհամակարգի զարգացման ծառայություններ,Աջակցություն Հայաստանի նորարարական  էկոհամակարգի զարգացմանը,Ծառայությունների մատուցում,47510329.3,27903081.3,20017204.8,0.7170000000000001,32810908.1,17951054.6,13055286.2,0.727,0.0,100000.0,99159.3,0.992
ՀՀ բարձր տեխնոլոգիական արդյունաբերության նախարարություն,1043,1043,Բարձր տեխնոլոգիական արդյունաբերության էկոհամակարգի և շուկայի զարգացման ծրագիր,Բարձր տեխնոլոգիաների ենթակառուցվածքների բարելավում,Բարձր տեխնոլոգիաների ոլորտի աճ,21001,Ինժեներական բիզնես աքսելերատորի շենքի կառուցման և կահավորման շարունակականության ապահովում,"Ինժեներական բիզնես աքսելերատորի շենքի կառուցման շարունակականության ապահովման նպատակով շինարարական աշխատանքների իրականացում, ավտոկայանատեղիների կառուցում, տարածքի բարեկարգում և սարքավորումների ձեռքբերում",Հանրության կողմից անմիջականորեն օգտագործվող ակտիվների հետ կապված միջոցառումներ,47510329.3,27903081.3,20017204.8,0.7170000000000001,32810908.1,17951054.6,13055286.2,0.727,1011648.9,1969559.9,1784113.8,0.9059999999999999
ՀՀ բարձր տեխնոլոգիական արդյունաբերության նախարարություն,1100,1100,"Բարձր տեխնոլոգիական արդյունաբերության բնագավառում պետական քաղաքականության մշակում, ծրագրերի համակարգում և մոնիտորինգ","Բարձր տեխնոլոգիական ոլորտում պետական քաղաքականության մշակում, ծրագրերի համակարգում",Բարձր տեխնոլոգիական արդյունաբերության բնագավառում  իրականացվող ծրագրերի ազդեցության և արդյունավետության բարելավում,11001,"Բարձր տեխնոլոգիաների, ռազմարդյունաբերության, թվայնացման, կիբեռանվտանգության, ինովացիոն տեխնոլոգիաների, կապի, փոստի, համացանցի և տիեզերական  բնագավառներում պետական քաղաքականության մշակում, ծրագրերի համակարգում և մոնիտորինգ","Բարձր տխնոլոգիաների, ռազմարդյունաբերության, թվայնացման, կիբ. անվտանգության, ինովացիոն տեխ-ների, կապի, փոստի, համացանցի և տիեզերական  բնագավառներում պետական քաղաքականության մշակում, մոնիտորինգի և աջակց. ծառայություններ, ծրագրերի համակարգում",Ծառայությունների մատուցում,47510329.3,27903081.3,20017204.8,0.7170000000000001,1277434.1,1480153.9,1454011.4,0.982,1015631.8,1103292.5,1098921.9,0.996
ՀՀ բարձր տեխնոլոգիական արդյունաբերության նախարարություն,1100,1100,"Բարձր տեխնոլոգիական արդյունաբերության բնագավառում պետական քաղաքականության մշակում, ծրագրերի համակարգում և մոնիտորինգ","Բարձր տեխնոլոգիական ոլորտում պետական քաղաքականության մշակում, ծրագրերի համակարգում",Բարձր տեխնոլոգիական արդյունաբերության բնագավառում  իրականացվող ծրագրերի ազդեցության և արդյունավետության բարելավում,11004,"ՀՀ պետական կառավարման մարմինների կողմից դիմումներ, հայցադիմումներ, դատարանի վճիռների և որոշումների դեմ վերաքննիչ և վճռաբեկ բողոքներ ներկայացնելիս` «Պետական տուրքի մասին» ՀՀ օրենքով սահմանված վճարումներ","ՀՀ պետական կառավարման մարմինների կողմից դիմումներ, հայցադիմումներ, դատարանի վճիռների և որոշումների դեմ վերաքննիչ և վճռաբեկ բողոքներ ներկայացնելիս` «Պետական տուրքի մասին» ՀՀ օրենքով սահմանված վճարումներ",Ծառայությունների մատուցում,47510329.3,27903081.3,20017204.8,0.7170000000000001,1277434.1,1480153.9,1454011.4,0.982,0.0,13148.7,13148.6,1.0
ՀՀ բարձր տեխնոլոգիական արդյունաբերության նախարարություն,1100,1100,"Բարձր տեխնոլոգիական արդյունաբերության բնագավառում պետական քաղաքականության մշակում, ծրագրերի համակարգում և մոնիտորինգ","Բարձր տեխնոլոգիական ոլորտում պետական քաղաքականության մշակում, ծրագրերի համակարգում",Բարձր տեխնոլոգիական արդյունաբերության բնագավառում  իրականացվող ծրագրերի ազդեցության և արդյունավետության բարելավում,11005,"Ռազմարդյունաբերության բնագավառում պետական քաղաքականության մշակում խորհրդատվական, մոնիտորինգի և աջակցության ծառայություններ, ծրագրերի համակարգում","Ոլորտի քաղաքականության, խորհրդատվության, մոնիտորինգի, գնման և աջակցության ծառայություններ",Ծառայությունների մատուցում,47510329.3,27903081.3,20017204.8,0.7170000000000001,1277434.1,1480153.9,1454011.4,0.982,261802.3,271790.7,252534.7,0.929
ՀՀ բարձր տեխնոլոգիական արդյունաբերության նախարարություն,1100,1100,"Բարձր տեխնոլոգիական արդյունաբերության բնագավառում պետական քաղաքականության մշակում, ծրագրերի համակարգում և մոնիտորինգ","Բարձր տեխնոլոգիական ոլորտում պետական քաղաքականության մշակում, ծրագրերի համակարգում",Բարձր տեխնոլոգիական արդյունաբերության բնագավառում  իրականացվող ծրագրերի ազդեցության և արդյունավետության բարելավում,31001,ՀՀ բարձր տեխնոլոգիական արդյունաբերության նախարարության կարողությունների զարգացում և տեխնիկական հագեցվածության ապահովում,ՀՀ բարձր տեխնոլոգիական արդյունաբերության նախարարության աշխատանքային պայմանների բարելավման համար վարչական սարքավորումների ձեռք բերում,Պետական մարմինների կողմից օգտագործվող ոչ ֆինանսական ակտիվների հետ գործառնություններ,47510329.3,27903081.3,20017204.8,0.7170000000000001,1277434.1,1480153.9,1454011.4,0.982,0.0,63186.2,61526.2,0.9740000000000001
ՀՀ բարձր տեխնոլոգիական արդյունաբերության նախարարություն,1100,1100,"Բարձր տեխնոլոգիական արդյունաբերության բնագավառում պետական քաղաքականության մշակում, ծրագրերի համակարգում և մոնիտորինգ","Բարձր տեխնոլոգիական ոլորտում պետական քաղաքականության մշակում, ծրագրերի համակարգում",Բարձր տեխնոլոգիական արդյունաբերության բնագավառում  իրականացվող ծրագրերի ազդեցության և արդյունավետության բարելավում,32001,"Այլ պետական մարմնի կարողությունների զարգացում, տեխնիկական հագեցվածության ապահովում",Վարչական սարքավորումների ձեռքբերում,Այլ պետական կազմակերպությունների կողմից օգտագործվող ոչ ֆինանսական ակտիվների հետ գործառնություններ,47510329.3,27903081.3,20017204.8,0.7170000000000001,1277434.1,1480153.9,1454011.4,0.982,0.0,28735.8,27879.9,0.97
ՀՀ բարձր տեխնոլոգիական արդյունաբերության նախարարություն,1164,1164,Հեռահաղորդակցության ապահովում,"Անխափան ռադիոկապի, հեռախոսային կապի և հեռուստառադիոհեռարձակման ապահովում","Ռադիոկապի, հեռախոսային կապի և հեռուստառադիոհեռարձակման որակի բարելավում",11001,Հեռահաղորդակցության և կապի կանոնակարգում,"ՀՀ հաճախությունների բաշխումների աղյուսակի կազմում, ՌԷՄ-ի և ԲՀՍ-ի տեղադրման, փորձաքննության և չափումների անցկացում, եթերի խանգարման աղբյուրների հայտնաբերում և վերացում",Ծառայությունների մատուցում,47510329.3,27903081.3,20017204.8,0.7170000000000001,714330.6,789930.6,754145.0,0.955,492864.0,492864.0,470164.0,0.9540000000000001
ՀՀ բարձր տեխնոլոգիական արդյունաբերության նախարարություն,1164,1164,Հեռահաղորդակցության ապահովում,"Անխափան ռադիոկապի, հեռախոսային կապի և հեռուստառադիոհեռարձակման ապահովում","Ռադիոկապի, հեռախոսային կապի և հեռուստառադիոհեռարձակման որակի բարելավում",11002,Թվային հեռուստահեռարձակման ապահովման ծառայություններ,Հայաստանի Հանրապետությունում թվային հեռուստահեռարձակման ապահովման շրջանակներում հանրապետական սփռման մուլտիպլեքսի արբանյակային տարածման համար արբանյակային ունակության վարձակալում,Ծառայությունների մատուցում,47510329.3,27903081.3,20017204.8,0.7170000000000001,714330.6,789930.6,754145.0,0.955,80506.6,80506.6,80506.6,1.0
ՀՀ բարձր տեխնոլոգիական արդյունաբերության նախարարություն,1164,1164,Հեռահաղորդակցության ապահովում,"Անխափան ռադիոկապի, հեռախոսային կապի և հեռուստառադիոհեռարձակման ապահովում","Ռադիոկապի, հեռախոսային կապի և հեռուստառադիոհեռարձակման որակի բարելավում",11004,Տվյալների փոխանակման միջգերատեսչական կապի ապահովում,Հայաստանի Հանրապետությունում պետական մարմինների տվյալների փոխանակման կապի ապահովում և սպասարկում,Ծառայությունների մատուցում,47510329.3,27903081.3,20017204.8,0.7170000000000001,714330.6,789930.6,754145.0,0.955,140960.0,215120.0,202034.4,0.9390000000000001
ՀՀ բարձր տեխնոլոգիական արդյունաբերության նախարարություն,1164,1164,Հեռահաղորդակցության ապահովում,"Անխափան ռադիոկապի, հեռախոսային կապի և հեռուստառադիոհեռարձակման ապահովում","Ռադիոկապի, հեռախոսային կապի և հեռուստառադիոհեռարձակման որակի բարելավում",11005,Տեսալսողական մեդիա ոլորտի կարգավորում,"Տեսալսողական մեդիա ոլորտի ուսումնասիրություն` առկա բովանդակության, խոսույթների և խնդիրների վերլուծություն, տեսալսողական հաղորդումների արդյունավետության մշտադիտարկում",Ծառայությունների մատուցում,47510329.3,27903081.3,20017204.8,0.7170000000000001,714330.6,789930.6,754145.0,0.955,0.0,1440.0,1440.0,1.0
ՀՀ բարձր տեխնոլոգիական արդյունաբերության նախարարություն,1220,1220,Ռազմարդյունաբերության համալիրի զարգացում,"Նոր արտադրությունների հիմնում, ներկրման և արտադրության  մեխանիզմի ստեղծում",Ռազմարդյունաբերության համալիրի զարգացում,11001,Ռազմական նշանակության հատուկ գիտահետազոտական և փորձակոնստրուկտորական աշխատանքներ,ՀՀ պաշտպանության և անվտանգության համակարգերի ապահովման և նոր նմուշների ստեղծման նպատակով գիտահետազոտական և փորձակոնստրուկտորական աշխատանքների իրականացում,Ծառայությունների մատուցում,47510329.3,27903081.3,20017204.8,0.7170000000000001,5719820.5,2501903.7,2238975.7,0.895,4166070.5,2366070.5,2144267.3,0.9059999999999999
ՀՀ բարձր տեխնոլոգիական արդյունաբերության նախարարություն,1220,1220,Ռազմարդյունաբերության համալիրի զարգացում,"Նոր արտադրությունների հիմնում, ներկրման և արտադրության  մեխանիզմի ստեղծում",Ռազմարդյունաբերության համալիրի զարգացում,11003,Փորձանմուշների արտադրություն,"Զորային և պետական փորձարկումների համար նախատեսված ռազմարդյունաբերական փորձանմուշների համար անհրաժեշտ հումքի, նյութերի, բաղկացուցիչների արտադրության կազմակերպում",Ծառայությունների մատուցում,47510329.3,27903081.3,20017204.8,0.7170000000000001,5719820.5,2501903.7,2238975.7,0.895,1500000.0,65000.0,31142.0,0.479
ՀՀ բարձր տեխնոլոգիական արդյունաբերության նախարարություն,1220,1220,Ռազմարդյունաբերության համալիրի զարգացում,"Նոր արտադրությունների հիմնում, ներկրման և արտադրության  մեխանիզմի ստեղծում",Ռազմարդյունաբերության համալիրի զարգացում,11004,Ռազմարդյունաբերության ոլորտի մասնագիտական կադրերի ուսուցում և վերապատրաստում,Ռազմարդյունաբերության ոլորտի մասնագիտական կադրերի որակավորման բարձրացում,Ծառայությունների մատուցում,47510329.3,27903081.3,20017204.8,0.7170000000000001,5719820.5,2501903.7,2238975.7,0.895,53750.0,35833.2,34224.9,0.955
ՀՀ բարձր տեխնոլոգիական արդյունաբերության նախարարություն,1220,1220,Ռազմարդյունաբերության համալիրի զարգացում,"Նոր արտադրությունների հիմնում, ներկրման և արտադրության  մեխանիզմի ստեղծում",Ռազմարդյունաբերության համալիրի զարգացում,11005,Պաշտպանական արդյունաբերության միջազգային ցուցահանդեսների կազմակերպում և իրականացում,"Պաշտպանական արդյունաբերության ոլորտում միջազգային ցուցահանդեսների կազմակերպմամբ ոլորտի զարգացման նպաստում, միջազգային համագործակցության խորացում և հայկական արտադրանքի ներկայացում",Ծառայությունների մատուցում,47510329.3,27903081.3,20017204.8,0.7170000000000001,5719820.5,2501903.7,2238975.7,0.895,0.0,35000.0,29341.4,0.838
ՀՀ բարձր տեխնոլոգիական արդյունաբերության նախարարություն,1235,1235,Թվային փոխակերպման գործընթացի իրականացում,Պետական մարմինների կողմից իրականացվող թվային փոխակերպման միջոցառումների ֆինանսավորում,Թվային ծառայությունների և համակարգերի ներդրում,11001,"Տեղեկատվական անվտանգության, Էլեկտրոնային կառավարման համակարգի ներդրման և զարգացման ոլորտներում քաղաքականության իրականացում","Հանրապետության պետական մարմինների կողմից կիրառվող էլեկտրոնային կառավարման համակարգերի և տեղեկատվության փոխանակման գործընթացների արդյունավետության և անվտանգության ապահովում, առաջնահերթությունների և նպատակների ձևավորման աջակցություն",Ծառայությունների մատուցում,47510329.3,27903081.3,20017204.8,0.7170000000000001,6987836.0,5180038.5,2514786.6,0.485,1014382.0,202782.7,99199.5,0.489
ՀՀ բարձր տեխնոլոգիական արդյունաբերության նախարարություն,1235,1235,Թվային փոխակերպման գործընթացի իրականացում,Պետական մարմինների կողմից իրականացվող թվային փոխակերպման միջոցառումների ֆինանսավորում,Թվային ծառայությունների և համակարգերի ներդրում,11002,Ռուսաստանի Դաշնության կողմից Հայաստանի Հանրապետությանն անհատույց ֆինանսական օգնության դրամաշնորհային ծրագրի շրջանակներում խորհրդատվական ծառայությունների ձեռքբերում,ՀՀ ֆինանսների նախարարության և ՌԴ ֆինանսների նախարարության միջև` Ռուսաստանի Դաշնության կողմից Հայաստանի Հանրապետությանն անհատույց ֆինանսական օգնության դրամաշնորհային ծրագրի շրջանակներում,Ծառայությունների մատուցում,47510329.3,27903081.3,20017204.8,0.7170000000000001,6987836.0,5180038.5,2514786.6,0.485,43007.8,43955.2,25974.1,0.591
ՀՀ բարձր տեխնոլոգիական արդյունաբերության նախարարություն,1235,1235,Թվային փոխակերպման գործընթացի իրականացում,Պետական մարմինների կողմից իրականացվող թվային փոխակերպման միջոցառումների ֆինանսավորում,Թվային ծառայությունների և համակարգերի ներդրում,11006,Թվային համակարգերի աուդիտի իրականացում,Թվային փոխակերպման գործընթացի իրականացման շրջանակներում աուդիտորական ծառայությունների իրականացում,Ծառայությունների մատուցում,47510329.3,27903081.3,20017204.8,0.7170000000000001,6987836.0,5180038.5,2514786.6,0.485,0.0,4920.0,4920.0,1.0
ՀՀ բարձր տեխնոլոգիական արդյունաբերության նախարարություն,1235,1235,Թվային փոխակերպման գործընթացի իրականացում,Պետական մարմինների կողմից իրականացվող թվային փոխակերպման միջոցառումների ֆինանսավորում,Թվային ծառայությունների և համակարգերի ներդրում,11007,Կայունացման և զարգացման եվրասիական հիմնադրամի աջակցությամբ իրականացվող «ՀՀ հանրային հատվածի ֆինանսական հաշվետվությունների որակի բարձրացում» դրամաշնորհային ծրագրի համակարգում և կառավարում,"«ՀՀ հանրային հատվածի ֆինանսական հաշվետվությունների որակի բարձրացում» դրամաշնորհային ծրագրի նախագծման, մշակման գործընթացի կառավարում",Ծառայությունների մատուցում,47510329.3,27903081.3,20017204.8,0.7170000000000001,6987836.0,5180038.5,2514786.6,0.485,0.0,54767.5,45968.1,0.8390000000000001
ՀՀ բարձր տեխնոլոգիական արդյունաբերության նախարարություն,1235,1235,Թվային փոխակերպման գործընթացի իրականացում,Պետական մարմինների կողմից իրականացվող թվային փոխակերպման միջոցառումների ֆինանսավորում,Թվային ծառայությունների և համակարգերի ներդրում,31001,Միասնական թվային միջավայրի ձևավորում,Թվային փոխակերպման գործընթացի շրջանակներում թվայնացման համակարգերի ներդրում և կայքերի արդիականացում,Պետական մարմինների կողմից օգտագործվող ոչ ֆինանսական ակտիվների հետ գործառնություններ,47510329.3,27903081.3,20017204.8,0.7170000000000001,6987836.0,5180038.5,2514786.6,0.485,4835735.2,3637279.6,2338361.8,0.643
ՀՀ բարձր տեխնոլոգիական արդյունաբերության նախարարություն,1235,1235,Թվային փոխակերպման գործընթացի իրականացում,Պետական մարմինների կողմից իրականացվող թվային փոխակերպման միջոցառումների ֆինանսավորում,Թվային ծառայությունների և համակարգերի ներդրում,31002,Կայունացման և զարգացման եվրասիական հիմնադրամի աջակցությամբ իրականացվող «ՀՀ հանրային հատվածի ֆինանսական հաշվետվությունների որակի բարձրացում» դրամաշնորհային ծրագրի շրջանակներում հանրային հատվածի հաշվապահական մոդուլի մշակում,«ՀՀ հանրային հատվածի ֆինանսական հաշվետվությունների որակի բարձրացում» դրամաշնորհային ծրագրի շրջանակներում հանրային հատվածի հաշվապահական մոդուլի մշակում,Պետական մարմինների կողմից օգտագործվող ոչ ֆինանսական ակտիվների հետ գործառնություններ,47510329.3,27903081.3,20017204.8,0.7170000000000001,6987836.0,5180038.5,2514786.6,0.485,0.0,141622.5,363.0,0.003
ՀՀ բարձր տեխնոլոգիական արդյունաբերության նախարարություն,1235,1235,Թվային փոխակերպման գործընթացի իրականացում,Պետական մարմինների կողմից իրականացվող թվային փոխակերպման միջոցառումների ֆինանսավորում,Թվային ծառայությունների և համակարգերի ներդրում,32001,Ռուսաստանի Դաշնության կողմից Հայաստանի Հանրապետությանն անհատույց ֆինանսական օգնության դրամաշնորհային ծրագիր շրջանակներում ԿՖԿՏՀ ներդրում,ՀՀ ֆինանսների նախարարության և ՌԴ ֆինանսների նախարարության միջև` Ռուսաստանի Դաշնության կողմից ՀՀ անհատույց ֆինանսական օգնության դրամաշնորհային ծրագրի շրջանակներում Կառավարության ֆինանսական կառավարման տեղեկատվական համակարգերի ներդրում,Այլ պետական կազմակերպությունների կողմից օգտագործվող ոչ ֆինանսական ակտիվների հետ գործառնություններ,47510329.3,27903081.3,20017204.8,0.7170000000000001,6987836.0,5180038.5,2514786.6,0.485,1094711.0,1094711.0,0.0,0.0
ՀՀ ֆինանսների նախարարություն,1006,1006,Պետական պարտքի կառավարում,Կառավարության ֆինանսական կարիքների բավարարման մշտական հնարավորության ապահովումը` երկարաժամկետ հատվածում նվազեցնելով պարտքի սպասարկման մեծությունը,Կառավարության պարտքի օպտիմալ կառուցվածքի ձևավորում՛ հաշվի առնելով պոտենցիալ ռիսկերը,11002,Արտարժութային պետական պարտատոմսերի թողարկմանն առնչվող ծախսեր,"Պարտատոմսերի տեղաբաշխումների կազմակերպման, իրավասպասարկման, վարկանշման, ցուցակման ծառայությունների և իրավաբանական անձի նույնականիշի ձեռքբերման, պարտատոմսերի սեփականատիրոջ, իրավակարգավորման դաշտի, պահառուի փոփոխության գծով գործարքների դիմաց վճարումներ",Ծառայությունների մատուցում,399578710.6,366694479.6,353813296.0,0.965,395251120.2,361898686.4,349714851.1,0.966,1105672.7,1105672.7,576472.0,0.521
ՀՀ ֆինանսների նախարարություն,1006,1006,Պետական պարտքի կառավարում,Կառավարության ֆինանսական կարիքների բավարարման մշտական հնարավորության ապահովումը` երկարաժամկետ հատվածում նվազեցնելով պարտքի սպասարկման մեծությունը,Կառավարության պարտքի օպտիմալ կառուցվածքի ձևավորում՛ հաշվի առնելով պոտենցիալ ռիսկերը,11004,Պարտքի կառավարմանն առնչվող տեղեկատվական համակարգերի և ծրագրերի սպասարկում,Բլումբերգ և Ռոյթերս տեղեկատվական համակարգերի առևտրային տերմինալների սպասարկման ու պարտքի գրանցման և կառավարման DMFAS 6.0 համակարգի տեխնիկական սպասարկման ծառայությունների դիմաց վճարումներ,Ծառայությունների մատուցում,399578710.6,366694479.6,353813296.0,0.965,395251120.2,361898686.4,349714851.1,0.966,32131.3,36131.3,33674.7,0.932
ՀՀ ֆինանսների նախարարություն,1006,1006,Պետական պարտքի կառավարում,Կառավարության ֆինանսական կարիքների բավարարման մշտական հնարավորության ապահովումը` երկարաժամկետ հատվածում նվազեցնելով պարտքի սպասարկման մեծությունը,Կառավարության պարտքի օպտիմալ կառուցվածքի ձևավորում՛ հաշվի առնելով պոտենցիալ ռիսկերը,13001,Կառավարության պարտքի սպասարկում,Կառավարության պարտքի սպասարկում (տոկոսավճարներ),Ֆինանսավորման ծախսերի իրականացում,399578710.6,366694479.6,353813296.0,0.965,395251120.2,361898686.4,349714851.1,0.966,394113316.2,360756882.4,349104704.4,0.968
ՀՀ ֆինանսների նախարարություն,1031,1031,Հանրային հատվածի ֆինանսական ոլորտի մասնագետների վերապատրաստում,"Հանրային հատվածի ֆինանսական ոլորտի մասնագետների աշխատանքի  արդյունավետության բարելավում, հանրային ֆինանսների կառավարման նոր գիտելիքների և փորձի յուրացում",Հանրային հատվածի ֆինանսական ոլորտի մասնագետների գիտելիքների և կարողությունների բարելավում,11001,Հանրային հատվածի ֆինանսական ոլորտի մասնագետների վերապատրաստում,"Հանրային հատվածի որակավորված գնումների համակարգողների և ներքին աուդիտորների շարունակական մասնագիտական վերապատրաստում, հանրային ծրագրերի ֆինանսական և ծրագրային պատասխանատուների ԾԲ կարողությունների բարելավման դասընթացների կազմակերպում",Ծառայությունների մատուցում,399578710.6,366694479.6,353813296.0,0.965,18600.0,55768.4,680.0,0.012,18600.0,18600.0,0.0,0.0
ՀՀ ֆինանսների նախարարություն,1031,1031,Հանրային հատվածի ֆինանսական ոլորտի մասնագետների վերապատրաստում,"Հանրային հատվածի ֆինանսական ոլորտի մասնագետների աշխատանքի  արդյունավետության բարելավում, հանրային ֆինանսների կառավարման նոր գիտելիքների և փորձի յուրացում",Հանրային հատվածի ֆինանսական ոլորտի մասնագետների գիտելիքների և կարողությունների բարելավում,11002,Եվրասիական զարգացման բանկի աջակցությամբ իրականացվող տեխնիկական աջակցության ծրագիր,ՀՀ ֆինանսների նախարարության ղեկավար կազմի կոմպետենցիաների զարգացում և առաջնորդական  հմտությունների ուսուցում,Ծառայությունների մատուցում,399578710.6,366694479.6,353813296.0,0.965,18600.0,55768.4,680.0,0.012,0.0,37168.4,680.0,0.018000000000000002
ՀՀ ֆինանսների նախարարություն,1108,1108,"Հանրային ֆինանսների կառավարման բնագավառում պետական քաղաքականության մշակում, ծրագրերի համակարգում և մոնիտորինգ","Հարկաբյուջետային քաղաքականության մշակում և իրականացման ապահովում, հանրային ֆինանսների արդյունավետ կառավարում","Հանրային ֆինանսների ձևավորման, բաշխման և օգտագործման արդյունավետության աճ, ֆինանսական կարգապահության բարելավում",11001,"Պլանավորում, բյուջետավորում, գանձապետական ծառայություններ, պետական պարտքի կառավարում, տնտեսական և հարկաբյուջետային քաղաքականության մշակում և մոնիտորինգ","Քաղաքականության մշակման և դրա կատարման համակարգման, պետական ծրագրերի պլանավորման, մշակման, իրականացման և մոնիտորինգի (վերահսկման) ծառայություններ",Ծառայությունների մատուցում,399578710.6,366694479.6,353813296.0,0.965,4189690.4,4620724.8,3978464.9,0.861,2923914.8,3170065.7,2994254.2,0.945
ՀՀ ֆինանսների նախարարություն,1108,1108,"Հանրային ֆինանսների կառավարման բնագավառում պետական քաղաքականության մշակում, ծրագրերի համակարգում և մոնիտորինգ","Հարկաբյուջետային քաղաքականության մշակում և իրականացման ապահովում, հանրային ֆինանսների արդյունավետ կառավարում","Հանրային ֆինանսների ձևավորման, բաշխման և օգտագործման արդյունավետության աճ, ֆինանսական կարգապահության բարելավում",11002,Ֆինանսական կառավարման համակարգի վճարահաշվարկային ծառայություններ,"Ֆինանսական կառավարման համակարգի վճարահաշվարկային գործառույթներն ապահովող համակարգերի սպասարկում, այդ թվում` «LSFinance (ԳԳՕ)», «Client Treasury», «LSBudget», e-payments, ներքին աուդիտի միասնական կառավարման տեղեկ. համակարգ, բանկային ծառայություններ",Ծառայությունների մատուցում,399578710.6,366694479.6,353813296.0,0.965,4189690.4,4620724.8,3978464.9,0.861,541200.0,541200.0,481725.9,0.89
ՀՀ ֆինանսների նախարարություն,1108,1108,"Հանրային ֆինանսների կառավարման բնագավառում պետական քաղաքականության մշակում, ծրագրերի համակարգում և մոնիտորինգ","Հարկաբյուջետային քաղաքականության մշակում և իրականացման ապահովում, հանրային ֆինանսների արդյունավետ կառավարում","Հանրային ֆինանսների ձևավորման, բաշխման և օգտագործման արդյունավետության աճ, ֆինանսական կարգապահության բարելավում",11003,ՀՀ միջազգային վարկանիշի տրամադրում,"ՀՀ տնտեսական, քաղաքական և ֆինանսական ցուցանիշների գնահատման, գնահատականների  հիման վրա վարկանիշի շնորհման նպատակով համագործակցություն վարկանիշ շնորհող հեղինակավոր միջազգային ընկերությունների հետ",Ծառայությունների մատուցում,399578710.6,366694479.6,353813296.0,0.965,4189690.4,4620724.8,3978464.9,0.861,103878.8,103878.8,69548.1,0.67
ՀՀ ֆինանսների նախարարություն,1108,1108,"Հանրային ֆինանսների կառավարման բնագավառում պետական քաղաքականության մշակում, ծրագրերի համակարգում և մոնիտորինգ","Հարկաբյուջետային քաղաքականության մշակում և իրականացման ապահովում, հանրային ֆինանսների արդյունավետ կառավարում","Հանրային ֆինանսների ձևավորման, բաշխման և օգտագործման արդյունավետության աճ, ֆինանսական կարգապահության բարելավում",11005,"ՀՀ պետական կառավարման մարմինների կողմից  դիմումներ, հայցադիմումներ, դատարանի վճիռների  և որոշումների դեմ վերաքննիչ և վճռաբեկ բողոքներ ներկայացնելիս` «Պետական տուրքի մասին» ՀՀ օրենքով սահմանված վճարումներ","ՀՀ պետական կառավարման մարմինների կողմից  դիմումներ, հայցադիմումներ, դատարանի վճիռների  և որոշումների դեմ վերաքննիչ և վճռաբեկ բողոքներ ներկայացնելիս` «Պետական տուրքի մասին» ՀՀ օրենքով սահմանված վճարումներ",Ծառայությունների մատուցում,399578710.6,366694479.6,353813296.0,0.965,4189690.4,4620724.8,3978464.9,0.861,0.0,84883.5,84883.4,1.0
ՀՀ ֆինանսների նախարարություն,1108,1108,"Հանրային ֆինանսների կառավարման բնագավառում պետական քաղաքականության մշակում, ծրագրերի համակարգում և մոնիտորինգ","Հարկաբյուջետային քաղաքականության մշակում և իրականացման ապահովում, հանրային ֆինանսների արդյունավետ կառավարում","Հանրային ֆինանսների ձևավորման, բաշխման և օգտագործման արդյունավետության աճ, ֆինանսական կարգապահության բարելավում",11011,Պետական բյուջետային ծրագրերի գնահատում,"Իրականացնել  բյուջետային ծրագրերի վերլուծություն, գնահատում, աուդիտ` հրապարակելով արդյունքները",Ծառայությունների մատուցում,399578710.6,366694479.6,353813296.0,0.965,4189690.4,4620724.8,3978464.9,0.861,150000.0,0.0,0.0,0.0
ՀՀ ֆինանսների նախարարություն,1108,1108,"Հանրային ֆինանսների կառավարման բնագավառում պետական քաղաքականության մշակում, ծրագրերի համակարգում և մոնիտորինգ","Հարկաբյուջետային քաղաքականության մշակում և իրականացման ապահովում, հանրային ֆինանսների արդյունավետ կառավարում","Հանրային ֆինանսների ձևավորման, բաշխման և օգտագործման արդյունավետության աճ, ֆինանսական կարգապահության բարելավում",11012,"""Կառավարության ֆինանսների կառավարման տեղեկատվական համակարգի (ԿՖԿՏՀ)"" ներդրման ծրագրի շրջանակներում ծրագրի կառավարման խորհրդատվական ծառայությունների ձեռքբերում","""Կառավարության ֆինանսների կառավարման տեղեկատվական համակարգի (ԿՖԿՏՀ)"" ներդրման ծրագրի շրջանակներում ծրագրի կառավարման խորհրդատվական ծառայությունների ձեռքբերում",Ծառայությունների մատուցում,399578710.6,366694479.6,353813296.0,0.965,4189690.4,4620724.8,3978464.9,0.861,164264.8,164264.8,111998.7,0.682
ՀՀ ֆինանսների նախարարություն,1108,1108,"Հանրային ֆինանսների կառավարման բնագավառում պետական քաղաքականության մշակում, ծրագրերի համակարգում և մոնիտորինգ","Հարկաբյուջետային քաղաքականության մշակում և իրականացման ապահովում, հանրային ֆինանսների արդյունավետ կառավարում","Հանրային ֆինանսների ձևավորման, բաշխման և օգտագործման արդյունավետության աճ, ֆինանսական կարգապահության բարելավում",11013,Հանրային ներդրումային ծրագրերի նախագծերի տեխնիկատնտեսական ուսումնասիրություն,Հանրային ներդրումային ծրագրերի նախագծերի իրականացման իրատեսականությունը գնահատելու նպատակով տեխնիկատնտեսական ուսումնասիրության իրականացում,Ծառայությունների մատուցում,399578710.6,366694479.6,353813296.0,0.965,4189690.4,4620724.8,3978464.9,0.861,0.0,250000.0,0.0,0.0
ՀՀ ֆինանսների նախարարություն,1108,1108,"Հանրային ֆինանսների կառավարման բնագավառում պետական քաղաքականության մշակում, ծրագրերի համակարգում և մոնիտորինգ","Հարկաբյուջետային քաղաքականության մշակում և իրականացման ապահովում, հանրային ֆինանսների արդյունավետ կառավարում","Հանրային ֆինանսների ձևավորման, բաշխման և օգտագործման արդյունավետության աճ, ֆինանսական կարգապահության բարելավում",12001,Դատական ակտերի հիման վրա ՀՀ պետական բյուջեից բռնագանձման ենթակա գումարների վճարում,Դատական ակտերի հիման վրա ՀՀ պետական բյուջեից բռնագանձման ենթակա գումարների վճարում,Տրանսֆերտների տրամադրում,399578710.6,366694479.6,353813296.0,0.965,4189690.4,4620724.8,3978464.9,0.861,200000.0,200000.0,142241.2,0.711
ՀՀ ֆինանսների նախարարություն,1108,1108,"Հանրային ֆինանսների կառավարման բնագավառում պետական քաղաքականության մշակում, ծրագրերի համակարգում և մոնիտորինգ","Հարկաբյուջետային քաղաքականության մշակում և իրականացման ապահովում, հանրային ֆինանսների արդյունավետ կառավարում","Հանրային ֆինանսների ձևավորման, բաշխման և օգտագործման արդյունավետության աճ, ֆինանսական կարգապահության բարելավում",31001,ՀՀ ֆինանսների նախարարության տեխնիկական հագեցվածության բարելավում,ՀՀ ֆինանսների նախարարության համար համակարգչային տեխնիկայի և գրասենյակային գույքի ձեռք բերում,Պետական մարմինների կողմից օգտագործվող ոչ ֆինանսական ակտիվների հետ գործառնություններ,399578710.6,366694479.6,353813296.0,0.965,4189690.4,4620724.8,3978464.9,0.861,106432.0,106432.0,93813.5,0.8809999999999999
ՀՀ ֆինանսների նախարարություն,1137,1137,Գնումների գործընթացի կարգավորում և համակարգում,Հանրային միջոցների ծախսման արդյունավետության բարձրացում և կոռուպցիոն ռիսկերի նվազեցում,"Պետական գնումների գործընթացի թափանցիկության, հրապարակայնությն և մրցակցության աստիճանի բարձրացում",11001,Էլեկտրոնային գնումների համակարգի տեխնիկական սպասարկում,«LSFinance (ԳԳՕ)» էլեկտրոնային գնումների համակարգի սպասարկում,Ծառայությունների մատուցում,399578710.6,366694479.6,353813296.0,0.965,119300.0,119300.0,119300.0,1.0,19700.0,19700.0,19700.0,1.0
ՀՀ ֆինանսների նախարարություն,1137,1137,Գնումների գործընթացի կարգավորում և համակարգում,Հանրային միջոցների ծախսման արդյունավետության բարձրացում և կոռուպցիոն ռիսկերի նվազեցում,"Պետական գնումների գործընթացի թափանցիկության, հրապարակայնությն և մրցակցության աստիճանի բարձրացում",11003,"Գնումների պլանների կազմման, էլեկտրոնային մրցույթների անցկացման, պայմանագրերի կատարման և գնումների հաշվետվողականության` միմյանց ինտեգրված մոդուլների տեխնիկական սպասարկում",Armeps.am և Armeps.am/ppcm գնումների համակարգերի սպասարկում,Ծառայությունների մատուցում,399578710.6,366694479.6,353813296.0,0.965,119300.0,119300.0,119300.0,1.0,99600.0,99600.0,99600.0,1.0
ՀՀ ներքին գործերի նախարարություն,1028,1028,Տեխնիկական անվտանգության կանոնակարգում,Արտադրական վտանգավոր օբյեկտների շահագործմամբ պայմանավորված տեխնածին վթարների և դրանց հետևանքով հասարակությանը և տնտեսությանը պատճառվող վնասների ռիսկերի նվազեցում,"Տեխնածին վթարների կանխարգելում,  տեխնածին վթարներից մահացու կամ ծանր ելքերով դեպքերի կրճատում",11001,Տեխնիկական անվտանգության կանոնակարգման ծառայություններ,"ՀՀ տարածքում տեխնիկական անվտանգության պահանջները սահմանող տեխնիկական կանոնակարգերի մշակում, փորձաքննության անցկացում և եզրակացության տրամադրում",Ծառայությունների մատուցում,105000000.0,108813107.3,105736014.4,0.972,341645.3,320845.3,282822.6,0.8809999999999999,41645.3,20845.3,20822.6,0.9990000000000001
ՀՀ ներքին գործերի նախարարություն,1028,1028,Տեխնիկական անվտանգության կանոնակարգում,Արտադրական վտանգավոր օբյեկտների շահագործմամբ պայմանավորված տեխնածին վթարների և դրանց հետևանքով հասարակությանը և տնտեսությանը պատճառվող վնասների ռիսկերի նվազեցում,"Տեխնածին վթարների կանխարգելում,  տեխնածին վթարներից մահացու կամ ծանր ելքերով դեպքերի կրճատում",11002,«Նաիրիտ գործարան» ՓԲԸ-ի անվտանգության ապահովում,"«Նաիրիտ գործարան» ՓԲԸ-ի տեխնոլոգիական համակարգերում, տարողություններում և սարքավորումներում առկա քիմիական նյութերի և սարքավորումների անվտանգ պահպանություն",Ծառայությունների մատուցում,105000000.0,108813107.3,105736014.4,0.972,341645.3,320845.3,282822.6,0.8809999999999999,300000.0,300000.0,262000.0,0.873
ՀՀ ներքին գործերի նախարարություն,1089,1089,Սեյսմիկ պաշտպանություն,Սեյսմիկ ռիսկերի գնահատում և նվազեցում,Սեյսմիկ վտանգի և ռիսկերի պատշաճ գնահատում և սեյսմիկ խոցելիության և սեյսմիկ ռիսկերի նվազեցում,11001,Սեյսմիկ պաշտպանության ոլորտում ծառայությունների տրամադրում,"Սեյսմիկ վտանգի մոնիտորինգի ապահովում, դրա հետ կապված այլ երկրորդային վտանգների գնահատում, ՀՀ տարածքում և տարածաշրջանում տեղի ունեցող երկրաշարժերի գրանցում, մշակում և դրանց մասին հաղորդագրությունների տրամադրում",Ծառայությունների մատուցում,105000000.0,108813107.3,105736014.4,0.972,648805.8,648805.8,648805.7,1.0,648805.8,648805.8,648805.7,1.0
ՀՀ ներքին գործերի նախարարություն,1090,1090,Փրկարարական ծառայություններ,Արտակարգ իրավիճակների արդյունավետ արձագանք,"Արտակարգ իրավիճակների հնարավոր դեպքերի կանխում, դրանց ժամանակին արձագանքում, հետևանքների նվազեցում և բնակչության պաշտպանություն",11001,Փրկարարական ծառայություններ,"Հրդեհաշիջման, հակահրդեհային քարոզչության, բնական և տեխնածին աղետների ժամանակ բնակչության և կառույցների պաշտպանություն",Ծառայությունների մատուցում,105000000.0,108813107.3,105736014.4,0.972,14924221.5,14553314.2,14395851.0,0.9890000000000001,13705364.8,13905347.7,13792794.6,0.992
ՀՀ ներքին գործերի նախարարություն,1090,1090,Փրկարարական ծառայություններ,Արտակարգ իրավիճակների արդյունավետ արձագանք,"Արտակարգ իրավիճակների հնարավոր դեպքերի կանխում, դրանց ժամանակին արձագանքում, հետևանքների նվազեցում և բնակչության պաշտպանություն",11003,Արտակարգ իրավիճակներում մարդասիրական աջակցության կազմակերպում,"ՀՀ, ՌԴ և երրորդ երկրների տարածքում արտակարգ իրավիճակների կանխարգելման աշխատանքների մասնակցություն և արտակարգ իրավիճակներից տուժած բնակչությանը մարդասիրական օգնության ցուցաբերում",Ծառայությունների մատուցում,105000000.0,108813107.3,105736014.4,0.972,14924221.5,14553314.2,14395851.0,0.9890000000000001,36356.7,36356.7,36356.7,1.0
ՀՀ ներքին գործերի նախարարություն,1090,1090,Փրկարարական ծառայություններ,Արտակարգ իրավիճակների արդյունավետ արձագանք,"Արտակարգ իրավիճակների հնարավոր դեպքերի կանխում, դրանց ժամանակին արձագանքում, հետևանքների նվազեցում և բնակչության պաշտպանություն",31001,ՀՀ ՆԳՆ փրկարար ծառայության կարիքի բավարարում,ՀՀ ՆԳՆ փրկարար ծառայության նյութատեխնիկական բազայով ապահովում,Պետական մարմինների կողմից օգտագործվող ոչ ֆինանսական ակտիվների հետ գործառնություններ,105000000.0,108813107.3,105736014.4,0.972,14924221.5,14553314.2,14395851.0,0.9890000000000001,0.0,141760.1,96850.0,0.6829999999999999
ՀՀ ներքին գործերի նախարարություն,1090,1090,Փրկարարական ծառայություններ,Արտակարգ իրավիճակների արդյունավետ արձագանք,"Արտակարգ իրավիճակների հնարավոր դեպքերի կանխում, դրանց ժամանակին արձագանքում, հետևանքների նվազեցում և բնակչության պաշտպանություն",31002,ՀՀ ՆԳՆ փրկարար ծառայության հրշեջ-փրկարարական գույքի բարելավման և ներդրումային ծրագրի իրականացում,"ՀՀ ՆԳՆ փրկարար ծառայության հրշեջ փրկարարական գույքի բարելավման ծրագիր շրջանակներում Արմավիրի, Կոտայքի, Արարատի և Արագածոտնի մարզերում հրդեհներին, արտակարգ դեպքերին և պատահարներին արագ արձագանքելու համար փրկարարական, հրդեհաշիջման մեքենաների ձեռքերում",Պետական մարմինների կողմից օգտագործվող ոչ ֆինանսական ակտիվների հետ գործառնություններ,105000000.0,108813107.3,105736014.4,0.972,14924221.5,14553314.2,14395851.0,0.9890000000000001,1182500.0,469849.7,469849.7,1.0
ՀՀ ներքին գործերի նախարարություն,1101,1101,ՀՀ ՆԳՆ կրթական ծառայություններ,Ոստիկանության ծառայողների մասնագիտական գիտելիքների և գործնական  հմտությունների ձևավորում,Ոստիկանության ծառայողների մասնագիտական կարողությունների ապահովում,11001,Բարձրագույն մասնագիտական կրթության ծառայություն,Ոստիկանության ծառայողների բարձրագույն մասնագիտական կրթության ծառայություններ,Ծառայությունների մատուցում,105000000.0,108813107.3,105736014.4,0.972,2129865.2,1459710.2,1459710.2,1.0,1480582.2,1026854.7,1026854.7,1.0
ՀՀ ներքին գործերի նախարարություն,1101,1101,ՀՀ ՆԳՆ կրթական ծառայություններ,Ոստիկանության ծառայողների մասնագիտական գիտելիքների և գործնական  հմտությունների ձևավորում,Ոստիկանության ծառայողների մասնագիտական կարողությունների ապահովում,11002,Միջին մասնագիտական կրթության ծառայություն,Ոստիկանության ծառայողների միջին մասնագիտական կրթական ծառայություններ,Ծառայությունների մատուցում,105000000.0,108813107.3,105736014.4,0.972,2129865.2,1459710.2,1459710.2,1.0,387451.2,258300.8,258300.8,1.0
ՀՀ ներքին գործերի նախարարություն,1101,1101,ՀՀ ՆԳՆ կրթական ծառայություններ,Ոստիկանության ծառայողների մասնագիտական գիտելիքների և գործնական  հմտությունների ձևավորում,Ոստիկանության ծառայողների մասնագիտական կարողությունների ապահովում,11003,Նախնական մասնագիտական կրթության ծառայություն,Ոստիկանության ծառայողների նախնական մասնագիտական կրթության ծառայություններ,Ծառայությունների մատուցում,105000000.0,108813107.3,105736014.4,0.972,2129865.2,1459710.2,1459710.2,1.0,261831.8,174554.7,174554.7,1.0
ՀՀ ներքին գործերի նախարարություն,1107,1107,Ռազմավարական նշանակության պաշարների կառավարում,Արտակարգ իրավիճակներում ռազմավարական նշանակության պաշարներով ապահովում,"Ռազմավարական նշանակության  պահուստների կուտակում, պահպանում և պետական պահուստների համակարգի կառավարում",11002,Նյութական ռեսուրսների ՀՀ պետական պահուստի ձևավորում և պահպանում,Նյութական ռեսուրսների ՀՀ պետական պահուստի ձևավորում և պահպանում,Ծառայությունների մատուցում,105000000.0,108813107.3,105736014.4,0.972,29949.3,29949.3,0.0,0.0,29949.3,29949.3,0.0,0.0
ՀՀ ներքին գործերի նախարարություն,1234,1234,"Ներքին գործերի նախարարության ոլորտի քաղաքականության մշակում, կառավարում, կենտրոնացված միջոցառումներ, մոնիտորինգ և վերահսկողություն","Ներքին գործերի համակարգի՛ ոստիկանության, փրկարարծառայության և քաղաքացիական ծառայությանկազմակերպաիրավական կատարելագործում, դրանցգործունեության նկատմամբ հասարակական կարծիքիբարելավում և վստահության բարձրացում","Արդի մարտահրավերներին դիմակայող, պետական ևհասարակական պահանջարկը բավարարող, թափանցիկ,բարեվարք, հաշվետվողական գործունեության ապահովում",11001,"Ներքին գործերի նախարարության ոլորտի քաղաքականության մշակում, կառավարում, կենտրոնացված միջոցառումներ, մոնիտորինգ և վերահսկողություն","Ներքին գործերի նախարարության բնագավառում պետական քաղաքականության մշակման և դրա կատարման համակարգման, պետական ծրագրերի մշակման, իրականացման, մոնիտորինգի, խորհրդատվության և աջակցության ծառայություններ",Ծառայությունների մատուցում,105000000.0,108813107.3,105736014.4,0.972,86925512.9,91800482.5,88948825.0,0.9690000000000001,36652375.1,35943011.4,35691070.1,0.993
ՀՀ ներքին գործերի նախարարություն,1234,1234,"Ներքին գործերի նախարարության ոլորտի քաղաքականության մշակում, կառավարում, կենտրոնացված միջոցառումներ, մոնիտորինգ և վերահսկողություն","Ներքին գործերի համակարգի՛ ոստիկանության, փրկարարծառայության և քաղաքացիական ծառայությանկազմակերպաիրավական կատարելագործում, դրանցգործունեության նկատմամբ հասարակական կարծիքիբարելավում և վստահության բարձրացում","Արդի մարտահրավերներին դիմակայող, պետական ևհասարակական պահանջարկը բավարարող, թափանցիկ,բարեվարք, հաշվետվողական գործունեության ապահովում",11003,Պետական պահպանության ծառայությունների կազմակերպում և իրականացում,"Պետական կարևորագույն օբյեկտների, իրավաբանական և ֆիզիկական անձանց պատկանող օբյեկտների պատշաճ պահպանության և անվտանգության ապահովում",Ծառայությունների մատուցում,105000000.0,108813107.3,105736014.4,0.972,86925512.9,91800482.5,88948825.0,0.9690000000000001,8792912.6,7828109.2,7799828.3,0.996
ՀՀ ներքին գործերի նախարարություն,1234,1234,"Ներքին գործերի նախարարության ոլորտի քաղաքականության մշակում, կառավարում, կենտրոնացված միջոցառումներ, մոնիտորինգ և վերահսկողություն","Ներքին գործերի համակարգի՛ ոստիկանության, փրկարարծառայության և քաղաքացիական ծառայությանկազմակերպաիրավական կատարելագործում, դրանցգործունեության նկատմամբ հասարակական կարծիքիբարելավում և վստահության բարձրացում","Արդի մարտահրավերներին դիմակայող, պետական ևհասարակական պահանջարկը բավարարող, թափանցիկ,բարեվարք, հաշվետվողական գործունեության ապահովում",11004,"Հասարակական կարգի պահպանություն, անվտանգության ապահովում և հանցագործությունների դեմ պայքար","Հասարակական կարգի պահպանության և հասարակական անվտանգության ապահովման, հանցագործությունների և այլ իրավախախտումների նախականխման, կանխման, խափանման, հայտնաբերման և բացահայտման ծառայություններ",Ծառայությունների մատուցում,105000000.0,108813107.3,105736014.4,0.972,86925512.9,91800482.5,88948825.0,0.9690000000000001,18738515.3,14777445.2,14764168.6,0.9990000000000001
ՀՀ ներքին գործերի նախարարություն,1234,1234,"Ներքին գործերի նախարարության ոլորտի քաղաքականության մշակում, կառավարում, կենտրոնացված միջոցառումներ, մոնիտորինգ և վերահսկողություն","Ներքին գործերի համակարգի՛ ոստիկանության, փրկարարծառայության և քաղաքացիական ծառայությանկազմակերպաիրավական կատարելագործում, դրանցգործունեության նկատմամբ հասարակական կարծիքիբարելավում և վստահության բարձրացում","Արդի մարտահրավերներին դիմակայող, պետական ևհասարակական պահանջարկը բավարարող, թափանցիկ,բարեվարք, հաշվետվողական գործունեության ապահովում",11005,"Ճանապարհային երթևեկության անվտանգության ապահովում և ճանապարհատրանսպորտային պատահարների կանխարգելում, տրանսպորտային միջոցների պետական հաշվառում","Ճանապարհային երթևեկության կարգավորում, ճանապարհապարեկային ծառայության իրականացում, ճանապարհատրանսպորտային պատահարների և վարչական իրավախախտումների պետական հաշվառում, վարորդական վկայականների և տրանսպորտային միջոցների պետհամարանիշերի տրամադրում",Ծառայությունների մատուցում,105000000.0,108813107.3,105736014.4,0.972,86925512.9,91800482.5,88948825.0,0.9690000000000001,3520218.3,9660967.2,9633593.9,0.997
ՀՀ ներքին գործերի նախարարություն,1234,1234,"Ներքին գործերի նախարարության ոլորտի քաղաքականության մշակում, կառավարում, կենտրոնացված միջոցառումներ, մոնիտորինգ և վերահսկողություն","Ներքին գործերի համակարգի՛ ոստիկանության, փրկարարծառայության և քաղաքացիական ծառայությանկազմակերպաիրավական կատարելագործում, դրանցգործունեության նկատմամբ հասարակական կարծիքիբարելավում և վստահության բարձրացում","Արդի մարտահրավերներին դիմակայող, պետական ևհասարակական պահանջարկը բավարարող, թափանցիկ,բարեվարք, հաշվետվողական գործունեության ապահովում",11006,"Անձի անհատական տվյալների, քաղաքացիության և հաշվառման վերաբերյալ տեղեկությունների ստացման, տրամադրման և փոխանակման ծառայությունների մատուցում, ճամփորդական փաստաթղթերում կենսաչափական տեխնոլոգիաների ներդրում, միգրացիոն քաղաքականության մշակում և իրականացում","ՀՀ քաղաքացու անձնագրի ձևակերպում, ՀՀ քաղաքացիություն ձեռք բերելու, դադարեցնելու, փախստականի կարգավիճակ ստացած, ՀՀ -ում մշտապես բնակվող քաղաքացիություն չունեցող անձանց, մուտքի վիզաների տրամադրում, միգրացիոն պետական քաղաքականության իրականացում",Ծառայությունների մատուցում,105000000.0,108813107.3,105736014.4,0.972,86925512.9,91800482.5,88948825.0,0.9690000000000001,3147585.7,3410187.3,3217507.7,0.943
ՀՀ ներքին գործերի նախարարություն,1234,1234,"Ներքին գործերի նախարարության ոլորտի քաղաքականության մշակում, կառավարում, կենտրոնացված միջոցառումներ, մոնիտորինգ և վերահսկողություն","Ներքին գործերի համակարգի՛ ոստիկանության, փրկարարծառայության և քաղաքացիական ծառայությանկազմակերպաիրավական կատարելագործում, դրանցգործունեության նկատմամբ հասարակական կարծիքիբարելավում և վստահության բարձրացում","Արդի մարտահրավերներին դիմակայող, պետական ևհասարակական պահանջարկը բավարարող, թափանցիկ,բարեվարք, հաշվետվողական գործունեության ապահովում",11007,Առողջապահական ծառայությունների տրամադրում,"ՀՀ ՆԳՆ ոստիկանության բժշկական ծառայություններից օգտվելու իրավունք ունեցող անձանց ամբուլատոր-պոլիկլինիկական բուժապահովում, հակահամաճարակային միջոցառումների ծրագրավորում և իրականացում, բժշկական փորձաքննություն և ծառայողական պիտանելիության որոշում",Ծառայությունների մատուցում,105000000.0,108813107.3,105736014.4,0.972,86925512.9,91800482.5,88948825.0,0.9690000000000001,503048.7,433513.0,433456.8,1.0
ՀՀ ներքին գործերի նախարարություն,1234,1234,"Ներքին գործերի նախարարության ոլորտի քաղաքականության մշակում, կառավարում, կենտրոնացված միջոցառումներ, մոնիտորինգ և վերահսկողություն","Ներքին գործերի համակարգի՛ ոստիկանության, փրկարարծառայության և քաղաքացիական ծառայությանկազմակերպաիրավական կատարելագործում, դրանցգործունեության նկատմամբ հասարակական կարծիքիբարելավում և վստահության բարձրացում","Արդի մարտահրավերներին դիմակայող, պետական ևհասարակական պահանջարկը բավարարող, թափանցիկ,բարեվարք, հաշվետվողական գործունեության ապահովում",11008,Դեղորայքի տրամադրում ՀՀ ՆԳՆ ոստիկանության բժշկական վարչության ծառայություններից օգտվելու իրավունք ունեցող բուժօգնություն ստացողներին և հատուկ խմբերում ընդգրկված ֆիզիկական անձանց,«Դեղորայքի տրամադրում ՀՀ ՆԳՆ ոստիկանության բժշկական վարչության ծառայություններից օգտվելու իրավունք ունեցող ամբուլատոր պոլիկլինիկական բուժօգնություն ստացողներին և հատուկ խմբերում ընդգրկված ֆիզիկական անձանց»,Ծառայությունների մատուցում,105000000.0,108813107.3,105736014.4,0.972,86925512.9,91800482.5,88948825.0,0.9690000000000001,38742.5,38742.5,38358.4,0.99
ՀՀ ներքին գործերի նախարարություն,1234,1234,"Ներքին գործերի նախարարության ոլորտի քաղաքականության մշակում, կառավարում, կենտրոնացված միջոցառումներ, մոնիտորինգ և վերահսկողություն","Ներքին գործերի համակարգի՛ ոստիկանության, փրկարարծառայության և քաղաքացիական ծառայությանկազմակերպաիրավական կատարելագործում, դրանցգործունեության նկատմամբ հասարակական կարծիքիբարելավում և վստահության բարձրացում","Արդի մարտահրավերներին դիմակայող, պետական ևհասարակական պահանջարկը բավարարող, թափանցիկ,բարեվարք, հաշվետվողական գործունեության ապահովում",11009,Հասարակական կարգի պահպանություն,Հասարակական կարգի պահպանություն և հասարակական անվտանգության ապահովում,Ծառայությունների մատուցում,105000000.0,108813107.3,105736014.4,0.972,86925512.9,91800482.5,88948825.0,0.9690000000000001,10809247.7,13502072.4,12331126.7,0.9129999999999999
ՀՀ ներքին գործերի նախարարություն,1234,1234,"Ներքին գործերի նախարարության ոլորտի քաղաքականության մշակում, կառավարում, կենտրոնացված միջոցառումներ, մոնիտորինգ և վերահսկողություն","Ներքին գործերի համակարգի՛ ոստիկանության, փրկարարծառայության և քաղաքացիական ծառայությանկազմակերպաիրավական կատարելագործում, դրանցգործունեության նկատմամբ հասարակական կարծիքիբարելավում և վստահության բարձրացում","Արդի մարտահրավերներին դիմակայող, պետական ևհասարակական պահանջարկը բավարարող, թափանցիկ,բարեվարք, հաշվետվողական գործունեության ապահովում",11017,"ՀՀ պետական կառավարման մարմինների կողմից դիմումներ, հայցադիմումներ, դատարանի վճիռների և որոշումների դեմ վերաքննիչ և վճռաբեկ բողոքներ ներկայացնելիս` «Պետական տուրքի մասին» ՀՀ օրենքով սահմանված վճարումներ","ՀՀ պետական կառավարման մարմինների կողմից դիմումներ, հայցադիմումներ, դատարանի վճիռների և որոշումների դեմ վերաքննիչ և վճռաբեկ բողոքներ ներկայացնելիս` «Պետական տուրքի մասին» ՀՀ օրենքով սահմանված վճարումներ",Ծառայությունների մատուցում,105000000.0,108813107.3,105736014.4,0.972,86925512.9,91800482.5,88948825.0,0.9690000000000001,0.0,46710.3,46710.2,1.0
ՀՀ ներքին գործերի նախարարություն,1234,1234,"Ներքին գործերի նախարարության ոլորտի քաղաքականության մշակում, կառավարում, կենտրոնացված միջոցառումներ, մոնիտորինգ և վերահսկողություն","Ներքին գործերի համակարգի՛ ոստիկանության, փրկարարծառայության և քաղաքացիական ծառայությանկազմակերպաիրավական կատարելագործում, դրանցգործունեության նկատմամբ հասարակական կարծիքիբարելավում և վստահության բարձրացում","Արդի մարտահրավերներին դիմակայող, պետական ևհասարակական պահանջարկը բավարարող, թափանցիկ,բարեվարք, հաշվետվողական գործունեության ապահովում",12001,Ժամանակավոր տեղավորման կենտրոնում չտեղավորված ապաստան հայցողներին դրամական օգնության տրամադրում,Ժամանակավոր տեղավորման կենտրոնում տեղավորման անհնարինության դեպքում կենսապահովման կարիքները հոգալու հնարավորություն չունեցող ապաստան հայցողներին դրամական օգնության տրամադրում,Տրանսֆերտների տրամադրում,105000000.0,108813107.3,105736014.4,0.972,86925512.9,91800482.5,88948825.0,0.9690000000000001,5865.0,5865.0,5725.0,0.976
ՀՀ ներքին գործերի նախարարություն,1234,1234,"Ներքին գործերի նախարարության ոլորտի քաղաքականության մշակում, կառավարում, կենտրոնացված միջոցառումներ, մոնիտորինգ և վերահսկողություն","Ներքին գործերի համակարգի՛ ոստիկանության, փրկարարծառայության և քաղաքացիական ծառայությանկազմակերպաիրավական կատարելագործում, դրանցգործունեության նկատմամբ հասարակական կարծիքիբարելավում և վստահության բարձրացում","Արդի մարտահրավերներին դիմակայող, պետական ևհասարակական պահանջարկը բավարարող, թափանցիկ,բարեվարք, հաշվետվողական գործունեության ապահովում",31001,ՀՀ ՆԳՆ տրանսպորտային միջոցներով ապահովվածության բարելավում,ՀՀ ՆԳՆ կարիքների համար տրանսպորտային միջոցներով ապահովում,Պետական մարմինների կողմից օգտագործվող ոչ ֆինանսական ակտիվների հետ գործառնություններ,105000000.0,108813107.3,105736014.4,0.972,86925512.9,91800482.5,88948825.0,0.9690000000000001,1688500.0,3013298.7,2989389.5,0.992
ՀՀ ներքին գործերի նախարարություն,1234,1234,"Ներքին գործերի նախարարության ոլորտի քաղաքականության մշակում, կառավարում, կենտրոնացված միջոցառումներ, մոնիտորինգ և վերահսկողություն","Ներքին գործերի համակարգի՛ ոստիկանության, փրկարարծառայության և քաղաքացիական ծառայությանկազմակերպաիրավական կատարելագործում, դրանցգործունեության նկատմամբ հասարակական կարծիքիբարելավում և վստահության բարձրացում","Արդի մարտահրավերներին դիմակայող, պետական ևհասարակական պահանջարկը բավարարող, թափանցիկ,բարեվարք, հաշվետվողական գործունեության ապահովում",31002,ՀՀ ՆԳՆ շենքային պայմանների բարելավում,"ՀՀ ՆԳՆ շենքերի կառուցում, կապիտալ վերանորոգում, նախագծանախահաշվային փաստաթղթերի ձեռքբերում և այլ համաշինարարական աշխատանքներ",Պետական մարմինների կողմից օգտագործվող ոչ ֆինանսական ակտիվների հետ գործառնություններ,105000000.0,108813107.3,105736014.4,0.972,86925512.9,91800482.5,88948825.0,0.9690000000000001,1052700.0,998990.0,989387.6,0.99
ՀՀ ներքին գործերի նախարարություն,1234,1234,"Ներքին գործերի նախարարության ոլորտի քաղաքականության մշակում, կառավարում, կենտրոնացված միջոցառումներ, մոնիտորինգ և վերահսկողություն","Ներքին գործերի համակարգի՛ ոստիկանության, փրկարարծառայության և քաղաքացիական ծառայությանկազմակերպաիրավական կատարելագործում, դրանցգործունեության նկատմամբ հասարակական կարծիքիբարելավում և վստահության բարձրացում","Արդի մարտահրավերներին դիմակայող, պետական ևհասարակական պահանջարկը բավարարող, թափանցիկ,բարեվարք, հաշվետվողական գործունեության ապահովում",31003,ՀՀ ՆԳՆ կարիքի բավարարում,ՀՀ ոստիկանության նյութատեխնիկական բազայով ապահովում,Պետական մարմինների կողմից օգտագործվող ոչ ֆինանսական ակտիվների հետ գործառնություններ,105000000.0,108813107.3,105736014.4,0.972,86925512.9,91800482.5,88948825.0,0.9690000000000001,1975802.0,2141570.4,1008502.2,0.47100000000000003
ՀՀ վիճակագրական կոմիտե,1143,1143,Ազգային պաշտոնական վիճակագրության արտադրություն և տարածում,"Տնտեսական և հասարակական գործընթացների վերաբերյալ պաշտոնական վիճակագրության մշակում, արտադրում ու տարածում","Նախատեսված ժամկետներով և պարբերականությամբ ամբողջական, համադրելի, արդիական և օգտատերերին հավասար մատչելիությամբ հասանելի պաշտոնական վիճակագրության ապահովում",11001,"Վիճակագրության քաղաքականության մշակում և իրականացում, պաշտոնական վիճակագրական տեղեկատվության մշակում, արտադրում և տարածում","Պաշտոնական վիճակագրության իրավական դաշտի ձևավորում և կատարելագործում, վիճտվյալների հավաքման մեթոդաբանության մշակում, միջազգային համեմատությունների անցկացում, բիզնես ռեգիստրի վարում, վիճակագրության մշակում, ամփոփ տեղեկատվության արտադրում և տարածում",Ծառայությունների մատուցում,2129937.7,2164792.5,2126005.3,0.982,2129937.7,2164792.5,2126005.3,0.982,1474192.2,1509047.0,1476343.1,0.978
ՀՀ վիճակագրական կոմիտե,1143,1143,Ազգային պաշտոնական վիճակագրության արտադրություն և տարածում,"Տնտեսական և հասարակական գործընթացների վերաբերյալ պաշտոնական վիճակագրության մշակում, արտադրում ու տարածում","Նախատեսված ժամկետներով և պարբերականությամբ ամբողջական, համադրելի, արդիական և օգտատերերին հավասար մատչելիությամբ հասանելի պաշտոնական վիճակագրության ապահովում",11002,Վիճակագրական տեղեկատվության հավաքում,"Տնային տնտեսությունների կենսապայմանների ամբողջացված հետազոտության,  աշխատուժի ընտրանքային հետազոտության, սպառողական ապրանքների գների, գյուղացիական տնտեսությունների  և սոցիալ-տնտեսական բնույթի այլ սկզբնական տեղեկատվության հավաքում",Ծառայությունների մատուցում,2129937.7,2164792.5,2126005.3,0.982,2129937.7,2164792.5,2126005.3,0.982,585092.9,585092.9,583745.6,0.998
ՀՀ վիճակագրական կոմիտե,1143,1143,Ազգային պաշտոնական վիճակագրության արտադրություն և տարածում,"Տնտեսական և հասարակական գործընթացների վերաբերյալ պաշտոնական վիճակագրության մշակում, արտադրում ու տարածում","Նախատեսված ժամկետներով և պարբերականությամբ ամբողջական, համադրելի, արդիական և օգտատերերին հավասար մատչելիությամբ հասանելի պաշտոնական վիճակագրության ապահովում",11005,Հերթական գյուղատնտեսական համատարած հաշվառման նախապատրաստման և անցկացման միջոցառումների իրականացում,"Գյուղատնտեսական համատարած հաշվառման (ԳՀՀ) անցկացման նորմատիվ-իրավական դաշտի ձևավորում, կազմակերպամեթոդական դրույթների մշակում, վիճակագրական տվյալների հավաքման, մշակման, ամփոփման և ելքային արդյունքների ստացման մեթոդաբանության մշակում, ԳՀՀ անցկացում",Ծառայությունների մատուցում,2129937.7,2164792.5,2126005.3,0.982,2129937.7,2164792.5,2126005.3,0.982,59672.6,59672.6,56962.2,0.955
ՀՀ վիճակագրական կոմիտե,1143,1143,Ազգային պաշտոնական վիճակագրության արտադրություն և տարածում,"Տնտեսական և հասարակական գործընթացների վերաբերյալ պաշտոնական վիճակագրության մշակում, արտադրում ու տարածում","Նախատեսված ժամկետներով և պարբերականությամբ ամբողջական, համադրելի, արդիական և օգտատերերին հավասար մատչելիությամբ հասանելի պաշտոնական վիճակագրության ապահովում",31003,ՀՀ վիճակագրական կոմիտեի տեխնիկական կարողությունների զարգացում,ՀՀ վիճակագրական կոմիտեի աշխատանքային պայմանների բարելավում և տեխնիկական հագեցվածության ապահովում,Պետական մարմինների կողմից օգտագործվող ոչ ֆինանսական ակտիվների հետ գործառնություններ,2129937.7,2164792.5,2126005.3,0.982,2129937.7,2164792.5,2126005.3,0.982,10980.0,10980.0,8954.5,0.816
ՀՀ հանրային ծառայությունները կարգավորող հանձնաժողով,1064,1064,Հանրային ծառայությունների ոլորտի կարգավորում,Հանրային ծառայությունների ոլորտում կարգավորման իրականացում,"Սպառողների և հանրային ծառայությունների ոլորտում կարգավորվող գործունեություն իրականացնող անձանց շահերի հավասարակշռում, կարգավորվող անձանց համար գործունեության միատեսակ պայմանների ստեղծում",11001,Հանրային ծառայությունների ոլորտում կարգավորման իրականացում,"Հանրային ծառայությունների ոլորտում կարգավորման ծառայություններ, այդ թվում` լիցենզիաների և թույլտվությունների տրամադրում, սակագների հայտերի քննում և սակագների սահմանում, սպառողների դիմումների քննում, մոնիտորինգի իրականացում",Ծառայությունների մատուցում,1163312.6,1191192.6,1102722.8,0.9259999999999999,1163312.6,1191192.6,1102722.8,0.9259999999999999,1045784.6,1073564.6,1044765.3,0.973
ՀՀ հանրային ծառայությունները կարգավորող հանձնաժողով,1064,1064,Հանրային ծառայությունների ոլորտի կարգավորում,Հանրային ծառայությունների ոլորտում կարգավորման իրականացում,"Սպառողների և հանրային ծառայությունների ոլորտում կարգավորվող գործունեություն իրականացնող անձանց շահերի հավասարակշռում, կարգավորվող անձանց համար գործունեության միատեսակ պայմանների ստեղծում",11002,"ՀՀ պետական կառավարման մարմինների կողմից  դիմումներ, հայցադիմումներ, դատարանի վճիռների  և որոշումների դեմ վերաքննիչ և վճռաբեկ բողոքներ ներկայացնելիս` «Պետական տուրքի մասին» ՀՀ օրենքով սահմանված վճարումներ","ՀՀ պետական կառավարման մարմինների կողմից  դիմումներ, հայցադիմումներ, դատարանի վճիռների  և որոշումների դեմ վերաքննիչ և վճռաբեկ բողոքներ ներկայացնելիս` «Պետական տուրքի մասին» ՀՀ օրենքով սահմանված վճարումներ",Ծառայությունների մատուցում,1163312.6,1191192.6,1102722.8,0.9259999999999999,1163312.6,1191192.6,1102722.8,0.9259999999999999,0.0,100.0,100.0,1.0
ՀՀ հանրային ծառայությունները կարգավորող հանձնաժողով,1064,1064,Հանրային ծառայությունների ոլորտի կարգավորում,Հանրային ծառայությունների ոլորտում կարգավորման իրականացում,"Սպառողների և հանրային ծառայությունների ոլորտում կարգավորվող գործունեություն իրականացնող անձանց շահերի հավասարակշռում, կարգավորվող անձանց համար գործունեության միատեսակ պայմանների ստեղծում",11003,Էներգետիկայի բնագավառում նախորդ տարվա ընթացքում իրականացված ներդրումների տեխնիկական աուդիտի իրականացում,Սակագներում ներդրումների (լրիվ կամ մասնակի) ներառման կամ մերժման նպատակով անկախ մասնագիտական կազմակերպության օբյեկտիվ և հիմնավոր գնահատականների ստացում ընկերությունների կողմից նախորդ տարում իրականացված ներդրումային ծրագրերի վերաբերյալ,Ծառայությունների մատուցում,1163312.6,1191192.6,1102722.8,0.9259999999999999,1163312.6,1191192.6,1102722.8,0.9259999999999999,103200.0,103200.0,48000.0,0.465
ՀՀ հանրային ծառայությունները կարգավորող հանձնաժողով,1064,1064,Հանրային ծառայությունների ոլորտի կարգավորում,Հանրային ծառայությունների ոլորտում կարգավորման իրականացում,"Սպառողների և հանրային ծառայությունների ոլորտում կարգավորվող գործունեություն իրականացնող անձանց շահերի հավասարակշռում, կարգավորվող անձանց համար գործունեության միատեսակ պայմանների ստեղծում",31001,Հանրային ծառայությունները կարգավորող հանձնաժողովի տեխնիկական հագեցվածության բարելավում,Հանրային ծառայությունները կարգավորող հանձնաժողովի աշխատանքային պայմանների բարելավման համար վարչական սարքավորումների ձեռքբերում,Պետական մարմինների կողմից օգտագործվող ոչ ֆինանսական ակտիվների հետ գործառնություններ,1163312.6,1191192.6,1102722.8,0.9259999999999999,1163312.6,1191192.6,1102722.8,0.9259999999999999,14328.0,14328.0,9857.5,0.688
ՀՀ կենտրոնական ընտրական հանձնաժողով,1096,1096,"Ընտրական գործընթացների համակարգում,կանոնակարգում և տեղեկատվության տրամադրում",Օրինական և թափանցիկ ընտրական գործընթացների կազմակերպում և ապահովում,Ընտրական գործընթացների նկատմամբ հանրային վստահության մակարդակի բարձրացում,11001,"Կենտրոնական ընտրական հանձնաժողովի գործունեության ապահովում և ընտրական ծրագրերի համակարգման, կազմակերպման, անցկացման, մոնիտորինգի ծառայություններ","Ընտրական գործընթացների համակարգում, նախապարաստում,  իրականացում, հաշվետվական համակարգի կազմակերպում, վերլուծություն ընտրական պաշտոնյաների  վերապատրաստում,  տեղեկատվություն, քաղաքացիների դիմումների  և  բողոքների քննարկում",Ծառայությունների մատուցում,492744.9,823756.9,793453.3,0.963,492744.9,823756.9,793453.3,0.963,473127.8,473127.8,456412.7,0.965
ՀՀ կենտրոնական ընտրական հանձնաժողով,1096,1096,"Ընտրական գործընթացների համակարգում,կանոնակարգում և տեղեկատվության տրամադրում",Օրինական և թափանցիկ ընտրական գործընթացների կազմակերպում և ապահովում,Ընտրական գործընթացների նկատմամբ հանրային վստահության մակարդակի բարձրացում,11002,Ընտրական հանձնաժողովների անդամների մասնագիտական դասընթացների կազմակերպում,"Ընտրական հանձնաժողովների անդամների, անդամության թեկնածուների համար մասնագիտական դասընթացների կազմակերպում",Ծառայությունների մատուցում,492744.9,823756.9,793453.3,0.963,492744.9,823756.9,793453.3,0.963,19617.1,49017.1,40561.5,0.8270000000000001
ՀՀ կենտրոնական ընտրական հանձնաժողով,1096,1096,"Ընտրական գործընթացների համակարգում,կանոնակարգում և տեղեկատվության տրամադրում",Օրինական և թափանցիկ ընտրական գործընթացների կազմակերպում և ապահովում,Ընտրական գործընթացների նկատմամբ հանրային վստահության մակարդակի բարձրացում,11003,Տեղական ինքնակառավարման մարմինների ընտրությունների կազմակերպում,"Տեղական ինքնակառավարման մարմինների ընտրությունների կազմակերպում, անցկացում և արդյունքների ամփոփում",Ծառայությունների մատուցում,492744.9,823756.9,793453.3,0.963,492744.9,823756.9,793453.3,0.963,0.0,301612.0,296479.1,0.983
Մրցակցության և սպառողների շահերի պաշտպանության հանձնաժողով,1034,1034,Տնտեսական մրցակցության պաշտպանություն,"Պաշտպանել և խրախուսել տնտեսական գործունեության ազատությունը, ապահովել բարեխիղճ մրցակցության համար անհրաժեշտ միջավայր, նպաստել ձեռնարկատիրության զարգացմանը և սպառողների շահերի պաշտպանությանը Հայաստանի Հանրապետությունում",Ազատ տնտեսական մրցակցության ապահովում,11001,Հայաստանի Հանրապետությունում տնտեսական մրցակցության պաշտպանության բնագավառում քաղաքականության մշակում և վերահսկողություն,"Տնտեսական մրցակցության պաշտպանության պետական քաղաքականության մշակման, վերահսկողության ծառայություններ, ապրանքային շուկաների կառուցվածքի ուսումնասիրություն, ծրագրերի համակարգում",Ծառայությունների մատուցում,594371.8,597274.0,595840.6,0.998,594371.8,597274.0,595840.6,0.998,594371.8,594371.8,592938.5,0.998
Մրցակցության և սպառողների շահերի պաշտպանության հանձնաժողով,1034,1034,Տնտեսական մրցակցության պաշտպանություն,"Պաշտպանել և խրախուսել տնտեսական գործունեության ազատությունը, ապահովել բարեխիղճ մրցակցության համար անհրաժեշտ միջավայր, նպաստել ձեռնարկատիրության զարգացմանը և սպառողների շահերի պաշտպանությանը Հայաստանի Հանրապետությունում",Ազատ տնտեսական մրցակցության ապահովում,11002,"ՀՀ պետական կառավարման մարմինների կողմից դիմումներ, հայցադիմումներ, դատարանի վճիռների և որոշումների դեմ վերաքննիչ և վճռաբեկ բողոքներ ներկայացնելիս` «Պետական տուրքի մասին» ՀՀ օրենքով սահմանված վճարումներ","ՀՀ պետական կառավարման մարմինների կողմից  դիմումներ, հայցադիմումներ, դատարանի վճիռների և որոշումների դեմ վերաքննիչ և վճռաբեկ բողոքներ ներկայացնելիս` «Պետական տուրքի մասին» ՀՀ օրենքով սահմանված վճարումներ",Ծառայությունների մատուցում,594371.8,597274.0,595840.6,0.998,594371.8,597274.0,595840.6,0.998,0.0,2902.2,2902.1,1.0
ՀՀ կադաստրի կոմիտե,1012,1012,Անշարժ գույքի կադաստրի վարման բնագավառում պետական քաղաքականության իրականացում,"Անշարժ գույքի պետական միասնական կադաստրի համակարգի զարգացում և պետության կողմից անշարժ գույքի նկատմամբ իրավունքների ճանաչում, երաշխավորում և պաշտպանություն",Անշարժ գույքի կադաստրի արդյունավետ համակարգի ապահովում և սեփականության իրավունքի պաշտպանություն,11001,"Գույքի նկատմամբ իրավունքների պետական գրանցում, գույքի և դրա նկատմամբ գրանցված իրավունքների և սահմանափակումների վերաբերյալ տեղեկատվության տրամադրում","Գույքի նկատմամբ իրավունքների պետական գրանցում, գրանցված իրավունքների և սահմանափակումների վերաբերյալ տեղեկատվության տրամադրում, համակարգված դիտարկումների և անշարժ գույքի շուկայի վերլուծությունների իրականացում և իրազեկման ծառայություններ",Ծառայությունների մատուցում,3978942.4,4061846.9,3991007.5,0.983,3978942.4,4061846.9,3991007.5,0.983,3901949.3,3979019.5,3958071.8,0.995
ՀՀ կադաստրի կոմիտե,1012,1012,Անշարժ գույքի կադաստրի վարման բնագավառում պետական քաղաքականության իրականացում,"Անշարժ գույքի պետական միասնական կադաստրի համակարգի զարգացում և պետության կողմից անշարժ գույքի նկատմամբ իրավունքների ճանաչում, երաշխավորում և պաշտպանություն",Անշարժ գույքի կադաստրի արդյունավետ համակարգի ապահովում և սեփականության իրավունքի պաշտպանություն,11002,"ՀՀ պետական կառավարման մարմինների կողմից դիմումներ, հայցադիմումներ, դատարանի վճիռների և որոշումների դեմ վերաքննիչ և վճռաբեկ բողոքներ ներկայացնելիս` «Պետական տուրքի մասին» ՀՀ օրենքով սահմանված վճարումներ","ՀՀ պետական կառավարման մարմինների կողմից դիմումներ, հայցադիմումներ, դատարանի վճիռների և որոշումների դեմ վերաքննիչ և վճռաբեկ բողոքներ ներկայացնելիս` «Պետական տուրքի մասին» ՀՀ օրենքով սահմանված վճարումներ",Ծառայությունների մատուցում,3978942.4,4061846.9,3991007.5,0.983,3978942.4,4061846.9,3991007.5,0.983,0.0,5834.3,5834.3,1.0
ՀՀ կադաստրի կոմիտե,1012,1012,Անշարժ գույքի կադաստրի վարման բնագավառում պետական քաղաքականության իրականացում,"Անշարժ գույքի պետական միասնական կադաստրի համակարգի զարգացում և պետության կողմից անշարժ գույքի նկատմամբ իրավունքների ճանաչում, երաշխավորում և պաշտպանություն",Անշարժ գույքի կադաստրի արդյունավետ համակարգի ապահովում և սեփականության իրավունքի պաշտպանություն,31002,ՀՀ կադաստրի կոմիտեի տեխնիկական հագեցվածության բարելավում,ՀՀ կադաստրի կոմիտեի աշխատանքային պայմանների բարելավման համար վարչական սարքավորումների ձեռքբերում,Պետական մարմինների կողմից օգտագործվող ոչ ֆինանսական ակտիվների հետ գործառնություններ,3978942.4,4061846.9,3991007.5,0.983,3978942.4,4061846.9,3991007.5,0.983,28600.0,28600.0,27101.5,0.948
ՀՀ կադաստրի կոմիտե,1012,1012,Անշարժ գույքի կադաստրի վարման բնագավառում պետական քաղաքականության իրականացում,"Անշարժ գույքի պետական միասնական կադաստրի համակարգի զարգացում և պետության կողմից անշարժ գույքի նկատմամբ իրավունքների ճանաչում, երաշխավորում և պաշտպանություն",Անշարժ գույքի կադաստրի արդյունավետ համակարգի ապահովում և սեփականության իրավունքի պաշտպանություն,31015,"Կադաստրային քարտեզներում  համայնքների վարչական սահմանների, կադաստրային թաղամասերի տեղադիրքի և սահմանների ուղղման նպատակով լրացուցիչ կետերի դիտարկման աշխատանքներ",ՀՀ համայնքների կադաստրային թաղամասերի ուղղման նպատակով լրացուցիչ կետերի դիտարկում,Պետական մարմինների կողմից օգտագործվող ոչ ֆինանսական ակտիվների հետ գործառնություններ,3978942.4,4061846.9,3991007.5,0.983,3978942.4,4061846.9,3991007.5,0.983,48393.1,48393.1,0.0,0.0
Հեռուստատեսության և ռադիոյի հանձնաժողով,1007,1007,Տեսալսողական  մեդիայի ոլորտի կարգավորում,"Հեռարձակվող լրատվության միջոցների ազատության, անկախության և բազմազանության ապահովում, տեսալողական ոլորտի վերահսկում և կարգավորում","Հեռարձակվող լրատվության միջոցների ազատության, անկախության և  բազմազանության բարձր մակարդակ, մրցակցային հավասար պայմաններ,  տեսալսողական ոլորտում օրինախախտումների նվազեցում, հեղինակային իրավունքների պահպանություն, ոլորտի համաչափ զարգացում",11001,Տեսալսողական մեդիայի ոլորտի կարգավորման ծառայություններ,"Տես.մեդիայի ոլորտի քաղ-ության, նորմ. իրավական ակտերի մշակում, հեղինակազորում, մրց-ների անցկացում, լից. տրամադր, տեսալս. ծրագրերի դիստրիբյ-ների ծանուց-րի հաստատում, մշտադիտ. գործընթաց, տեխնիկական պահանջների կատարման վերահսկ., վարչ. վարույթների իրակ.",Ծառայությունների մատուցում,381191.4,392585.2,384529.5,0.9790000000000001,381191.4,392585.2,384529.5,0.9790000000000001,375941.4,375941.4,370225.9,0.985
Հեռուստատեսության և ռադիոյի հանձնաժողով,1007,1007,Տեսալսողական  մեդիայի ոլորտի կարգավորում,"Հեռարձակվող լրատվության միջոցների ազատության, անկախության և բազմազանության ապահովում, տեսալողական ոլորտի վերահսկում և կարգավորում","Հեռարձակվող լրատվության միջոցների ազատության, անկախության և  բազմազանության բարձր մակարդակ, մրցակցային հավասար պայմաններ,  տեսալսողական ոլորտում օրինախախտումների նվազեցում, հեղինակային իրավունքների պահպանություն, ոլորտի համաչափ զարգացում",11002,"ՀՀ պետական կառավարման մարմինների կողմից  դիմումներ, հայցադիմումներ, դատարանի վճիռների  և որոշումների դեմ վերաքննիչ և վճռաբեկ բողոքներ ներկայացնելիս` «Պետական տուրքի մասին» ՀՀ օրենքով սահմանված վճարումներ","ՀՀ պետական կառավարման մարմինների կողմից  դիմումներ, հայցադիմումներ, դատարանի վճիռների  և որոշումների դեմ վերաքննիչ և վճռաբեկ բողոքներ ներկայացնելիս` «Պետական տուրքի մասին» ՀՀ օրենքով սահմանված վճարումներ",Ծառայությունների մատուցում,381191.4,392585.2,384529.5,0.9790000000000001,381191.4,392585.2,384529.5,0.9790000000000001,0.0,84.3,84.3,0.9990000000000001
Հեռուստատեսության և ռադիոյի հանձնաժողով,1007,1007,Տեսալսողական  մեդիայի ոլորտի կարգավորում,"Հեռարձակվող լրատվության միջոցների ազատության, անկախության և բազմազանության ապահովում, տեսալողական ոլորտի վերահսկում և կարգավորում","Հեռարձակվող լրատվության միջոցների ազատության, անկախության և  բազմազանության բարձր մակարդակ, մրցակցային հավասար պայմաններ,  տեսալսողական ոլորտում օրինախախտումների նվազեցում, հեղինակային իրավունքների պահպանություն, ոլորտի համաչափ զարգացում",11003,Արտասահմանյան պատվիրակությունների ընդունելություններ,Արտասահմանյան պատվիրակությունների ընդունելություններ,Ծառայությունների մատուցում,381191.4,392585.2,384529.5,0.9790000000000001,381191.4,392585.2,384529.5,0.9790000000000001,0.0,11309.5,10134.0,0.8959999999999999
Հեռուստատեսության և ռադիոյի հանձնաժողով,1007,1007,Տեսալսողական  մեդիայի ոլորտի կարգավորում,"Հեռարձակվող լրատվության միջոցների ազատության, անկախության և բազմազանության ապահովում, տեսալողական ոլորտի վերահսկում և կարգավորում","Հեռարձակվող լրատվության միջոցների ազատության, անկախության և  բազմազանության բարձր մակարդակ, մրցակցային հավասար պայմաններ,  տեսալսողական ոլորտում օրինախախտումների նվազեցում, հեղինակային իրավունքների պահպանություն, ոլորտի համաչափ զարգացում",31001,Հեռուստատեսության և ռադիոյի  հանձնաժողովի տեխնիկական հագեցվածության  բարելավում,Հեռուստատեսության և ռադիոյի  հանձնաժողովի գործունեության համար անհրաժեշտ վարչական սարքավորումների ձեռքբերում,Պետական մարմինների կողմից օգտագործվող ոչ ֆինանսական ակտիվների հետ գործառնություններ,381191.4,392585.2,384529.5,0.9790000000000001,381191.4,392585.2,384529.5,0.9790000000000001,5250.0,5250.0,4085.4,0.778
ՀՀ պետական եկամուտների կոմիտե,1023,1023,Հարկային և մաքսային ծառայություններ,"Հարկային և մաքսային միասնական պետական քաղաքականության իրականացում, հարկային և մաքսային օրենսդրության ամբողջական և համահավասար կիրառում","Արդյունավետ հարկային և մաքսային հսկողության իրականացում, պետական բյուջեի եկամուտների ապահովում",11001,Հարկային և մաքսային ծառայություններ,"Հարկային և մաքսային քաղաքականության մշակման, պլանավորման, մոնիտորինգի, ծրագրերի համակարգման, գանձման, վերահսկողության և աջակցության ծառայություններ",Ծառայությունների մատուցում,115883713.2,131515022.3,124872655.8,0.9490000000000001,31813068.4,34804235.0,29217181.2,0.8390000000000001,24742266.1,24597033.7,23966862.4,0.9740000000000001
ՀՀ պետական եկամուտների կոմիտե,1023,1023,Հարկային և մաքսային ծառայություններ,"Հարկային և մաքսային միասնական պետական քաղաքականության իրականացում, հարկային և մաքսային օրենսդրության ամբողջական և համահավասար կիրառում","Արդյունավետ հարկային և մաքսային հսկողության իրականացում, պետական բյուջեի եկամուտների ապահովում",11003,Հարկային և մաքսային ծառայողների վերապատրաստում,"Հարկային և մաքսային ծառայողների վերապատրաստման մեթոդիկայի մշակման, պլանավորման, ծրագրերի իրականացման և աջակցության ծառայություններ",Ծառայությունների մատուցում,115883713.2,131515022.3,124872655.8,0.9490000000000001,31813068.4,34804235.0,29217181.2,0.8390000000000001,175470.5,175470.5,175470.5,1.0
ՀՀ պետական եկամուտների կոմիտե,1023,1023,Հարկային և մաքսային ծառայություններ,"Հարկային և մաքսային միասնական պետական քաղաքականության իրականացում, հարկային և մաքսային օրենսդրության ամբողջական և համահավասար կիրառում","Արդյունավետ հարկային և մաքսային հսկողության իրականացում, պետական բյուջեի եկամուտների ապահովում",11004,Դրոշմապիտակների ձեռքբերում,ՀՀ-ում արտադրվող և ներմուծվող որոշակի ապրանքների համար դրոշմապիտակների ձեռքբերում,Ծառայությունների մատուցում,115883713.2,131515022.3,124872655.8,0.9490000000000001,31813068.4,34804235.0,29217181.2,0.8390000000000001,0.0,1995840.0,1995840.0,1.0
ՀՀ պետական եկամուտների կոմիտե,1023,1023,Հարկային և մաքսային ծառայություններ,"Հարկային և մաքսային միասնական պետական քաղաքականության իրականացում, հարկային և մաքսային օրենսդրության ամբողջական և համահավասար կիրառում","Արդյունավետ հարկային և մաքսային հսկողության իրականացում, պետական բյուջեի եկամուտների ապահովում",11005,Փորձաքննությունների ծառայություններ,"Փորձաքննությունների կատարում և եզրակացությունների տրամադրում, անվճարունակ քաղաքացիներին իրավական ծառայությունների տրամադրում",Ծառայությունների մատուցում,115883713.2,131515022.3,124872655.8,0.9490000000000001,31813068.4,34804235.0,29217181.2,0.8390000000000001,81855.9,81855.9,52992.4,0.647
ՀՀ պետական եկամուտների կոմիտե,1023,1023,Հարկային և մաքսային ծառայություններ,"Հարկային և մաքսային միասնական պետական քաղաքականության իրականացում, հարկային և մաքսային օրենսդրության ամբողջական և համահավասար կիրառում","Արդյունավետ հարկային և մաքսային հսկողության իրականացում, պետական բյուջեի եկամուտների ապահովում",11006,"ՀՀ պետական կառավարման մարմինների կողմից դիմումներ, հայցադիմումներ, դատարանի վճիռների և որոշումների դեմ վերաքննիչ և վճռաբեկ բողոքներ ներկայացնելիս` «Պետական տուրքի մասին» ՀՀ օրենքով սահմանված վճարումներ","ՀՀ պետական կառավարման մարմինների կողմից  դիմումներ, հայցադիմումներ, դատարանի վճիռների և որոշումների դեմ վերաքննիչ և վճռաբեկ բողոքներ ներկայացնելիս` «Պետական տուրքի մասին» ՀՀ օրենքով սահմանված վճարումներ",Ծառայությունների մատուցում,115883713.2,131515022.3,124872655.8,0.9490000000000001,31813068.4,34804235.0,29217181.2,0.8390000000000001,0.0,441026.6,441026.5,1.0
ՀՀ պետական եկամուտների կոմիտե,1023,1023,Հարկային և մաքսային ծառայություններ,"Հարկային և մաքսային միասնական պետական քաղաքականության իրականացում, հարկային և մաքսային օրենսդրության ամբողջական և համահավասար կիրառում","Արդյունավետ հարկային և մաքսային հսկողության իրականացում, պետական բյուջեի եկամուտների ապահովում",11011,Արտասահմանյան պատվիրակությունների ընդունելություններ,Արտասահմանյան պատվիրակությունների ընդունելություններ,Ծառայությունների մատուցում,115883713.2,131515022.3,124872655.8,0.9490000000000001,31813068.4,34804235.0,29217181.2,0.8390000000000001,0.0,36729.8,30424.7,0.828
ՀՀ պետական եկամուտների կոմիտե,1023,1023,Հարկային և մաքսային ծառայություններ,"Հարկային և մաքսային միասնական պետական քաղաքականության իրականացում, հարկային և մաքսային օրենսդրության ամբողջական և համահավասար կիրառում","Արդյունավետ հարկային և մաքսային հսկողության իրականացում, պետական բյուջեի եկամուտների ապահովում",11012,Հայաստանի Հանրապետության մաքսային կցորդների գործունեության ապահովում,Օտարերկրյա պետություններում և միջազգային կազմակերպություններում Հայաստանի Հանրապետության դիվանագիտական ծառայության մարմիններին կից մաքսային կցորդների գործունեության ապահովման և պահպանման ծախսեր,Ծառայությունների մատուցում,115883713.2,131515022.3,124872655.8,0.9490000000000001,31813068.4,34804235.0,29217181.2,0.8390000000000001,76480.6,76480.6,18575.0,0.243
ՀՀ պետական եկամուտների կոմիտե,1023,1023,Հարկային և մաքսային ծառայություններ,"Հարկային և մաքսային միասնական պետական քաղաքականության իրականացում, հարկային և մաքսային օրենսդրության ամբողջական և համահավասար կիրառում","Արդյունավետ հարկային և մաքսային հսկողության իրականացում, պետական բյուջեի եկամուտների ապահովում",11014,Տեղեկատվական տեխնոլոգիաների և դրանց հետ փոխկապակցված համակարգերի կառավարում,Տեղեկատվական տեխնոլոգիաների և դրանց հետ փոխկապակցված համակարգերի կառավարում,Ծառայությունների մատուցում,115883713.2,131515022.3,124872655.8,0.9490000000000001,31813068.4,34804235.0,29217181.2,0.8390000000000001,1087667.9,1087667.9,1087667.9,1.0
ՀՀ պետական եկամուտների կոմիտե,1023,1023,Հարկային և մաքսային ծառայություններ,"Հարկային և մաքսային միասնական պետական քաղաքականության իրականացում, հարկային և մաքսային օրենսդրության ամբողջական և համահավասար կիրառում","Արդյունավետ հարկային և մաքսային հսկողության իրականացում, պետական բյուջեի եկամուտների ապահովում",12001,Օտարերկրյա պետությունների ուսումնական հաստատություններ գործուղված մաքսային ծառայողների ուսուցում և վերապատրաստում,ՀՀ պետական եկամուտների կոմիտեի մաքսանենգության դեմ պայքարի վարչության շնագիտական կենտրոնի մաքսային ծառայողների ուսուցում (կինոլոգ) և վերապատրաստում (անասնաբույժ),Տրանսֆերտների տրամադրում,115883713.2,131515022.3,124872655.8,0.9490000000000001,31813068.4,34804235.0,29217181.2,0.8390000000000001,6000.0,6000.0,3894.2,0.649
ՀՀ պետական եկամուտների կոմիտե,1023,1023,Հարկային և մաքսային ծառայություններ,"Հարկային և մաքսային միասնական պետական քաղաքականության իրականացում, հարկային և մաքսային օրենսդրության ամբողջական և համահավասար կիրառում","Արդյունավետ հարկային և մաքսային հսկողության իրականացում, պետական բյուջեի եկամուտների ապահովում",31001,ՀՀ պետական եկամուտների կոմիտեի տեխնիկական հագեցվածության բարելավում,ՀՀ պետական եկամուտների կոմիտեի տեխնիկական հագեցվածության բարելավում,Պետական մարմինների կողմից օգտագործվող ոչ ֆինանսական ակտիվների հետ գործառնություններ,115883713.2,131515022.3,124872655.8,0.9490000000000001,31813068.4,34804235.0,29217181.2,0.8390000000000001,266217.5,322483.7,267782.1,0.83
ՀՀ պետական եկամուտների կոմիտե,1023,1023,Հարկային և մաքսային ծառայություններ,"Հարկային և մաքսային միասնական պետական քաղաքականության իրականացում, հարկային և մաքսային օրենսդրության ամբողջական և համահավասար կիրառում","Արդյունավետ հարկային և մաքսային հսկողության իրականացում, պետական բյուջեի եկամուտների ապահովում",31003,ՀՀ պետական եկամուտների կոմիտեի շենքային ապահովվածության բարելավում,"ՀՀ պետական եկամուտների կոմիտեի նոր շենքերի և շինությունների շինարարություն, նախագծային աշխատանքների ձեռքբերում",Պետական մարմինների կողմից օգտագործվող ոչ ֆինանսական ակտիվների հետ գործառնություններ,115883713.2,131515022.3,124872655.8,0.9490000000000001,31813068.4,34804235.0,29217181.2,0.8390000000000001,175623.6,782160.0,195021.9,0.249
ՀՀ պետական եկամուտների կոմիտե,1023,1023,Հարկային և մաքսային ծառայություններ,"Հարկային և մաքսային միասնական պետական քաղաքականության իրականացում, հարկային և մաքսային օրենսդրության ամբողջական և համահավասար կիրառում","Արդյունավետ հարկային և մաքսային հսկողության իրականացում, պետական բյուջեի եկամուտների ապահովում",31006,Վերակառուցման և զարգացման եվրոպական բանկի աջակցությամբ իրականացվող «Մեղրիի սահմանային անցակետի ծրագիր» դրամաշնորհային ծրագրի շրջանակներում ՀՀ պետական եկամուտների կոմիտեի նոր շենքային պայմանների ապահովում,ՎԶԵԲ-ի կողմից տրամադրվող դրամաշնորհային ծրագրի շրջանակներում ՀՀ  պետական եկամուտների կոմիտեի շենքերի կառուցում,Պետական մարմինների կողմից օգտագործվող ոչ ֆինանսական ակտիվների հետ գործառնություններ,115883713.2,131515022.3,124872655.8,0.9490000000000001,31813068.4,34804235.0,29217181.2,0.8390000000000001,1263727.8,1263727.8,398668.0,0.315
ՀՀ պետական եկամուտների կոմիտե,1023,1023,Հարկային և մաքսային ծառայություններ,"Հարկային և մաքսային միասնական պետական քաղաքականության իրականացում, հարկային և մաքսային օրենսդրության ամբողջական և համահավասար կիրառում","Արդյունավետ հարկային և մաքսային հսկողության իրականացում, պետական բյուջեի եկամուտների ապահովում",31007,Վերակառուցման և զարգացման եվրոպական բանկի աջակցությամբ իրականացվող «Մեղրիի սահմանային անցակետի ծրագիր» վարկային ծրագրի շրջանակներում ՀՀ պետական եկամուտների կոմիտեի նոր շենքային պայմանների ապահովում,ՎԶԵԲ-ի կողմից տրամադրվող վարկային ծրագրի շրջանակներում ՀՀ պետական եկամուտների կոմիտեի շենքերի կառուցում,Պետական մարմինների կողմից օգտագործվող ոչ ֆինանսական ակտիվների հետ գործառնություններ,115883713.2,131515022.3,124872655.8,0.9490000000000001,31813068.4,34804235.0,29217181.2,0.8390000000000001,910086.5,910086.5,582955.6,0.6409999999999999
ՀՀ պետական եկամուտների կոմիտե,1023,1023,Հարկային և մաքսային ծառայություններ,"Հարկային և մաքսային միասնական պետական քաղաքականության իրականացում, հարկային և մաքսային օրենսդրության ամբողջական և համահավասար կիրառում","Արդյունավետ հարկային և մաքսային հսկողության իրականացում, պետական բյուջեի եկամուտների ապահովում",31009,Վերակառուցման և զարգացման Եվրոպական բանկի աջակցությամբ իրականացվող Սյունիքի մարզում արտաքին տնտեսական գործունեության մասնակիցների սպասարկման կենտրոնի շենքային պայմանների ապահովում,Վերակառուցման և զարգացման Եվրոպական բանկի աջակցությամբ իրականացվող Սյունիքի մարզում արտաքին տնտեսական գործունեության մասնակիցների սպասարկման կենտրոնի կառուցում,Պետական մարմինների կողմից օգտագործվող ոչ ֆինանսական ակտիվների հետ գործառնություններ,115883713.2,131515022.3,124872655.8,0.9490000000000001,31813068.4,34804235.0,29217181.2,0.8390000000000001,2523060.0,2523060.0,0.0,0.0
ՀՀ պետական եկամուտների կոմիտե,1023,1023,Հարկային և մաքսային ծառայություններ,"Հարկային և մաքսային միասնական պետական քաղաքականության իրականացում, հարկային և մաքսային օրենսդրության ամբողջական և համահավասար կիրառում","Արդյունավետ հարկային և մաքսային հսկողության իրականացում, պետական բյուջեի եկամուտների ապահովում",31010,Վերակառուցման և զարգացման եվրոպական բանկի աջակցությամբ իրականացվող «Սյունիքի մարզում մաքսային և լոգիստիկ կենտրոն» դրամաշնորհային ծրագրի շրջանակներում ՀՀ պետական եկամուտների կոմիտեի նոր շենքային պայմանների ապահովում,Վերակառուցման և զարգացման եվրոպական բանկի աջակցությամբ իրականացվող «Սյունիքի մարզում մաքսային և լոգիստիկ կենտրոն» դրամաշնորհային ծրագրի շրջանակներում ՀՀ պետական եկամուտների կոմիտեի նոր շենքային պայմանների ապահովում,Պետական մարմինների կողմից օգտագործվող ոչ ֆինանսական ակտիվների հետ գործառնություններ,115883713.2,131515022.3,124872655.8,0.9490000000000001,31813068.4,34804235.0,29217181.2,0.8390000000000001,504612.0,504612.0,0.0,0.0
ՀՀ պետական եկամուտների կոմիտե,1239,1239,Հիպոթեքային վարկի վճարված տոկոսների գումարի վերադարձ,"Հիպոթեքային վարկի սպասարկման համար վճարված տոկոսների գումարների չափով վարձու աշխատողների, անհատ ձեռնարկատերերի և նոտարների կողմից վճարված եկամտային հարկի գումարների վերադարձ","Շինարարության ոլորտում տնտեսական աճի խթանում, սոցիալական քաղաքականության շրջանակներում շահառուներին տրամադրվող բյուջետային աջակցություն",12001,Հիպոթեքային վարկի վճարված տոկոսների գումարների վերադարձ,"Հիպոթեքային վարկի սպասարկման համար վճարված տոկոսների գումարների չափով վարձու աշխատողների, անհատ ձեռնարկատերերի և նոտարների կողմից վճարված եկամտային հարկի գումարների վերադարձ",Տրանսֆերտների տրամադրում,115883713.2,131515022.3,124872655.8,0.9490000000000001,84070644.8,96658287.3,95605717.0,0.9890000000000001,84070644.8,96658287.3,95605717.0,0.9890000000000001
ՀՀ պետական եկամուտների կոմիտե,1241,1241,Առևտրական (առք ու վաճառքի) գործունեություն իրականացնող շրջանառության հարկ վճարող տնտեսավարող սուբյեկտներին աջակցության տրամադրում,ՀՀ-ում ռեզիդենտ հանդիսացող առևտրական (առք ու վաճառքի) գործունեություն իրականացնող շրջանառության հարկ վճարողներին պետության կողմից ֆինանսական աջակցության տրամադրում,ՀՀ-ում ռեզիդենտ հանդիսացող առևտրական (առք ու վաճառքի)գործունեություն իրականացնող տնտեսավարող սուբյեկտների մոտ ապրանքային մնացորդների իրացման պարագայում առաջացող հարկային բեռի,12001,Առևտրական (առք ու վաճառքի) գործունեություն իրականացնող շրջանառության հարկ վճարող տնտեսավարող սուբյեկտներին աջակցության տրամադրում,Առևտրական (առք ու վաճառքի) գործունեություն իրականացնող շրջանառության հարկ վճարող տնտեսավարող սուբյեկտներին հարկային բեռը մեղմելու նպատակով աջակցության տրամադրում,Տրանսֆերտների տրամադրում,115883713.2,131515022.3,124872655.8,0.9490000000000001,0.0,52500.0,49757.7,0.948,0.0,52500.0,49757.7,0.948
ՀՀ ազգային անվտանգության ծառայություն,1138,1138,Ազգային անվտանգություն,"Ներքին և արտաքին սպառնալիքներից անձի, հասարակության ու պետության անվտանգության ապահովում","Այլ պետությունների կողմից հետախուզական գործունեության կասեցում,պետական սահմանի անձեռնամխելիության ապահովում, կոռուպցիոն ռիսկերի շեշտակի նվազեցում",11001,"Հետախուզական, հակահետախուզական, ռազմական հակահետախուզության, հանցագործությունների դեմ պայքարի և պետական սահմանի պահպանության գործունեության կազմակերպում","ՀՀ անվտանգությանը սպառնացող վտանգի մասին տեղեկատվության ստացում, վերլուծում, վտանգի կանխատեսում, վտանգի կանխման ու չեզոքացման վերաբերյալ առաջարկությունների մշակում",Ծառայությունների մատուցում,61093173.0,57340647.3,55316048.6,0.965,61093173.0,57340647.3,55316048.6,0.965,47408231.1,43315378.9,42078875.0,0.971
ՀՀ ազգային անվտանգության ծառայություն,1138,1138,Ազգային անվտանգություն,"Ներքին և արտաքին սպառնալիքներից անձի, հասարակության ու պետության անվտանգության ապահովում","Այլ պետությունների կողմից հետախուզական գործունեության կասեցում,պետական սահմանի անձեռնամխելիության ապահովում, կոռուպցիոն ռիսկերի շեշտակի նվազեցում",11004,Պաշտպանության բնագավառի այլ ծախսեր,Պաշտպանության բնագավառի այլ ծախսեր,Ծառայությունների մատուցում,61093173.0,57340647.3,55316048.6,0.965,61093173.0,57340647.3,55316048.6,0.965,10019356.0,10420527.7,10420527.7,1.0
ՀՀ ազգային անվտանգության ծառայություն,1138,1138,Ազգային անվտանգություն,"Ներքին և արտաքին սպառնալիքներից անձի, հասարակության ու պետության անվտանգության ապահովում","Այլ պետությունների կողմից հետախուզական գործունեության կասեցում,պետական սահմանի անձեռնամխելիության ապահովում, կոռուպցիոն ռիսկերի շեշտակի նվազեցում",31001,Ազգային անվտանգության համակարգի տեխնիկական հագեցվածության բարելավում,Ազգային անվտանգության համակարգի ստորաբաժանումների համար վարչական սարքավորումների ձեռքբերում,Պետական մարմինների կողմից օգտագործվող ոչ ֆինանսական ակտիվների հետ գործառնություններ,61093173.0,57340647.3,55316048.6,0.965,61093173.0,57340647.3,55316048.6,0.965,1048650.8,669998.0,419837.4,0.627
ՀՀ ազգային անվտանգության ծառայություն,1138,1138,Ազգային անվտանգություն,"Ներքին և արտաքին սպառնալիքներից անձի, հասարակության ու պետության անվտանգության ապահովում","Այլ պետությունների կողմից հետախուզական գործունեության կասեցում,պետական սահմանի անձեռնամխելիության ապահովում, կոռուպցիոն ռիսկերի շեշտակի նվազեցում",31002,Ազգային անվտանգության համակարգի շենքային ապահովվածության բարելավում,"Ազգային անվտանգության համակարգի ստորաբաժանումների վարչական շենքերի կառուցում, կապիտալ վերանորոգում, շինարարական և կապիտալ նորոգման օբյեկտների նախագծահետազոտական փաստաթղթերի պատրաստում",Պետական մարմինների կողմից օգտագործվող ոչ ֆինանսական ակտիվների հետ գործառնություններ,61093173.0,57340647.3,55316048.6,0.965,61093173.0,57340647.3,55316048.6,0.965,2266535.1,2584342.7,2125998.2,0.823
ՀՀ ազգային անվտանգության ծառայություն,1138,1138,Ազգային անվտանգություն,"Ներքին և արտաքին սպառնալիքներից անձի, հասարակության ու պետության անվտանգության ապահովում","Այլ պետությունների կողմից հետախուզական գործունեության կասեցում,պետական սահմանի անձեռնամխելիության ապահովում, կոռուպցիոն ռիսկերի շեշտակի նվազեցում",31003,Ազգային անվտանգության համակարգի տրանսպորտային սարքավորումների հագեցվածության բարելավում,Ազգային անվտանգության համակարգի ստորաբաժանումների համար տրանսպորտային սարքավորումների ձեռքբերում,Պետական մարմինների կողմից օգտագործվող ոչ ֆինանսական ակտիվների հետ գործառնություններ,61093173.0,57340647.3,55316048.6,0.965,61093173.0,57340647.3,55316048.6,0.965,350400.0,350400.0,270810.4,0.773
Հանրային հեռարձակողի խորհուրդ,1042,1042,Ռադիո և հեռուստահաղորդումների հեռարձակում,"Ապահովել բազմազան տեղեկատվական, ճանաչողական, կրթական, ժամանցային հեռուստատեսային և ռադիո հաղորդումների արտադրություն և հեռարձակում","Բազմազան տեղեկատվական, ճանաչողական, կրթական, ժամանցային հեռուստատեսային և ռադիո հաղորդումների արտադրության և հեռարձակման ապահովում",11001,"Հանրային հեռարձակողի խորհրդի կառավարում, համակարգում և մոնիտորինգ","Հանրային հեռարձակողի խորհրդի կառավարում, համակարգում և մոնիտորինգ",Ծառայությունների մատուցում,8374096.1,8498695.4,8458214.7,0.995,8374096.1,8498695.4,8458214.7,0.995,159613.3,168113.3,167685.8,0.997
Հանրային հեռարձակողի խորհուրդ,1042,1042,Ռադիո և հեռուստահաղորդումների հեռարձակում,"Ապահովել բազմազան տեղեկատվական, ճանաչողական, կրթական, ժամանցային հեռուստատեսային և ռադիո հաղորդումների արտադրություն և հեռարձակում","Բազմազան տեղեկատվական, ճանաչողական, կրթական, ժամանցային հեռուստատեսային և ռադիո հաղորդումների արտադրության և հեռարձակման ապահովում",11002,Ընդհանուր և լրատվական ուղղվածության հեռուստատեսային ծառայություններ,Ընդհանուր և լրատվական ուղղվածության հեռուստատեսային հաղորդումների պատրաստում և հեռարձակում,Ծառայությունների մատուցում,8374096.1,8498695.4,8458214.7,0.995,8374096.1,8498695.4,8458214.7,0.995,6578017.1,6579116.4,6579116.4,1.0
Հանրային հեռարձակողի խորհուրդ,1042,1042,Ռադիո և հեռուստահաղորդումների հեռարձակում,"Ապահովել բազմազան տեղեկատվական, ճանաչողական, կրթական, ժամանցային հեռուստատեսային և ռադիո հաղորդումների արտադրություն և հեռարձակում","Բազմազան տեղեկատվական, ճանաչողական, կրթական, ժամանցային հեռուստատեսային և ռադիո հաղորդումների արտադրության և հեռարձակման ապահովում",11003,Ռադիո ծառայություններ,Ռադիոհաղորդումների պատրաստում և հեռարձակում,Ծառայությունների մատուցում,8374096.1,8498695.4,8458214.7,0.995,8374096.1,8498695.4,8458214.7,0.995,970944.4,970944.4,970944.4,1.0
Հանրային հեռարձակողի խորհուրդ,1042,1042,Ռադիո և հեռուստահաղորդումների հեռարձակում,"Ապահովել բազմազան տեղեկատվական, ճանաչողական, կրթական, ժամանցային հեռուստատեսային և ռադիո հաղորդումների արտադրություն և հեռարձակում","Բազմազան տեղեկատվական, ճանաչողական, կրթական, ժամանցային հեռուստատեսային և ռադիո հաղորդումների արտադրության և հեռարձակման ապահովում",11005,Կրթական-մշակութային ուղղվածության հեռուստատեսային ծառայություններ,Կրթական-մշակութային ուղղվածության հաղորդումների պատրաստում և հեռարձակում,Ծառայությունների մատուցում,8374096.1,8498695.4,8458214.7,0.995,8374096.1,8498695.4,8458214.7,0.995,221105.5,221105.5,221105.5,1.0
Հանրային հեռարձակողի խորհուրդ,1042,1042,Ռադիո և հեռուստահաղորդումների հեռարձակում,"Ապահովել բազմազան տեղեկատվական, ճանաչողական, կրթական, ժամանցային հեռուստատեսային և ռադիո հաղորդումների արտադրություն և հեռարձակում","Բազմազան տեղեկատվական, ճանաչողական, կրթական, ժամանցային հեռուստատեսային և ռադիո հաղորդումների արտադրության և հեռարձակման ապահովում",11007,Հանրային հեռարձակողների ֆինանսատնտեսական գործունեության աուդիտ,Հանրային հեռարձակողների ֆինանսատնտեսական գործունեության հիման վրա կազմված ՖՀՄՍ համապատասխան ֆինասական հաշվետվությունների աուդիտի անցկացում,Ծառայությունների մատուցում,8374096.1,8498695.4,8458214.7,0.995,8374096.1,8498695.4,8458214.7,0.995,9200.0,9200.0,9200.0,1.0
Հանրային հեռարձակողի խորհուրդ,1042,1042,Ռադիո և հեռուստահաղորդումների հեռարձակում,"Ապահովել բազմազան տեղեկատվական, ճանաչողական, կրթական, ժամանցային հեռուստատեսային և ռադիո հաղորդումների արտադրություն և հեռարձակում","Բազմազան տեղեկատվական, ճանաչողական, կրթական, ժամանցային հեռուստատեսային և ռադիո հաղորդումների արտադրության և հեռարձակման ապահովում",31001,Հանրային հեռարձակողի խորհրդի տեխնիկական հագեցվածության  բարելավում,Հանրային հեռարձակողի խորհրդի գործունեության համար անհրաժեշտ վարչական սարքավորումների ձեռքբերում,Պետական մարմինների կողմից օգտագործվող ոչ ֆինանսական ակտիվների հետ գործառնություններ,8374096.1,8498695.4,8458214.7,0.995,8374096.1,8498695.4,8458214.7,0.995,860.0,860.0,806.8,0.938
Հանրային հեռարձակողի խորհուրդ,1042,1042,Ռադիո և հեռուստահաղորդումների հեռարձակում,"Ապահովել բազմազան տեղեկատվական, ճանաչողական, կրթական, ժամանցային հեռուստատեսային և ռադիո հաղորդումների արտադրություն և հեռարձակում","Բազմազան տեղեկատվական, ճանաչողական, կրթական, ժամանցային հեռուստատեսային և ռադիո հաղորդումների արտադրության և հեռարձակման ապահովում",32004,ՉԺՀ-ի հետ համագործակցության շրջանակներում Հայաստանի հանրային հեռուստաընկերության ենթակառուցվածքների ապահովում,Չինաստանի Ժողովրդական Հանրապետության կողմից Հայաստանի հանրային հեռուստաընկերության 8-րդ տաղավարի (հեռուստաստուդիայի) կառուցման նպատակով Հայկական կողմի պարտավորությունների կատարում` օժանդակ ենթակառուցվածքների ապահովում,Այլ պետական կազմակերպությունների կողմից օգտագործվող ոչ ֆինանսական ակտիվների հետ գործառնություններ,8374096.1,8498695.4,8458214.7,0.995,8374096.1,8498695.4,8458214.7,0.995,434355.8,434355.8,434355.8,1.0
Հանրային հեռարձակողի խորհուրդ,1042,1042,Ռադիո և հեռուստահաղորդումների հեռարձակում,"Ապահովել բազմազան տեղեկատվական, ճանաչողական, կրթական, ժամանցային հեռուստատեսային և ռադիո հաղորդումների արտադրություն և հեռարձակում","Բազմազան տեղեկատվական, ճանաչողական, կրթական, ժամանցային հեռուստատեսային և ռադիո հաղորդումների արտադրության և հեռարձակման ապահովում",32005,«Հայաստանի հանրային հեռուստաընկերություն» ՓԲԸ կապիտալ շինարարական աշխատանքների իրականացում,«Հայաստանի հանրային հեռուստաընկերություն» ՓԲԸ «Խմբագրություն» (ԱՍԲ-7) մասնաշենքի տանիքի հիմնանորոգում և գլխավոր մասնաշենքի դիմային հատվածի հենապատի կառուցում,Այլ պետական կազմակերպությունների կողմից օգտագործվող ոչ ֆինանսական ակտիվների հետ գործառնություններ,8374096.1,8498695.4,8458214.7,0.995,8374096.1,8498695.4,8458214.7,0.995,0.0,115000.0,75000.0,0.652
ՀՀ հաշվեքննիչ պալատ,1161,1161,Հանրային ֆինանսների և սեփականության ոլորտում հաշվեքննություն,"Հանրային ֆինանսների և սեփականության ոլորտում հաշվեքննության օբյեկտների կողմից իրականացվող ֆինանսատնտեսական գործունեության օրինականության ու տնտեսման, նպատակային և ծախսային  արդյունավետության սկզբունքների պահպանման գնահատում","Հաշվեքննության օբյեկտների կողմից իրականացվող ֆինանսատնտեսական գործունեության օրինականության և արդյունավետության վերաբերյալ Ազգային ժողովին և հանրությանը ժամանակին, մասնագիտական և անկողմնակալ տեղեկատվության ներկայացում",11001,Արտաքին պետական հաշվեքննության ծառայություններ,"Արտաքին պետական հաշվեքննության ոլորտում քաղաքականության մշակման, հաստատման և իրականացման, ինչպես նաև Հաշվեքննիչ պալատի բնականոն գործունեության ապահովում",Ծառայությունների մատուցում,1005530.4,1005640.4,827332.6,0.823,1005530.4,1005640.4,827332.6,0.823,983699.1,983699.1,819523.6,0.833
ՀՀ հաշվեքննիչ պալատ,1161,1161,Հանրային ֆինանսների և սեփականության ոլորտում հաշվեքննություն,"Հանրային ֆինանսների և սեփականության ոլորտում հաշվեքննության օբյեկտների կողմից իրականացվող ֆինանսատնտեսական գործունեության օրինականության ու տնտեսման, նպատակային և ծախսային  արդյունավետության սկզբունքների պահպանման գնահատում","Հաշվեքննության օբյեկտների կողմից իրականացվող ֆինանսատնտեսական գործունեության օրինականության և արդյունավետության վերաբերյալ Ազգային ժողովին և հանրությանը ժամանակին, մասնագիտական և անկողմնակալ տեղեկատվության ներկայացում",11002,Հաշվեքննիչ պալատի պահուստային ֆոնդ,"Հաշվեքննիչ պալատի գործունեության արդյունավետ և նպատակային իրականացման համար, չնախատեսված ծախսերի կատարման ապահովում",Ծառայությունների մատուցում,1005530.4,1005640.4,827332.6,0.823,1005530.4,1005640.4,827332.6,0.823,19716.3,19716.3,6800.0,0.345
ՀՀ հաշվեքննիչ պալատ,1161,1161,Հանրային ֆինանսների և սեփականության ոլորտում հաշվեքննություն,"Հանրային ֆինանսների և սեփականության ոլորտում հաշվեքննության օբյեկտների կողմից իրականացվող ֆինանսատնտեսական գործունեության օրինականության ու տնտեսման, նպատակային և ծախսային  արդյունավետության սկզբունքների պահպանման գնահատում","Հաշվեքննության օբյեկտների կողմից իրականացվող ֆինանսատնտեսական գործունեության օրինականության և արդյունավետության վերաբերյալ Ազգային ժողովին և հանրությանը ժամանակին, մասնագիտական և անկողմնակալ տեղեկատվության ներկայացում",11004,"ՀՀ պետական կառավարման մարմինների կողմից  դիմումներ, հայցադիմումներ, դատարանի վճիռների  և որոշումների դեմ վերաքննիչ և վճռաբեկ բողոքներ ներկայացնելիս` «Պետական տուրքի մասին» ՀՀ օրենքով սահմանված վճարումներ","ՀՀ պետական կառավարման մարմինների կողմից  դիմումներ, հայցադիմումներ, դատարանի վճիռների  և որոշումների դեմ վերաքննիչ և վճռաբեկ բողոքներ ներկայացնելիս` «Պետական տուրքի մասին» ՀՀ օրենքով սահմանված վճարումներ",Ծառայությունների մատուցում,1005530.4,1005640.4,827332.6,0.823,1005530.4,1005640.4,827332.6,0.823,0.0,110.0,110.0,1.0
ՀՀ հաշվեքննիչ պալատ,1161,1161,Հանրային ֆինանսների և սեփականության ոլորտում հաշվեքննություն,"Հանրային ֆինանսների և սեփականության ոլորտում հաշվեքննության օբյեկտների կողմից իրականացվող ֆինանսատնտեսական գործունեության օրինականության ու տնտեսման, նպատակային և ծախսային  արդյունավետության սկզբունքների պահպանման գնահատում","Հաշվեքննության օբյեկտների կողմից իրականացվող ֆինանսատնտեսական գործունեության օրինականության և արդյունավետության վերաբերյալ Ազգային ժողովին և հանրությանը ժամանակին, մասնագիտական և անկողմնակալ տեղեկատվության ներկայացում",31001,Հաշվեքննիչ պալատի տեխնիկական հագեցվածության բարելավում,Հաշվեքննիչ պալատի գործունեության համար անհրաժեշտ վարչական և այլ սարքավորումների ձեռք բերում,Պետական մարմինների կողմից օգտագործվող ոչ ֆինանսական ակտիվների հետ գործառնություններ,1005530.4,1005640.4,827332.6,0.823,1005530.4,1005640.4,827332.6,0.823,2115.0,2115.0,899.0,0.425
Մարդու իրավունքների պաշտպանի աշխատակազմ,1060,1060,Մարդու իրավունքների պաշտպանություն,Մարդու իրավունքների և հիմնարար ազատությունների պաշտպանություն,"ՀՀ-ում խախտված իրավունքների և ազատությունների վերականգնում, առնչվող նորմատիվ իրավական ակտերի կատարելագործում",11001,Մարդու իրավունքների և հիմնարար ազատությունների պաշտպանության ծառայությունների տրամադրում,"Մարդու իրավունքների պաշտպանության հարցերին վերաբերող բողոքների քննարկում, որոշման ընդունում, մոնիտորինգ, բողոքների լուսաբանում և հասարակական իրազեկում, օրենսդրության կատարելագործում, միջազգային համագործակցություն և այլն",Ծառայությունների մատուցում,587082.6,587082.6,578061.0,0.985,587082.6,587082.6,578061.0,0.985,578926.2,578926.2,572894.9,0.99
Մարդու իրավունքների պաշտպանի աշխատակազմ,1060,1060,Մարդու իրավունքների պաշտպանություն,Մարդու իրավունքների և հիմնարար ազատությունների պաշտպանություն,"ՀՀ-ում խախտված իրավունքների և ազատությունների վերականգնում, առնչվող նորմատիվ իրավական ակտերի կատարելագործում",31001,ՀՀ մարդու իրավունքների պաշտպանի աշխատակազմի տեխնիկական հագեցվածության բարելավում,ՀՀ մարդու իրավունքների պաշտպանի աշխատակազմի աշխատանքային պայմանների բարելավման համար վարչական սարքավորումների ձեռքբերում,Պետական մարմինների կողմից օգտագործվող ոչ ֆինանսական ակտիվների հետ գործառնություններ,587082.6,587082.6,578061.0,0.985,587082.6,587082.6,578061.0,0.985,8156.4,8156.4,5166.0,0.633
ՀՀ միջուկային անվտանգության կարգավորման կոմիտե,1054,1054,Միջուկային և ճառագայթային անվտանգության կարգավորում,Ատոմային էներգիայի օգտագործման բնագավառի անվտանգության պետական կարգավորում,"Բնակչության, ատոմային էներգիայի օգտագործման օբյեկտների անձնակազմի, շրջակա միջավայրի պաշտպանություն իոնացնող ճառագայթման հնարավոր վնասակար ազդեցությունից",11001,Միջուկային և ճառագայթային անվտանգության կարգավորում,"Միջուկային և ճառագայթային անվտանգության բնագավառում պետական քաղաքականության, կարգավորող վերահսկողության իրականացում, օրենսդրական և նորմատիվ բազայի մշակում, դրանց վերանայում, ատոմային էներգիայի օգտագործման բնագավառում գործունեության լիցենզավորում",Ծառայությունների մատուցում,440434.0,479027.3,471888.8,0.985,440434.0,479027.3,471888.8,0.985,440434.0,458727.3,455888.8,0.9940000000000001
ՀՀ միջուկային անվտանգության կարգավորման կոմիտե,1054,1054,Միջուկային և ճառագայթային անվտանգության կարգավորում,Ատոմային էներգիայի օգտագործման բնագավառի անվտանգության պետական կարգավորում,"Բնակչության, ատոմային էներգիայի օգտագործման օբյեկտների անձնակազմի, շրջակա միջավայրի պաշտպանություն իոնացնող ճառագայթման հնարավոր վնասակար ազդեցությունից",31001,ՀՀ միջուկային անվտանգության կարգավորման կոմիտեին  և  «Միջուկային և ռադիացիոն անվտանգության գիտատեխնիկական կենտրոն»  ՓԲԸ -ին  շենքային պայմաններով ապահովում,ՀՀ միջուկային անվտանգության կարգավորման կոմիտեին  և  ՄՌԱԳՏԿ ՓԲԸ -ին  շենքային պայմաններով ապահովում,Պետական մարմինների կողմից օգտագործվող ոչ ֆինանսական ակտիվների հետ գործառնություններ,440434.0,479027.3,471888.8,0.985,440434.0,479027.3,471888.8,0.985,0.0,20300.0,16000.0,0.7879999999999999
Պետական պահպանության ծառայություն,1036,1036,Պետական պահպանության ապահովում,Հատուկ պետական պաշտպանության ենթակա օբյեկտների անվտանգության ապահովում,Պետական պահպանության ենթակա օբեկտների անվտանգության խախտման դեպքերի կրճատում,11001,Պետական պահպանության ծառայություններ,"Բարձրաստիճան պաշտոնատար անձանց, նրանց բարձրաստիճան հյուրերի անվտանգության ապահովում",Ծառայությունների մատուցում,7704211.4,7726855.1,7654616.9,0.991,7704211.4,7726855.1,7654616.9,0.991,7422375.9,7442944.6,7383478.1,0.992
Պետական պահպանության ծառայություն,1036,1036,Պետական պահպանության ապահովում,Հատուկ պետական պաշտպանության ենթակա օբյեկտների անվտանգության ապահովում,Պետական պահպանության ենթակա օբեկտների անվտանգության խախտման դեպքերի կրճատում,31001,ՊՊԾ տրանսպորտային միջոցներով ապահովվածության բարելավում,Պահպանության ծառայության կարիքների համար ավտոմեքենաների ձեռքբերում,Պետական մարմինների կողմից օգտագործվող ոչ ֆինանսական ակտիվների հետ գործառնություններ,7704211.4,7726855.1,7654616.9,0.991,7704211.4,7726855.1,7654616.9,0.991,250000.0,250000.0,249200.0,0.997
Պետական պահպանության ծառայություն,1036,1036,Պետական պահպանության ապահովում,Հատուկ պետական պաշտպանության ենթակա օբյեկտների անվտանգության ապահովում,Պետական պահպանության ենթակա օբեկտների անվտանգության խախտման դեպքերի կրճատում,31002,ՊՊԾ տեխնիկական հագեցվածության բարելավում,Համակարգչային սարքավորումների և գրասենյակային գույքի ձեռքբերում,Պետական մարմինների կողմից օգտագործվող ոչ ֆինանսական ակտիվների հետ գործառնություններ,7704211.4,7726855.1,7654616.9,0.991,7704211.4,7726855.1,7654616.9,0.991,31835.5,33910.5,21938.8,0.647
ՀՀ քննչական կոմիտե,1180,1180,ՀՀ քննչական ծառայություններ,Հանցագործությունների օբյեկտիվ և արդյունավետ նախաքննության իրականացման ապահովոււմ,"Հանցագործությունների արդյունավետ նախաքննություն, նախաքննության ժամկետների կրճատում",11001,Քրեական վարույթներով նախաքննության իրականացում,ՀՀ քրեական դատավարության օրենսգրքով և ՀՀ քննչական կոմիտեի մասին ՀՀ օրենքով Կոմիտեին վերապահված լիազորությունների իրականացում,Ծառայությունների մատուցում,18986223.7,20648010.7,19164971.4,0.9279999999999999,18986223.7,20648010.7,19164971.4,0.9279999999999999,16892079.2,16892079.2,15814946.3,0.9359999999999999
ՀՀ քննչական կոմիտե,1180,1180,ՀՀ քննչական ծառայություններ,Հանցագործությունների օբյեկտիվ և արդյունավետ նախաքննության իրականացման ապահովոււմ,"Հանցագործությունների արդյունավետ նախաքննություն, նախաքննության ժամկետների կրճատում",11002,Վերապատրաստման և պատրաստման կազմակերպում,ՀՀ քննչական կոմիտեի  ծառայողների վերապատրաստման և պատրաստման իրականացում,Ծառայությունների մատուցում,18986223.7,20648010.7,19164971.4,0.9279999999999999,18986223.7,20648010.7,19164971.4,0.9279999999999999,23424.6,23424.6,10011.5,0.42700000000000005
ՀՀ քննչական կոմիտե,1180,1180,ՀՀ քննչական ծառայություններ,Հանցագործությունների օբյեկտիվ և արդյունավետ նախաքննության իրականացման ապահովոււմ,"Հանցագործությունների արդյունավետ նախաքննություն, նախաքննության ժամկետների կրճատում",11003,ՀՀ քննչական կոմիտեի պահուստային ֆոնդ,"ՀՀ քննչական կոմիտեի արդյունավետ գործունեությանը  նպաստում, չկանխատեսված ծախսերի կատարման ապահովում",Ծառայությունների մատուցում,18986223.7,20648010.7,19164971.4,0.9279999999999999,18986223.7,20648010.7,19164971.4,0.9279999999999999,316857.0,316857.0,278304.8,0.878
ՀՀ քննչական կոմիտե,1180,1180,ՀՀ քննչական ծառայություններ,Հանցագործությունների օբյեկտիվ և արդյունավետ նախաքննության իրականացման ապահովոււմ,"Հանցագործությունների արդյունավետ նախաքննություն, նախաքննության ժամկետների կրճատում",11004,Փորձագիտական ծառայությունների տրամադրում,Փորձագիտական ծառայությունների տրամադրում և քրեագիտական աջակցություն,Ծառայությունների մատուցում,18986223.7,20648010.7,19164971.4,0.9279999999999999,18986223.7,20648010.7,19164971.4,0.9279999999999999,721775.9,2383562.9,2383560.0,1.0
ՀՀ քննչական կոմիտե,1180,1180,ՀՀ քննչական ծառայություններ,Հանցագործությունների օբյեկտիվ և արդյունավետ նախաքննության իրականացման ապահովոււմ,"Հանցագործությունների արդյունավետ նախաքննություն, նախաքննության ժամկետների կրճատում",12001,Մասնագիտական վերապատրաստում անցնող ունկնդիրներին կրթաթոշակի տրամադրում,Քննիչների թեկնածությունների ցուցակում ընդգրկված անձանց մասնագիտական պատրաստման ընթացքում տրվող կրթաթոշակ,Տրանսֆերտների տրամադրում,18986223.7,20648010.7,19164971.4,0.9279999999999999,18986223.7,20648010.7,19164971.4,0.9279999999999999,41932.8,41932.8,26897.7,0.6409999999999999
ՀՀ քննչական կոմիտե,1180,1180,ՀՀ քննչական ծառայություններ,Հանցագործությունների օբյեկտիվ և արդյունավետ նախաքննության իրականացման ապահովոււմ,"Հանցագործությունների արդյունավետ նախաքննություն, նախաքննության ժամկետների կրճատում",31004,ՀՀ քննչական կոմիտեի շենքային պայմանների բարելավում,ՀՀ քննչական կոմիտեի վարչական շենքերի կապիտալ վերանորոգում,Պետական մարմինների կողմից օգտագործվող ոչ ֆինանսական ակտիվների հետ գործառնություններ,18986223.7,20648010.7,19164971.4,0.9279999999999999,18986223.7,20648010.7,19164971.4,0.9279999999999999,990154.2,990154.2,651251.1,0.6579999999999999
ՀՀ քաղաքաշինության կոմիտե,1103,1103,Քաղաքաշինության և ճարտարապետության բնագավառում պետական քաղաքականության իրականացում և կանոնակարգում,Քաղաքաշինության և ճարտարապետության բնագավառում պետական քաղաքականության մշակմանն աջակցություն և իրականացման ապահովում,"Քաղաքաշինության գործունեության կանոնակարգում, քաղաքաշինական տեղեկատվական համակարգի ձևավորում և քաղաքաշինության բնագավառում պետական ծրագրերի իրականացման ապահովում",11001,"Քաղաքաշինության և ճարտարապետության բնագավառում պետական քաղաքականության մշակման, իրականացման, համակարգման, պլանավորման, մոնիտորինգի, կապիտալ ծրագրերի կատարման, պետական գնումների իրականացման ծառայություն","Քաղաքաշինության և ճարտարապետության բնագավառում քաղաքականության մշակում, կատարման համակարգում, պլանավորում, իրականացում, մոնիտորինգ, լիցենզավորում,  հաշվետվողականություն, աուդիտ, պետական գնումների իրականացում, հասարակությանը ոլորտի ծրագրերի իրազեկում",Ծառայությունների մատուցում,3305933.6,3532059.7,3401862.6,0.963,3305933.6,3532059.7,3401862.6,0.963,1066304.0,1145130.5,1143532.4,0.9990000000000001
ՀՀ քաղաքաշինության կոմիտե,1103,1103,Քաղաքաշինության և ճարտարապետության բնագավառում պետական քաղաքականության իրականացում և կանոնակարգում,Քաղաքաշինության և ճարտարապետության բնագավառում պետական քաղաքականության մշակմանն աջակցություն և իրականացման ապահովում,"Քաղաքաշինության գործունեության կանոնակարգում, քաղաքաշինական տեղեկատվական համակարգի ձևավորում և քաղաքաշինության բնագավառում պետական ծրագրերի իրականացման ապահովում",11002,Նորմատիվատեխնիկական փաստաթղթերի մշակում  և տեղայնացում,"Միջպետական (տարածաշրջանային), միջազգային և եվրոպական նորմերին ու ստանդարտներին համահունչ ազգային քաղաքաշինական նորմատիվ փաստաթղթերի մշակում, տեղայնացում, արդիականացում և բազայի համալրում",Ծառայությունների մատուցում,3305933.6,3532059.7,3401862.6,0.963,3305933.6,3532059.7,3401862.6,0.963,268000.0,235843.0,126919.0,0.5379999999999999
ՀՀ քաղաքաշինության կոմիտե,1103,1103,Քաղաքաշինության և ճարտարապետության բնագավառում պետական քաղաքականության իրականացում և կանոնակարգում,Քաղաքաշինության և ճարտարապետության բնագավառում պետական քաղաքականության մշակմանն աջակցություն և իրականացման ապահովում,"Քաղաքաշինության գործունեության կանոնակարգում, քաղաքաշինական տեղեկատվական համակարգի ձևավորում և քաղաքաշինության բնագավառում պետական ծրագրերի իրականացման ապահովում",11004,"ՀՀ պետական կառավարման մարմինների կողմից  դիմումներ, հայցադիմումներ, դատարանի վճիռների  և որոշումների դեմ վերաքննիչ և վճռաբեկ բողոքներ ներկայացնելիս` «Պետական տուրքի մասին» ՀՀ օրենքով սահմանված վճարումներ","ՀՀ պետական կառավարման մարմինների կողմից  դիմումներ, հայցադիմումներ, դատարանի վճիռների  և որոշումների դեմ վերաքննիչ և վճռաբեկ բողոքներ ներկայացնելիս` «Պետական տուրքի մասին» ՀՀ օրենքով սահմանված վճարումներ",Ծառայությունների մատուցում,3305933.6,3532059.7,3401862.6,0.963,3305933.6,3532059.7,3401862.6,0.963,0.0,2467.2,2467.1,1.0
ՀՀ քաղաքաշինության կոմիտե,1103,1103,Քաղաքաշինության և ճարտարապետության բնագավառում պետական քաղաքականության իրականացում և կանոնակարգում,Քաղաքաշինության և ճարտարապետության բնագավառում պետական քաղաքականության մշակմանն աջակցություն և իրականացման ապահովում,"Քաղաքաշինության գործունեության կանոնակարգում, քաղաքաշինական տեղեկատվական համակարգի ձևավորում և քաղաքաշինության բնագավառում պետական ծրագրերի իրականացման ապահովում",11010,Ավարտվող շինարարական օբյեկտների ավարտական ակտերի և  շահագործման թույլտվություններ ստանալու համար տեղական  տուրքի վճարների ապահովում,ՀՀ քաղաքաշինության կոմիտեի պատվիրատվությամբ իրականացվող ավարտվող շինարարական օբյեկտների շահագործման թույլտվությունը և ավարտական ակտը ստանալու համար տեղականտուրքի վճարների ապահովում,Ծառայությունների մատուցում,3305933.6,3532059.7,3401862.6,0.963,3305933.6,3532059.7,3401862.6,0.963,0.0,127975.4,127975.4,1.0
ՀՀ քաղաքաշինության կոմիտե,1103,1103,Քաղաքաշինության և ճարտարապետության բնագավառում պետական քաղաքականության իրականացում և կանոնակարգում,Քաղաքաշինության և ճարտարապետության բնագավառում պետական քաղաքականության մշակմանն աջակցություն և իրականացման ապահովում,"Քաղաքաշինության գործունեության կանոնակարգում, քաղաքաշինական տեղեկատվական համակարգի ձևավորում և քաղաքաշինության բնագավառում պետական ծրագրերի իրականացման ապահովում",21001,Քաղաքաշինության բնագավառում պետական ծրագրերի իրականացման ապահովում,"Նախագծանախահաշվային փաստաթղթերի, ինչպես նաեւ հիմնանորոգման, վերակառուցման, կառուցման աշխատանքների ձեռքբերում",Հանրության կողմից անմիջականորեն օգտագործվող ակտիվների հետ կապված միջոցառումներ,3305933.6,3532059.7,3401862.6,0.963,3305933.6,3532059.7,3401862.6,0.963,1941320.0,1979320.0,1964300.0,0.992
ՀՀ քաղաքաշինության կոմիտե,1103,1103,Քաղաքաշինության և ճարտարապետության բնագավառում պետական քաղաքականության իրականացում և կանոնակարգում,Քաղաքաշինության և ճարտարապետության բնագավառում պետական քաղաքականության մշակմանն աջակցություն և իրականացման ապահովում,"Քաղաքաշինության գործունեության կանոնակարգում, քաղաքաշինական տեղեկատվական համակարգի ձևավորում և քաղաքաշինության բնագավառում պետական ծրագրերի իրականացման ապահովում",21003,Շենքերի   և շինությունների մատչելիություն  և անձնագրավորում,"Շենքերի և շինությունների ինժեներատեխնիկական վիճակի հետազննությունների իրականացում, մասնագիտական եզրակացությունների, նախագծանախահաշվային փաստաթղթերի ձեռքբերում, շենքերի և շինությունների անձնագրավորում",Հանրության կողմից անմիջականորեն օգտագործվող ակտիվների հետ կապված միջոցառումներ,3305933.6,3532059.7,3401862.6,0.963,3305933.6,3532059.7,3401862.6,0.963,0.0,10900.0,10000.0,0.917
ՀՀ քաղաքաշինության կոմիտե,1103,1103,Քաղաքաշինության և ճարտարապետության բնագավառում պետական քաղաքականության իրականացում և կանոնակարգում,Քաղաքաշինության և ճարտարապետության բնագավառում պետական քաղաքականության մշակմանն աջակցություն և իրականացման ապահովում,"Քաղաքաշինության գործունեության կանոնակարգում, քաղաքաշինական տեղեկատվական համակարգի ձևավորում և քաղաքաշինության բնագավառում պետական ծրագրերի իրականացման ապահովում",31001,Քաղաքաշինության  կոմիտեի կարողությունների զարգացում և տեխնիկական հագեցվածության ապահովում,Քաղաքաշինության  կոմիտեի աշխատանքային պայմանների բարելավման համար վարչական սարքավորումների ձեռք բերում,Պետական մարմինների կողմից օգտագործվող ոչ ֆինանսական ակտիվների հետ գործառնություններ,3305933.6,3532059.7,3401862.6,0.963,3305933.6,3532059.7,3401862.6,0.963,30309.6,30423.6,26668.7,0.877
Կոռուպցիայի կանխարգելման հանձնաժողով,1181,1181,Կոռուպցիայի կանխարգելման համակարգի զարգացման ապահովում,Նպաստել կոռուպցիայի կանխարգելման համակարգի զարգացմանը և հանրային ինստիտուտների նկատմամբ հասարակության վստահության բարձրացմանը,Բարձրաստիճան պաշտոնատար անձանց գործունեության թափանցիկության և հրապարակայնության բարելավում,11001,Կոռուպցիայի կանխարգելում և բարեվարքության համակարգի զարգացում,"Հայտարարագրման համակարգի բարելավման, բարեվարքության ստանդարտների սահմանման և պահպանման հսկողության, հակակոռուպցիոն իրազեկման, հայտարարագրերի ստուգման ու վերլուծության, օրենքով սահմանված պահանջների կիրառման ծառայություններ",Ծառայությունների մատուցում,405708.9,423455.9,420332.5,0.993,405708.9,423455.9,420332.5,0.993,402753.9,420500.9,417397.2,0.993
Կոռուպցիայի կանխարգելման հանձնաժողով,1181,1181,Կոռուպցիայի կանխարգելման համակարգի զարգացման ապահովում,Նպաստել կոռուպցիայի կանխարգելման համակարգի զարգացմանը և հանրային ինստիտուտների նկատմամբ հասարակության վստահության բարձրացմանը,Բարձրաստիճան պաշտոնատար անձանց գործունեության թափանցիկության և հրապարակայնության բարելավում,11002,Կոռուպցիայի դեմ պայքարին առնչվող հարցերով կրթական և հանրային իրազեկվածության բարձրացմանն ուղղված ծրագրերի մշակման և միջոցառումների իրականացման աշխատանքներ,"Կոռուպցիայի կանխարգելման հանձնաժողովի գործընկերային հարաբերությունների զարգացում, հանրային ճանաչելիության, օրենքով վերապահված գործառույթների և լիազորությունների վերաբերյալ հանրային իրազեկվածության մակարդակի բարձրացում, կրթական բաղադրիչի զարգացում",Ծառայությունների մատուցում,405708.9,423455.9,420332.5,0.993,405708.9,423455.9,420332.5,0.993,2955.0,2955.0,2935.3,0.993
ՀՀ պետական վերահսկողական ծառայություն,1203,1203,Պետական վերահսկողական ծառայություններ,"Վերահսկվող օբյեկտի գործունեության, ինչպես նաև պետական միջոցների կառավարման և ձևավորման արդյունավետության ու օրինականության նկատմամբ պետական վերահսողության ապահովում","ՀՀ պետական միջոցների կառավարման, ձևավորման և օգտագործման արդյունավետության և օրինականության գնահատում",11001,ՀՀ վարչապետին ՀՀ Սահմանադրությամբ և օրենքներով վերապահված վերահսկողական լիազորությունների իրականացման ապահովում,"Պետական միջոցների հաշվին ֆինանսավորվող մարմինների և/կամ կազմակերպությունների նկատմամբ համապատասխանության, օրինականության, արդյունավետության արժանահավատության ուսումնասիրություններ` վերահսկողության նպատակով",Ծառայությունների մատուցում,934213.3,999613.8,994551.6,0.995,934213.3,999613.8,994551.6,0.995,914824.1,980224.6,975812.6,0.995
ՀՀ պետական վերահսկողական ծառայություն,1203,1203,Պետական վերահսկողական ծառայություններ,"Վերահսկվող օբյեկտի գործունեության, ինչպես նաև պետական միջոցների կառավարման և ձևավորման արդյունավետության ու օրինականության նկատմամբ պետական վերահսողության ապահովում","ՀՀ պետական միջոցների կառավարման, ձևավորման և օգտագործման արդյունավետության և օրինականության գնահատում",31001,ՀՀ պետական վերահսկողական ծառայության տեխնիկական հագեցվածության բարելավում,"ՀՀ պետական վերահսկողական ծառայության կարիքների համար գույքի, համակարգչային և այլ սարքավորումների ձեռքբերում",Պետական մարմինների կողմից օգտագործվող ոչ ֆինանսական ակտիվների հետ գործառնություններ,934213.3,999613.8,994551.6,0.995,934213.3,999613.8,994551.6,0.995,19389.2,19389.2,18739.0,0.966
Հակակոռուպցիոն կոմիտե,1231,1231,Կոռուպցիոն հանցագործությունների բացահայտման և քննության ապահովում,ՀՀ քրեական դատավարության օրենսգրքով ՀՀ հակակոռուպցիոն կոմիտեի ենթակայությանը վերապահված քրեական գործերի  քննության իրականացումը և օպերատիվ -հետախուզական գործունեությունը,"Արդյունավետ օպերատիվ-հետախուզական գործունեություն, հետաքննություն և նախաքննություն` դրանց ողջամիտ ժամկետներում իրականացում",11001,Կոռուպցիոն հանցագործությունների բացահայտում և քննություն,"Կոռուպցիոն դեպքերի բացահայտման և քննության ապահովում, դրանց արդյունավետության բարձրացում",Ծառայությունների մատուցում,3463772.3,3463772.3,3387732.9,0.978,3463772.3,3463772.3,3387732.9,0.978,3358394.4,3358394.4,3288821.4,0.9790000000000001
Հակակոռուպցիոն կոմիտե,1231,1231,Կոռուպցիոն հանցագործությունների բացահայտման և քննության ապահովում,ՀՀ քրեական դատավարության օրենսգրքով ՀՀ հակակոռուպցիոն կոմիտեի ենթակայությանը վերապահված քրեական գործերի  քննության իրականացումը և օպերատիվ -հետախուզական գործունեությունը,"Արդյունավետ օպերատիվ-հետախուզական գործունեություն, հետաքննություն և նախաքննություն` դրանց ողջամիտ ժամկետներում իրականացում",11002,ՀՀ հակակոռուպցիոն կոմիտեի պահուստային ֆոնդ,ՀՀ հակակոռուպցիոն կոմիտեի բնականոն գործունեության ապահովման համար չկանխատեսված ծախսերի կատարման ապահովում,Ծառայությունների մատուցում,3463772.3,3463772.3,3387732.9,0.978,3463772.3,3463772.3,3387732.9,0.978,59862.3,59862.3,59840.3,1.0
Հակակոռուպցիոն կոմիտե,1231,1231,Կոռուպցիոն հանցագործությունների բացահայտման և քննության ապահովում,ՀՀ քրեական դատավարության օրենսգրքով ՀՀ հակակոռուպցիոն կոմիտեի ենթակայությանը վերապահված քրեական գործերի  քննության իրականացումը և օպերատիվ -հետախուզական գործունեությունը,"Արդյունավետ օպերատիվ-հետախուզական գործունեություն, հետաքննություն և նախաքննություն` դրանց ողջամիտ ժամկետներում իրականացում",11003,Վերապատրաստման և հատուկ ուսուցման կազմակերպում,ՀՀ հակակոռուպցիոն կոմիտեի ծառայողների վերապատրաստումների իրականացում,Ծառայությունների մատուցում,3463772.3,3463772.3,3387732.9,0.978,3463772.3,3463772.3,3387732.9,0.978,10515.6,10515.6,4079.2,0.38799999999999996
Հակակոռուպցիոն կոմիտե,1231,1231,Կոռուպցիոն հանցագործությունների բացահայտման և քննության ապահովում,ՀՀ քրեական դատավարության օրենսգրքով ՀՀ հակակոռուպցիոն կոմիտեի ենթակայությանը վերապահված քրեական գործերի  քննության իրականացումը և օպերատիվ -հետախուզական գործունեությունը,"Արդյունավետ օպերատիվ-հետախուզական գործունեություն, հետաքննություն և նախաքննություն` դրանց ողջամիտ ժամկետներում իրականացում",31001,ՀՀ հակակոռուպցիոն կոմիտեի  տեխնիկական հագեցվածության բարելավում,ՀՀ հակակոռուպցիոն կոմիտեի գործունեությունն ապահովելու համար վարչական սարքավորումների ձեռքբերում,Պետական մարմինների կողմից օգտագործվող ոչ ֆինանսական ակտիվների հետ գործառնություններ,3463772.3,3463772.3,3387732.9,0.978,3463772.3,3463772.3,3387732.9,0.978,35000.0,35000.0,34992.0,1.0
Արտաքին հետախուզության ծառայություն,1237,1237,Արտաքին հետախուզություն,"Արտաքին սպառնալիքներից անձի, հասարակության և պետության պաշտպանությանը, ՀՀ կենսական շահերին առչնվող տեղեկատվության ստացում և մշակում","ՀՀ արտաքին քաղաքականության, ռազմաքաղաքական, տնտեսական, գիտատեխնիկական, շրջակա միջավայի պահպանության ու կենսական այլ ոլորտներում պետական քաղաքականության իրականացման աջակցություն",11001,Արտաքին հետախուզական գործունեության կազմակերպում,Հետախուզական տեղեկությունների հավաքագրում,Ծառայությունների մատուցում,3826365.0,5593274.8,4984758.6,0.8909999999999999,3826365.0,5593274.8,4984758.6,0.8909999999999999,2580350.3,2087260.1,1930846.8,0.925
Արտաքին հետախուզության ծառայություն,1237,1237,Արտաքին հետախուզություն,"Արտաքին սպառնալիքներից անձի, հասարակության և պետության պաշտպանությանը, ՀՀ կենսական շահերին առչնվող տեղեկատվության ստացում և մշակում","ՀՀ արտաքին քաղաքականության, ռազմաքաղաքական, տնտեսական, գիտատեխնիկական, շրջակա միջավայի պահպանության ու կենսական այլ ոլորտներում պետական քաղաքականության իրականացման աջակցություն",31001,Արտաքին հետախուզության ծառայության շենքային պայմանների ապահովում,"Արտաքին հետախուզության ծառայության համար շենքի ձեռքբերում, կապիտալ վերանորոգում",Պետական մարմինների կողմից օգտագործվող ոչ ֆինանսական ակտիվների հետ գործառնություններ,3826365.0,5593274.8,4984758.6,0.8909999999999999,3826365.0,5593274.8,4984758.6,0.8909999999999999,1246014.7,3506014.7,3053911.8,0.871
ՀՀ Արագածոտնի մարզպետի աշխատակազմ,1002,1002,ՀՀ Արագածոտնի մարզում տարածքային պետական կառավարում,ՀՀ Արագածոտնի մարզում պետական քաղաքականության իրականացման ապահովում,"ՀՀ Արագածոտնի մարզում իրականացվող պետական ծրագրերի արդյունավետության և հասցեականության բարելավում, հետադարձ կապի ապահովում",11001,ՀՀ Արագածոտնի մարզպետի աշխատակազմի կողմից տարածքային պետական կառավարման ապահովում,"Մարզպետի աշխատակազմի  ենթակայության հիմնարկների կառավարում, կրթության, ճանապարհաշինության, քաղաքաշինության և այլ ոլորտներում հասարակական պատվերի տեղաբաշխում, տնտեսության և սոցիալական տարբեր ոլորտներում մարզային միջոցառումների համակարգում",Ծառայությունների մատուցում,454265.3,483267.7,480455.4,0.9940000000000001,454265.3,483267.7,480455.4,0.9940000000000001,448985.3,477987.7,475534.9,0.995
ՀՀ Արագածոտնի մարզպետի աշխատակազմ,1002,1002,ՀՀ Արագածոտնի մարզում տարածքային պետական կառավարում,ՀՀ Արագածոտնի մարզում պետական քաղաքականության իրականացման ապահովում,"ՀՀ Արագածոտնի մարզում իրականացվող պետական ծրագրերի արդյունավետության և հասցեականության բարելավում, հետադարձ կապի ապահովում",31001,ՀՀ Արագածոտնի մարզպետի աշխատակազմի տեխնիկական հագեցվածության բարելավում,ՀՀ Արագածոտնի մարզպետի աշխատակազմի աշխատանքային պայմանների բարելավման համար վարչական սարքավորումների ձեռքբերում,Պետական մարմինների կողմից օգտագործվող ոչ ֆինանսական ակտիվների հետ գործառնություններ,454265.3,483267.7,480455.4,0.9940000000000001,454265.3,483267.7,480455.4,0.9940000000000001,5280.0,5280.0,4920.5,0.932
ՀՀ Արարատի մարզպետի աշխատակազմ,1009,1009,ՀՀ Արարատի մարզում տարածքային պետական կառավարում,ՀՀ Արարատի մարզում պետական քաղաքականության իրականացման ապահովում,"ՀՀ Արարատի մարզում իրականացվող պետական ծրագրերի արդյունավետության և հասցեականության բարելավում, հետադարձ կապի ապահովում",11001,ՀՀ Արարատի մարզպետի աշխատակազմի կողմից տարածքային պետական կառավարման ապահովում,"Մարզպետի աշխատակազմի ենթակայության հիմնարկների կառավարում, կրթության, ճանապարհաշինության, քաղաքաշինության և այլ ոլորտներում հասարակական պատվերի տեղաբաշխում, տնտեսության և սոցիալական տարբեր ոլորտներում մարզային միջոցառումների համակարգում",Ծառայությունների մատուցում,428614.5,459186.3,454050.4,0.9890000000000001,428614.5,459186.3,454050.4,0.9890000000000001,428614.5,459186.3,454050.4,0.9890000000000001
ՀՀ Արմավիրի մարզպետի աշխատակազմ,1010,1010,ՀՀ Արմավիրի մարզում տարածքային պետական կառավարում,ՀՀ Արմավիրի մարզում պետական քաղաքականության իրականացման ապահովում,"ՀՀ Արմավիրի մարզում իրականացվող պետական ծրագրերի արդյունավետության և հասցեականության բարելավում, հետադարձ կապի ապահովում",11001,ՀՀ Արմավիրի  մարզպետի աշխատակազմի կողմից տարածքային պետական կառավարման ապահովում,"Մարզպետի աշխատակազմի ենթակայության հիմնարկների կառավարում, կրթության, ճանապարհաշինության, քաղաքաշինության և այլ ոլորտներում հասարակական պատվերի տեղաբաշխում, տնտեսության և սոցիալական տարբեր ոլորտներում մարզային միջոցառումների համակարգում",Ծառայությունների մատուցում,466173.1,491099.0,489445.7,0.997,466173.1,491099.0,489445.7,0.997,459173.1,484099.0,483355.8,0.998
ՀՀ Արմավիրի մարզպետի աշխատակազմ,1010,1010,ՀՀ Արմավիրի մարզում տարածքային պետական կառավարում,ՀՀ Արմավիրի մարզում պետական քաղաքականության իրականացման ապահովում,"ՀՀ Արմավիրի մարզում իրականացվող պետական ծրագրերի արդյունավետության և հասցեականության բարելավում, հետադարձ կապի ապահովում",31001,ՀՀ Արմավիրի  մարզպետի աշխատակազմի տեխնիկական հագեցվածության բարելավում,ՀՀ Արմավիրի  մարզպետի աշխատակազմի աշխատանքային պայմանների բարելավման համար վարչական սարքավորումների ձեռքբերում,Պետական մարմինների կողմից օգտագործվող ոչ ֆինանսական ակտիվների հետ գործառնություններ,466173.1,491099.0,489445.7,0.997,466173.1,491099.0,489445.7,0.997,7000.0,7000.0,6089.9,0.87
ՀՀ Գեղարքունիքի մարզպետի աշխատակազմ,1025,1025,ՀՀ Գեղարքունիքի մարզում տարածքային պետական կառավարում,ՀՀ Գեղարքունիքի մարզում պետական քաղաքականության իրականացման ապահովում,"ՀՀ Գեղարքունիքի մարզում իրականացվող պետական ծրագրերի արդյունավետության և հասցեականության բարելավում, հետադարձ կապի ապահովում",11001,ՀՀ Գեղարքունիքի  մարզպետի աշխատակազմի կողմից տարածքային պետական կառավարման ապահովում,"Մարզպետի աշխատակազմի ենթակայության հիմնարկների կառավարում, կրթության, ճանապարհաշինության, քաղաքաշինության և այլ ոլորտներում հասարակական պատվերի տեղաբաշխում, տնտեսության և սոցիալական տարբեր ոլորտներում մարզային միջոցառումների համակարգում",Ծառայությունների մատուցում,562992.4,599575.3,592509.1,0.988,562992.4,599575.3,592509.1,0.988,559302.4,595692.4,588633.2,0.988
ՀՀ Գեղարքունիքի մարզպետի աշխատակազմ,1025,1025,ՀՀ Գեղարքունիքի մարզում տարածքային պետական կառավարում,ՀՀ Գեղարքունիքի մարզում պետական քաղաքականության իրականացման ապահովում,"ՀՀ Գեղարքունիքի մարզում իրականացվող պետական ծրագրերի արդյունավետության և հասցեականության բարելավում, հետադարձ կապի ապահովում",11004,"ՀՀ պետական կառավարման մարմինների կողմից  դիմումներ, հայցադիմումներ, դատարանի վճիռների  և որոշումների դեմ վերաքննիչ և վճռաբեկ բողոքներ ներկայացնելիս` «Պետական տուրքի մասին» ՀՀ օրենքով սահմանված վճարումներ",ՊԵԿ կինոլոգիական կենտրոնում վերապատրաստում,Ծառայությունների մատուցում,562992.4,599575.3,592509.1,0.988,562992.4,599575.3,592509.1,0.988,0.0,192.9,192.9,1.0
ՀՀ Գեղարքունիքի մարզպետի աշխատակազմ,1025,1025,ՀՀ Գեղարքունիքի մարզում տարածքային պետական կառավարում,ՀՀ Գեղարքունիքի մարզում պետական քաղաքականության իրականացման ապահովում,"ՀՀ Գեղարքունիքի մարզում իրականացվող պետական ծրագրերի արդյունավետության և հասցեականության բարելավում, հետադարձ կապի ապահովում",31001,ՀՀ Գեղարքունիքի  մարզպետի աշխատակազմի տեխնիկական հագեցվածության բարելավում,ՀՀ Գեղարքունիքի  մարզպետի աշխատակազմի աշխատանքային պայմանների բարելավման համար վարչական սարքավորումների ձեռքբերում,Պետական մարմինների կողմից օգտագործվող ոչ ֆինանսական ակտիվների հետ գործառնություններ,562992.4,599575.3,592509.1,0.988,562992.4,599575.3,592509.1,0.988,3690.0,3690.0,3683.0,0.998
ՀՀ Լոռու մարզպետի աշխատակազմ,1030,1030,ՀՀ Լոռու մարզում տարածքային պետական կառավարում,ՀՀ Լոռու մարզում պետական քաղաքականության իրականացման ապահովում,"ՀՀ Լոռու մարզում իրականացվող պետական ծրագրերի արդյունավետության և հասցեականության բարելավում, հետադարձ կապի ապահովում",11001,ՀՀ Լոռու  մարզպետի աշխատակազմի կողմից տարածքային պետական կառավարման ապահովում,"Մարզպետի աշխատակազմի ենթակայության հիմնարկների կառավարում, կրթության, ճանապարհաշինության, քաղաքաշինության և այլ ոլորտներում հասարակական պատվերի տեղաբաշխում, տնտեսության և սոցիալական տարբեր ոլորտներում մարզային միջոցառումների համակարգում",Ծառայությունների մատուցում,530175.4,576392.6,562558.9,0.976,530175.4,576392.6,562558.9,0.976,528815.4,575032.6,561219.1,0.976
ՀՀ Լոռու մարզպետի աշխատակազմ,1030,1030,ՀՀ Լոռու մարզում տարածքային պետական կառավարում,ՀՀ Լոռու մարզում պետական քաղաքականության իրականացման ապահովում,"ՀՀ Լոռու մարզում իրականացվող պետական ծրագրերի արդյունավետության և հասցեականության բարելավում, հետադարձ կապի ապահովում",31001,ՀՀ Լոռու  մարզպետի աշխատակազմի տեխնիկական հագեցվածության բարելավում,ՀՀ Լոռու  մարզպետի աշխատակազմի աշխատանքային պայմանների բարելավման համար վարչական սարքավորումների ձեռքբերում,Պետական մարմինների կողմից օգտագործվող ոչ ֆինանսական ակտիվների հետ գործառնություններ,530175.4,576392.6,562558.9,0.976,530175.4,576392.6,562558.9,0.976,1360.0,1360.0,1339.8,0.985
ՀՀ Կոտայքի մարզպետի աշխատակազմ,1037,1037,ՀՀ Կոտայքի մարզում տարածքային պետական կառավարում,ՀՀ Կոտայքի մարզում պետական քաղաքականության իրականացման ապահովում,"ՀՀ Կոտայքի մարզում իրականացվող պետական ծրագրերի արդյունավետության և հասցեականության բարելավում, հետադարձ կապի ապահովում",11001,ՀՀ Կոտայքի մարզպետի աշխատակազմի կողմից տարածքային պետական կառավարման ապահովում,"Մարզպետի աշխատակազմի ենթակայության հիմնարկների կառավարում, կրթության, ճանապարհաշինության, քաղաքաշինության և այլ ոլորտներում հասարակական պատվերի տեղաբաշխում, տնտեսության և սոցիալական տարբեր ոլորտներում մարզային միջոցառումների համակարգում",Ծառայությունների մատուցում,479943.6,509460.5,506195.5,0.9940000000000001,479943.6,509460.5,506195.5,0.9940000000000001,476243.6,505310.5,502253.1,0.9940000000000001
ՀՀ Կոտայքի մարզպետի աշխատակազմ,1037,1037,ՀՀ Կոտայքի մարզում տարածքային պետական կառավարում,ՀՀ Կոտայքի մարզում պետական քաղաքականության իրականացման ապահովում,"ՀՀ Կոտայքի մարզում իրականացվող պետական ծրագրերի արդյունավետության և հասցեականության բարելավում, հետադարձ կապի ապահովում",11002,"ՀՀ պետական կառավարման մարմինների կողմից  դիմումներ, հայցադիմումներ, դատարանի վճիռների  և որոշումների դեմ վերաքննիչ և վճռաբեկ բողոքներ ներկայացնելիս` «Պետական տուրքի մասին» ՀՀ օրենքով սահմանված վճարումներ","ՀՀ պետական կառավարման մարմինների կողմից  դիմումներ, հայցադիմումներ, դատարանի վճիռների  և որոշումների դեմ վերաքննիչ և վճռաբեկ բողոքներ ներկայացնելիս` «Պետական տուրքի մասին» ՀՀ օրենքով սահմանված վճարումներ",Ծառայությունների մատուցում,479943.6,509460.5,506195.5,0.9940000000000001,479943.6,509460.5,506195.5,0.9940000000000001,0.0,150.0,150.0,1.0
ՀՀ Կոտայքի մարզպետի աշխատակազմ,1037,1037,ՀՀ Կոտայքի մարզում տարածքային պետական կառավարում,ՀՀ Կոտայքի մարզում պետական քաղաքականության իրականացման ապահովում,"ՀՀ Կոտայքի մարզում իրականացվող պետական ծրագրերի արդյունավետության և հասցեականության բարելավում, հետադարձ կապի ապահովում",31001,ՀՀ Կոտայքի  մարզպետի աշխատակազմի տեխնիկական հագեցվածության բարելավում,ՀՀ Կոտայքի  մարզպետի աշխատակազմի աշխատանքային պայմանների բարելավման համար վարչական սարքավորումների ձեռքբերում,Պետական մարմինների կողմից օգտագործվող ոչ ֆինանսական ակտիվների հետ գործառնություններ,479943.6,509460.5,506195.5,0.9940000000000001,479943.6,509460.5,506195.5,0.9940000000000001,3700.0,4000.0,3792.4,0.948
ՀՀ Շիրակի մարզպետի աշխատակազմ,1039,1039,ՀՀ Շիրակի մարզում տարածքային պետական կառավարում,ՀՀ Շիրակի մարզում պետական քաղաքականության իրականացման ապահովում,ՀՀ Շիրակի մարզում պետական քաղաքականության իրականացման ապահովում,11001,ՀՀ Շիրակի  մարզպետի աշխատակազմ կողմից տարածքային պետական կառավարման ապահովում,"Մարզպետի աշխատակազմի ենթակայության հիմնարկների կառավարում, կրթության, ճանապարհաշինության, քաղաքաշինության և այլ ոլորտներում հասարակական պատվերի տեղաբաշխում, տնտեսության և սոցիալական տարբեր ոլորտներում մարզային միջոցառումների համակարգում",Ծառայությունների մատուցում,520911.9,550528.0,550093.9,0.9990000000000001,520911.9,550528.0,550093.9,0.9990000000000001,514761.9,542958.0,542556.6,0.9990000000000001
ՀՀ Շիրակի մարզպետի աշխատակազմ,1039,1039,ՀՀ Շիրակի մարզում տարածքային պետական կառավարում,ՀՀ Շիրակի մարզում պետական քաղաքականության իրականացման ապահովում,ՀՀ Շիրակի մարզում պետական քաղաքականության իրականացման ապահովում,31001,ՀՀ Շիրակ  մարզպետի աշխատակազմի տեխնիկական հագեցվածության բարելավում,ՀՀ Շիրակ  մարզպետի աշխատակազմի աշխատանքային պայմանների բարելավման համար վարչական սարքավորումների ձեռքբերում,Պետական մարմինների կողմից օգտագործվող ոչ ֆինանսական ակտիվների հետ գործառնություններ,520911.9,550528.0,550093.9,0.9990000000000001,520911.9,550528.0,550093.9,0.9990000000000001,6150.0,7390.0,7357.3,0.996
ՀՀ Սյունիքի մարզպետի աշխատակազմ,1047,1047,ՀՀ Սյունիքի մարզում տարածքային պետական կառավարում,ՀՀ Սյունիքի մարզում պետական քաղաքականության իրականացման ապահովում,"ՀՀ Սյունիքի մարզում իրականացվող պետական ծրագրերի արդյունավետության և հասցեականության բարելավում, հետադարձ կապի ապահովում",11001,ՀՀ Սյունիքի  մարզպետի աշխատակազմի կողմից տարածքային պետական կառավարման ապահովում,"Մարզպետի աշխատակազմի ենթակայության հիմնարկների կառավարում, կրթության, ճանապարհաշինության, քաղաքաշինության և այլ ոլորտներում հասարակական պատվերի տեղաբաշխում, տնտեսության և սոցիալական տարբեր ոլորտներում մարզային միջոցառումների համակարգում",Ծառայությունների մատուցում,470609.0,636058.8,634569.5,0.998,470609.0,636058.8,634569.5,0.998,467609.0,499798.7,498527.2,0.997
ՀՀ Սյունիքի մարզպետի աշխատակազմ,1047,1047,ՀՀ Սյունիքի մարզում տարածքային պետական կառավարում,ՀՀ Սյունիքի մարզում պետական քաղաքականության իրականացման ապահովում,"ՀՀ Սյունիքի մարզում իրականացվող պետական ծրագրերի արդյունավետության և հասցեականության բարելավում, հետադարձ կապի ապահովում",11002,Արտասահմանայն պատվիրակությունների ընդունելություններ,Արտասահմանայն պատվիրակությունների ընդունելություններ,Ծառայությունների մատուցում,470609.0,636058.8,634569.5,0.998,470609.0,636058.8,634569.5,0.998,0.0,133260.1,133260.1,1.0
ՀՀ Սյունիքի մարզպետի աշխատակազմ,1047,1047,ՀՀ Սյունիքի մարզում տարածքային պետական կառավարում,ՀՀ Սյունիքի մարզում պետական քաղաքականության իրականացման ապահովում,"ՀՀ Սյունիքի մարզում իրականացվող պետական ծրագրերի արդյունավետության և հասցեականության բարելավում, հետադարձ կապի ապահովում",31001,ՀՀ Սյունիքի մարզպետի աշխատակազմի տեխնիկական հագեցվածության բարելավում,ՀՀ Սյունիքի  մարզպետի աշխատակազմի աշխատանքային պայմանների բարելավման համար վարչական սարքավորումների ձեռքբերում,Պետական մարմինների կողմից օգտագործվող ոչ ֆինանսական ակտիվների հետ գործառնություններ,470609.0,636058.8,634569.5,0.998,470609.0,636058.8,634569.5,0.998,3000.0,3000.0,2782.2,0.927
ՀՀ Վայոց ձորի մարզպետի աշխատակազմ,1051,1051,ՀՀ Վայոց ձորի մարզում տարածքային պետական կառավարում,ՀՀ Վայոց ձորի մարզում պետական քաղաքականության իրականացման ապահովում,"ՀՀ Վայոց ձորի մարզում իրականացվող պետական ծրագրերի արդյունավետության և հասցեականության բարելավում, հետադարձ կապի ապահովում",11001,ՀՀ Վայոց ձորի  մարզպետի աշխատակազմի կողմից տարածքային պետական կառավարման ապահովում,"Մարզպետի աշխատակազմի ենթակայության հիմնարկների կառավարում, կրթության, ճանապարհաշինության, քաղաքաշինության և այլ ոլորտներում հասարակական պատվերի տեղաբաշխում, տնտեսության և սոցիալական տարբեր ոլորտներում մարզային միջոցառումների համակարգում",Ծառայությունների մատուցում,425630.8,455662.5,452394.4,0.993,425630.8,455662.5,452394.4,0.993,420234.8,450266.5,448978.5,0.997
ՀՀ Վայոց ձորի մարզպետի աշխատակազմ,1051,1051,ՀՀ Վայոց ձորի մարզում տարածքային պետական կառավարում,ՀՀ Վայոց ձորի մարզում պետական քաղաքականության իրականացման ապահովում,"ՀՀ Վայոց ձորի մարզում իրականացվող պետական ծրագրերի արդյունավետության և հասցեականության բարելավում, հետադարձ կապի ապահովում",31001,ՀՀ Վայոց ձորի մարզպետի  աշխատակազմի տեխնիկական հագեցվածության բարելավում,ՀՀ Վայոց ձորի մարզպետի  աշխատակազմի աշխատանքային պայմանների բարելավման համար վարչական սարքավորումների ձեռքբերում,Պետական մարմինների կողմից օգտագործվող ոչ ֆինանսական ակտիվների հետ գործառնություններ,425630.8,455662.5,452394.4,0.993,425630.8,455662.5,452394.4,0.993,5396.0,5396.0,3415.9,0.633
ՀՀ Տավուշի մարզպետի աշխատակազմ,1055,1055,ՀՀ Տավուշի մարզում տարածքային պետական կառավարում,ՀՀ Տավուշի մարզում պետական քաղաքականության իրականացման ապահովում,"ՀՀ Տավուշի մարզում իրականացվող պետական ծրագրերի արդյունավետության և հասցեականության բարելավում, հետադարձ կապի ապահովում",11001,ՀՀ Տավուշի  մարզպետի աշխատակազմի կողմից տարածքային պետական կառավարման ապահովում,"Մարզպետի աշխատակազմի ենթակայության հիմնարկների կառավարում, կրթության, ճանապարհաշինության, քաղաքաշինության և այլ ոլորտներում հասարակական պատվերի տեղաբաշխում, տնտեսության և սոցիալական տարբեր ոլորտներում մարզային միջոցառումների համակարգում",Ծառայությունների մատուցում,484479.3,515586.9,511031.5,0.991,484479.3,515586.9,511031.5,0.991,481979.3,511242.9,506835.9,0.991
ՀՀ Տավուշի մարզպետի աշխատակազմ,1055,1055,ՀՀ Տավուշի մարզում տարածքային պետական կառավարում,ՀՀ Տավուշի մարզում պետական քաղաքականության իրականացման ապահովում,"ՀՀ Տավուշի մարզում իրականացվող պետական ծրագրերի արդյունավետության և հասցեականության բարելավում, հետադարձ կապի ապահովում",11004,Արտասահմանյն պատվիրակության ընդունելություններ,Արտասահմանյն պատվիրակության ընդունելություններ,Ծառայությունների մատուցում,484479.3,515586.9,511031.5,0.991,484479.3,515586.9,511031.5,0.991,0.0,1844.0,1699.0,0.9209999999999999
ՀՀ Տավուշի մարզպետի աշխատակազմ,1055,1055,ՀՀ Տավուշի մարզում տարածքային պետական կառավարում,ՀՀ Տավուշի մարզում պետական քաղաքականության իրականացման ապահովում,"ՀՀ Տավուշի մարզում իրականացվող պետական ծրագրերի արդյունավետության և հասցեականության բարելավում, հետադարձ կապի ապահովում",31001,ՀՀ Տավուշի  մարզպետի աշխատակազմի տեխնիկական հագեցվածության բարելավում,ՀՀ Տավուշի  մարզպետի աշխատակազմի աշխատանքային պայմանների բարելավման համար վարչական սարքավորումների ձեռքբերում,Պետական մարմինների կողմից օգտագործվող ոչ ֆինանսական ակտիվների հետ գործառնություններ,484479.3,515586.9,511031.5,0.991,484479.3,515586.9,511031.5,0.991,2500.0,2500.0,2496.6,0.9990000000000001
ՀՀ կառավարություն,1139,1139,ՀՀ կառավարության պահուստային ֆոնդ,"Պետական բյուջեում չկանխատեսված, ինչպես նաեւ բյուջետային երաշխիքների ապահովման ծախսերի ֆինանսավորման ապահովում",Պահուստային ֆոնդի կառավարման արդյունավետության և թափանցիկության ապահովում,11001,ՀՀ կառավարության պահուստային ֆոնդ,"ՀՀ պետական բյուջեում նախատեսված ելքերի լրացուցիչ ֆինանսավորման, պետական բյուջեում չկանխատեսված ելքերի, ինչպես նաև բյուջետային երաշխիքների ապահովման ելքերի ֆինանսավորման ապահովում",Ծառայությունների մատուցում,65123857.8,601063.8,0.0,0.0,64867857.8,547320.9,0.0,0.0,17757770.1,547320.9,0.0,0.0
ՀՀ կառավարություն,1139,1139,ՀՀ կառավարության պահուստային ֆոնդ,"Պետական բյուջեում չկանխատեսված, ինչպես նաեւ բյուջետային երաշխիքների ապահովման ծախսերի ֆինանսավորման ապահովում",Պահուստային ֆոնդի կառավարման արդյունավետության և թափանցիկության ապահովում,11003,Հարկաբյուջետային ռիսկերի կառավարման պահուստ,Հարկաբյուջետային ռիսկերի կառավարման նպատակով նախատեսված միջոցներ,Ծառայությունների մատուցում,65123857.8,601063.8,0.0,0.0,64867857.8,547320.9,0.0,0.0,47110087.7,0.0,0.0,0.0
ՀՀ կառավարություն,1185,1185,Արտասահմանյան պատվիրակությունների ընդունելությունների և պաշտոնական գործուղումների կազմակերպում,ՀՀ միջազգային համագործակցության և միջազգային ներկայացուցչականության ապահովում,Արտասահմանյան պաշտոնական գործուղումների և արտասահմանյան պատվիրակությունների ընդունելությունների կազմակերպման ապահովում,11001,Արտասահմանյան պատվիրակությունների ընդունելություններ,Արտասահմանյան պատվիրակությունների ընդունելություններ,Ծառայությունների մատուցում,65123857.8,601063.8,0.0,0.0,200000.0,7258.0,0.0,0.0,200000.0,7258.0,0.0,0.0
ՀՀ կառավարություն,1195,1195,Հասարակության և պետության հանդեպ հատուկ ծառայություններ մատուցած քաղաքացիների մահվան դեպքում արարողակարգային միջոցառումների կազմակերպում,Պետական հոգածության դրսևորում և հարգանքի տուրքի մատուցում հասարակության և պետության հանդեպ հատուկ ծառայություններ մատուցած քաղաքացիներին,"Հասարակության և պետության հանդեպ հատուկ ծառայություններ մատուցած քաղաքացիների հրաժեշտի, թաղման, գերեզմանի բարեկարգման և մահարձանի պատրաստման ծառայությունների մատուցման աջակացություն",11001,"Հասարակության և պետության հանդեպ հատուկ ծառայություններ ունեցած քաղաքացիների մահվան դեպքում հրաժեշտի ծիսակատարության և թաղման կազմակերպում, գերեզմանի բարեկարգման և մահարձանի պատրաստման ու տեղադրման աշխատանքներին աջակցություն","Հասարակության և պետության հանդեպ հատուկ ծառայություններ ունեցած քաղաքացիների մահվան դեպքում հրաժեշտի ծիսակատարության և թաղման կազմակերպում, գերեզմանի բարեկարգման և մահարձանի պատրաստման ու տեղադրման աշխատանքներին աջակցություն",Ծառայությունների մատուցում,65123857.8,601063.8,0.0,0.0,56000.0,46485.0,0.0,0.0,56000.0,46485.0,0.0,0.0
