state_body,program_code,program_code_ext,program_name,program_goal,program_result_desc,subprogram_code,subprogram_name,subprogram_desc,subprogram_type,state_body_annual_plan,state_body_rev_annual_plan,state_body_period_plan,state_body_rev_period_plan,state_body_actual,state_body_actual_vs_rev_annual_plan,state_body_actual_vs_rev_period_plan,program_annual_plan,program_rev_annual_plan,program_period_plan,program_rev_period_plan,program_actual,program_actual_vs_rev_annual_plan,program_actual_vs_rev_period_plan,subprogram_annual_plan,subprogram_rev_annual_plan,subprogram_period_plan,subprogram_rev_period_plan,subprogram_actual,subprogram_actual_vs_rev_annual_plan,subprogram_actual_vs_rev_period_plan
Հանրապետության նախագահի աշխատակազմ,1154,1154,Հանրապետության նախագահի լիազորությունների իրականացման ապահովում,Աջակցել Հանրապետության նախագահի լիազորությունների իրականացման ապահովմանը,ՀՀ նախագահի  Սահմանադրությամբ սահմանված լիազորությունների իրականացման ապահովումը,11001,Հանրապետության նախագահի գործունեության և ներկայացուցչականության ապահովում,Հանրապետության նախագահի` ներքին և արտաքին քաղաքականության առնչությամբ Սահմանադրությամբ սահմանված լիազորությունների իրականացման ապահովում,Ծառայությունների մատուցում,1618237.9,1682440.4,791279.3,855481.8,693438.4,0.41200000000000003,0.8109999999999999,1618237.9,1682440.4,791279.3,855481.8,693438.4,0.41200000000000003,0.8109999999999999,1618237.9,1618237.9,791279.3,791279.3,629791.6,0.389,0.7959999999999999
Հանրապետության նախագահի աշխատակազմ,1154,1154,Հանրապետության նախագահի լիազորությունների իրականացման ապահովում,Աջակցել Հանրապետության նախագահի լիազորությունների իրականացման ապահովմանը,ՀՀ նախագահի  Սահմանադրությամբ սահմանված լիազորությունների իրականացման ապահովումը,11005,"ՀՀ պետական կառավարման մարմինների կողմից  դիմումներ, հայցադիմումներ, դատարանի վճիռների  և որոշումների դեմ վերաքննիչ և վճռաբեկ բողոքներ ներկայացնելիս` «Պետական տուրքի մասին» ՀՀ օրենքով սահմանված վճարումներ","ՀՀ պետական կառավարման մարմինների կողմից  դիմումներ, հայցադիմումներ, դատարանի վճիռների  և որոշումների դեմ վերաքննիչ և վճռաբեկ բողոքներ ներկայացնելիս` «Պետական տուրքի մասին» ՀՀ օրենքով սահմանված վճարումներ",Ծառայությունների մատուցում,1618237.9,1682440.4,791279.3,855481.8,693438.4,0.41200000000000003,0.8109999999999999,1618237.9,1682440.4,791279.3,855481.8,693438.4,0.41200000000000003,0.8109999999999999,0.0,160.0,0.0,160.0,160.0,1.0,1.0
Հանրապետության նախագահի աշխատակազմ,1154,1154,Հանրապետության նախագահի լիազորությունների իրականացման ապահովում,Աջակցել Հանրապետության նախագահի լիազորությունների իրականացման ապահովմանը,ՀՀ նախագահի  Սահմանադրությամբ սահմանված լիազորությունների իրականացման ապահովումը,11006,Պետական կառավարման  մարմինների կատարողականի գնահատում և խրախուսում,"Պետական մարմնի գործունեության առաջնահերթությունների սահմանում, կատարողականի գնահատման հիման վրա՛ խրախուսման միջոցով արդյունավետության բարձրացում",Ծառայությունների մատուցում,1618237.9,1682440.4,791279.3,855481.8,693438.4,0.41200000000000003,0.8109999999999999,1618237.9,1682440.4,791279.3,855481.8,693438.4,0.41200000000000003,0.8109999999999999,0.0,64042.5,0.0,64042.5,63486.8,0.991,0.991
ՀՀ Ազգային ժողով,1024,1024,ՀՀ Ազգային ժողովի լիազորությունների իրականացման ապահովում,Օրենսդրական դաշտի ձևավորում և կատարելագործում,Արդյունավետ օրենսդրական դաշտի ապահովում,11001,"ՀՀ Ազգային ժողովի գործունեության ապահովում, օրենսդրական, վերլուծական և ներկայացուցչական ծառայություններ","Իրավական ակտերի նախագծերի մասնագիտական փորձաքննություն, արտաքին կապերի կառավարում, տեղեկատվության և խորհրդատվության տրամադրում",Ծառայությունների մատուցում,7003612.6,7686054.3,3413882.9,4096324.6,3011859.1,0.392,0.735,7003612.6,7686054.3,3413882.9,4096324.6,3011859.1,0.392,0.735,6163087.6,6164028.0,2892416.4,2893356.8,2084742.4,0.33799999999999997,0.721
ՀՀ Ազգային ժողով,1024,1024,ՀՀ Ազգային ժողովի լիազորությունների իրականացման ապահովում,Օրենսդրական դաշտի ձևավորում և կատարելագործում,Արդյունավետ օրենսդրական դաշտի ապահովում,11002,ՀՀ Ազգային ժողովի աշխատակազմի պետական ծառայողների վերապատրաստում,ՀՀ Ազգային ժողովի աշխատակազմի պետական ծառայողների մասնագիտական հմտությունների և կարողությունների զարգացում,Ծառայությունների մատուցում,7003612.6,7686054.3,3413882.9,4096324.6,3011859.1,0.392,0.735,7003612.6,7686054.3,3413882.9,4096324.6,3011859.1,0.392,0.735,1309.2,1309.2,0.0,0.0,0.0,0.0,0.0
ՀՀ Ազգային ժողով,1024,1024,ՀՀ Ազգային ժողովի լիազորությունների իրականացման ապահովում,Օրենսդրական դաշտի ձևավորում և կատարելագործում,Արդյունավետ օրենսդրական դաշտի ապահովում,11003,ՀՀ Ազգային ժողովի դերի բարձրացմանն  ուղղված միջոցառումների իրականացում,"ՀՀ ԱԺ նախագահի հովանու ներքո իրականացվող գիտական, կրթական, մշակութային և սպորտային միջոցառումների կազմակերպում",,7003612.6,7686054.3,3413882.9,4096324.6,3011859.1,0.392,0.735,7003612.6,7686054.3,3413882.9,4096324.6,3011859.1,0.392,0.735,168765.0,168765.0,111382.5,111382.5,57382.5,0.34,0.515
ՀՀ Ազգային ժողով,1024,1024,ՀՀ Ազգային ժողովի լիազորությունների իրականացման ապահովում,Օրենսդրական դաշտի ձևավորում և կատարելագործում,Արդյունավետ օրենսդրական դաշտի ապահովում,11005,Պետական կառավարման  մարմինների կատարողականի գնահատում և խրախուսում,"Պետական մարմնի գործունեության առաջնահերթությունների սահմանում, կատարողականի գնահատման հիման վրա՛ խրախուսման միջոցով արդյունավետության բարձրացում",Ծառայությունների մատուցում,7003612.6,7686054.3,3413882.9,4096324.6,3011859.1,0.392,0.735,7003612.6,7686054.3,3413882.9,4096324.6,3011859.1,0.392,0.735,0.0,667094.7,0.0,667094.7,614726.0,0.9209999999999999,0.9209999999999999
ՀՀ Ազգային ժողով,1024,1024,ՀՀ Ազգային ժողովի լիազորությունների իրականացման ապահովում,Օրենսդրական դաշտի ձևավորում և կատարելագործում,Արդյունավետ օրենսդրական դաշտի ապահովում,12001,Միջազգային խորհրդարանական կազմակերպություններին ՀՀ անդամակցության վճարներ,"ՀՀ անդամակցություն միջազգային խորհրդարանական կազմակերպություններին, միջազգային կազմակերպությունների աշխատանքներին ՀՀ մասնակցություն, երկրում նրանց կողմից ծրագրերի իրականացման ապահովում",Տրանսֆերտների տրամադրում,7003612.6,7686054.3,3413882.9,4096324.6,3011859.1,0.392,0.735,7003612.6,7686054.3,3413882.9,4096324.6,3011859.1,0.392,0.735,149717.1,149717.1,149717.1,149717.1,85996.9,0.574,0.574
ՀՀ Ազգային ժողով,1024,1024,ՀՀ Ազգային ժողովի լիազորությունների իրականացման ապահովում,Օրենսդրական դաշտի ձևավորում և կատարելագործում,Արդյունավետ օրենսդրական դաշտի ապահովում,12002,Աջակցություն կուսակցություններին և կուսակցությունների        դաշինքներին,Օրենսդրությամբ (օրենքներով և կառավարության որոշումներով) նախատեսված օժանդակություն և փոխհատուցումներ,Տրանսֆերտների տրամադրում,7003612.6,7686054.3,3413882.9,4096324.6,3011859.1,0.392,0.735,7003612.6,7686054.3,3413882.9,4096324.6,3011859.1,0.392,0.735,520733.7,502783.7,260366.9,242416.9,136654.7,0.272,0.564
ՀՀ Ազգային ժողով,1024,1024,ՀՀ Ազգային ժողովի լիազորությունների իրականացման ապահովում,Օրենսդրական դաշտի ձևավորում և կատարելագործում,Արդյունավետ օրենսդրական դաշտի ապահովում,31001,Ազգային ժողովի տեխնիկական հագեցվածության բարելավում,Ազգային ժողովի աշխատակազմի աշխատանքային պայմանների բարելավման համար վարչական սարքավորումների ձեռքբերում,,7003612.6,7686054.3,3413882.9,4096324.6,3011859.1,0.392,0.735,7003612.6,7686054.3,3413882.9,4096324.6,3011859.1,0.392,0.735,0.0,32356.6,0.0,32356.6,32356.6,1.0,1.0
ՀՀ վարչապետի  աշխատակազմ,1018,1018,Պետական հատվածի արդիականացման ծրագիր,Ընտրված էլեկտրոնային կառավարման կատարելագործված ծառայությունների հասանելիության բարելավում,"Ծառայությունների մատուցման էլեկտրոնային կառավարման լուծումների իրագործում, հանրային հատվածի արդիականացման և կառավարման բարեփոխումների ընդգրկուն ընթացքի ապահովում:",11004,Համաշխարհային բանկի աջակցությամբ իրականացվող Պետական հատվածի արդիականացման չորրորդ ծրագրի շրջանակներում խորհրդատվական ծառայությունների ձեռքբերում,ՀՀ հանրային հատվածի բարեփոխումների մշակման և իրականացման խորհրդատվական ծառայությունների ձեռքբերում,,25907043.5,27463751.4,10434777.1,12786424.7,11327011.2,0.41200000000000003,0.8859999999999999,4672510.1,4672510.1,381469.0,381469.0,240705.3,0.052000000000000005,0.631,259978.6,259978.6,235660.2,235660.2,183005.4,0.7040000000000001,0.777
ՀՀ վարչապետի  աշխատակազմ,1018,1018,Պետական հատվածի արդիականացման ծրագիր,Ընտրված էլեկտրոնային կառավարման կատարելագործված ծառայությունների հասանելիության բարելավում,"Ծառայությունների մատուցման էլեկտրոնային կառավարման լուծումների իրագործում, հանրային հատվածի արդիականացման և կառավարման բարեփոխումների ընդգրկուն ընթացքի ապահովում:",32003,Համաշխարհային բանկի աջակցությամբ իրականացվող Պետական հատվածի արդիականացման չորրորդ  ծրագրի շրջանակներում էլեկտրոնային կառավարման համակարգերի և սարքավորումների ձեռքբերում,Համաշխարհային բանկի աջակցությամբ իրականացվող  Պետական հատվածի արդիականացման չորրորդ  ծրագրի շրջանակներում էլեկտրոնային կառավարման համակարգերի  և սարքավորումների ձեռքբերում,,25907043.5,27463751.4,10434777.1,12786424.7,11327011.2,0.41200000000000003,0.8859999999999999,4672510.1,4672510.1,381469.0,381469.0,240705.3,0.052000000000000005,0.631,4412531.5,4412531.5,145808.8,145808.8,57699.9,0.013000000000000001,0.396
ՀՀ վարչապետի  աշխատակազմ,1033,1033,Աջակցություն հասարակական և այլ կազմակերպություններին,Քաղաքացիական հասարակության զարգացում,Հասարակության կայուն զարգացման գործընթացներում քաղաքացիական հասարակության կառույցների ընդգրկվածություն և մասնակցություն,11002,Պետական կառավարման գործընթացներին քաղաքացիական հասարակության մասնակցության ապահովում,Հանրային խորհրդի բնականոն գործունեության  ապահովում,,25907043.5,27463751.4,10434777.1,12786424.7,11327011.2,0.41200000000000003,0.8859999999999999,78813.0,78813.0,51797.5,51797.5,23998.0,0.304,0.46299999999999997,12000.0,12000.0,6893.0,6893.0,0.0,0.0,0.0
ՀՀ վարչապետի  աշխատակազմ,1033,1033,Աջակցություն հասարակական և այլ կազմակերպություններին,Քաղաքացիական հասարակության զարգացում,Հասարակության կայուն զարգացման գործընթացներում քաղաքացիական հասարակության կառույցների ընդգրկվածություն և մասնակցություն,11003,Աջակցություն հասարակական կազմակերպություններին,Աջակցություն հասարակական կազմակերպություններին,Ծառայությունների մատուցում,25907043.5,27463751.4,10434777.1,12786424.7,11327011.2,0.41200000000000003,0.8859999999999999,78813.0,78813.0,51797.5,51797.5,23998.0,0.304,0.46299999999999997,41813.0,41813.0,20906.5,20906.5,0.0,0.0,0.0
ՀՀ վարչապետի  աշխատակազմ,1033,1033,Աջակցություն հասարակական և այլ կազմակերպություններին,Քաղաքացիական հասարակության զարգացում,Հասարակության կայուն զարգացման գործընթացներում քաղաքացիական հասարակության կառույցների ընդգրկվածություն և մասնակցություն,12001,Պետական աջակցություն ազգային փոքրամասնությունների հասարակական կազմակերպություններին,Պետական աջակցություն ազգային փոքրամասնությունների հասարակական կազմակերպություններին,Տրանսֆերտների տրամադրում,25907043.5,27463751.4,10434777.1,12786424.7,11327011.2,0.41200000000000003,0.8859999999999999,78813.0,78813.0,51797.5,51797.5,23998.0,0.304,0.46299999999999997,25000.0,25000.0,23998.0,23998.0,23998.0,0.96,1.0
ՀՀ վարչապետի  աշխատակազմ,1091,1091,Հանրային իրազեկում,"Հանրային կապերի, պետական մարմինների թափանցիկության, տեղեկատվության մատչելիության ապահովում","Հանրության իրազեկվածության մակարդակի բարելավում, ՀՀ համար կարևոր նշանակություն ունեցող իրադարձությունների լուսաբանում",11001,Հանրային իրազեկում և հասարակական-քաղաքագիտական հետազոտություններ,"Կառավարության գործունեության լուսաբանում, թեմատիկ վերլուծություններ և ԶԼՄ-ների ամենօրյա մշտադիտարկում",Ծառայությունների մատուցում,25907043.5,27463751.4,10434777.1,12786424.7,11327011.2,0.41200000000000003,0.8859999999999999,1346463.4,1346463.4,673227.9,673227.9,673227.9,0.5,1.0,785487.6,785487.6,392740.0,392740.0,392740.0,0.5,1.0
ՀՀ վարչապետի  աշխատակազմ,1091,1091,Հանրային իրազեկում,"Հանրային կապերի, պետական մարմինների թափանցիկության, տեղեկատվության մատչելիության ապահովում","Հանրության իրազեկվածության մակարդակի բարելավում, ՀՀ համար կարևոր նշանակություն ունեցող իրադարձությունների լուսաբանում",11004,"Տեղեկատվության ձեռքբերման, պահպանման և արխիվացման ծառայություններ","Տեղեկատվության ձեռքբերման, պահպանման և արխիվացման ծառայություններ",Ծառայությունների մատուցում,25907043.5,27463751.4,10434777.1,12786424.7,11327011.2,0.41200000000000003,0.8859999999999999,1346463.4,1346463.4,673227.9,673227.9,673227.9,0.5,1.0,179332.4,179332.4,89666.2,89666.2,89666.2,0.5,1.0
ՀՀ վարչապետի  աշխատակազմ,1091,1091,Հանրային իրազեկում,"Հանրային կապերի, պետական մարմինների թափանցիկության, տեղեկատվության մատչելիության ապահովում","Հանրության իրազեկվածության մակարդակի բարելավում, ՀՀ համար կարևոր նշանակություն ունեցող իրադարձությունների լուսաբանում",11011,ՀՀ վերաբերյալ պաշտոնական տեղեկատվության   ապահովում  նաև միջազգային հարթակներում,"Հանրության իրազեկվածության մակարդակի բարելավում, ՀՀ վերաբերյալ օբյեկտիվ տեղեկատվության ավելի լայն լսարանի ներգրավում",Ծառայությունների մատուցում,25907043.5,27463751.4,10434777.1,12786424.7,11327011.2,0.41200000000000003,0.8859999999999999,1346463.4,1346463.4,673227.9,673227.9,673227.9,0.5,1.0,98998.8,98998.8,49499.4,49499.4,49499.4,0.5,1.0
ՀՀ վարչապետի  աշխատակազմ,1091,1091,Հանրային իրազեկում,"Հանրային կապերի, պետական մարմինների թափանցիկության, տեղեկատվության մատչելիության ապահովում","Հանրության իրազեկվածության մակարդակի բարելավում, ՀՀ համար կարևոր նշանակություն ունեցող իրադարձությունների լուսաբանում",12001,«Միր» միջպետական հեռուստառադիոընկերության ՀՀ մասնաբաժնի վճար,ԱՊՀ երկրներում հեռուստառադիոծրագրերի հեռարձակում,Տրանսֆերտների տրամադրում,25907043.5,27463751.4,10434777.1,12786424.7,11327011.2,0.41200000000000003,0.8859999999999999,1346463.4,1346463.4,673227.9,673227.9,673227.9,0.5,1.0,282644.6,282644.6,141322.3,141322.3,141322.3,0.5,1.0
ՀՀ վարչապետի  աշխատակազմ,1132,1132,Քաղաքացիական ծառայողների վերապատրաստում,Քաղաքացիական ծառայողների աշխատանքի  արդյունավետության բարելավում,"Քաղաքացիական ծառայության ոլորտում անկախ, արհեստավարժ և բարոյական բարձր հատկանիշներով օժտված կադրերի ապահովումը",11001,ՀՀ քաղաքացիական ծառայողների վերապատրաստման ծառայություններ,Քաղաքացիական ծառայողների մասնագիտական գիտելիքների և աշխատանքային ունակությունների հետևողական վերապատրաստման և ուսուցման ծառայություններ,Ծառայությունների մատուցում,25907043.5,27463751.4,10434777.1,12786424.7,11327011.2,0.41200000000000003,0.8859999999999999,12152.0,12152.0,0.0,0.0,0.0,0.0,0.0,12152.0,12152.0,0.0,0.0,0.0,0.0,0.0
ՀՀ վարչապետի  աշխատակազմ,1136,1136,ՀՀ Վարչապետի լիազորությունների իրականացման ապահովում,"Աջակցել կառավարության, վարչապետի և փոխվարչապետերի գործունեությանը",ՀՀ կառավարության և վարչապետի որոշումների ու հանձնարարականների կատարման վերահսկողության ապահովում,11001,"Ծառայությունների, ծրագրերի համակարգում","Աջակցություն ՀՀ կառավարությանը` քաղաքականության և ծրագրերի մշակման և իրականացման գործընթացում, վերահսկողության կատարման գործընթացում",Ծառայությունների մատուցում,25907043.5,27463751.4,10434777.1,12786424.7,11327011.2,0.41200000000000003,0.8859999999999999,7840971.5,9178079.1,4146127.8,5483235.4,4914346.7,0.535,0.8959999999999999,5460125.4,5458125.4,2525016.7,2523016.7,2104022.1,0.385,0.8340000000000001
ՀՀ վարչապետի  աշխատակազմ,1136,1136,ՀՀ Վարչապետի լիազորությունների իրականացման ապահովում,"Աջակցել կառավարության, վարչապետի և փոխվարչապետերի գործունեությանը",ՀՀ կառավարության և վարչապետի որոշումների ու հանձնարարականների կատարման վերահսկողության ապահովում,11004,Աջակցություն ՀՀ վարչապետի աշխատակազմի ներքո գործող Արդյունահանող ճյուղերի թափանցիկության նախաձեռնության քարտուղարությանը,"Ազգային ծրագրով նախատեսված տեխնիկական առաջադրանքների նախագծերի հաստատման ենթակա փաստաթղթերի կազմում, հանրային իրազեկման միջոցառումների իրականացում և դոնոր կազմակերպությունների հետ աշխատանքի համակարգում",Ծառայությունների մատուցում,25907043.5,27463751.4,10434777.1,12786424.7,11327011.2,0.41200000000000003,0.8859999999999999,7840971.5,9178079.1,4146127.8,5483235.4,4914346.7,0.535,0.8959999999999999,18812.5,18812.5,10136.4,10136.4,7604.5,0.40399999999999997,0.75
ՀՀ վարչապետի  աշխատակազմ,1136,1136,ՀՀ Վարչապետի լիազորությունների իրականացման ապահովում,"Աջակցել կառավարության, վարչապետի և փոխվարչապետերի գործունեությանը",ՀՀ կառավարության և վարչապետի որոշումների ու հանձնարարականների կատարման վերահսկողության ապահովում,11005,Սպասարկման ծառայություններ,ՀՀ Կառավարական շենքերի և այլ գույքի սպասարկում,Ծառայությունների մատուցում,25907043.5,27463751.4,10434777.1,12786424.7,11327011.2,0.41200000000000003,0.8859999999999999,7840971.5,9178079.1,4146127.8,5483235.4,4914346.7,0.535,0.8959999999999999,487897.5,487897.5,234470.0,234470.0,234470.0,0.48100000000000004,1.0
ՀՀ վարչապետի  աշխատակազմ,1136,1136,ՀՀ Վարչապետի լիազորությունների իրականացման ապահովում,"Աջակցել կառավարության, վարչապետի և փոխվարչապետերի գործունեությանը",ՀՀ կառավարության և վարչապետի որոշումների ու հանձնարարականների կատարման վերահսկողության ապահովում,11007,"ՀՀ պետական կառավարման մարմինների կողմից  դիմումներ, հայցադիմումներ, դատարանի վճիռների  և որոշումների դեմ վերաքննիչ և վճռաբեկ բողոքներ ներկայացնելիս` «Պետական տուրքի մասին» ՀՀ օրենքով սահմանված վճարումներ","ՀՀ պետական կառավարման մարմինների կողմից  դիմումներ, հայցադիմումներ, դատարանի վճիռների  և որոշումների դեմ վերաքննիչ և վճռաբեկ բողոքներ ներկայացնելիս` «Պետական տուրքի մասին» ՀՀ օրենքով սահմանված վճարումներ",Տրանսֆերտների տրամադրում,25907043.5,27463751.4,10434777.1,12786424.7,11327011.2,0.41200000000000003,0.8859999999999999,7840971.5,9178079.1,4146127.8,5483235.4,4914346.7,0.535,0.8959999999999999,0.0,9179.2,0.0,9179.2,9179.2,1.0,1.0
ՀՀ վարչապետի  աշխատակազմ,1136,1136,ՀՀ Վարչապետի լիազորությունների իրականացման ապահովում,"Աջակցել կառավարության, վարչապետի և փոխվարչապետերի գործունեությանը",ՀՀ կառավարության և վարչապետի որոշումների ու հանձնարարականների կատարման վերահսկողության ապահովում,11010,ՀՀ բարձրաստիճան պաշտոնատար անձանց գերատեսչական առանձնատների և տարածքների շահագործում և սպասարկում,ՀՀ բարձրաստիճան պաշտոնատար անձանց գերատեսչական առանձնատների և տարածքների  շահագործման և սպասարկման ծառայություններ,Ծառայությունների մատուցում,25907043.5,27463751.4,10434777.1,12786424.7,11327011.2,0.41200000000000003,0.8859999999999999,7840971.5,9178079.1,4146127.8,5483235.4,4914346.7,0.535,0.8959999999999999,621340.1,621340.1,286242.2,286242.2,286242.2,0.461,1.0
ՀՀ վարչապետի  աշխատակազմ,1136,1136,ՀՀ Վարչապետի լիազորությունների իրականացման ապահովում,"Աջակցել կառավարության, վարչապետի և փոխվարչապետերի գործունեությանը",ՀՀ կառավարության և վարչապետի որոշումների ու հանձնարարականների կատարման վերահսկողության ապահովում,11023,Եվրոպական քաղաքական համայնքի 8-րդ գագաթնաժողովի Երևանում անցկացում,Եվրոպական քաղաքական համայնքի 8-րդ գագաթնաժողովի 2026 թվականին Երևանում  կազմակերպման և անցկացման ապահովում,,25907043.5,27463751.4,10434777.1,12786424.7,11327011.2,0.41200000000000003,0.8859999999999999,7840971.5,9178079.1,4146127.8,5483235.4,4914346.7,0.535,0.8959999999999999,1000000.0,1656295.2,1000000.0,1656295.2,1648012.2,0.995,0.995
ՀՀ վարչապետի  աշխատակազմ,1136,1136,ՀՀ Վարչապետի լիազորությունների իրականացման ապահովում,"Աջակցել կառավարության, վարչապետի և փոխվարչապետերի գործունեությանը",ՀՀ կառավարության և վարչապետի որոշումների ու հանձնարարականների կատարման վերահսկողության ապահովում,11024,Ֆրանկոֆոնիայի 2027 թվականի խաղերի ազգային կոմիտեի աշխատանքների համակարգում,Ֆրանկոֆոնիայի 2027 թվականի խաղերի ազգային կոմիտեի աշխատանքների համակարգման ապահովում,Ծառայությունների մատուցում,25907043.5,27463751.4,10434777.1,12786424.7,11327011.2,0.41200000000000003,0.8859999999999999,7840971.5,9178079.1,4146127.8,5483235.4,4914346.7,0.535,0.8959999999999999,130000.0,130000.0,59500.0,59500.0,5302.3,0.040999999999999995,0.08900000000000001
ՀՀ վարչապետի  աշխատակազմ,1136,1136,ՀՀ Վարչապետի լիազորությունների իրականացման ապահովում,"Աջակցել կառավարության, վարչապետի և փոխվարչապետերի գործունեությանը",ՀՀ կառավարության և վարչապետի որոշումների ու հանձնարարականների կատարման վերահսկողության ապահովում,11025,Պետական կառավարման  մարմինների կատարողականի գնահատում և խրախուսում,"Պետական մարմնի գործունեության առաջնահերթությունների սահմանում, կատարողականի գնահատման հիման վրա՛ խրախուսման միջոցով արդյունավետության բարձրացում",Ծառայությունների մատուցում,25907043.5,27463751.4,10434777.1,12786424.7,11327011.2,0.41200000000000003,0.8859999999999999,7840971.5,9178079.1,4146127.8,5483235.4,4914346.7,0.535,0.8959999999999999,0.0,663633.2,0.0,663633.2,589250.1,0.888,0.888
ՀՀ վարչապետի  աշխատակազմ,1136,1136,ՀՀ Վարչապետի լիազորությունների իրականացման ապահովում,"Աջակցել կառավարության, վարչապետի և փոխվարչապետերի գործունեությանը",ՀՀ կառավարության և վարչապետի որոշումների ու հանձնարարականների կատարման վերահսկողության ապահովում,31001,Մաքսային միությանը և Միասնական տնտեսական տարածությանը ՀՀ անդամակցության շրջանակում միասնական տեղեկատվական տարածության և ինտեգրացված տեղեկատվական համակարգերի ստեղծում և պահպանում,Մաքսային միությանը և Միասնական տնտեսական տարածությանը ՀՀ անդամակցության շրջանակում միասնական տեղեկատվական տարածության և ինտեգրացված տեղեկատվական համակարգերի ստեղծում և պահպանում,Պետական մարմինների կողմից օգտագործվող ոչ ֆինանսական ակտիվների հետ գործառնություններ,25907043.5,27463751.4,10434777.1,12786424.7,11327011.2,0.41200000000000003,0.8859999999999999,7840971.5,9178079.1,4146127.8,5483235.4,4914346.7,0.535,0.8959999999999999,122796.0,122796.0,30762.5,30762.5,28080.9,0.22899999999999998,0.9129999999999999
ՀՀ վարչապետի  աշխատակազմ,1136,1136,ՀՀ Վարչապետի լիազորությունների իրականացման ապահովում,"Աջակցել կառավարության, վարչապետի և փոխվարչապետերի գործունեությանը",ՀՀ կառավարության և վարչապետի որոշումների ու հանձնարարականների կատարման վերահսկողության ապահովում,31002,ՀՀ վարչապետի աշխատակազմի տեխնիկական հագեցվածության բարելավում,ՀՀ վարչապետի աշխատակազմի աշխատանքային պայմանների բարելավման նպատակով վարչական սարքավորումների ձեռքբերում,,25907043.5,27463751.4,10434777.1,12786424.7,11327011.2,0.41200000000000003,0.8859999999999999,7840971.5,9178079.1,4146127.8,5483235.4,4914346.7,0.535,0.8959999999999999,0.0,10000.0,0.0,10000.0,2183.2,0.218,0.218
ՀՀ վարչապետի  աշխատակազմ,1156,1156,Հայաստան-Սփյուռք գործակցության ծրագիր,Նպաստել Հայաստանի և հայկական սփյուռքի միջև կապերի ամրապնդմանը և զարգացմանը,"Հայաստանի և Սփյուռքի միջև կրթական, մշակութային և երիտասարդական հաղորդակցության, ճանաչողության և տեղեկացվածության մակարդակի բարձրացում",11007,Քայլ դեպի տուն,"Սփյուռքի հայ երիտասարդության և պատանիների ուսումնաճանաչողական այցելությունների, հայերենի ուսուցման դասընթացների կազմակերպում և հայրենիքի մասին գիտելիքների փոխանցում",Ծառայությունների մատուցում,25907043.5,27463751.4,10434777.1,12786424.7,11327011.2,0.41200000000000003,0.8859999999999999,468597.2,468597.2,143329.3,143329.3,107636.5,0.23,0.7509999999999999,127472.2,127472.2,4709.3,4709.3,2969.3,0.023,0.631
ՀՀ վարչապետի  աշխատակազմ,1156,1156,Հայաստան-Սփյուռք գործակցության ծրագիր,Նպաստել Հայաստանի և հայկական սփյուռքի միջև կապերի ամրապնդմանը և զարգացմանը,"Հայաստանի և Սփյուռքի միջև կրթական, մշակութային և երիտասարդական հաղորդակցության, ճանաչողության և տեղեկացվածության մակարդակի բարձրացում",11008,Սփյուռքի երիտասարդ առաջնորդների վերապատրաստում,"Հայաստանյան իրականության վերաբերյալ իրազեկվածության մակարդակի բարձրացում, համայնքային գործունեության ակտիվացմանը նպաստող նոր հմտությունների ձեռքբերում, Սփյուռքի երիտասարդ առաջնորդների ցանցի ընդլայնում",Ծառայությունների մատուցում,25907043.5,27463751.4,10434777.1,12786424.7,11327011.2,0.41200000000000003,0.8859999999999999,468597.2,468597.2,143329.3,143329.3,107636.5,0.23,0.7509999999999999,26603.1,26603.1,0.0,0.0,0.0,0.0,0.0
ՀՀ վարչապետի  աշխատակազմ,1156,1156,Հայաստան-Սփյուռք գործակցության ծրագիր,Նպաստել Հայաստանի և հայկական սփյուռքի միջև կապերի ամրապնդմանը և զարգացմանը,"Հայաստանի և Սփյուռքի միջև կրթական, մշակութային և երիտասարդական հաղորդակցության, ճանաչողության և տեղեկացվածության մակարդակի բարձրացում",11010,Հայաստան-Սփյուռք գործակցության վերաբերյալ իրազեկման ապահովում,"Հայաստան-Սփյուռք համագործակցության, հայրենադարձության, Սփյուռքից ներդրումների, Հայաստան-Սփյուռք գործակցության ծրագրերի ներկայացման ուղղություններով հեռուստահաղորդումների, տեսանյութերի պատվիրում և Սփյուռքում արբանյակային հեռարձակում",Ծառայությունների մատուցում,25907043.5,27463751.4,10434777.1,12786424.7,11327011.2,0.41200000000000003,0.8859999999999999,468597.2,468597.2,143329.3,143329.3,107636.5,0.23,0.7509999999999999,48000.0,48000.0,18361.0,18361.0,10143.5,0.21100000000000002,0.552
ՀՀ վարչապետի  աշխատակազմ,1156,1156,Հայաստան-Սփյուռք գործակցության ծրագիր,Նպաստել Հայաստանի և հայկական սփյուռքի միջև կապերի ամրապնդմանը և զարգացմանը,"Հայաստանի և Սփյուռքի միջև կրթական, մշակութային և երիտասարդական հաղորդակցության, ճանաչողության և տեղեկացվածության մակարդակի բարձրացում",11011,Աշխատանք Սփյուռքի համայնքներում,"Աշխատանքային այցելություններ Սփյուռքի համայնքներ՛ մոտիկից ծանոթանալու համայնքների խնդիրներին, դրանց լուծման ուղիների  քննարկում և մշակում, տեղերում մասնակցելու կազմակերպված մշակութային, համայնքային և այլ միջոցառումներին",Ծառայությունների մատուցում,25907043.5,27463751.4,10434777.1,12786424.7,11327011.2,0.41200000000000003,0.8859999999999999,468597.2,468597.2,143329.3,143329.3,107636.5,0.23,0.7509999999999999,35000.0,35000.0,26650.0,26650.0,12898.4,0.369,0.484
ՀՀ վարչապետի  աշխատակազմ,1156,1156,Հայաստան-Սփյուռք գործակցության ծրագիր,Նպաստել Հայաստանի և հայկական սփյուռքի միջև կապերի ամրապնդմանը և զարգացմանը,"Հայաստանի և Սփյուռքի միջև կրթական, մշակութային և երիտասարդական հաղորդակցության, ճանաչողության և տեղեկացվածության մակարդակի բարձրացում",11012,«ի Գործ» սփյուռքահայ մասնագետների ներգրավում ՀՀ պետական   կառավարման համակարգում,Սփյուռքի մասնագիտական ներուժի ներգրավում ՀՀ պետական կառավարման համակարգում,Ծառայությունների մատուցում,25907043.5,27463751.4,10434777.1,12786424.7,11327011.2,0.41200000000000003,0.8859999999999999,468597.2,468597.2,143329.3,143329.3,107636.5,0.23,0.7509999999999999,187758.8,187758.8,76705.0,76705.0,68469.0,0.365,0.893
ՀՀ վարչապետի  աշխատակազմ,1156,1156,Հայաստան-Սփյուռք գործակցության ծրագիր,Նպաստել Հայաստանի և հայկական սփյուռքի միջև կապերի ամրապնդմանը և զարգացմանը,"Հայաստանի և Սփյուռքի միջև կրթական, մշակութային և երիտասարդական հաղորդակցության, ճանաչողության և տեղեկացվածության մակարդակի բարձրացում",11013,Հայրենադարձության և ինտեգրման կենտրոն,"Հայրենադարձության և  ինտեգրման կենտրոնը  համապարփակ հարթակ է, որն իրականացնում է սփյուռքից հայրենադարձների համալիր աջակցության գործընթաց ու ծառայությունների մատուցում",Ծառայությունների մատուցում,25907043.5,27463751.4,10434777.1,12786424.7,11327011.2,0.41200000000000003,0.8859999999999999,468597.2,468597.2,143329.3,143329.3,107636.5,0.23,0.7509999999999999,27263.1,27263.1,11404.0,11404.0,7656.3,0.281,0.6709999999999999
ՀՀ վարչապետի  աշխատակազմ,1156,1156,Հայաստան-Սփյուռք գործակցության ծրագիր,Նպաստել Հայաստանի և հայկական սփյուռքի միջև կապերի ամրապնդմանը և զարգացմանը,"Հայաստանի և Սփյուռքի միջև կրթական, մշակութային և երիտասարդական հաղորդակցության, ճանաչողության և տեղեկացվածության մակարդակի բարձրացում",12001,Աջակցություն սփյուռքի հայալեզու լրատվամիջոցներին,"Հայկական լրատվամիջոցների,գործող կայք էջերի և հեռուստաալիքների միջոցով հայ ազգաբնակչության շրջանում` տարածաշրջանի քաղաքական,սոցիալական,ազգային և մշակութային կյանքի վերաբերյալ տեղեկատվության տարածում",Տրանսֆերտների տրամադրում,25907043.5,27463751.4,10434777.1,12786424.7,11327011.2,0.41200000000000003,0.8859999999999999,468597.2,468597.2,143329.3,143329.3,107636.5,0.23,0.7509999999999999,16500.0,16500.0,5500.0,5500.0,5500.0,0.33299999999999996,1.0
ՀՀ վարչապետի  աշխատակազմ,1213,1213,Տեսչական վերահսկողության ծրագիր,Տեսչական վերահսկողության ապահովում,Տեխնիկական կանոնակարգերին համապատասխանության գնահատում և պահանջների պահպանում,11001,Առողջապահության ոլորտում վերահսկողության ծառայություններ,"Առողջապահության, աշխատողների առողջության և անվտանգության ապահովման բնագավառում վերահսկողության իրականացում",,25907043.5,27463751.4,10434777.1,12786424.7,11327011.2,0.41200000000000003,0.8859999999999999,7108102.2,7108102.2,3069784.3,3069784.3,2644150.3,0.37200000000000005,0.861,1494176.6,1494176.6,643073.7,636473.7,478680.7,0.32,0.752
ՀՀ վարչապետի  աշխատակազմ,1213,1213,Տեսչական վերահսկողության ծրագիր,Տեսչական վերահսկողության ապահովում,Տեխնիկական կանոնակարգերին համապատասխանության գնահատում և պահանջների պահպանում,11002,Բնապահպանության ոլորտում վերահսկողության ծառայություններ,Շրջակա միջավայրի վրա վնասակար ներգործությունների և բնական ռեսուրսների գերշահագործման վերահսկողության իրականացում,,25907043.5,27463751.4,10434777.1,12786424.7,11327011.2,0.41200000000000003,0.8859999999999999,7108102.2,7108102.2,3069784.3,3069784.3,2644150.3,0.37200000000000005,0.861,1149764.8,1149764.8,521005.8,521005.8,477658.6,0.415,0.917
ՀՀ վարչապետի  աշխատակազմ,1213,1213,Տեսչական վերահսկողության ծրագիր,Տեսչական վերահսկողության ապահովում,Տեխնիկական կանոնակարգերին համապատասխանության գնահատում և պահանջների պահպանում,11003,Կրթության ոլորտում վերահսկողության ծառայություններ,Կրթության ոլորտում տեսչական վերահսկողության ծառայությունների իրականացում,,25907043.5,27463751.4,10434777.1,12786424.7,11327011.2,0.41200000000000003,0.8859999999999999,7108102.2,7108102.2,3069784.3,3069784.3,2644150.3,0.37200000000000005,0.861,317833.2,317833.2,131054.4,137654.4,125277.8,0.39399999999999996,0.91
ՀՀ վարչապետի  աշխատակազմ,1213,1213,Տեսչական վերահսկողության ծրագիր,Տեսչական վերահսկողության ապահովում,Տեխնիկական կանոնակարգերին համապատասխանության գնահատում և պահանջների պահպանում,11004,Շուկայի վերահսկողության ծառայություններ,Տեխնիկական կանոնակարգի պահանջների և չափագիտական կանոնների ու նորմերի պահպանման վերահսկողություն,,25907043.5,27463751.4,10434777.1,12786424.7,11327011.2,0.41200000000000003,0.8859999999999999,7108102.2,7108102.2,3069784.3,3069784.3,2644150.3,0.37200000000000005,0.861,378913.7,379503.7,171363.4,173743.4,156276.8,0.41200000000000003,0.899
ՀՀ վարչապետի  աշխատակազմ,1213,1213,Տեսչական վերահսկողության ծրագիր,Տեսչական վերահսկողության ապահովում,Տեխնիկական կանոնակարգերին համապատասխանության գնահատում և պահանջների պահպանում,11005,Արտադրանքի և որակի վերահսկողության ծառայություններ,Արտադրանքի և ծառայությունների մատուցման ոլորտում տեխնիկական կանոնակարգերի պահանջների և չափագիտական կանոնների ու նորմերի վերահսկողության իրականացում,Ծառայությունների մատուցում,25907043.5,27463751.4,10434777.1,12786424.7,11327011.2,0.41200000000000003,0.8859999999999999,7108102.2,7108102.2,3069784.3,3069784.3,2644150.3,0.37200000000000005,0.861,23201.5,22611.5,8110.0,5730.0,3418.8,0.151,0.597
ՀՀ վարչապետի  աշխատակազմ,1213,1213,Տեսչական վերահսկողության ծրագիր,Տեսչական վերահսկողության ապահովում,Տեխնիկական կանոնակարգերին համապատասխանության գնահատում և պահանջների պահպանում,11006,Քաղաքաշինության և ճարտարապետության բնագավառում վերահսկողության ծառայություններ,"Քաղաքաշինության, տեխնիկական և հրդեհային անվտանգության, տրանսպորտի, էներգետիկայի, պետական և տեղական նշանակության գեոդեզիական և քարտեզագրական աշխատանքների և հողօգտագործման բնագավառներում վերահսկողության իրականացում",,25907043.5,27463751.4,10434777.1,12786424.7,11327011.2,0.41200000000000003,0.8859999999999999,7108102.2,7108102.2,3069784.3,3069784.3,2644150.3,0.37200000000000005,0.861,1320436.3,1320436.3,561377.6,561377.6,521730.0,0.395,0.929
ՀՀ վարչապետի  աշխատակազմ,1213,1213,Տեսչական վերահսկողության ծրագիր,Տեսչական վերահսկողության ապահովում,Տեխնիկական կանոնակարգերին համապատասխանության գնահատում և պահանջների պահպանում,11007,Սննդամթերքի անվտանգության բնագավառում վերահսկողության իրականացման ծառայություններ,"Սննդամթերքի, անասնաբուժության և բուսասանիտարիայի ոլորտներում վերահսկողության իրականացում, պետությանը և հանրությանը սպառնացող վտանգների հայտնաբերում, ներթափանցման և տարածման կանխարգելում:",,25907043.5,27463751.4,10434777.1,12786424.7,11327011.2,0.41200000000000003,0.8859999999999999,7108102.2,7108102.2,3069784.3,3069784.3,2644150.3,0.37200000000000005,0.861,1764860.0,1764860.0,761004.6,761004.6,674795.7,0.382,0.887
ՀՀ վարչապետի  աշխատակազմ,1213,1213,Տեսչական վերահսկողության ծրագիր,Տեսչական վերահսկողության ապահովում,Տեխնիկական կանոնակարգերին համապատասխանության գնահատում և պահանջների պահպանում,11015,Առողջապահական և աշխատանքի տեսչական վերահսկողության շրջանակներում լաբորատոր փորձաքննության ապահովում,Առողջապահական և աշխատանքի տեսչական վերահսկողության շրջանակներում լաբորատոր փորձաքննության իրականացում,Ծառայությունների մատուցում,25907043.5,27463751.4,10434777.1,12786424.7,11327011.2,0.41200000000000003,0.8859999999999999,7108102.2,7108102.2,3069784.3,3069784.3,2644150.3,0.37200000000000005,0.861,49000.0,49000.0,17150.0,17150.0,12290.3,0.251,0.7170000000000001
ՀՀ վարչապետի  աշխատակազմ,1213,1213,Տեսչական վերահսկողության ծրագիր,Տեսչական վերահսկողության ապահովում,Տեխնիկական կանոնակարգերին համապատասխանության գնահատում և պահանջների պահպանում,11016,Ոչ սպանդանոցային մորթի հետևանքով ստացված կենդանական  ծագման հումքի տեղափոխման և ոչնչացման ծառայություններ,Ոչ սպանդանոցային մորթի հետևանքով ստացված վտանգավոր  ճանաչված կենդանական ծագման հումքի տեղափոխում և ոչնչացում,,25907043.5,27463751.4,10434777.1,12786424.7,11327011.2,0.41200000000000003,0.8859999999999999,7108102.2,7108102.2,3069784.3,3069784.3,2644150.3,0.37200000000000005,0.861,46000.0,46000.0,23000.0,23000.0,1997.4,0.043,0.087
ՀՀ վարչապետի  աշխատակազմ,1213,1213,Տեսչական վերահսկողության ծրագիր,Տեսչական վերահսկողության ապահովում,Տեխնիկական կանոնակարգերին համապատասխանության գնահատում և պահանջների պահպանում,11017,Սահմանային պետական վերահսկողության շրջանակներում ներմուծվող սննդամթերքի պահեստային նմուշը այլ պետության ռեֆերենս փորձարկման լաբորատորիա ուղարկելու ծառայություններ,Ներմուծվող սննդամթերքի փորձաքննություն իրականացնող գնահատող մարմնի փորձաքննությունների հավաստիության ստուգում պահեստային նմուշը այլ պետության ռեֆերենս փորձարկման լաբորատորիա ուղարկելու և փորձաքննություն իրականացնելու եղանակով,Ծառայությունների մատուցում,25907043.5,27463751.4,10434777.1,12786424.7,11327011.2,0.41200000000000003,0.8859999999999999,7108102.2,7108102.2,3069784.3,3069784.3,2644150.3,0.37200000000000005,0.861,10000.0,10000.0,0.0,0.0,0.0,0.0,0.0
ՀՀ վարչապետի  աշխատակազմ,1213,1213,Տեսչական վերահսկողության ծրագիր,Տեսչական վերահսկողության ապահովում,Տեխնիկական կանոնակարգերին համապատասխանության գնահատում և պահանջների պահպանում,11021,Սննդամթերքի անվտանգության ոլորտում տեսչական վերահսկողության շրջանակներում  լաբորատոր փորձարկումներ,"Վաճառվող սննդամթերքի, գյուղատնտ. կենդ. արյան նմուշի հետպատվաստ. վարակամերժ արդյունավետ. աստիճանի որոշում, բուս.սան. նկատ-բ վերահսկ., թունաքի-ի բացաս. ազդ-ն վերահսկում, ձկան և մեղրի մեջ մնացորդային նjութերի բացահայտում, մանր եղջ. կենդ-ի շճահետազոտություն",Ծառայությունների մատուցում,25907043.5,27463751.4,10434777.1,12786424.7,11327011.2,0.41200000000000003,0.8859999999999999,7108102.2,7108102.2,3069784.3,3069784.3,2644150.3,0.37200000000000005,0.861,553916.1,553916.1,232644.8,232644.8,192024.3,0.34700000000000003,0.825
ՀՀ վարչապետի  աշխատակազմ,1221,1221,Տոների և հիշատակի օրերի ծրագիր,Տոների և հիշատակի օրերին նվիրված միջոցառումների անցկացում ի նպաստ Ազգային ինքնության պահպանման,Հայի պատմական անցյալի արժեվորում ու պահպանում,11002,Քաղաքացու օրվան նվիրված միջոցառումներ,Քաղաքացու օրվան նվիրված միջոցառումների կազմակերպում և իրականացում,Ծառայությունների մատուցում,25907043.5,27463751.4,10434777.1,12786424.7,11327011.2,0.41200000000000003,0.8859999999999999,202473.6,202473.6,27600.0,27600.0,20422.2,0.10099999999999999,0.74,27600.0,27600.0,27600.0,27600.0,20422.2,0.74,0.74
ՀՀ վարչապետի  աշխատակազմ,1221,1221,Տոների և հիշատակի օրերի ծրագիր,Տոների և հիշատակի օրերին նվիրված միջոցառումների անցկացում ի նպաստ Ազգային ինքնության պահպանման,Հայի պատմական անցյալի արժեվորում ու պահպանում,11003,"«Մեր ժամանակների հերոսը» միջոցառում, մրցանակաբաշխություն","ՀՀ անկախության հռչակման տարեդարձի կապակցությումբ կազմակերպված միջոցառում, մրցանակաբաշխություն",Ծառայությունների մատուցում,25907043.5,27463751.4,10434777.1,12786424.7,11327011.2,0.41200000000000003,0.8859999999999999,202473.6,202473.6,27600.0,27600.0,20422.2,0.10099999999999999,0.74,174873.6,174873.6,0.0,0.0,0.0,0.0,0.0
ՀՀ վարչապետի  աշխատակազմ,1222,1222,ՀՀ զարգացման գործընթացներում Սփյուռքի ներուժի ներգրավում,"Սփյուռք ներուժի բացահայտում, տեղեկատվական համակարգերի ստեղծում,   ՀՀ զարգացման գործընթացներում ներգրավվածություն, Հայաստան- Սփյուռք համատեղ ծրագրերի իրականացում, ըստ ոլորտների համահայկական մասնագիտական ցանցերի ստեղծում","Սփյուռք ներուժի բացահայտում, սփյուռքի, համահայկական կառույցների և գործիչների վերաբերյալ տեղեկատվական համակարգերի ստեղծում, համահայկական համաժողովների արդյունքում նոր ծրագրերի մշակում և իրականացում",11003,Համահայկական համաժողովների իրականացում,"Համահայկական և համայնքային կառույցների ներկայացուցիչների մասնակցությամբ համաժողովների և խորհրդաժողովների կազմակերպում՛ ի նպաստ Հայաստանի և Սփյուռքի միջև համագործակցության հաստատմանը, համահայկական ցանցերի ստեղծմանը, հայրենադարձությանը",Ծառայությունների մատուցում,25907043.5,27463751.4,10434777.1,12786424.7,11327011.2,0.41200000000000003,0.8859999999999999,294078.0,294078.0,0.0,0.0,0.0,0.0,0.0,294078.0,294078.0,0.0,0.0,0.0,0.0,0.0
ՀՀ վարչապետի  աշխատակազմ,1223,1223,"Միջազգային դատարաններում, միջազգային արբիտրաժներում և այլ միջազգային ատյաններում ՀՀ շահերի ներկայացում և պաշտպանություն , դրանց կողմից ընդունված վճիռների և որոշումների կատարման ապահովում","Միջազգային դատարաններում, միջազգային արբիտրաժներում և այլ միջազգային ատյաններում ՀՀ վերաբերյալ գործընթացներում մասնակցություն, դրանց կողմից ընդունված վճիռների և որոշումների կատարման ապահովում","ՀՀ շահերի ներկայացում և պաշտպանություն , ՀՀ վերաբերյալ վճռի կամ որոշման կատարման գործընթացի ապահովում",11001,"Հայաստանի Հանրապետության շահերի ներկայացմանն ու պաշտպանությանն ուղղված փաստաբանական, իրավաբանական ծառայություններ","Արբիտրաժային և այլ վեճերի շրջանակներում ՀՀ շահերը ներկայացնելու և պաշտպանելու համար փաստաբանական, իրավաբանական, փորձագիտական ծառայությունների, վեճը լուծող հաշտարարի ծառայությունների, ՀՀ շահերից բխող խորհրդատվական բնույթի ծառայությունների ձեռքբերում",,25907043.5,27463751.4,10434777.1,12786424.7,11327011.2,0.41200000000000003,0.8859999999999999,3882882.5,4102482.8,1941441.3,2955981.3,2702524.3,0.659,0.914,3481205.0,3481205.0,1740602.5,2535542.2,2335461.5,0.6709999999999999,0.9209999999999999
ՀՀ վարչապետի  աշխատակազմ,1223,1223,"Միջազգային դատարաններում, միջազգային արբիտրաժներում և այլ միջազգային ատյաններում ՀՀ շահերի ներկայացում և պաշտպանություն , դրանց կողմից ընդունված վճիռների և որոշումների կատարման ապահովում","Միջազգային դատարաններում, միջազգային արբիտրաժներում և այլ միջազգային ատյաններում ՀՀ վերաբերյալ գործընթացներում մասնակցություն, դրանց կողմից ընդունված վճիռների և որոշումների կատարման ապահովում","ՀՀ շահերի ներկայացում և պաշտպանություն , ՀՀ վերաբերյալ վճռի կամ որոշման կատարման գործընթացի ապահովում",12001,Մարդու իրավունքների Եվրոպական դատարանի վճիռների և որոշումների հիման վրա արդարացի ֆինանսական հատուցումների տրամադրում,Մարդու իրավունքների  Եվրոպական դատարանի վճիռների և որոշումների հիման վրա սահմանված արդարացի փոխհատուցման գումարի վճարում՛ դիմումատուի՛ Մարդու իրավունքների  Եվրոպական կոնվենցիայով ապահովված իրավունքների խախտման դիմաց,,25907043.5,27463751.4,10434777.1,12786424.7,11327011.2,0.41200000000000003,0.8859999999999999,3882882.5,4102482.8,1941441.3,2955981.3,2702524.3,0.659,0.914,0.0,219600.3,0.0,219600.3,219600.3,1.0,1.0
ՀՀ վարչապետի  աշխատակազմ,1223,1223,"Միջազգային դատարաններում, միջազգային արբիտրաժներում և այլ միջազգային ատյաններում ՀՀ շահերի ներկայացում և պաշտպանություն , դրանց կողմից ընդունված վճիռների և որոշումների կատարման ապահովում","Միջազգային դատարաններում, միջազգային արբիտրաժներում և այլ միջազգային ատյաններում ՀՀ վերաբերյալ գործընթացներում մասնակցություն, դրանց կողմից ընդունված վճիռների և որոշումների կատարման ապահովում","ՀՀ շահերի ներկայացում և պաշտպանություն , ՀՀ վերաբերյալ վճռի կամ որոշման կատարման գործընթացի ապահովում",12002,Միջազգային արբիտրաժային տրիբունալի կամ օտարերկրյա ներպետական դատարանի ծախսերի վճարում,Միջազգային արբիտրաժային տրիբունալի կամ օտարերկրյա ներպետական դատարանի ծախսերի վճարում,,25907043.5,27463751.4,10434777.1,12786424.7,11327011.2,0.41200000000000003,0.8859999999999999,3882882.5,4102482.8,1941441.3,2955981.3,2702524.3,0.659,0.914,401677.5,401677.5,200838.8,200838.8,147462.5,0.36700000000000005,0.7340000000000001
ՀՀ սահմանադրական դատարան,1092,1092,ՀՀ սահմանադրական դատարանի գործունեության ապահովում,ՀՀ-ում սահմանադրական արդարադատության իրականացում և սահմանադրության գերակայության ապահովում,"ՀՀ-ում սահմանադրականության, քաղաքացիների և կազմակերպությունների իրավունքի ապահովումը",11001,ՀՀ սահմանադրական դատարանի գործունեության և սահմանադրական արդարադատության ապահովում,"Վեճերի քննում, լուծում և որոշումների կայացում ՀՀ սահմանադրությանը համապատասխանության վերաբերյալ",Ծառայությունների մատուցում,912367.5,912367.5,395722.7,395722.7,350141.2,0.384,0.885,912367.5,912367.5,395722.7,395722.7,350141.2,0.384,0.885,894477.9,894477.9,385722.7,385722.7,344966.4,0.386,0.894
ՀՀ սահմանադրական դատարան,1092,1092,ՀՀ սահմանադրական դատարանի գործունեության ապահովում,ՀՀ-ում սահմանադրական արդարադատության իրականացում և սահմանադրության գերակայության ապահովում,"ՀՀ-ում սահմանադրականության, քաղաքացիների և կազմակերպությունների իրավունքի ապահովումը",11002,ՀՀ սահմանադրական դատարանի պահուստային ֆոնդ,Չկանխատեսված ծախսերի կատարման ապահովում,Ծառայությունների մատուցում,912367.5,912367.5,395722.7,395722.7,350141.2,0.384,0.885,912367.5,912367.5,395722.7,395722.7,350141.2,0.384,0.885,17889.6,17889.6,10000.0,10000.0,5174.8,0.289,0.517
Բարձրագույն դատական խորհուրդ,1080,1080,Դատական իշխանության գործունեության ապահովում և իրականացում,"Դատական իշխանության անկախության երաշխավորում, բնականոն գործունեության և դատական պաշտպանության իրավունքի ապահովում",Դատական իշխանության գուծունեության և դատական պաշտպանության իրավունքի ապահովման արդյունավետության բարձրացում,11001,Բարձրագույն դատական խորհրդի բնականոն գործունեության ապահովում և Բարձրագույն դատական խորհրդի կողմից դատական իշխանության անկախության երաշխավորմանն ուղղված միջոցառումների իրականացում,"Դատական գործերի բաշխման համակարգի արդիականացում, դատարանների բնականոն գործունեության համար նյութատեխնիկական պայմաններով ապահովում, Դատական դեպարտամենտին որակյալ կադրերով ապահովում, ճշգրիտ դատական վիճակագրության վարում և այլն",Ծառայությունների մատուցում,16880828.8,16880828.8,8993550.4,8993550.4,7224287.8,0.428,0.8029999999999999,16880828.8,16880828.8,8993550.4,8993550.4,7224287.8,0.428,0.8029999999999999,4268381.9,4268381.9,2200771.0,2200771.0,1686738.1,0.395,0.7659999999999999
Բարձրագույն դատական խորհուրդ,1080,1080,Դատական իշխանության գործունեության ապահովում և իրականացում,"Դատական իշխանության անկախության երաշխավորում, բնականոն գործունեության և դատական պաշտպանության իրավունքի ապահովում",Դատական իշխանության գուծունեության և դատական պաշտպանության իրավունքի ապահովման արդյունավետության բարձրացում,11002,ՀՀ Վճռաբեկ դատարանի բնականոն գործունեության և ՀՀ Վճռաբեկ դատարանի կողմից դատական պաշտպանության իրավունքի ապահովում,"Դատավարական գործունեության իրականացում, դատական ակտերի կազմում և հրապարակում, արխիվային փաստաթղթերի տրամադրում,  դատական ծառայության իրականացում",Ծառայությունների մատուցում,16880828.8,16880828.8,8993550.4,8993550.4,7224287.8,0.428,0.8029999999999999,16880828.8,16880828.8,8993550.4,8993550.4,7224287.8,0.428,0.8029999999999999,1145823.6,1145823.6,559445.2,559445.2,508640.8,0.444,0.909
Բարձրագույն դատական խորհուրդ,1080,1080,Դատական իշխանության գործունեության ապահովում և իրականացում,"Դատական իշխանության անկախության երաշխավորում, բնականոն գործունեության և դատական պաշտպանության իրավունքի ապահովում",Դատական իշխանության գուծունեության և դատական պաշտպանության իրավունքի ապահովման արդյունավետության բարձրացում,11003,ՀՀ վերաքննիչ քաղաքացիական դատարանի բնականոն գործունեության և ՀՀ Վերաքննիչ քաղաքացիական դատարանի կողմից դատական պաշտպանության իրավունքի ապահովում,"Դատավարական գործունեության իրականացում, դատական ակտերի կազմում և հրապարակում, արխիվային փաստաթղթերի տրամադրում,  դատական ծառայության իրականացում",Ծառայությունների մատուցում,16880828.8,16880828.8,8993550.4,8993550.4,7224287.8,0.428,0.8029999999999999,16880828.8,16880828.8,8993550.4,8993550.4,7224287.8,0.428,0.8029999999999999,659300.7,659300.7,330103.6,330103.6,288526.2,0.43799999999999994,0.8740000000000001
Բարձրագույն դատական խորհուրդ,1080,1080,Դատական իշխանության գործունեության ապահովում և իրականացում,"Դատական իշխանության անկախության երաշխավորում, բնականոն գործունեության և դատական պաշտպանության իրավունքի ապահովում",Դատական իշխանության գուծունեության և դատական պաշտպանության իրավունքի ապահովման արդյունավետության բարձրացում,11004,ՀՀ վերաքննիչ քրեական դատարանի բնականոն գործունեության և ՀՀ Վերաքննիչ քրեական դատարանի կողմից դատական պաշտպանության իրավունքի ապահովում,"Դատավարական գործունեության իրականացում, դատական ակտերի կազմում և հրապարակում, արխիվային փաստաթղթերի տրամադրում,  դատական ծառայության իրականացում",Ծառայությունների մատուցում,16880828.8,16880828.8,8993550.4,8993550.4,7224287.8,0.428,0.8029999999999999,16880828.8,16880828.8,8993550.4,8993550.4,7224287.8,0.428,0.8029999999999999,744165.2,744165.2,375480.7,375480.7,337066.0,0.45299999999999996,0.898
Բարձրագույն դատական խորհուրդ,1080,1080,Դատական իշխանության գործունեության ապահովում և իրականացում,"Դատական իշխանության անկախության երաշխավորում, բնականոն գործունեության և դատական պաշտպանության իրավունքի ապահովում",Դատական իշխանության գուծունեության և դատական պաշտպանության իրավունքի ապահովման արդյունավետության բարձրացում,11005,ՀՀ վերաքննիչ վարչական դատարանի բնականոն գործունեության և ՀՀ Վերաքննիչ վարչական դատարանի կողմից դատական պաշտպանության իրավունքի ապահովում,"Դատավարական գործունեության իրականացում, դատական ակտերի կազմում և հրապարակում, արխիվային փաստաթղթերի տրամադրում,  դատական ծառայության իրականացում",Ծառայությունների մատուցում,16880828.8,16880828.8,8993550.4,8993550.4,7224287.8,0.428,0.8029999999999999,16880828.8,16880828.8,8993550.4,8993550.4,7224287.8,0.428,0.8029999999999999,472111.5,472111.5,258927.7,258927.7,204230.7,0.433,0.789
Բարձրագույն դատական խորհուրդ,1080,1080,Դատական իշխանության գործունեության ապահովում և իրականացում,"Դատական իշխանության անկախության երաշխավորում, բնականոն գործունեության և դատական պաշտպանության իրավունքի ապահովում",Դատական իշխանության գուծունեության և դատական պաշտպանության իրավունքի ապահովման արդյունավետության բարձրացում,11006,ՀՀ վարչական դատարանի բնականոն գործունեության և ՀՀ Վարչական դատարանի կողմից դատական պաշտպանության իրավունքի ապահովում,"Դատավարական գործունեության իրականացում, դատական ակտերի կազմում և հրապարակում, արխիվային փաստաթղթերի տրամադրում,  դատական ծառայության իրականացում",Ծառայությունների մատուցում,16880828.8,16880828.8,8993550.4,8993550.4,7224287.8,0.428,0.8029999999999999,16880828.8,16880828.8,8993550.4,8993550.4,7224287.8,0.428,0.8029999999999999,928334.2,928334.2,521593.9,521593.9,387444.5,0.41700000000000004,0.743
Բարձրագույն դատական խորհուրդ,1080,1080,Դատական իշխանության գործունեության ապահովում և իրականացում,"Դատական իշխանության անկախության երաշխավորում, բնականոն գործունեության և դատական պաշտպանության իրավունքի ապահովում",Դատական իշխանության գուծունեության և դատական պաշտպանության իրավունքի ապահովման արդյունավետության բարձրացում,11008,ՀՀ Արագածոտնի մարզի առաջին ատյանի ընդհանուր իրավասության դատարանի բնականոն գործունեության և ՀՀ Արագածոտնի մարզի ընդհանուր իրավասության դատարանի կողմից դատական պաշտպանության իրավունքի ապահովում,"Դատավարական գործունեության իրականացում, դատական ակտերի կազմում և հրապարակում, արխիվային փաստաթղթերի տրամադրում,  դատական ծառայության իրականացում",Ծառայությունների մատուցում,16880828.8,16880828.8,8993550.4,8993550.4,7224287.8,0.428,0.8029999999999999,16880828.8,16880828.8,8993550.4,8993550.4,7224287.8,0.428,0.8029999999999999,339833.9,339833.9,187687.3,187687.3,134942.9,0.397,0.7190000000000001
Բարձրագույն դատական խորհուրդ,1080,1080,Դատական իշխանության գործունեության ապահովում և իրականացում,"Դատական իշխանության անկախության երաշխավորում, բնականոն գործունեության և դատական պաշտպանության իրավունքի ապահովում",Դատական իշխանության գուծունեության և դատական պաշտպանության իրավունքի ապահովման արդյունավետության բարձրացում,11009,ՀՀ Արարատի և Վայոց ձորի մարզերի առաջին ատյանի ընդհանուր իրավասության դատարանի բնականոն գործունեության և ՀՀ Արարատի և Վայոց ձորի մարզերի ընդհանուր իրավասության դատարանի կողմից դատական պաշտպանության իրավունքի ապահովում,"Դատավարական գործունեության իրականացում, դատական ակտերի կազմում և հրապարակում, արխիվային փաստաթղթերի տրամադրում,  դատական ծառայության իրականացում",Ծառայությունների մատուցում,16880828.8,16880828.8,8993550.4,8993550.4,7224287.8,0.428,0.8029999999999999,16880828.8,16880828.8,8993550.4,8993550.4,7224287.8,0.428,0.8029999999999999,516957.9,516957.9,275588.0,275588.0,230860.1,0.447,0.838
Բարձրագույն դատական խորհուրդ,1080,1080,Դատական իշխանության գործունեության ապահովում և իրականացում,"Դատական իշխանության անկախության երաշխավորում, բնականոն գործունեության և դատական պաշտպանության իրավունքի ապահովում",Դատական իշխանության գուծունեության և դատական պաշտպանության իրավունքի ապահովման արդյունավետության բարձրացում,11010,ՀՀ Արմավիրի մարզի առաջին ատյանի  ընդհանուր իրավասության դատարանի բնականոն գործունեության և ՀՀ Արմավիրի մարզի ընդհանուր իրավասության դատարանի կողմից դատական պաշտպանության իրավունքի ապահովում,"Դատավարական գործունեության իրականացում, դատական ակտերի կազմում և հրապարակում, արխիվային փաստաթղթերի տրամադրում,  դատական ծառայության իրականացում",Ծառայությունների մատուցում,16880828.8,16880828.8,8993550.4,8993550.4,7224287.8,0.428,0.8029999999999999,16880828.8,16880828.8,8993550.4,8993550.4,7224287.8,0.428,0.8029999999999999,437590.9,437590.9,243522.8,243522.8,193219.4,0.442,0.7929999999999999
Բարձրագույն դատական խորհուրդ,1080,1080,Դատական իշխանության գործունեության ապահովում և իրականացում,"Դատական իշխանության անկախության երաշխավորում, բնականոն գործունեության և դատական պաշտպանության իրավունքի ապահովում",Դատական իշխանության գուծունեության և դատական պաշտպանության իրավունքի ապահովման արդյունավետության բարձրացում,11011,ՀՀ Գեղարքունիքի մարզի առաջին ատյանի  ընդհանուր իրավասության դատարանի բնականոն գործունեության և ՀՀ Գեղարքունիքի մարզի ընդհանուր իրավասության դատարանի կողմից դատական պաշտպանության իրավունքի ապահովում,"Դատավարական գործունեության իրականացում, դատական ակտերի կազմում և հրապարակում, արխիվային փաստաթղթերի տրամադրում,  դատական ծառայության իրականացում",Ծառայությունների մատուցում,16880828.8,16880828.8,8993550.4,8993550.4,7224287.8,0.428,0.8029999999999999,16880828.8,16880828.8,8993550.4,8993550.4,7224287.8,0.428,0.8029999999999999,411334.0,411334.0,222278.5,222278.5,187211.0,0.455,0.8420000000000001
Բարձրագույն դատական խորհուրդ,1080,1080,Դատական իշխանության գործունեության ապահովում և իրականացում,"Դատական իշխանության անկախության երաշխավորում, բնականոն գործունեության և դատական պաշտպանության իրավունքի ապահովում",Դատական իշխանության գուծունեության և դատական պաշտպանության իրավունքի ապահովման արդյունավետության բարձրացում,11012,ՀՀ Լոռու մարզի առաջին ատյանի  ընդհանուր իրավասության դատարանի բնականոն գործունեության և ՀՀ Լոռու մարզի ընդհանուր իրավասության դատարանի կողմից դատական պաշտպանության իրավունքի ապահովում,"Դատավարական գործունեության իրականացում, դատական ակտերի կազմում և հրապարակում, արխիվային փաստաթղթերի տրամադրում,  դատական ծառայության իրականացում",Ծառայությունների մատուցում,16880828.8,16880828.8,8993550.4,8993550.4,7224287.8,0.428,0.8029999999999999,16880828.8,16880828.8,8993550.4,8993550.4,7224287.8,0.428,0.8029999999999999,538700.0,538700.0,335617.9,335617.9,242623.4,0.45,0.723
Բարձրագույն դատական խորհուրդ,1080,1080,Դատական իշխանության գործունեության ապահովում և իրականացում,"Դատական իշխանության անկախության երաշխավորում, բնականոն գործունեության և դատական պաշտպանության իրավունքի ապահովում",Դատական իշխանության գուծունեության և դատական պաշտպանության իրավունքի ապահովման արդյունավետության բարձրացում,11013,ՀՀ Կոտայքի մարզի առաջին ատյանի ընդհանուր իրավասության դատարանի բնականոն գործունեության և ՀՀ Կոտայքի մարզի ընդհանուր իրավասության դատարանի կողմից դատական պաշտպանության իրավունքի ապահովում,"Դատավարական գործունեության իրականացում, դատական ակտերի կազմում և հրապարակում, արխիվային փաստաթղթերի տրամադրում,  դատական ծառայության իրականացում",Ծառայությունների մատուցում,16880828.8,16880828.8,8993550.4,8993550.4,7224287.8,0.428,0.8029999999999999,16880828.8,16880828.8,8993550.4,8993550.4,7224287.8,0.428,0.8029999999999999,498051.3,498051.3,272320.8,272320.8,234153.4,0.47,0.86
Բարձրագույն դատական խորհուրդ,1080,1080,Դատական իշխանության գործունեության ապահովում և իրականացում,"Դատական իշխանության անկախության երաշխավորում, բնականոն գործունեության և դատական պաշտպանության իրավունքի ապահովում",Դատական իշխանության գուծունեության և դատական պաշտպանության իրավունքի ապահովման արդյունավետության բարձրացում,11014,ՀՀ Շիրակի մարզի առաջին ատյանի  ընդհանուր իրավասության դատարանի բնականոն գործունեության և ՀՀ Շիրակի մարզի ընդհանուր իրավասության դատարանի կողմից դատական պաշտպանության իրավունքի ապահովում,"Դատավարական գործունեության իրականացում, դատական ակտերի կազմում և հրապարակում, արխիվային փաստաթղթերի տրամադրում,  դատական ծառայության իրականացում",Ծառայությունների մատուցում,16880828.8,16880828.8,8993550.4,8993550.4,7224287.8,0.428,0.8029999999999999,16880828.8,16880828.8,8993550.4,8993550.4,7224287.8,0.428,0.8029999999999999,530903.4,530903.4,289106.6,289106.6,242472.8,0.457,0.8390000000000001
Բարձրագույն դատական խորհուրդ,1080,1080,Դատական իշխանության գործունեության ապահովում և իրականացում,"Դատական իշխանության անկախության երաշխավորում, բնականոն գործունեության և դատական պաշտպանության իրավունքի ապահովում",Դատական իշխանության գուծունեության և դատական պաշտպանության իրավունքի ապահովման արդյունավետության բարձրացում,11015,ՀՀ Սյունիքի մարզի առաջին ատյանի ընդհանուր իրավասության դատարանի բնականոն գործունեության և ՀՀ Սյունիքի մարզի ընդհանուր իրավասության դատարանի կողմից դատական պաշտպանության իրավունքի ապահովում,"Դատավարական գործունեության իրականացում, դատական ակտերի կազմում և հրապարակում, արխիվային փաստաթղթերի տրամադրում,  դատական ծառայության իրականացում",Ծառայությունների մատուցում,16880828.8,16880828.8,8993550.4,8993550.4,7224287.8,0.428,0.8029999999999999,16880828.8,16880828.8,8993550.4,8993550.4,7224287.8,0.428,0.8029999999999999,410102.2,410102.2,217295.9,217295.9,173527.3,0.423,0.799
Բարձրագույն դատական խորհուրդ,1080,1080,Դատական իշխանության գործունեության ապահովում և իրականացում,"Դատական իշխանության անկախության երաշխավորում, բնականոն գործունեության և դատական պաշտպանության իրավունքի ապահովում",Դատական իշխանության գուծունեության և դատական պաշտպանության իրավունքի ապահովման արդյունավետության բարձրացում,11016,ՀՀ Տավուշի մարզի առաջին ատյանի ընդհանուր իրավասության դատարանի բնականոն գործունեության և ՀՀ Տավուշի մարզի ընդհանուր իրավասության դատարանի կողմից դատական պաշտպանության իրավունքի ապահովում,"Դատավարական գործունեության իրականացում, դատական ակտերի կազմում և հրապարակում, արխիվային փաստաթղթերի տրամադրում,  դատական ծառայության իրականացում",Ծառայությունների մատուցում,16880828.8,16880828.8,8993550.4,8993550.4,7224287.8,0.428,0.8029999999999999,16880828.8,16880828.8,8993550.4,8993550.4,7224287.8,0.428,0.8029999999999999,312229.7,312229.7,204123.9,204123.9,136430.3,0.43700000000000006,0.6679999999999999
Բարձրագույն դատական խորհուրդ,1080,1080,Դատական իշխանության գործունեության ապահովում և իրականացում,"Դատական իշխանության անկախության երաշխավորում, բնականոն գործունեության և դատական պաշտպանության իրավունքի ապահովում",Դատական իշխանության գուծունեության և դատական պաշտպանության իրավունքի ապահովման արդյունավետության բարձրացում,11017,ՀՀ Սնանկության դատարանի բնականոն գործունեության և ՀՀ Սնանկության դատարանի կողմից դատական պաշտպանության իրավունքի ապահովում,"Դատավարական գործունեության իրականացում, դատական ակտերի կազմում և հրապարակում, արխիվային փաստաթղթերի տրամադրում,  դատական ծառայության իրականացում",Ծառայությունների մատուցում,16880828.8,16880828.8,8993550.4,8993550.4,7224287.8,0.428,0.8029999999999999,16880828.8,16880828.8,8993550.4,8993550.4,7224287.8,0.428,0.8029999999999999,552634.9,552634.9,293585.7,293585.7,258284.5,0.467,0.88
Բարձրագույն դատական խորհուրդ,1080,1080,Դատական իշխանության գործունեության ապահովում և իրականացում,"Դատական իշխանության անկախության երաշխավորում, բնականոն գործունեության և դատական պաշտպանության իրավունքի ապահովում",Դատական իշխանության գուծունեության և դատական պաշտպանության իրավունքի ապահովման արդյունավետության բարձրացում,11018,Բարձրագույն դատական խորհրդի և ՀՀ դատարանների պահուստային ֆոնդի ձևավորում և կառավարում,Չնախատեսված և չկանխատեսված ծախսերի փոխհատուցում,Ծառայությունների մատուցում,16880828.8,16880828.8,8993550.4,8993550.4,7224287.8,0.428,0.8029999999999999,16880828.8,16880828.8,8993550.4,8993550.4,7224287.8,0.428,0.8029999999999999,330996.7,330996.7,165498.4,165498.4,89313.4,0.27,0.54
Բարձրագույն դատական խորհուրդ,1080,1080,Դատական իշխանության գործունեության ապահովում և իրականացում,"Դատական իշխանության անկախության երաշխավորում, բնականոն գործունեության և դատական պաշտպանության իրավունքի ապահովում",Դատական իշխանության գուծունեության և դատական պաշտպանության իրավունքի ապահովման արդյունավետության բարձրացում,11019,Հակակոռուպցիոն դատարանի բնականոն գործունեության և Հակակոռուպցիոն դատարանի կողմից դատական պաշտպանության իրավուքի ապահովում,"Դատավարական գործունեության իրականացում, ակտերի կազմում և հրապարակում, արխիվային փաստաթղթերի տրամադրում, դատական ծառայության իրականացում",Ծառայությունների մատուցում,16880828.8,16880828.8,8993550.4,8993550.4,7224287.8,0.428,0.8029999999999999,16880828.8,16880828.8,8993550.4,8993550.4,7224287.8,0.428,0.8029999999999999,562584.2,562584.2,313354.8,313354.8,253280.2,0.45,0.8079999999999999
Բարձրագույն դատական խորհուրդ,1080,1080,Դատական իշխանության գործունեության ապահովում և իրականացում,"Դատական իշխանության անկախության երաշխավորում, բնականոն գործունեության և դատական պաշտպանության իրավունքի ապահովում",Դատական իշխանության գուծունեության և դատական պաշտպանության իրավունքի ապահովման արդյունավետության բարձրացում,11020,Վերաքննիչ հակակոռուպցիոն դատարանի բնականոն գործունեության և Վերաքննիչ հակակոռուպցիոն դատարանի կողմից դատական պաշտպանության իրավուքի ապահովում,"Դատավարական գործունեության իրականացում, ակտերի կազմում և հրապարակում, արխիվային փաստաթղթերի տրամադրում, դատական ծառայության իրականացում",Ծառայությունների մատուցում,16880828.8,16880828.8,8993550.4,8993550.4,7224287.8,0.428,0.8029999999999999,16880828.8,16880828.8,8993550.4,8993550.4,7224287.8,0.428,0.8029999999999999,407044.0,407044.0,199624.1,199624.1,168297.5,0.413,0.843
Բարձրագույն դատական խորհուրդ,1080,1080,Դատական իշխանության գործունեության ապահովում և իրականացում,"Դատական իշխանության անկախության երաշխավորում, բնականոն գործունեության և դատական պաշտպանության իրավունքի ապահովում",Դատական իշխանության գուծունեության և դատական պաշտպանության իրավունքի ապահովման արդյունավետության բարձրացում,11021,Դատավորների և դատական կարգադրիչների հատուկ պատրաստականության դասընթացների անցկացում և դատական համակարգի քաղաքացիական ծառայողների վերապատրաստում,Դատավորների և դատական կարգադրիչների հատուկ պատրաստականության և դատական համակարգի քաղաքացիական ծառայողների մասնագիտական կարողությունների զարգացում,Ծառայությունների մատուցում,16880828.8,16880828.8,8993550.4,8993550.4,7224287.8,0.428,0.8029999999999999,16880828.8,16880828.8,8993550.4,8993550.4,7224287.8,0.428,0.8029999999999999,5910.0,5910.0,2955.0,2955.0,0.0,0.0,0.0
Բարձրագույն դատական խորհուրդ,1080,1080,Դատական իշխանության գործունեության ապահովում և իրականացում,"Դատական իշխանության անկախության երաշխավորում, բնականոն գործունեության և դատական պաշտպանության իրավունքի ապահովում",Դատական իշխանության գուծունեության և դատական պաշտպանության իրավունքի ապահովման արդյունավետության բարձրացում,11022,Երևան քաղաքի առաջին ատյանի ընդհանուր իրավասության քաղաքացիական դատարանի բնականոն գործունեության և Երևան քաղաքի առաջին ատյանի ընդհանուր իրավասության քաղաքացիական դատարանի կողմից դատական պաշտպանության իրավունքի ապահովում,"Դատավարական գործունեության իրականացում, դատական ակտերի կազմում և հրապարակում, արխիվային փաստաթղթերի տրամադրում, անվտանգության երաշխիքների ապահովում, դատական ծառայության իրականացում",Ծառայությունների մատուցում,16880828.8,16880828.8,8993550.4,8993550.4,7224287.8,0.428,0.8029999999999999,16880828.8,16880828.8,8993550.4,8993550.4,7224287.8,0.428,0.8029999999999999,1425261.2,1425261.2,727631.1,727631.1,624456.8,0.43799999999999994,0.858
Բարձրագույն դատական խորհուրդ,1080,1080,Դատական իշխանության գործունեության ապահովում և իրականացում,"Դատական իշխանության անկախության երաշխավորում, բնականոն գործունեության և դատական պաշտպանության իրավունքի ապահովում",Դատական իշխանության գուծունեության և դատական պաշտպանության իրավունքի ապահովման արդյունավետության բարձրացում,11023,Երևան քաղաքի առաջին ատյանի ընդհանուր իրավասության քրեական դատարանի բնականոն գործունեության և Երևան քաղաքի առաջին ատյանի ընդհանուր իրավասության քրեական դատարանի կողմից դատական պաշտպանության իրավունքի ապահովում,"Դատավարական գործունեության իրականացում, դատական ակտերի կազմում և հրապարակում, արխիվային փաստաթղթերի տրամադրում, անվտանգության երաշխիքների ապահովում, դատական ծառայության իրականացում",Ծառայությունների մատուցում,16880828.8,16880828.8,8993550.4,8993550.4,7224287.8,0.428,0.8029999999999999,16880828.8,16880828.8,8993550.4,8993550.4,7224287.8,0.428,0.8029999999999999,1382577.4,1382577.4,797037.5,797037.5,642568.6,0.465,0.8059999999999999
ՀՀ դատախազություն,1013,1013,Փորձաքննության ծառայություններ,Հանցագործությունների բացահայտման մակարդակի բարելավում,Բացահայտված հանցագործությունների աճ,11001,Փորձաքննության ծառայությունների տրամադրում,Պետական մարմինների կողմից իրականացվող աշխատանքների համար անհրաժեշտ դատական փորձաքննությունների իրականացում,Ծառայությունների մատուցում,10637160.1,10637200.1,4764816.8,4764856.8,3972957.1,0.373,0.8340000000000001,610968.3,610968.3,305484.2,305484.2,278766.0,0.456,0.9129999999999999,610968.3,610968.3,305484.2,305484.2,278766.0,0.456,0.9129999999999999
ՀՀ դատախազություն,1087,1087,Դատավարական ղեկավարում և դատախազական հսկողություն,"ՀՀ-ում հանցավորության դեմ պայքար, հանցագործության դեպքերի կանխարգելում և կրճատում, հանցագործության բոլոր դեպքերի առնչությամբ բազմակողմանի,լրիվ և օբյեկտիվ քննության ապահովում","ՀՀ-ում մարդու իրավունքների, ազատությունների և օրինական շահերի պաշտպանության արդյունավետության բարձրացում, հանցավորությունների կանխարգելման արդյունավետության աճ",11001,"Քրեական հետապնդման, դատավարական ղեկավարման և դատախազական հսկողության ծառայությունների տրամադրում","Քրեական հետապնդման, հարուցման, հետաքննության և նախաքննության օրինականության հսկողություն, մեղադրանքի պաշտպանություն հայցերի հարուցում, դատավճիռների և որոշումների բողոքարկում, պատիժների և հարկադրանքի այլ միջոցների կիրառման օրինականության հսկողություն",,10637160.1,10637200.1,4764816.8,4764856.8,3972957.1,0.373,0.8340000000000001,10020311.8,10020351.8,4456392.6,4456432.6,3693051.1,0.369,0.8290000000000001,9730252.0,9730252.0,4296639.7,4296639.7,3685102.8,0.379,0.858
ՀՀ դատախազություն,1087,1087,Դատավարական ղեկավարում և դատախազական հսկողություն,"ՀՀ-ում հանցավորության դեմ պայքար, հանցագործության դեպքերի կանխարգելում և կրճատում, հանցագործության բոլոր դեպքերի առնչությամբ բազմակողմանի,լրիվ և օբյեկտիվ քննության ապահովում","ՀՀ-ում մարդու իրավունքների, ազատությունների և օրինական շահերի պաշտպանության արդյունավետության բարձրացում, հանցավորությունների կանխարգելման արդյունավետության աճ",11002,ՀՀ դատախազության պահուստային ֆոնդ,"ՀՀ դատախազության արդյունավետ գործունեության ապահովման նպատակով աշխատակիցների նպատակային խրախուսման, չկանխատեսված ծախսերի կատարման ապահովում",,10637160.1,10637200.1,4764816.8,4764856.8,3972957.1,0.373,0.8340000000000001,10020311.8,10020351.8,4456392.6,4456432.6,3693051.1,0.369,0.8290000000000001,208571.8,208571.8,104284.4,104284.4,7908.2,0.038,0.076
ՀՀ դատախազություն,1087,1087,Դատավարական ղեկավարում և դատախազական հսկողություն,"ՀՀ-ում հանցավորության դեմ պայքար, հանցագործության դեպքերի կանխարգելում և կրճատում, հանցագործության բոլոր դեպքերի առնչությամբ բազմակողմանի,լրիվ և օբյեկտիվ քննության ապահովում","ՀՀ-ում մարդու իրավունքների, ազատությունների և օրինական շահերի պաշտպանության արդյունավետության բարձրացում, հանցավորությունների կանխարգելման արդյունավետության աճ",11004,"ՀՀ պետական կառավարման մարմինների կողմից  դիմումներ, հայցադիմումներ, դատարանի վճիռների  և որոշումների դեմ վերաքննիչ և վճռաբեկ բողոքներ ներկայացնելիս` «Պետական տուրքի մասին» ՀՀ օրենքով սահմանված վճարումներ","ՀՀ պետական կառավարման մարմինների կողմից  դիմումներ, հայցադիմումներ, դատարանի վճիռների  և որոշումների դեմ վերաքննիչ և վճռաբեկ բողոքներ ներկայացնելիս` «Պետական տուրքի մասին» ՀՀ օրենքով սահմանված վճարումներ",Տրանսֆերտների տրամադրում,10637160.1,10637200.1,4764816.8,4764856.8,3972957.1,0.373,0.8340000000000001,10020311.8,10020351.8,4456392.6,4456432.6,3693051.1,0.369,0.8290000000000001,0.0,40.0,0.0,40.0,40.0,1.0,1.0
ՀՀ դատախազություն,1087,1087,Դատավարական ղեկավարում և դատախազական հսկողություն,"ՀՀ-ում հանցավորության դեմ պայքար, հանցագործության դեպքերի կանխարգելում և կրճատում, հանցագործության բոլոր դեպքերի առնչությամբ բազմակողմանի,լրիվ և օբյեկտիվ քննության ապահովում","ՀՀ-ում մարդու իրավունքների, ազատությունների և օրինական շահերի պաշտպանության արդյունավետության բարձրացում, հանցավորությունների կանխարգելման արդյունավետության աճ",11006,Եվրոպական միության քրեական արդարադատության ոլորտում ՀՀ դատախազության ներկայացուցչի ապահովում,Եվրոպական միության քրեական արդարադատության ոլորտում համագործակցության գործակալությունում ՀՀ դատախազության ներկայացուցչի ապահովում,,10637160.1,10637200.1,4764816.8,4764856.8,3972957.1,0.373,0.8340000000000001,10020311.8,10020351.8,4456392.6,4456432.6,3693051.1,0.369,0.8290000000000001,81488.0,81488.0,55468.5,55468.5,0.0,0.0,0.0
ՀՀ դատախազություն,1144,1144,Մասնագիտական ուսուցում և որակավորման բարձրացում,Փորձաքննություններ նշանակելու և ելակետային տվյալների ձեռքբերման իրավասություն ունեցող համակարգերի աշխատանքի  արդյունավետության բարելավում,Փորձաքննություններ նշանակելու և ելակետային տվյալների ձեռքբերման իրավասություն ունեցող համակարգերի աշխատակիցների աշխատանքի արդյունավետության աճ,11001,Մասնագիտական ուսուցման և որակավորման բարձրացման կազմակերպում,Փորձաքննություններ նշանակելու և ելակետային տվյալների ձեռքբերման իրավասություն ունեցող աշխատակիցների մասնագիտական վերապատրաստման որակավորման բարձրացման դասընթացներ,Ծառայությունների մատուցում,10637160.1,10637200.1,4764816.8,4764856.8,3972957.1,0.373,0.8340000000000001,5880.0,5880.0,2940.0,2940.0,1140.0,0.19399999999999998,0.38799999999999996,5880.0,5880.0,2940.0,2940.0,1140.0,0.19399999999999998,0.38799999999999996
ՀՀ տարածքային կառավարման և ենթակառուցվածքների նախարարություն,1001,1001,"Տարածքային կառավարման ոլորտում քաղաքականության մշակում, ծրագրերի համակարգում և մոնիտորինգի իրականացում",Տարածքային կառավարման բնագավառում պետական արդյունավետ քաղաքականության մշակման և իրականացման ապահովում,Տարածքային կառավարման քաղաքականության իրագործմանն ուղղված ծրագրերի  ազդեցության և արդյունավետության բարելավում,11001,Տարածքային կառավարման և ենթակառուցվածքների քաղաքականության մշակում և ծառայությունների մատուցում,"Տարածքային կառավարման և ենթակառուցվածքների բնագավառում պետական քաղաքականության մշակման և դրա կատարման համակարգման, պետական ծրագրերի մշակման, իրականացման, մոնիտորինգի, խորհրդատվության և աջակցության ծառայություններ",Ծառայությունների մատուցում,324421140.8,332778363.3,143395834.1,151890065.1,92369683.1,0.278,0.608,1647639.6,2276115.6,719534.7,1348010.7,1277005.7,0.561,0.9470000000000001,1647639.6,1647639.6,719534.7,719534.7,681076.9,0.413,0.9470000000000001
ՀՀ տարածքային կառավարման և ենթակառուցվածքների նախարարություն,1001,1001,"Տարածքային կառավարման ոլորտում քաղաքականության մշակում, ծրագրերի համակարգում և մոնիտորինգի իրականացում",Տարածքային կառավարման բնագավառում պետական արդյունավետ քաղաքականության մշակման և իրականացման ապահովում,Տարածքային կառավարման քաղաքականության իրագործմանն ուղղված ծրագրերի  ազդեցության և արդյունավետության բարելավում,11002,Արտասահմանյան պատվիրակությունների ընդունելություններ,Արտասահմանյան պատվիրակությունների ընդունելություններ,,324421140.8,332778363.3,143395834.1,151890065.1,92369683.1,0.278,0.608,1647639.6,2276115.6,719534.7,1348010.7,1277005.7,0.561,0.9470000000000001,0.0,3504.4,0.0,3504.4,2673.8,0.763,0.763
ՀՀ տարածքային կառավարման և ենթակառուցվածքների նախարարություն,1001,1001,"Տարածքային կառավարման ոլորտում քաղաքականության մշակում, ծրագրերի համակարգում և մոնիտորինգի իրականացում",Տարածքային կառավարման բնագավառում պետական արդյունավետ քաղաքականության մշակման և իրականացման ապահովում,Տարածքային կառավարման քաղաքականության իրագործմանն ուղղված ծրագրերի  ազդեցության և արդյունավետության բարելավում,11005,Պետ. մասնակցությամբ առևտրային կազմակերպ. կանոնադր. կապիտալում պետ. մասնակցության նվազ. ճանապարհով ակտիվների կազմից գույք առանձնացնելիս գույքն ստացող պետ. կառավարչ. հիմնարկի կողմից մատակարարին վճարման ենթակա ԱԱՀ-ի պարտավորութ. կատարման գծով  ծախսեր,Գույք ստացող պետ. կառավարչ. հիմնարկի կողմից մատակարարին վճարման ենթակա ԱԱՀ-ի պարտավորությունների կատարման գծով ծախսերի իրականացում,,324421140.8,332778363.3,143395834.1,151890065.1,92369683.1,0.278,0.608,1647639.6,2276115.6,719534.7,1348010.7,1277005.7,0.561,0.9470000000000001,0.0,977.2,0.0,977.2,977.2,1.0,1.0
ՀՀ տարածքային կառավարման և ենթակառուցվածքների նախարարություն,1001,1001,"Տարածքային կառավարման ոլորտում քաղաքականության մշակում, ծրագրերի համակարգում և մոնիտորինգի իրականացում",Տարածքային կառավարման բնագավառում պետական արդյունավետ քաղաքականության մշակման և իրականացման ապահովում,Տարածքային կառավարման քաղաքականության իրագործմանն ուղղված ծրագրերի  ազդեցության և արդյունավետության բարելավում,11007,Պետական կառավարման  մարմինների կատարողականի գնահատում և խրախուսում,"Պետական մարմնի գործունեության առաջնահերթությունների սահմանում, կատարողականի գնահատման հիման վրա՛ խրախուսման միջոցով արդյունավետության բարձրացում",Ծառայությունների մատուցում,324421140.8,332778363.3,143395834.1,151890065.1,92369683.1,0.278,0.608,1647639.6,2276115.6,719534.7,1348010.7,1277005.7,0.561,0.9470000000000001,0.0,623994.4,0.0,623994.4,592277.7,0.9490000000000001,0.9490000000000001
ՀՀ տարածքային կառավարման և ենթակառուցվածքների նախարարություն,1004,1004,Ոռոգման համակարգի առողջացում,Ոռոգման ծառայությունների հասանելիության և մատչելիության ապահովում,"Ոռոգման ջրի մատակարարման արդյունավետության և հասանելիության բարելավում, կորուստների կրճատում",11001,Ոռոգում-ջրառ իրականացնող կազմակերպություններին ֆինանսական աջակցության տրամադրում,Ոռոգման ոլորտի սուբսիդավորում ոռոգում-ջրառ իրականացնող ՓԲԸ-ի համար հաստատված ոռոգման ջրի սակագնի և նվազագույն շահավետ գնի տարբերության չափով,Ծառայությունների մատուցում,324421140.8,332778363.3,143395834.1,151890065.1,92369683.1,0.278,0.608,23021908.7,24162350.6,6419642.9,8656826.7,6398099.5,0.265,0.7390000000000001,1285129.7,1714607.7,600000.0,650000.0,650000.0,0.379,1.0
ՀՀ տարածքային կառավարման և ենթակառուցվածքների նախարարություն,1004,1004,Ոռոգման համակարգի առողջացում,Ոռոգման ծառայությունների հասանելիության և մատչելիության ապահովում,"Ոռոգման ջրի մատակարարման արդյունավետության և հասանելիության բարելավում, կորուստների կրճատում",11002,Ոռոգման ծառայություններ մատուցող ընկերություններին ֆինանսական աջակցության տրամադրում,Ոռոգման ոլորտի սուբսիդավորում ՋՕԸ-երի համար սահմանված ոռոգման ջրի սակագնի և նվազագույն շահավետ գնի տարբերության չափով,Ծառայությունների մատուցում,324421140.8,332778363.3,143395834.1,151890065.1,92369683.1,0.278,0.608,23021908.7,24162350.6,6419642.9,8656826.7,6398099.5,0.265,0.7390000000000001,7000000.0,7000000.0,2500000.0,2500000.0,2492580.0,0.35600000000000004,0.997
ՀՀ տարածքային կառավարման և ենթակառուցվածքների նախարարություն,1004,1004,Ոռոգման համակարգի առողջացում,Ոռոգման ծառայությունների հասանելիության և մատչելիության ապահովում,"Ոռոգման ջրի մատակարարման արդյունավետության և հասանելիության բարելավում, կորուստների կրճատում",11006,Ֆրանսիայի Հանրապետության կառավարության աջակցությամբ իրականացվող Վեդու ջրամբարի և որռոգման համակարգի  կառուցման ծրագրի խորհրդատվություն և կառավարում,Ֆրանսիայի Հանրապետության կառավարության աջակցությամբ իրականացվող Վեդու ջրամբարի և որռոգման համակարգի  համակարգում և ղեկավարում,Ծառայությունների մատուցում,324421140.8,332778363.3,143395834.1,151890065.1,92369683.1,0.278,0.608,23021908.7,24162350.6,6419642.9,8656826.7,6398099.5,0.265,0.7390000000000001,22399.6,22399.6,12560.3,12560.3,6238.7,0.27899999999999997,0.49700000000000005
ՀՀ տարածքային կառավարման և ենթակառուցվածքների նախարարություն,1004,1004,Ոռոգման համակարգի առողջացում,Ոռոգման ծառայությունների հասանելիության և մատչելիության ապահովում,"Ոռոգման ջրի մատակարարման արդյունավետության և հասանելիության բարելավում, կորուստների կրճատում",11007,Գերմանիայի զարգացման վարկերի բանկի աջակցությամբ իրականացվող Ախուրյան գետի ջրային ռեսուրսների ինտեգրացված կառավարում ծրագրի խորհրդատվություն և կառավարում,Գերմանիայի զարգացման վարկերի բանկի աջակցությամբ իրականացվող Ախուրյան գետի ջրային ռեսուրսների ինտեգրացված կառավարում ծրագրի համակարգում և ղեկավարում,Ծառայությունների մատուցում,324421140.8,332778363.3,143395834.1,151890065.1,92369683.1,0.278,0.608,23021908.7,24162350.6,6419642.9,8656826.7,6398099.5,0.265,0.7390000000000001,152626.0,174626.0,70104.2,80104.2,29365.4,0.168,0.36700000000000005
ՀՀ տարածքային կառավարման և ենթակառուցվածքների նախարարություն,1004,1004,Ոռոգման համակարգի առողջացում,Ոռոգման ծառայությունների հասանելիության և մատչելիության ապահովում,"Ոռոգման ջրի մատակարարման արդյունավետության և հասանելիության բարելավում, կորուստների կրճատում",11009,Գերմանիայի զարգացման վարկերի բանկի աջակցությամբ իրականացվող Ախուրյան գետի ջրային ռեսուրսների ինտեգրացված կառավարման դրամաշնորհային ծրագիր,Գերմանիայի զարգացման վարկերի բանկի աջակցությամբ իրականացվող Ախուրյան գետի ջրային ռեսուրսների ինտեգրացված կառավարման դրամաշնորհային ծրագրի համակարգում և ղեկավարում,Ծառայությունների մատուցում,324421140.8,332778363.3,143395834.1,151890065.1,92369683.1,0.278,0.608,23021908.7,24162350.6,6419642.9,8656826.7,6398099.5,0.265,0.7390000000000001,18107.5,18107.5,8000.0,8000.0,1079.3,0.06,0.135
ՀՀ տարածքային կառավարման և ենթակառուցվածքների նախարարություն,1004,1004,Ոռոգման համակարգի առողջացում,Ոռոգման ծառայությունների հասանելիության և մատչելիության ապահովում,"Ոռոգման ջրի մատակարարման արդյունավետության և հասանելիության բարելավում, կորուստների կրճատում",11010,Գերմանիայի զարգացման վարկերի բանկի աջակցությամբ իրականացվող Ախուրյան գետի ջրային ռեսուրսների ինտեգրացված կառավարում փուլ 1 ծրագրով Ջրաձոր գյուղի վերաբնակեցման գործողությունների խորհրդատվություն և կառավարում,Գերմանիայի զարգացման վարկերի բանկի աջակցությամբ իրականացվող Ախուրյան գետի ջրային ռեսուրսների ինտեգրացված կառավարում  փուլ 1 ծրագրով Ջրաձոր գյուղի վերաբնակեցման գործողությունների  համակարգում և ղեկավարում,Ծառայությունների մատուցում,324421140.8,332778363.3,143395834.1,151890065.1,92369683.1,0.278,0.608,23021908.7,24162350.6,6419642.9,8656826.7,6398099.5,0.265,0.7390000000000001,177565.0,177565.0,103745.0,103745.0,67812.8,0.382,0.654
ՀՀ տարածքային կառավարման և ենթակառուցվածքների նախարարություն,1004,1004,Ոռոգման համակարգի առողջացում,Ոռոգման ծառայությունների հասանելիության և մատչելիության ապահովում,"Ոռոգման ջրի մատակարարման արդյունավետության և հասանելիության բարելավում, կորուստների կրճատում",11011,Զարգացման ֆրանսիական գործակալության աջակցությամբ իրականացվող ոռոգման ոլորտի ֆինանսական կայունության և ոռոգման կառավարման կարողությունների բարելավման դրամաշնորհային ծրագրի խորհրդատվություն և կառավարում,Զարգացման ֆրանսիական  գործակալության աջակցությամբ իրականացվող ոռոգման ոլորտի ֆինանսական կայունության և ոռոգման կառավարման կարողություննրի բարելավման ծրագրի համակարգում և ղեկավարում,Ծառայությունների մատուցում,324421140.8,332778363.3,143395834.1,151890065.1,92369683.1,0.278,0.608,23021908.7,24162350.6,6419642.9,8656826.7,6398099.5,0.265,0.7390000000000001,499403.0,592632.6,187620.0,343970.0,342469.9,0.578,0.996
ՀՀ տարածքային կառավարման և ենթակառուցվածքների նախարարություն,1004,1004,Ոռոգման համակարգի առողջացում,Ոռոգման ծառայությունների հասանելիության և մատչելիության ապահովում,"Ոռոգման ջրի մատակարարման արդյունավետության և հասանելիության բարելավում, կորուստների կրճատում",11013,"Փոքր և միջին ջրամբարների կառուցման, ջրային ոլորտի այլ ծրագրերի խորհրդատվություն և կառավարում","Փոքր և միջին ջրամբարների տեխնիկատնտեսական հիմնավորման ուսումնասիրությունների, նախագծման և կառուցման, ջրային ոլորտի այլ ծրագրերի խորհրդատվություն և կառավարում",Ծառայությունների մատուցում,324421140.8,332778363.3,143395834.1,151890065.1,92369683.1,0.278,0.608,23021908.7,24162350.6,6419642.9,8656826.7,6398099.5,0.265,0.7390000000000001,166600.0,166600.0,69417.0,69417.0,68920.4,0.414,0.993
ՀՀ տարածքային կառավարման և ենթակառուցվածքների նախարարություն,1004,1004,Ոռոգման համակարգի առողջացում,Ոռոգման ծառայությունների հասանելիության և մատչելիության ապահովում,"Ոռոգման ջրի մատակարարման արդյունավետության և հասանելիության բարելավում, կորուստների կրճատում",11019,"Գերմանիայի զարգացման վարկերի բանկի աջակցությամբ իրականացվող ""Ջրային ռեսուրսների համատեղված կառավարում (ՋՌՀԿ)/Ախուրյան գետ"" ծրագրի ուղեկցող միջոցառումներ դրամաշնորհային ծրագիր",Ախուրյան գետի ավազանում ջրային ռեսուրսների արդյունավետ կառավարմանն աջակցություն,Ծառայությունների մատուցում,324421140.8,332778363.3,143395834.1,151890065.1,92369683.1,0.278,0.608,23021908.7,24162350.6,6419642.9,8656826.7,6398099.5,0.265,0.7390000000000001,424024.7,424024.7,63603.7,63603.7,0.0,0.0,0.0
ՀՀ տարածքային կառավարման և ենթակառուցվածքների նախարարություն,1004,1004,Ոռոգման համակարգի առողջացում,Ոռոգման ծառայությունների հասանելիության և մատչելիության ապահովում,"Ոռոգման ջրի մատակարարման արդյունավետության և հասանելիության բարելավում, կորուստների կրճատում",11020,Հակահեղեղային անհետաձգելի միջոցառումներ,"Գետերի և հեղեղատարների մաքրման, հեղեղների կանխման և վերացման աշխատանքներ",Ծառայությունների մատուցում,324421140.8,332778363.3,143395834.1,151890065.1,92369683.1,0.278,0.608,23021908.7,24162350.6,6419642.9,8656826.7,6398099.5,0.265,0.7390000000000001,0.0,446528.2,0.0,446528.2,446518.0,1.0,1.0
ՀՀ տարածքային կառավարման և ենթակառուցվածքների նախարարություն,1004,1004,Ոռոգման համակարգի առողջացում,Ոռոգման ծառայությունների հասանելիության և մատչելիության ապահովում,"Ոռոգման ջրի մատակարարման արդյունավետության և հասանելիության բարելավում, կորուստների կրճատում",12001,Աջակցություն ոռոգման համակարգի առողջացմանը,Աջակցություն ոռոգման համակարգի ընկերությունների ֆինանսական կենսունակության բարելավման նպատակով իրականացվող միջոցառումներին,Տրանսֆերտների տրամադրում,324421140.8,332778363.3,143395834.1,151890065.1,92369683.1,0.278,0.608,23021908.7,24162350.6,6419642.9,8656826.7,6398099.5,0.265,0.7390000000000001,34520.0,1561748.4,34520.0,1561748.4,1527228.4,0.978,0.978
ՀՀ տարածքային կառավարման և ենթակառուցվածքների նախարարություն,1004,1004,Ոռոգման համակարգի առողջացում,Ոռոգման ծառայությունների հասանելիության և մատչելիության ապահովում,"Ոռոգման ջրի մատակարարման արդյունավետության և հասանելիության բարելավում, կորուստների կրճատում",12002,Գերմանիայի զարգացման բանկի աջակցությամբ իրականացվող Ախուրյան գետի ջրային ռեսուրսների ինտեգրված կառավարման փուլ 1 ծրագրով Ջրաձոր գյուղի վերաբնակեցման համար   ենթակառուցվածքների և բնակելի տների կառուցում,Գերմանիայի զարգացման բանկի աջակցությամբ իրականացվող Ախուրյան գետի ջրային ռեսուրսների ինտեգրված կառավարման փուլ 1 ծրագիր,Տրանսֆերտների տրամադրում,324421140.8,332778363.3,143395834.1,151890065.1,92369683.1,0.278,0.608,23021908.7,24162350.6,6419642.9,8656826.7,6398099.5,0.265,0.7390000000000001,1037000.0,104771.1,0.0,0.0,0.0,0.0,0.0
ՀՀ տարածքային կառավարման և ենթակառուցվածքների նախարարություն,1004,1004,Ոռոգման համակարգի առողջացում,Ոռոգման ծառայությունների հասանելիության և մատչելիության ապահովում,"Ոռոգման ջրի մատակարարման արդյունավետության և հասանելիության բարելավում, կորուստների կրճատում",31001,Ֆրանսիայի Հանրապետության կառավարության աջակցությամբ իրականացվող Վեդու ջրամբարի  և ոռոգման համակարգի կառուցում,Ֆրանսիայի Հանրապետության կառավարության աջակցությամբ իրականացվող Վեդու ջրամբարի  և ոռոգման համակարգի կառուցման ծրագիր,Պետական մարմինների կողմից օգտագործվող ոչ ֆինանսական ակտիվների հետ գործառնություններ,324421140.8,332778363.3,143395834.1,151890065.1,92369683.1,0.278,0.608,23021908.7,24162350.6,6419642.9,8656826.7,6398099.5,0.265,0.7390000000000001,15745.7,15745.7,15745.7,15745.7,15458.4,0.982,0.982
ՀՀ տարածքային կառավարման և ենթակառուցվածքների նախարարություն,1004,1004,Ոռոգման համակարգի առողջացում,Ոռոգման ծառայությունների հասանելիության և մատչելիության ապահովում,"Ոռոգման ջրի մատակարարման արդյունավետության և հասանելիության բարելավում, կորուստների կրճատում",31002,Ոռոգման համակարգերի հիմնանորոգում,Ոռոգման համակարգերի հիմնանորոգում,Պետական մարմինների կողմից օգտագործվող ոչ ֆինանսական ակտիվների հետ գործառնություններ,324421140.8,332778363.3,143395834.1,151890065.1,92369683.1,0.278,0.608,23021908.7,24162350.6,6419642.9,8656826.7,6398099.5,0.265,0.7390000000000001,500000.0,735548.8,170000.0,335548.8,155318.5,0.21100000000000002,0.46299999999999997
ՀՀ տարածքային կառավարման և ենթակառուցվածքների նախարարություն,1004,1004,Ոռոգման համակարգի առողջացում,Ոռոգման ծառայությունների հասանելիության և մատչելիության ապահովում,"Ոռոգման ջրի մատակարարման արդյունավետության և հասանելիության բարելավում, կորուստների կրճատում",31004,Գերմանիայի զարգացման վարկերի բանկի աջակցությամբ իրականացվող Ախուրյան գետի ջրային ռեսուրսների ինտեգրված կառավարման ծրագրի շրջանակներում ջրային տնտեսության ենթակառուցվածքների հիմնանորոգում,Գերմանիայի զարգացման վարկերի բանկի աջակցությամբ իրականացվող Ախուրյան գետի ջրային ռեսուրսների ինտեգրված կառավարման ծրագիր,Պետական մարմինների կողմից օգտագործվող ոչ ֆինանսական ակտիվների հետ գործառնություններ,324421140.8,332778363.3,143395834.1,151890065.1,92369683.1,0.278,0.608,23021908.7,24162350.6,6419642.9,8656826.7,6398099.5,0.265,0.7390000000000001,2903814.9,2890422.3,957205.0,957205.0,242009.6,0.084,0.253
ՀՀ տարածքային կառավարման և ենթակառուցվածքների նախարարություն,1004,1004,Ոռոգման համակարգի առողջացում,Ոռոգման ծառայությունների հասանելիության և մատչելիության ապահովում,"Ոռոգման ջրի մատակարարման արդյունավետության և հասանելիության բարելավում, կորուստների կրճատում",31005,Եվրասիական զարգացման բանկի աջակցությամբ իրականացվող ոռոգման համակարգերի զարգացման ծրագրի շրջանակներում ջրային տնտեսության ենթակառուցվածքների հիմնանորոգում,Եվրասիական զարգացման բանկի աջակցությամբ իրականացվող ոռոգման համակարգերի զարգացման ծրագիր,Տրանսֆերտների տրամադրում,324421140.8,332778363.3,143395834.1,151890065.1,92369683.1,0.278,0.608,23021908.7,24162350.6,6419642.9,8656826.7,6398099.5,0.265,0.7390000000000001,0.0,62838.5,0.0,62838.5,62838.4,1.0,1.0
ՀՀ տարածքային կառավարման և ենթակառուցվածքների նախարարություն,1004,1004,Ոռոգման համակարգի առողջացում,Ոռոգման ծառայությունների հասանելիության և մատչելիության ապահովում,"Ոռոգման ջրի մատակարարման արդյունավետության և հասանելիության բարելավում, կորուստների կրճատում",31006,Գերմանիայի զարգացման վարկերի բանկի աջակցությամբ իրականացվող Ախուրյան գետի ջրային ռեսուրսների ինտեգրացված կառավարման ծրագրի երկրորդ փուլի շրջանակներում ջրային տնտեսության ենթակառուցվածքների հիմնանորոգում,Գերմանիայի զարգացման վարկերի բանկի աջակցությամբ իրականացվող Ախուրյան գետի ջրային ռեսուրսների ինտեգրացված կառավարման ծրագրի երկրորդ փուլ,Պետական մարմինների կողմից օգտագործվող ոչ ֆինանսական ակտիվների հետ գործառնություններ,324421140.8,332778363.3,143395834.1,151890065.1,92369683.1,0.278,0.608,23021908.7,24162350.6,6419642.9,8656826.7,6398099.5,0.265,0.7390000000000001,2903814.8,2903814.8,0.0,0.0,0.0,0.0,0.0
ՀՀ տարածքային կառավարման և ենթակառուցվածքների նախարարություն,1004,1004,Ոռոգման համակարգի առողջացում,Ոռոգման ծառայությունների հասանելիության և մատչելիության ապահովում,"Ոռոգման ջրի մատակարարման արդյունավետության և հասանելիության բարելավում, կորուստների կրճատում",31009,Օրվա կարգավորման ջրավազանների կառուցում և վերակառուցում,Օրվա կարգավորման ջրավազանների կառուցման և վերակառուցման համար նախագծերի և աշխատանքների ձեռք բերում,Պետական մարմինների կողմից օգտագործվող ոչ ֆինանսական ակտիվների հետ գործառնություններ,324421140.8,332778363.3,143395834.1,151890065.1,92369683.1,0.278,0.608,23021908.7,24162350.6,6419642.9,8656826.7,6398099.5,0.265,0.7390000000000001,1000000.0,1035218.1,420000.0,385218.1,290261.6,0.28,0.753
ՀՀ տարածքային կառավարման և ենթակառուցվածքների նախարարություն,1004,1004,Ոռոգման համակարգի առողջացում,Ոռոգման ծառայությունների հասանելիության և մատչելիության ապահովում,"Ոռոգման ջրի մատակարարման արդյունավետության և հասանելիության բարելավում, կորուստների կրճատում",31012,Գետերի և հեղեղատարների տեղամասերի ամրացման և մաքրման աշխատանքներ,Գետերի և հեղեղատարների տեղամասերի ամրացման և մաքրման համար նախագծերի և աշխատանքների ձեռքբերում,Պետական մարմինների կողմից օգտագործվող ոչ ֆինանսական ակտիվների հետ գործառնություններ,324421140.8,332778363.3,143395834.1,151890065.1,92369683.1,0.278,0.608,23021908.7,24162350.6,6419642.9,8656826.7,6398099.5,0.265,0.7390000000000001,423717.4,142280.0,0.0,0.0,0.0,0.0,0.0
ՀՀ տարածքային կառավարման և ենթակառուցվածքների նախարարություն,1004,1004,Ոռոգման համակարգի առողջացում,Ոռոգման ծառայությունների հասանելիության և մատչելիության ապահովում,"Ոռոգման ջրի մատակարարման արդյունավետության և հասանելիության բարելավում, կորուստների կրճատում",31013,Փոքր և միջին ջրամբարների կառուցում,Փոքր և միջին ջրամբարների կառուցման աշխատանքներ,Պետական մարմինների կողմից օգտագործվող ոչ ֆինանսական ակտիվների հետ գործառնություններ,324421140.8,332778363.3,143395834.1,151890065.1,92369683.1,0.278,0.608,23021908.7,24162350.6,6419642.9,8656826.7,6398099.5,0.265,0.7390000000000001,1000000.0,515431.2,100000.0,0.0,0.0,0.0,0.0
ՀՀ տարածքային կառավարման և ենթակառուցվածքների նախարարություն,1004,1004,Ոռոգման համակարգի առողջացում,Ոռոգման ծառայությունների հասանելիության և մատչելիության ապահովում,"Ոռոգման ջրի մատակարարման արդյունավետության և հասանելիության բարելավում, կորուստների կրճատում",31014,Ջրամբարների վերականգնման և վերազինման աշխատանքներ,Ջրամբարների վերականգնման և վերազինման համար նախագծերի և աշխատանքների ձեռքբերում,Պետական մարմինների կողմից օգտագործվող ոչ ֆինանսական ակտիվների հետ գործառնություններ,324421140.8,332778363.3,143395834.1,151890065.1,92369683.1,0.278,0.608,23021908.7,24162350.6,6419642.9,8656826.7,6398099.5,0.265,0.7390000000000001,264323.2,264323.2,47122.0,593.8,0.0,0.0,0.0
ՀՀ տարածքային կառավարման և ենթակառուցվածքների նախարարություն,1004,1004,Ոռոգման համակարգի առողջացում,Ոռոգման ծառայությունների հասանելիության և մատչելիության ապահովում,"Ոռոգման ջրի մատակարարման արդյունավետության և հասանելիության բարելավում, կորուստների կրճատում",31022,"Համաշխարհային բանկի աջակցության շրջանակներում ոռոգման, ջրամատակարարման և ջրահետացման ծրագրերի իրականացում","Համաշխարհային բանկի աջակցության շրջանակներում ոռոգման, ջրամատակարարման և ջրահեռացման ծրագրերի իրականացման խորհրդատվական ծառայությունների ձեռքբերում, վերակառուցման աշխատանքների իրականացում",,324421140.8,332778363.3,143395834.1,151890065.1,92369683.1,0.278,0.608,23021908.7,24162350.6,6419642.9,8656826.7,6398099.5,0.265,0.7390000000000001,2999529.5,2999529.5,1000000.0,1000000.0,0.0,0.0,0.0
ՀՀ տարածքային կառավարման և ենթակառուցվածքների նախարարություն,1004,1004,Ոռոգման համակարգի առողջացում,Ոռոգման ծառայությունների հասանելիության և մատչելիության ապահովում,"Ոռոգման ջրի մատակարարման արդյունավետության և հասանելիության բարելավում, կորուստների կրճատում",31024,Զարգացման ֆրանսիական գործակալության (ԶՖԳ) աջակցությամբ իրականացվող «Հայաստանում ջրային ռեսուրսների և գյուղատնտեսության համալիր զարգացում» («WAIDA») ծրագիր,Զարգացման ֆրանսիական գործակալության (ԶՖԳ) աջակցությամբ իրականացվող «Հայաստանում ջրային ռեսուրսների և գյուղատնտեսության համալիր զարգացում» («WAIDA») ծրագրի իրականացում,Պետական մարմինների կողմից օգտագործվող ոչ ֆինանսական ակտիվների հետ գործառնություններ,324421140.8,332778363.3,143395834.1,151890065.1,92369683.1,0.278,0.608,23021908.7,24162350.6,6419642.9,8656826.7,6398099.5,0.265,0.7390000000000001,193587.7,193587.7,60000.0,60000.0,0.0,0.0,0.0
ՀՀ տարածքային կառավարման և ենթակառուցվածքների նախարարություն,1017,1017,Որոտան-Արփա-Սևան թունելի ջրային համակարգի կառավարում,Որոտան-Արփա-Սևան թունելի ջրային համակարգի պահպանում և շահագործում,Որոտան-Արփա-Սևան հիդրոհամակարգի անվտանգության և հուսալիության ապահովում,11001,Արփա-Սևան թունելի ընթացիկ շահագործում և պահպանում,Որոտան-Արփա-Սևան թունելի շահագործման և պահպանման նպատակով  ծառայությունների մատուցում,Ծառայությունների մատուցում,324421140.8,332778363.3,143395834.1,151890065.1,92369683.1,0.278,0.608,1550000.0,1550000.0,175000.0,125000.0,125000.0,0.081,1.0,350000.0,350000.0,175000.0,125000.0,125000.0,0.35700000000000004,1.0
ՀՀ տարածքային կառավարման և ենթակառուցվածքների նախարարություն,1017,1017,Որոտան-Արփա-Սևան թունելի ջրային համակարգի կառավարում,Որոտան-Արփա-Սևան թունելի ջրային համակարգի պահպանում և շահագործում,Որոտան-Արփա-Սևան հիդրոհամակարգի անվտանգության և հուսալիության ապահովում,21001,Արփա-Սևան ջրային համակարգի տեխնիկական վիճակի բարելավում,Արփա-Սևան թունելի առանձին վթարային հատվածների վերականգնման աշխատանքներ,Հանրության կողմից անմիջականորեն օգտագործվող ակտիվների հետ կապված միջոցառումներ,324421140.8,332778363.3,143395834.1,151890065.1,92369683.1,0.278,0.608,1550000.0,1550000.0,175000.0,125000.0,125000.0,0.081,1.0,1200000.0,1200000.0,0.0,0.0,0.0,0.0,0.0
ՀՀ տարածքային կառավարման և ենթակառուցվածքների նախարարություն,1019,1019,Սոցիալական ներդրումների և տեղական զարգացման ծրագիր,Նպաստել տարածքներում բնակչության նյութական և ոչ նյութական բարեկեցության աճին,"Համայնքային և միջհամայնքային ենթակառուցվածքների և որակի հասանելիության բարելավում, ինստիտուցիոնալ և ֆինանասական կարողությունների հզորացում",12004,"Համաշխարհային բանկի աջակցությամբ իրականացվող Սոցիալական ներդրումների և տեղական զարգացման ծրագրի լրացուցիչ ֆինանսավորման վարկի շրջանակներում ՀՀ համայնքային և միջհամայնքային ենթակառուցվածքների որակի, օգտագործման և հասանելիության բարելավում","Ջրագծերի, առողջապահության, կրթության օբյեկտների, մշակույթային տների, ծերանոցների, մանկատների, հատուկ դպրոցների, մանկապարտզների և կոյուղու օբյեկտնրի հիմն. և շինարարություն., գույքի և սարքավորումների տրամադրում  շահառու ենթածրագրերի համար:",,324421140.8,332778363.3,143395834.1,151890065.1,92369683.1,0.278,0.608,0.0,18163.0,0.0,18163.0,0.0,0.0,0.0,0.0,18163.0,0.0,18163.0,0.0,0.0,0.0
ՀՀ տարածքային կառավարման և ենթակառուցվածքների նախարարություն,1027,1027,Կոլեկտորադրենաժային ծառայություններ,Կոլեկտորադրենաժային ցանցի միջոցով գրունտային ջրերի հեռացում և համակարգի կենսունակության բարելավում,Գերխոնավ տարածքներում մշակելի հողատարածքների ապահովում և ընդլայնում,11001,Կոլեկտորադրենաժային ցանցերի պահպանում և շահագործում,"Կոլեկտորադրենաժային ցանցերի պահպանում և շահագործում, գրունտային ջրերի մակարդակների և որակի որոշման աշխատանքներ",Ծառայությունների մատուցում,324421140.8,332778363.3,143395834.1,151890065.1,92369683.1,0.278,0.608,300000.0,300000.0,89564.0,89564.0,59360.0,0.198,0.6629999999999999,300000.0,300000.0,89564.0,89564.0,59360.0,0.198,0.6629999999999999
ՀՀ տարածքային կառավարման և ենթակառուցվածքների նախարարություն,1038,1038,Տարածքային կառավարման և տեղական ինքնակառավարման մարմինների ներկայացուցիչների մասնագիտական վերապատրաստում և հատուկ ուսուցում,Տարածքային կառավարման և տեղական ինքնակառավարման մարմինների աշխատակիցների աշխատանքի արդյունավետության բարելավում,Տարածքային կառավարման մարմինների մասնագիտական հմտությունների և կարողությունների բարելավում,11001,Վերապատրաստման ծառայություններ,"Տարածքային կառավարման մարմինների աշխատակիցների, տեղական ինքնակառավարման մարմինների, ինչպես նաև համայնքային ծառայողների վերապատրաստման կազմակերպում",Ծառայությունների մատուցում,324421140.8,332778363.3,143395834.1,151890065.1,92369683.1,0.278,0.608,14594.2,14594.2,4378.3,4378.3,4378.3,0.3,1.0,14594.2,14594.2,4378.3,4378.3,4378.3,0.3,1.0
ՀՀ տարածքային կառավարման և ենթակառուցվածքների նախարարություն,1040,1040,Կոշտ թափոնների կառավարում,Կենցաղային թափոնների արդյունավետ կառավարում սոցիալական և բնապահպանական խնդիրների լուծում,Կենցաղային թափոնների արդյունավետ կառավարում,32009,Միջազգային կազմակերպությունների աջակցությամբ իրականացվող  ՀՀ 8 մարզերում աղբահանության և կոշտ թափոնների ինտեգրված համակարգի կառուցում,"ՀՀ 8 մարզերում աղբահանության և կոշտ թափոնների ինտեգրված համակարգ (4 սանիտարական աղբավայր, 16 փոխբեռնման կայան)",,324421140.8,332778363.3,143395834.1,151890065.1,92369683.1,0.278,0.608,338421.6,338421.6,67684.3,67684.3,0.0,0.0,0.0,338421.6,338421.6,67684.3,67684.3,0.0,0.0,0.0
ՀՀ տարածքային կառավարման և ենթակառուցվածքների նախարարություն,1049,1049,Ճանապարհային ցանցի բարելավում,Ճանապարհային ցանցի բարելավում և անվտանգ երթևեկության ապահովում,"Ճանապարհների ծածկի որակի և փոխադրումների արդյունավետության բարելավում, ճանապարհների վիճակով պայմանավորված պատահարների նվազում",11001,Միջպետական և հանրապետական նշանակության ավտոճանապարհների պահպանման և անվտանգ երթևեկության ծառայություններ,"Հողային պաստառի, երթևեկելի մասի, արհեստական կառույցների և կահավորման տարրերի նորմատիվ մակարդակում պահպանում և շահագործում",,324421140.8,332778363.3,143395834.1,151890065.1,92369683.1,0.278,0.608,126080691.8,128022727.7,54816828.2,56513477.7,16713862.3,0.131,0.29600000000000004,6912129.7,6906639.7,3448069.8,3442579.8,2336428.8,0.33799999999999997,0.679
ՀՀ տարածքային կառավարման և ենթակառուցվածքների նախարարություն,1049,1049,Ճանապարհային ցանցի բարելավում,Ճանապարհային ցանցի բարելավում և անվտանգ երթևեկության ապահովում,"Ճանապարհների ծածկի որակի և փոխադրումների արդյունավետության բարելավում, ճանապարհների վիճակով պայմանավորված պատահարների նվազում",11002,Մարզային նշանակության ավտոճանապարհների պահպանման և անվտանգ երթևեկության ծառայություններ,"Հողային պաստառի, երթևեկելի մասի, արհեստական կառույցների և կահավորման տարրերի նորմատիվ մակարդակում պահպանում և շահագործում",,324421140.8,332778363.3,143395834.1,151890065.1,92369683.1,0.278,0.608,126080691.8,128022727.7,54816828.2,56513477.7,16713862.3,0.131,0.29600000000000004,2673879.6,2647145.3,1308900.1,1310999.7,1109973.6,0.419,0.847
ՀՀ տարածքային կառավարման և ենթակառուցվածքների նախարարություն,1049,1049,Ճանապարհային ցանցի բարելավում,Ճանապարհային ցանցի բարելավում և անվտանգ երթևեկության ապահովում,"Ճանապարհների ծածկի որակի և փոխադրումների արդյունավետության բարելավում, ճանապարհների վիճակով պայմանավորված պատահարների նվազում",11003,Հայաստանի Հանրապետությունում հսկիչ սարքերի (թվային տախոգրաֆի) համակարգի կարգավորում,Հայաստանի Հանրապետությունում հսկիչ սարքերի (թվային տախոգրաֆի)  համակարգի անընդհատ և անխափան աշխատանքի ապահովման նպատակով տախոնետ կապի ապահովում,Ծառայությունների մատուցում,324421140.8,332778363.3,143395834.1,151890065.1,92369683.1,0.278,0.608,126080691.8,128022727.7,54816828.2,56513477.7,16713862.3,0.131,0.29600000000000004,28393.0,28393.0,28393.0,28393.0,0.0,0.0,0.0
ՀՀ տարածքային կառավարման և ենթակառուցվածքների նախարարություն,1049,1049,Ճանապարհային ցանցի բարելավում,Ճանապարհային ցանցի բարելավում և անվտանգ երթևեկության ապահովում,"Ճանապարհների ծածկի որակի և փոխադրումների արդյունավետության բարելավում, ճանապարհների վիճակով պայմանավորված պատահարների նվազում",11004,"Ավտոմոբիլային ճանապարհների ցանցի հսկողություն, ուսումնասիրություններ և փորձաքննություններ","Միջպետական և հանրապետական նշանակության ավտոմոբիլային ճանապարհների, ինժեներական կառույցների նպատակային օգտագործման, պահպանման, տեխնիկական չափանիշների ստուգման և աշխատանքների արդյունքների ընդունման  ծառայություններ",Ծառայությունների մատուցում,324421140.8,332778363.3,143395834.1,151890065.1,92369683.1,0.278,0.608,126080691.8,128022727.7,54816828.2,56513477.7,16713862.3,0.131,0.29600000000000004,305043.2,305043.2,152521.6,152521.6,152521.6,0.5,1.0
ՀՀ տարածքային կառավարման և ենթակառուցվածքների նախարարություն,1049,1049,Ճանապարհային ցանցի բարելավում,Ճանապարհային ցանցի բարելավում և անվտանգ երթևեկության ապահովում,"Ճանապարհների ծածկի որակի և փոխադրումների արդյունավետության բարելավում, ճանապարհների վիճակով պայմանավորված պատահարների նվազում",11007,Ասիական զարգացման բանկի աջակցությամբ իրականացվող Հայաստան-Վրաստան սահմանային տարածաշրջանային ճանապարհի (Մ6 Վանաձոր-Բագրատաշեն) բարելավման ծրագրի համակարգում և կառավարում,Խորհրդատվական ծառայություններ և պահպանման ծախսեր,Ծառայությունների մատուցում,324421140.8,332778363.3,143395834.1,151890065.1,92369683.1,0.278,0.608,126080691.8,128022727.7,54816828.2,56513477.7,16713862.3,0.131,0.29600000000000004,14489.9,14993.9,14489.9,14993.9,10262.4,0.684,0.684
ՀՀ տարածքային կառավարման և ենթակառուցվածքների նախարարություն,1049,1049,Ճանապարհային ցանցի բարելավում,Ճանապարհային ցանցի բարելավում և անվտանգ երթևեկության ապահովում,"Ճանապարհների ծածկի որակի և փոխադրումների արդյունավետության բարելավում, ճանապարհների վիճակով պայմանավորված պատահարների նվազում",11009,Ասիական զարգացման բանկի աջակցությամբ իրականացվող Հյուսիս-հարավ միջանցքի զարգացման ծրագրի համակարգում և կառավարում ( Տրանշ 2),Խորհրդատվական ծառայություններ և պահպանման ծախսեր,Ծառայությունների մատուցում,324421140.8,332778363.3,143395834.1,151890065.1,92369683.1,0.278,0.608,126080691.8,128022727.7,54816828.2,56513477.7,16713862.3,0.131,0.29600000000000004,79300.2,79300.2,45888.4,45888.4,31393.2,0.396,0.684
ՀՀ տարածքային կառավարման և ենթակառուցվածքների նախարարություն,1049,1049,Ճանապարհային ցանցի բարելավում,Ճանապարհային ցանցի բարելավում և անվտանգ երթևեկության ապահովում,"Ճանապարհների ծածկի որակի և փոխադրումների արդյունավետության բարելավում, ճանապարհների վիճակով պայմանավորված պատահարների նվազում",11012,Կայունացման և զարգացման Եվրասիական հիմնադրամի աջակցությամբ իրականացվող Հյուսիս-հարավ միջանցքի Քաջարան Ագարակ 32 կմ հատվածի կառուցման համակարգում և կառավարում,"Խորհրդատվական ծառայություններ, Ֆինանսական աուդիտ և պահպանման ծախսեր",Ծառայությունների մատուցում,324421140.8,332778363.3,143395834.1,151890065.1,92369683.1,0.278,0.608,126080691.8,128022727.7,54816828.2,56513477.7,16713862.3,0.131,0.29600000000000004,295535.1,495535.1,155242.6,355242.6,229678.2,0.46299999999999997,0.647
ՀՀ տարածքային կառավարման և ենթակառուցվածքների նախարարություն,1049,1049,Ճանապարհային ցանցի բարելավում,Ճանապարհային ցանցի բարելավում և անվտանգ երթևեկության ապահովում,"Ճանապարհների ծածկի որակի և փոխադրումների արդյունավետության բարելավում, ճանապարհների վիճակով պայմանավորված պատահարների նվազում",11016,Ասիական զարգացման բանկի աջակցությամբ իրականացվող Հյուսիս-հարավ ճանապարհային միջանցքի զարգացման ծրագրի Սիսիան-Քաջարան 60կմ-ի Հյուսիսային ենթահատվածի  համակարգում և կառավարում,Խորհրդատվական ծառայություններ և պահպանման ծախսեր,,324421140.8,332778363.3,143395834.1,151890065.1,92369683.1,0.278,0.608,126080691.8,128022727.7,54816828.2,56513477.7,16713862.3,0.131,0.29600000000000004,2349199.7,2149199.7,2230781.4,2030781.4,114531.0,0.053,0.055999999999999994
ՀՀ տարածքային կառավարման և ենթակառուցվածքների նախարարություն,1049,1049,Ճանապարհային ցանցի բարելավում,Ճանապարհային ցանցի բարելավում և անվտանգ երթևեկության ապահովում,"Ճանապարհների ծածկի որակի և փոխադրումների արդյունավետության բարելավում, ճանապարհների վիճակով պայմանավորված պատահարների նվազում",11017,Կայունացման և զարգացման Եվրասիական հիմնադրամի աջակցությամբ իրականացվող Հյուսիս-հարավ միջանցքի  Քաջարանի թունելի և մոտեցումների կառուցման համակարգում և կառավարում,"Խորհրդատվական ծառայություններ, Ֆինանսական աուդիտ և պահպանման ծախսեր",,324421140.8,332778363.3,143395834.1,151890065.1,92369683.1,0.278,0.608,126080691.8,128022727.7,54816828.2,56513477.7,16713862.3,0.131,0.29600000000000004,101884.1,101884.1,52942.1,52942.1,33466.6,0.32799999999999996,0.632
ՀՀ տարածքային կառավարման և ենթակառուցվածքների նախարարություն,1049,1049,Ճանապարհային ցանցի բարելավում,Ճանապարհային ցանցի բարելավում և անվտանգ երթևեկության ապահովում,"Ճանապարհների ծածկի որակի և փոխադրումների արդյունավետության բարելավում, ճանապարհների վիճակով պայմանավորված պատահարների նվազում",11023,Ֆրանսիայի աջակցությամբ իրականացվող Հյուսիս-հարավ ճանապարհային միջանցքի Սիսիան-Քաջարան ճանապարհահատվածի Բարգուշատի թունելի կառուցման համակարգում և կառավարում,Խորհրդատվական ծառայություններ և պահպանման ծախսեր,,324421140.8,332778363.3,143395834.1,151890065.1,92369683.1,0.278,0.608,126080691.8,128022727.7,54816828.2,56513477.7,16713862.3,0.131,0.29600000000000004,4839.6,4839.6,4839.6,4839.6,0.0,0.0,0.0
ՀՀ տարածքային կառավարման և ենթակառուցվածքների նախարարություն,1049,1049,Ճանապարհային ցանցի բարելավում,Ճանապարհային ցանցի բարելավում և անվտանգ երթևեկության ապահովում,"Ճանապարհների ծածկի որակի և փոխադրումների արդյունավետության բարելավում, ճանապարհների վիճակով պայմանավորված պատահարների նվազում",11024,Վերակառուցման և զարգացման Եվրոպական Բանկի Հյուսիս-հարավ ճանապարհային միջանցքի զարգացման ծրագրի Սիսիան-Քաջարան Հարավային հատվածի համակարգում և կառավարում,Խորհրդատվական ծառայություններ և պահպանման ծախսեր,,324421140.8,332778363.3,143395834.1,151890065.1,92369683.1,0.278,0.608,126080691.8,128022727.7,54816828.2,56513477.7,16713862.3,0.131,0.29600000000000004,80256.9,80256.9,41404.2,41404.2,35442.1,0.442,0.856
ՀՀ տարածքային կառավարման և ենթակառուցվածքների նախարարություն,1049,1049,Ճանապարհային ցանցի բարելավում,Ճանապարհային ցանցի բարելավում և անվտանգ երթևեկության ապահովում,"Ճանապարհների ծածկի որակի և փոխադրումների արդյունավետության բարելավում, ճանապարհների վիճակով պայմանավորված պատահարների նվազում",21001,Պետական նշանակության ավտոճանապարհների հիմնանորոգում,"Միջպետական, հանրապետական և մարզային նշանակության ավտոճոնապարհների քայքայված ծածկի վերանորոգում, մաշված ծածկի փոխարինում",,324421140.8,332778363.3,143395834.1,151890065.1,92369683.1,0.278,0.608,126080691.8,128022727.7,54816828.2,56513477.7,16713862.3,0.131,0.29600000000000004,49000000.0,50479636.4,9000000.0,10486655.1,1239219.8,0.025,0.11800000000000001
ՀՀ տարածքային կառավարման և ենթակառուցվածքների նախարարություն,1049,1049,Ճանապարհային ցանցի բարելավում,Ճանապարհային ցանցի բարելավում և անվտանգ երթևեկության ապահովում,"Ճանապարհների ծածկի որակի և փոխադրումների արդյունավետության բարելավում, ճանապարհների վիճակով պայմանավորված պատահարների նվազում",21002,Տրանսպորտային օբյեկտների հիմնանորոգում,Ավտոմոբիլային ճանապարհների վրա գտնվող կամուրջների հիմնանորոգում,,324421140.8,332778363.3,143395834.1,151890065.1,92369683.1,0.278,0.608,126080691.8,128022727.7,54816828.2,56513477.7,16713862.3,0.131,0.29600000000000004,2500000.0,2557585.9,600000.0,650567.2,69458.7,0.027000000000000003,0.107
ՀՀ տարածքային կառավարման և ենթակառուցվածքների նախարարություն,1049,1049,Ճանապարհային ցանցի բարելավում,Ճանապարհային ցանցի բարելավում և անվտանգ երթևեկության ապահովում,"Ճանապարհների ծածկի որակի և փոխադրումների արդյունավետության բարելավում, ճանապարհների վիճակով պայմանավորված պատահարների նվազում",21004,Ասիական զարգացման բանկի աջակցությամբ իրականացվող  Մ6 Վանաձոր-Ալավերդի-Վրաստանի սահման միջպետական նշանակության ճանապարհի ծրագրի կառուցում և հիմնանորոգում,Ճանապարհաշինական աշխատանքներ,Հանրության կողմից անմիջականորեն օգտագործվող ակտիվների հետ կապված միջոցառումներ,324421140.8,332778363.3,143395834.1,151890065.1,92369683.1,0.278,0.608,126080691.8,128022727.7,54816828.2,56513477.7,16713862.3,0.131,0.29600000000000004,346486.3,346486.3,346486.3,346486.3,0.0,0.0,0.0
ՀՀ տարածքային կառավարման և ենթակառուցվածքների նախարարություն,1049,1049,Ճանապարհային ցանցի բարելավում,Ճանապարհային ցանցի բարելավում և անվտանգ երթևեկության ապահովում,"Ճանապարհների ծածկի որակի և փոխադրումների արդյունավետության բարելավում, ճանապարհների վիճակով պայմանավորված պատահարների նվազում",21006,"Ասիական զարգացման բանկի աջակցությամբ իրականացվող Հյուսիս-հարավ միջանցքի զարգացման վարկային ծրագիր, Տրանշ 2",Աշտարակ-Թալին 29+600կմ-71+500կմ հատվածի կառուցում,Հանրության կողմից անմիջականորեն օգտագործվող ակտիվների հետ կապված միջոցառումներ,324421140.8,332778363.3,143395834.1,151890065.1,92369683.1,0.278,0.608,126080691.8,128022727.7,54816828.2,56513477.7,16713862.3,0.131,0.29600000000000004,2364816.6,2692854.5,2336965.0,2486901.3,2420376.1,0.899,0.973
ՀՀ տարածքային կառավարման և ենթակառուցվածքների նախարարություն,1049,1049,Ճանապարհային ցանցի բարելավում,Ճանապարհային ցանցի բարելավում և անվտանգ երթևեկության ապահովում,"Ճանապարհների ծածկի որակի և փոխադրումների արդյունավետության բարելավում, ճանապարհների վիճակով պայմանավորված պատահարների նվազում",21009,"Եվրոպական ներդրումային բանկի աջակցությամբ իրականացվող Հյուսիս-հարավ միջանցքի զարգացման վարկային ծրագիր, Տրանշ 3",Լանջիկ-Գյումրի 27.47 կմ երկարությամբ ճանապարհային հատվածի կառուցում,Հանրության կողմից անմիջականորեն օգտագործվող ակտիվների հետ կապված միջոցառումներ,324421140.8,332778363.3,143395834.1,151890065.1,92369683.1,0.278,0.608,126080691.8,128022727.7,54816828.2,56513477.7,16713862.3,0.131,0.29600000000000004,1532835.6,1591331.6,1519563.6,1531940.9,818866.3,0.515,0.535
ՀՀ տարածքային կառավարման և ենթակառուցվածքների նախարարություն,1049,1049,Ճանապարհային ցանցի բարելավում,Ճանապարհային ցանցի բարելավում և անվտանգ երթևեկության ապահովում,"Ճանապարհների ծածկի որակի և փոխադրումների արդյունավետության բարելավում, ճանապարհների վիճակով պայմանավորված պատահարների նվազում",21012,Կայունացման և զարգացման Եվրասիական հիմնադրամի աջակցությամբ իրականացվող Հյուսիս-հարավ միջանցքի Քաջարան Ագարակ 32 կմ հատվածի կառուցում,"Հյուսիս-հարավ ճանապարհային միջանցքի Քաջարան Ագարակ 32 կմ հատվածի կառուցման Շինարարական աշխատանքներ,  Տեխնիկական հսկողություն և հեղինակային հսկողություն",Հանրության կողմից անմիջականորեն օգտագործվող ակտիվների հետ կապված միջոցառումներ,324421140.8,332778363.3,143395834.1,151890065.1,92369683.1,0.278,0.608,126080691.8,128022727.7,54816828.2,56513477.7,16713862.3,0.131,0.29600000000000004,26392177.3,26392177.3,13196088.7,13196088.7,7094438.2,0.26899999999999996,0.5379999999999999
ՀՀ տարածքային կառավարման և ենթակառուցվածքների նախարարություն,1049,1049,Ճանապարհային ցանցի բարելավում,Ճանապարհային ցանցի բարելավում և անվտանգ երթևեկության ապահովում,"Ճանապարհների ծածկի որակի և փոխադրումների արդյունավետության բարելավում, ճանապարհների վիճակով պայմանավորված պատահարների նվազում",21018,Կայունացման և զարգացման Եվրասիական հիմնադրամի աջակցությամբ իրականացվող Հյուսիս-հարավ միջանցքի Քաջարանի թունելի (7 կմ) և մոտեցումների (4կմ) կառուցում,"Հյուսիս-հարավ միջանցքի Քաջարանի թունելի  մոտ 7 կմ -ի կառուցման  Շինարարական աշխատանքներ,  Տեխնիկական հսկողություն և հեղինակային հսկողություն",,324421140.8,332778363.3,143395834.1,151890065.1,92369683.1,0.278,0.608,126080691.8,128022727.7,54816828.2,56513477.7,16713862.3,0.131,0.29600000000000004,10405193.2,10405193.2,3267959.2,3267959.2,0.0,0.0,0.0
ՀՀ տարածքային կառավարման և ենթակառուցվածքների նախարարություն,1049,1049,Ճանապարհային ցանցի բարելավում,Ճանապարհային ցանցի բարելավում և անվտանգ երթևեկության ապահովում,"Ճանապարհների ծածկի որակի և փոխադրումների արդյունավետության բարելավում, ճանապարհների վիճակով պայմանավորված պատահարների նվազում",21020,Պետական նշանակության ավտոճանապարհների միջին նորոգում,"Միջպետական, հանրապետական և մարզային նշանակության ավտոճանապարհների պատվածքի մաշված վերին շերտի վերականգնում և շինարարական նորմերով նախատեսված սկզբնական որակական ցուցանիշների ապահովում",,324421140.8,332778363.3,143395834.1,151890065.1,92369683.1,0.278,0.608,126080691.8,128022727.7,54816828.2,56513477.7,16713862.3,0.131,0.29600000000000004,5088982.0,5088982.0,1628474.2,1628474.2,1007125.8,0.198,0.618
ՀՀ տարածքային կառավարման և ենթակառուցվածքների նախարարություն,1049,1049,Ճանապարհային ցանցի բարելավում,Ճանապարհային ցանցի բարելավում և անվտանգ երթևեկության ապահովում,"Ճանապարհների ծածկի որակի և փոխադրումների արդյունավետության բարելավում, ճանապարհների վիճակով պայմանավորված պատահարների նվազում",21026,"Ասիական Զարգացման Բանկի աջակցությամբ իրականացվող «Դիմակայուն և ներառական ճանապարհային հատվածի բարելավման ծրագիր», Սիսիան-Քաջարան Հյուսիսային հատվածի կառուցում",Սիսիան-Քաջարան ճանապարհահատվածի հյուսիսային  շուրջ 27.1 կմ հատվածի  կառուցման աշխատանքներ,,324421140.8,332778363.3,143395834.1,151890065.1,92369683.1,0.278,0.608,126080691.8,128022727.7,54816828.2,56513477.7,16713862.3,0.131,0.29600000000000004,2903814.9,2953814.9,2903814.9,2903814.9,10680.0,0.004,0.004
ՀՀ տարածքային կառավարման և ենթակառուցվածքների նախարարություն,1049,1049,Ճանապարհային ցանցի բարելավում,Ճանապարհային ցանցի բարելավում և անվտանգ երթևեկության ապահովում,"Ճանապարհների ծածկի որակի և փոխադրումների արդյունավետության բարելավում, ճանապարհների վիճակով պայմանավորված պատահարների նվազում",21027,"Եվրոպական ներդրումային Բանկի աջակցությամբ իրականացվող «Հայաստան. Սիսիան-Քաջարան ճանապարհահատվածի ծրագիր», Հյուսիսային հատվածի կառուցում և հիմնանորոգում",Սիսիան-Քաջարան ճանապարհահատվածի հյուսիսային  շուրջ 27.1 կմ հատվածի  կառուցման աշխատանքներ,,324421140.8,332778363.3,143395834.1,151890065.1,92369683.1,0.278,0.608,126080691.8,128022727.7,54816828.2,56513477.7,16713862.3,0.131,0.29600000000000004,1451906.6,1451906.6,1441485.0,1441485.0,0.0,0.0,0.0
ՀՀ տարածքային կառավարման և ենթակառուցվածքների նախարարություն,1049,1049,Ճանապարհային ցանցի բարելավում,Ճանապարհային ցանցի բարելավում և անվտանգ երթևեկության ապահովում,"Ճանապարհների ծածկի որակի և փոխադրումների արդյունավետության բարելավում, ճանապարհների վիճակով պայմանավորված պատահարների նվազում",21028,Ֆրանսիայի աջակցությամբ իրականացվող Սիսիան-Քաջարան ճանապարհահատվածի Բարգուշատի թունելի կառուցում,Ֆրանսիայի աջակցությամբ իրականացվող Սիսիան-Քաջարան ճանապարհահատվածի Բարգուշատի 8.65կմ թունելի կառուցում,,324421140.8,332778363.3,143395834.1,151890065.1,92369683.1,0.278,0.608,126080691.8,128022727.7,54816828.2,56513477.7,16713862.3,0.131,0.29600000000000004,5441898.6,5441898.6,5441898.6,5441898.6,0.0,0.0,0.0
ՀՀ տարածքային կառավարման և ենթակառուցվածքների նախարարություն,1049,1049,Ճանապարհային ցանցի բարելավում,Ճանապարհային ցանցի բարելավում և անվտանգ երթևեկության ապահովում,"Ճանապարհների ծածկի որակի և փոխադրումների արդյունավետության բարելավում, ճանապարհների վիճակով պայմանավորված պատահարների նվազում",21029,Վերակառուցման և զարգացման եվրոպական բանկի աջակցությամբ իրականացվող Հյուսիս-հարավ ճանապարհային միջանցքի Սիսիան-Քաջարան Հարավային հատվածի կառուցում,Սիսիան-Քաջարան ճանապարհահատվածի հարավային 24.2 կմ հատվածի  կառուցման աշխատանքներ,,324421140.8,332778363.3,143395834.1,151890065.1,92369683.1,0.278,0.608,126080691.8,128022727.7,54816828.2,56513477.7,16713862.3,0.131,0.29600000000000004,3871753.1,3871753.1,3771449.8,3771449.8,0.0,0.0,0.0
ՀՀ տարածքային կառավարման և ենթակառուցվածքների նախարարություն,1049,1049,Ճանապարհային ցանցի բարելավում,Ճանապարհային ցանցի բարելավում և անվտանգ երթևեկության ապահովում,"Ճանապարհների ծածկի որակի և փոխադրումների արդյունավետության բարելավում, ճանապարհների վիճակով պայմանավորված պատահարների նվազում",21030,"Եվրոպական ներդրումային Բանկի աջակցությամբ իրականացվող, Հայաստան. Սիսիան-Քաջարան ճանապարհահատվածի ծրագրի, Հարավային հատվածի կառուցում",Սիսիան-Քաջարան ճանապարհահատվածի հարավային 24.2 կմ հատվածի  կառուցման աշխատանքներ,,324421140.8,332778363.3,143395834.1,151890065.1,92369683.1,0.278,0.608,126080691.8,128022727.7,54816828.2,56513477.7,16713862.3,0.131,0.29600000000000004,1935876.6,1935876.6,1879170.2,1879170.2,0.0,0.0,0.0
ՀՀ տարածքային կառավարման և ենթակառուցվածքների նախարարություն,1072,1072,Ջրամատակարարման և ջրահեռացման բարելավում,Ջրամատակարարման ծառայությունների հասանելիության և մատչելիության ապահովում,"Խմելու ջրի մատակարարման և ջրահեռացման համակարգի բարելավում, կորուստների կրճատում",11007,Գերմանիայի զարգացման վարկերի բանկի աջակցությամբ իրականացվող ջրամատակարարման և ջրահեռացման ենթակառուցվածքների վերականգնման ծրագրի երրորդ փուլ,Համայնքային ջրամատակարարման և ջրահեռացման ենթակառուցվածքների վերականգնման ծրագրի համակարգում և ղեկավարում,,324421140.8,332778363.3,143395834.1,151890065.1,92369683.1,0.278,0.608,9809999.0,11652786.7,4364996.4,5462541.3,1619361.0,0.139,0.29600000000000004,52559.4,113024.7,28877.2,70950.9,53594.2,0.474,0.755
ՀՀ տարածքային կառավարման և ենթակառուցվածքների նախարարություն,1072,1072,Ջրամատակարարման և ջրահեռացման բարելավում,Ջրամատակարարման ծառայությունների հասանելիության և մատչելիության ապահովում,"Խմելու ջրի մատակարարման և ջրահեռացման համակարգի բարելավում, կորուստների կրճատում",11017,"""Համայնքային ենթակառուցվածքների II ծրագիր, փուլ 3 - Հայաստանի ջրամատակարարման և ջրահեռացման ենթակառուցվածք"" ծրագրերի կառավարում","Համայնքային ենթակառուցվածքների  II ծրագիր, փուլ 3 - Հայաստանի ջրամատակարարման և ջրահեռացման ենթակառուցվածքե ծրագրի համակարգում և ղեկավարում",,324421140.8,332778363.3,143395834.1,151890065.1,92369683.1,0.278,0.608,9809999.0,11652786.7,4364996.4,5462541.3,1619361.0,0.139,0.29600000000000004,177025.0,177025.0,90925.0,90925.0,65700.2,0.371,0.723
ՀՀ տարածքային կառավարման և ենթակառուցվածքների նախարարություն,1072,1072,Ջրամատակարարման և ջրահեռացման բարելավում,Ջրամատակարարման ծառայությունների հասանելիության և մատչելիության ապահովում,"Խմելու ջրի մատակարարման և ջրահեռացման համակարգի բարելավում, կորուստների կրճատում",11018,Աուդիտորական ծառայությունների ձեռքբերում,Վարձակալության պայմանագրի շրջանակներում տեխնիկական աուդիտորական կազմակերպության ծառայությունների ձեռքբերում,,324421140.8,332778363.3,143395834.1,151890065.1,92369683.1,0.278,0.608,9809999.0,11652786.7,4364996.4,5462541.3,1619361.0,0.139,0.29600000000000004,200000.0,200000.0,60000.0,0.0,0.0,0.0,0.0
ՀՀ տարածքային կառավարման և ենթակառուցվածքների նախարարություն,1072,1072,Ջրամատակարարման և ջրահեռացման բարելավում,Ջրամատակարարման ծառայությունների հասանելիության և մատչելիության ապահովում,"Խմելու ջրի մատակարարման և ջրահեռացման համակարգի բարելավում, կորուստների կրճատում",12001,Գերմանիայի զարգացման և Եվրոպական միության հարևանության ներդրումային բանկի աջակցությամբ իրականացվող ջրամատակարարման և ջրահեռացման ենթակառուցվածքների դրամաշնորհային ծրագիր` երրորդ փուլ,579 գյուղական բնակավայրերից ընտրված որոշ համայնքների ջրամատակարարման և ջրահեռացման համակարգերի հատվածների հրատապ վերականգնման աշխատանքների իրականացում ինչպես նաև՛ Արմավիրի կեղտաջրերի մաքրման կայանի կառուցում,,324421140.8,332778363.3,143395834.1,151890065.1,92369683.1,0.278,0.608,9809999.0,11652786.7,4364996.4,5462541.3,1619361.0,0.139,0.29600000000000004,3597559.8,3477559.8,1569651.2,1339528.4,161491.2,0.046,0.121
ՀՀ տարածքային կառավարման և ենթակառուցվածքների նախարարություն,1072,1072,Ջրամատակարարման և ջրահեռացման բարելավում,Ջրամատակարարման ծառայությունների հասանելիության և մատչելիության ապահովում,"Խմելու ջրի մատակարարման և ջրահեռացման համակարգի բարելավում, կորուստների կրճատում",12004,Մաքրման կայանների պահպանություն,Մաքրման կայանների պահպանության նպատակովհամապատասխան ծառայությունների ձեռքբերում,,324421140.8,332778363.3,143395834.1,151890065.1,92369683.1,0.278,0.608,9809999.0,11652786.7,4364996.4,5462541.3,1619361.0,0.139,0.29600000000000004,0.0,5125.9,0.0,5125.9,5125.9,1.0,1.0
ՀՀ տարածքային կառավարման և ենթակառուցվածքների նախարարություն,1072,1072,Ջրամատակարարման և ջրահեռացման բարելավում,Ջրամատակարարման ծառայությունների հասանելիության և մատչելիության ապահովում,"Խմելու ջրի մատակարարման և ջրահեռացման համակարգի բարելավում, կորուստների կրճատում",31001,Գերմանիայի զարգացման վարկերի բանկի աջակցությամբ իրականացվող ջրամատակարարման և ջրահեռացման ենթակառուցվածքների վերականգնման ծրագրի երրորդ փուլի շրջանակներում ջրամատակարարման և ջրահեռացման ենթակառուցվածքների հիմնանորոգում,6 քաղաքների և 37 գյուղական բնակավայրերի ջրամատակարարման և ջրահեռացման համակարգերի հատվածների հրատապ (մասնակի) վերականգնման աշխատանքներ,,324421140.8,332778363.3,143395834.1,151890065.1,92369683.1,0.278,0.608,9809999.0,11652786.7,4364996.4,5462541.3,1619361.0,0.139,0.29600000000000004,2428733.7,2368268.4,1115543.0,1073469.3,343509.4,0.145,0.32
ՀՀ տարածքային կառավարման և ենթակառուցվածքների նախարարություն,1072,1072,Ջրամատակարարման և ջրահեռացման բարելավում,Ջրամատակարարման ծառայությունների հասանելիության և մատչելիության ապահովում,"Խմելու ջրի մատակարարման և ջրահեռացման համակարգի բարելավում, կորուստների կրճատում",31002,Եվրոպական ներդրումային բանկի աջակցությամբ իրականացվող ջրամատակարարման և ջրահեռացման ենթակառուցվածքների վերականգնման ծրագրի երրորդ փուլի շրջանակներում ջրամատակարարման և ջրահեռացման ենթակառուցվածքների հիմնանորոգում,6 քաղաքների և 37 գյուղական բնակավայրերի ջրամատակարարման և ջրահեռացման համակարգերի հատվածների հրատապ (մասնակի) վերականգնման աշխատանքներ,,324421140.8,332778363.3,143395834.1,151890065.1,92369683.1,0.278,0.608,9809999.0,11652786.7,4364996.4,5462541.3,1619361.0,0.139,0.29600000000000004,1624121.1,1624121.1,0.0,0.0,0.0,0.0,0.0
ՀՀ տարածքային կառավարման և ենթակառուցվածքների նախարարություն,1072,1072,Ջրամատակարարման և ջրահեռացման բարելավում,Ջրամատակարարման ծառայությունների հասանելիության և մատչելիության ապահովում,"Խմելու ջրի մատակարարման և ջրահեռացման համակարգի բարելավում, կորուստների կրճատում",31008,Պարտադիր կապիտալ աշխատանքների ծրագրի շրջանակներում ջրամատակարարման և ջրահեռացման ենթակառուցվածքների հիմնանորոգում,Մի շարք համայնքներում ջրամատակարարման և ջրահեռացման համակարգերի կառուցման և վերականգնման աշխատանքներ,,324421140.8,332778363.3,143395834.1,151890065.1,92369683.1,0.278,0.608,9809999.0,11652786.7,4364996.4,5462541.3,1619361.0,0.139,0.29600000000000004,1400000.0,1809432.8,1400000.0,1809432.8,469597.4,0.26,0.26
ՀՀ տարածքային կառավարման և ենթակառուցվածքների նախարարություն,1072,1072,Ջրամատակարարման և ջրահեռացման բարելավում,Ջրամատակարարման ծառայությունների հասանելիության և մատչելիության ապահովում,"Խմելու ջրի մատակարարման և ջրահեռացման համակարգի բարելավում, կորուստների կրճատում",31010,Ջրամատակարարման և ջրահեռացման համակարգի հիմնանորոգում,Ջրամատակարարման և ջրահեռացման համակարգի հիմնանորոգման նախագծերի և աշխատանքների ձեռքբերում,Պետական մարմինների կողմից օգտագործվող ոչ ֆինանսական ակտիվների հետ գործառնություններ,324421140.8,332778363.3,143395834.1,151890065.1,92369683.1,0.278,0.608,9809999.0,11652786.7,4364996.4,5462541.3,1619361.0,0.139,0.29600000000000004,200000.0,1449923.9,50000.0,855728.7,424349.5,0.293,0.496
ՀՀ տարածքային կառավարման և ենթակառուցվածքների նախարարություն,1072,1072,Ջրամատակարարման և ջրահեռացման բարելավում,Ջրամատակարարման ծառայությունների հասանելիության և մատչելիության ապահովում,"Խմելու ջրի մատակարարման և ջրահեռացման համակարգի բարելավում, կորուստների կրճատում",31013,Ջրամատակարարման և ջրահեռացման համակարգի կառուցում,Ջրամատակարարման և ջրահեռացման համակարգի կառուցման նախագծերի և աշխատանքների ձեռքբերում,,324421140.8,332778363.3,143395834.1,151890065.1,92369683.1,0.278,0.608,9809999.0,11652786.7,4364996.4,5462541.3,1619361.0,0.139,0.29600000000000004,130000.0,332312.0,50000.0,121387.2,0.0,0.0,0.0
ՀՀ տարածքային կառավարման և ենթակառուցվածքների նախարարություն,1072,1072,Ջրամատակարարման և ջրահեռացման բարելավում,Ջրամատակարարման ծառայությունների հասանելիության և մատչելիության ապահովում,"Խմելու ջրի մատակարարման և ջրահեռացման համակարգի բարելավում, կորուստների կրճատում",31015,Ջրամատակարարման և ջրահեռացման համակարգերի հիմնանորոգում որոշ բնակավայրերում,Ջրամատակարարման և ջրահեռացման համակարգի հիմնանորոգման աշխատանքների ձեռքբերում,,324421140.8,332778363.3,143395834.1,151890065.1,92369683.1,0.278,0.608,9809999.0,11652786.7,4364996.4,5462541.3,1619361.0,0.139,0.29600000000000004,0.0,95993.1,0.0,95993.1,95993.1,1.0,1.0
ՀՀ տարածքային կառավարման և ենթակառուցվածքների նախարարություն,1073,1073,"Ընդերքի ուսումնասիրության, օգտագործման և պահպանման ծառայություններ",Ընդերքի օգտագործման արդյունավետության բարձրացում,Ընդերքօգտագործման միասնական ֆոնդի ստեղծում և վարում,11001,Ընդերքի մասին տեղեկատվության տրամադրման ծառայություններ,"Երկրաբանական տեղեկության ընդունում և պահպանում, ընդերքօգտագործման ֆոնդի ստեղծում և վարում, ՕՀՊՊՀ և ՕՀՊԿ վարում, իրավունքների պետական հաշվառում, տեղեկատվության վերլուծում և տրամադրում",,324421140.8,332778363.3,143395834.1,151890065.1,92369683.1,0.278,0.608,22000.0,47200.0,9900.0,35100.0,9900.0,0.21,0.282,22000.0,22000.0,9900.0,9900.0,9900.0,0.45,1.0
ՀՀ տարածքային կառավարման և ենթակառուցվածքների նախարարություն,1073,1073,"Ընդերքի ուսումնասիրության, օգտագործման և պահպանման ծառայություններ",Ընդերքի օգտագործման արդյունավետության բարձրացում,Ընդերքօգտագործման միասնական ֆոնդի ստեղծում և վարում,31001,"Արաքս գետի Արմավիր ջրանցքի վրա պարզարանի, ինչպես նաևգետի ողողահունում ավազի հանքավայրի կառուցման աշխատանքներ",Ոռոգելի հողերի ավազակալման կանխարգելման և ոռոգմանհամակարգի շահագործման արդյունավետության բարձրացմաննպատակով Արաքս գետի Արմավիր ջրանցքի սկզբնամասում ավազի նստեցման պարզարանի և Արաքս գետի ողողահունում 40 հա տարածքի վրա ավազի կորզման կայանի կառուցում,Պետական մարմինների կողմից օգտագործվող ոչ ֆինանսական ակտիվների հետ գործառնություններ,324421140.8,332778363.3,143395834.1,151890065.1,92369683.1,0.278,0.608,22000.0,47200.0,9900.0,35100.0,9900.0,0.21,0.282,0.0,25200.0,0.0,25200.0,0.0,0.0,0.0
ՀՀ տարածքային կառավարման և ենթակառուցվածքների նախարարություն,1077,1077,Երկաթուղային ցանցի զարգացում,Երկաթուղային ցանցի զարգացում,Երկաթուղու աշխատանքի որակի բարելավում,12001,Ուղևորափոխադրումներից ստացված վնասի դիմաց «Հարավկովկասյան երկաթուղի» ՓԲԸ-ին սուբսիդիայի տրամադրում,Կոնցեսիոն պայմանագրի դրույթների ապահովման նպատակով «Հարավկովկասյան երկաթուղի» ՓԲԸ-ին ուղևորափոխադրումներից ստացված վնասի դիմաց փոխհատուցման տրամադրման ծառայություններ,,324421140.8,332778363.3,143395834.1,151890065.1,92369683.1,0.278,0.608,246989.0,246989.0,246989.0,246989.0,246989.0,1.0,1.0,246989.0,246989.0,246989.0,246989.0,246989.0,1.0,1.0
ՀՀ տարածքային կառավարման և ենթակառուցվածքների նախարարություն,1079,1079,Պետական գույքի կառավարում,Պետական գույքի համալիր և արդյունավետ կառավարման ապահովում,Պետական գույքի կառավարման արդյունավետության բարձրացում,11001,"Պետական գույքի կառավարման համակարգման, խորհրդատվության և մոնիտորինգի ծառայություններ","Պետական գույքի հաշվառում, գույքագրում, աճուրդների կազմակերպում, մասնավորեցվող գույքի վերաբերյալ տեղեկատվության հրապարակում",Ծառայությունների մատուցում,324421140.8,332778363.3,143395834.1,151890065.1,92369683.1,0.278,0.608,-7351877.1,-5236444.5,-3333296.8,-1864962.9,469347.4,-0.09,-0.252,871179.6,1413381.6,435589.8,975691.8,624064.3,0.442,0.64
ՀՀ տարածքային կառավարման և ենթակառուցվածքների նախարարություն,1079,1079,Պետական գույքի կառավարում,Պետական գույքի համալիր և արդյունավետ կառավարման ապահովում,Պետական գույքի կառավարման արդյունավետության բարձրացում,11003,"Պետական գույքի հաշվառման, գույքագրման, գնահատման, անշարժ գույքի պահառության, սպասարկման աշխատանքների և աճուրդների իրականացման  ծառայություններ","Պետական գույքի հաշվառում, գույքագրում, գնահատում, անշարժ գույքի պահառություն, աճուրդների իրականացում և Կառավարական N 2 և N 3, ք. Երևան Վ.Սարգսյան 3/3 շենքերի սպասարկում",Ծառայությունների մատուցում,324421140.8,332778363.3,143395834.1,151890065.1,92369683.1,0.278,0.608,-7351877.1,-5236444.5,-3333296.8,-1864962.9,469347.4,-0.09,-0.252,638018.9,644918.9,266125.0,267111.0,253125.0,0.392,0.948
ՀՀ տարածքային կառավարման և ենթակառուցվածքների նախարարություն,1079,1079,Պետական գույքի կառավարում,Պետական գույքի համալիր և արդյունավետ կառավարման ապահովում,Պետական գույքի կառավարման արդյունավետության բարձրացում,11007,"ՀՀ պետական կառավարման մարմինների կողմից  դիմումներ, հայցադիմումներ, դատարանի վճիռների  և որոշումների դեմ վերաքննիչ և վճռաբեկ բողոքներ ներկայացնելիս` «Պետական տուրքի մասին» ՀՀ օրենքով սահմանված վճարումներ","ՀՀ պետական կառավարման մարմինների կողմից  դիմումներ, հայցադիմումներ, դատարանի վճիռների  և որոշումների դեմ վերաքննիչ և վճռաբեկ բողոքներ ներկայացնելիս` «Պետական տուրքի մասին» ՀՀ օրենքով սահմանված վճարումներ",Հանրության կողմից անմիջականորեն օգտագործվող ակտիվների հետ կապված միջոցառումներ,324421140.8,332778363.3,143395834.1,151890065.1,92369683.1,0.278,0.608,-7351877.1,-5236444.5,-3333296.8,-1864962.9,469347.4,-0.09,-0.252,0.0,6100.9,0.0,6100.9,6100.9,1.0,1.0
ՀՀ տարածքային կառավարման և ենթակառուցվածքների նախարարություն,1079,1079,Պետական գույքի կառավարում,Պետական գույքի համալիր և արդյունավետ կառավարման ապահովում,Պետական գույքի կառավարման արդյունավետության բարձրացում,11012,Պետ. մասնակց. առևտր. կազմ. կանոնադր. կապիտալում պետ. մասնակց. նվազեցման ճանապարհով ակտիվների կազմից գույք առանձնացնելիս գույքն ստացող պետ. կառավարչ. հիմնարկի կողմից մատակ-ին վճարման ենթակա շահութահարկի գծով կամ շրջանառ.հարկի գծով պարտավ.կատ.գծով ծախսեր,Պետ. մասնակց. առևտր. կազմ. կանոնադր. կապիտալում պետ. մասնակց. նվազեցման ճանապարհով ակտիվների կազմից գույք առանձնացնելիս գույքն ստացող պետ. կառավարչ. հիմնարկի կողմից մատակ-ին վճարման ենթակա շահութահարկի գծով կամ շրջանառ.հարկի գծով պարտավ.կատ.գծով ծախսեր,Ծառայությունների մատուցում,324421140.8,332778363.3,143395834.1,151890065.1,92369683.1,0.278,0.608,-7351877.1,-5236444.5,-3333296.8,-1864962.9,469347.4,-0.09,-0.252,0.0,879.5,0.0,879.5,879.5,1.0,1.0
ՀՀ տարածքային կառավարման և ենթակառուցվածքների նախարարություն,1079,1079,Պետական գույքի կառավարում,Պետական գույքի համալիր և արդյունավետ կառավարման ապահովում,Պետական գույքի կառավարման արդյունավետության բարձրացում,11015,Շարժական գույքի պահառության կազմակերպում,"Պետական սեփականություն հանդիսացող, մինչև 5 մլն դրամ գնահատված արժեքով շարժական գույքի օտարման գործընթացում գտնվելու ժամանակահատվածում պահառության կազմակերպում",Ծառայությունների մատուցում,324421140.8,332778363.3,143395834.1,151890065.1,92369683.1,0.278,0.608,-7351877.1,-5236444.5,-3333296.8,-1864962.9,469347.4,-0.09,-0.252,39735.3,39735.3,16700.0,16700.0,16700.0,0.42,1.0
ՀՀ տարածքային կառավարման և ենթակառուցվածքների նախարարություն,1079,1079,Պետական գույքի կառավարում,Պետական գույքի համալիր և արդյունավետ կառավարման ապահովում,Պետական գույքի կառավարման արդյունավետության բարձրացում,11017,Ավիացիոն ծառայությունների մատուցում,Ավիացիոն և այլ սարքավորումների նորոգում և պահպանում,Ծառայությունների մատուցում,324421140.8,332778363.3,143395834.1,151890065.1,92369683.1,0.278,0.608,-7351877.1,-5236444.5,-3333296.8,-1864962.9,469347.4,-0.09,-0.252,1095189.1,2491381.1,946288.4,1772695.4,1771195.4,0.711,0.9990000000000001
ՀՀ տարածքային կառավարման և ենթակառուցվածքների նախարարություն,1079,1079,Պետական գույքի կառավարում,Պետական գույքի համալիր և արդյունավետ կառավարման ապահովում,Պետական գույքի կառավարման արդյունավետության բարձրացում,11018,Շենքերի արտաքին լուսավորության ապահովման ծառայություններ,"Քաղաք Երևան, Նալբանդյան 28 հասցեում գտնվող շենքի արտաքին լուսավորության ապահովում",Ծառայությունների մատուցում,324421140.8,332778363.3,143395834.1,151890065.1,92369683.1,0.278,0.608,-7351877.1,-5236444.5,-3333296.8,-1864962.9,469347.4,-0.09,-0.252,4000.0,4000.0,2000.0,2000.0,1760.7,0.44,0.88
ՀՀ տարածքային կառավարման և ենթակառուցվածքների նախարարություն,1079,1079,Պետական գույքի կառավարում,Պետական գույքի համալիր և արդյունավետ կառավարման ապահովում,Պետական գույքի կառավարման արդյունավետության բարձրացում,11019,COP 17 համաժողովիկազմակերպմանծառայություններ,Համաժողովի միջոցառմանկազմակերպմանծառայություններըՄիավորված ազգերիկազմակերպությանչափորոշիչներինհամապատասխանեցում,Ծառայությունների մատուցում,324421140.8,332778363.3,143395834.1,151890065.1,92369683.1,0.278,0.608,-7351877.1,-5236444.5,-3333296.8,-1864962.9,469347.4,-0.09,-0.252,0.0,156566.7,0.0,87267.0,87267.0,0.557,1.0
ՀՀ տարածքային կառավարման և ենթակառուցվածքների նախարարություն,1079,1079,Պետական գույքի կառավարում,Պետական գույքի համալիր և արդյունավետ կառավարման ապահովում,Պետական գույքի կառավարման արդյունավետության բարձրացում,31002,Ոչ ֆինանսական ակտիվների օտարումից մուտքեր,Ոչ ֆինանսական ակտիվների օտարումից մուտքեր,Պետական մարմինների կողմից օգտագործվող ոչ ֆինանսական ակտիվների հետ գործառնություններ,324421140.8,332778363.3,143395834.1,151890065.1,92369683.1,0.278,0.608,-7351877.1,-5236444.5,-3333296.8,-1864962.9,469347.4,-0.09,-0.252,-10000000.0,-10000000.0,-5000000.0,-5000000.0,-2296548.3,0.23,0.45899999999999996
ՀՀ տարածքային կառավարման և ենթակառուցվածքների նախարարություն,1079,1079,Պետական գույքի կառավարում,Պետական գույքի համալիր և արդյունավետ կառավարման ապահովում,Պետական գույքի կառավարման արդյունավետության բարձրացում,31004,Պետական գույքի կառավարման կոմիտեի ենթակայության շենքերի պայմանների բարելավում,"Պետական գույքի կառավարման կոմիտեի ենթակայության շենքերի պայմանների բարելավում (հիմնանորոգում, նախագծանախահաշվային փաստաթղթերի ձեռքբերում և շենքային այլ պայմանների բարելավում)",,324421140.8,332778363.3,143395834.1,151890065.1,92369683.1,0.278,0.608,-7351877.1,-5236444.5,-3333296.8,-1864962.9,469347.4,-0.09,-0.252,0.0,6591.5,0.0,6591.5,4802.9,0.7290000000000001,0.7290000000000001
ՀՀ տարածքային կառավարման և ենթակառուցվածքների նախարարություն,1109,1109,Ջրային տնտեսության ոլորտում ծրագրերի համակարգում և մոնիտորինգ,Ջրային տնտեսության ոլորտում պետական արդյունավետ ծրագրերի մշակման և իրականացման  ապահովում,Ջրային տնտեսության ոլորտում իրականացվող ծրագրերի ազդեցության և արդյունավետության բարելավում,11001,"Ջրային տնտեսության ոլորտում պետական քաղաքականության մշակում, ծրագրերի համակարգում և մոնիտորինգ","Ոլորտի քաղաքականության խորհրդատվության, կոմիտեի իրավասության տակ ընկնող ծառայությունների ու ծրագրերի համակարգման ծառայություններ",,324421140.8,332778363.3,143395834.1,151890065.1,92369683.1,0.278,0.608,464814.8,464814.8,204499.9,204499.9,187276.7,0.40299999999999997,0.9159999999999999,464814.8,464814.8,204499.9,204499.9,187276.7,0.40299999999999997,0.9159999999999999
ՀՀ տարածքային կառավարման և ենթակառուցվածքների նախարարություն,1110,1110,Այլընտրանքային աշխատանքային ծառայություն,Քաղաքացիական պարտքի կատարման այլընտրանքային տարբերակների ապահովում,Այլընտրանքային աշխատանքային ծառայության արդյունավետության ապահովում,12001,Այլընտրանքային աշխատանքային ծառայողներին դրամական բավարարման և դրամական փոխհատուցման տրամադրում,Այլընտրանքային աշխատանքային ծառայության անցած ՀՀ քաղաքացիներին  «Այլընտրանքային ծառայության մասին» ՀՀ օրենքով սահմանված դրամական բավարարման և փոխհատուցումների տրամադրում,Տրանսֆերտների տրամադրում,324421140.8,332778363.3,143395834.1,151890065.1,92369683.1,0.278,0.608,36000.0,36000.0,19610.0,19610.0,14685.7,0.408,0.7490000000000001,36000.0,36000.0,19610.0,19610.0,14685.7,0.408,0.7490000000000001
ՀՀ տարածքային կառավարման և ենթակառուցվածքների նախարարություն,1157,1157,Քաղաքային զարգացում,Քաղաքային ենթակառուցվածքների զարգացում,Քաղաքային ենթակառուցվածքների արդիականացում և բարելավում,12003,Արևելյան եվրոպայի էներգախնայողության և բնապահպանական գործընկերության ֆոնդի աջակցությամբ իրականացվող Երևանի քաղաքային լուսավորության դրամաշնորհային ծրագրի կատարման ապահովում,Երևանի քաղաքային լուսավորության ենթակառուցվածքի բարելավման համար տրամադրվող աջակցություն և ծառայություն,,324421140.8,332778363.3,143395834.1,151890065.1,92369683.1,0.278,0.608,16555034.7,15783372.5,7623438.3,8831776.4,1978294.4,0.125,0.22399999999999998,105712.8,105712.8,105712.8,105712.8,0.0,0.0,0.0
ՀՀ տարածքային կառավարման և ենթակառուցվածքների նախարարություն,1157,1157,Քաղաքային զարգացում,Քաղաքային ենթակառուցվածքների զարգացում,Քաղաքային ենթակառուցվածքների արդիականացում և բարելավում,12008,Երևանի մետրոպոլիտենով ուղևորափոխադրման ծառայությունների գծով պետության կողմից համայնքի ղեկավարին պատվիրակված լիազորությունների իրականացում,Աջակցություն Երևանի քաղաքապետարանին մետրոպոլիտենով ուղևորափոխադրումների ծառայությունների մատուցման նպատակով,Տրանսֆերտների տրամադրում,324421140.8,332778363.3,143395834.1,151890065.1,92369683.1,0.278,0.608,16555034.7,15783372.5,7623438.3,8831776.4,1978294.4,0.125,0.22399999999999998,1000000.0,1000000.0,495143.0,495143.0,495143.0,0.495,1.0
ՀՀ տարածքային կառավարման և ենթակառուցվածքների նախարարություն,1157,1157,Քաղաքային զարգացում,Քաղաքային ենթակառուցվածքների զարգացում,Քաղաքային ենթակառուցվածքների արդիականացում և բարելավում,12016,Վերակառուցման և զարգացման եվրոպական բանկի աջակցությամբ իրականացվող Գյումրու քաղաքային ճանապարհների տեխնիկական համագործակցության   դրամաշնորհային ծրագիր,Գյումրու ճանապարհների վերակառուցմանը և փողոցային լուսավորության արդիականացմանը խորհրդատվական աջակցություն,Տրանսֆերտների տրամադրում,324421140.8,332778363.3,143395834.1,151890065.1,92369683.1,0.278,0.608,16555034.7,15783372.5,7623438.3,8831776.4,1978294.4,0.125,0.22399999999999998,128590.8,216786.1,81870.2,91276.5,0.0,0.0,0.0
ՀՀ տարածքային կառավարման և ենթակառուցվածքների նախարարություն,1157,1157,Քաղաքային զարգացում,Քաղաքային ենթակառուցվածքների զարգացում,Քաղաքային ենթակառուցվածքների արդիականացում և բարելավում,12017,Վերակառուցման և զարգացման եվրոպական բանկի աջակցությամբ իրականացվող Գյումրու քաղաքային ճանապարհների  ծրագիր,Գյումրու Անի և Ավստրիական թաղամասերի փողոցների (ներառյալ հետիոտնային անցումների ցանցը և ջրահեռացման համակարգը) հիմնանորոգում,Տրանսֆերտների տրամադրում,324421140.8,332778363.3,143395834.1,151890065.1,92369683.1,0.278,0.608,16555034.7,15783372.5,7623438.3,8831776.4,1978294.4,0.125,0.22399999999999998,1452965.2,0.0,0.0,0.0,0.0,0.0,0.0
ՀՀ տարածքային կառավարման և ենթակառուցվածքների նախարարություն,1157,1157,Քաղաքային զարգացում,Քաղաքային ենթակառուցվածքների զարգացում,Քաղաքային ենթակառուցվածքների արդիականացում և բարելավում,12018,"Վերակառուցման և զարգացման եվրոպական բանկի աջակցությամբ իրականացվող Գյումրու քաղաքային ճանապարհների դրամաշնորհային ծրագիր (Տրանշ Ա, Բ, Գ)",Գյումրու Անի և Ավստրիական թաղամասերի փողոցների (ներառյալ հետիոտնային անցումների ցանցը և ջրահեռացման համակարգը) հիմնանորոգում,Տրանսֆերտների տրամադրում,324421140.8,332778363.3,143395834.1,151890065.1,92369683.1,0.278,0.608,16555034.7,15783372.5,7623438.3,8831776.4,1978294.4,0.125,0.22399999999999998,453485.8,0.0,0.0,0.0,0.0,0.0,0.0
ՀՀ տարածքային կառավարման և ենթակառուցվածքների նախարարություն,1157,1157,Քաղաքային զարգացում,Քաղաքային ենթակառուցվածքների զարգացում,Քաղաքային ենթակառուցվածքների արդիականացում և բարելավում,12025,Երևանի տարածքում ճանապարհային երթևեկության կարգավորման գծով պետության կողմից համայնքի ղեկավարին պատվիրակված լիազորությունների իրականացում,"Երևանի տարածքում ճանապարհային երթևեկության կարգավորման ճանապարհային գծանշումների, երթևեկության նշանների և լուսացույցերի տեղադրման աշխատանքների իրականացում",,324421140.8,332778363.3,143395834.1,151890065.1,92369683.1,0.278,0.608,16555034.7,15783372.5,7623438.3,8831776.4,1978294.4,0.125,0.22399999999999998,765928.6,765928.6,386000.0,386000.0,185015.5,0.242,0.479
ՀՀ տարածքային կառավարման և ենթակառուցվածքների նախարարություն,1157,1157,Քաղաքային զարգացում,Քաղաքային ենթակառուցվածքների զարգացում,Քաղաքային ենթակառուցվածքների արդիականացում և բարելավում,12029,Ասիական զարգացման բանկի աջակցությամբ իրականացվող քաղաքային զարգացման ներդրումային ծրագրի համակարգում և կառավարում,Քաղաքային զարգացման ներդրումային ծրագրի շրջանակներում համակարգում և կառավարում,,324421140.8,332778363.3,143395834.1,151890065.1,92369683.1,0.278,0.608,16555034.7,15783372.5,7623438.3,8831776.4,1978294.4,0.125,0.22399999999999998,699345.7,699345.7,603746.6,603746.6,87563.2,0.125,0.145
ՀՀ տարածքային կառավարման և ենթակառուցվածքների նախարարություն,1157,1157,Քաղաքային զարգացում,Քաղաքային ենթակառուցվածքների զարգացում,Քաղաքային ենթակառուցվածքների արդիականացում և բարելավում,12030,Ասիական զարգացման բանկի աջակցությամբ իրականացվող քաղաքային զարգացման ներդրումային ծրագրի շրջանակներում ճանապարհային շինարարություն,Քաղաքային զարգացման ներդրումային ծրագրի շրջանակներում ճանապարհային շինարարություն,,324421140.8,332778363.3,143395834.1,151890065.1,92369683.1,0.278,0.608,16555034.7,15783372.5,7623438.3,8831776.4,1978294.4,0.125,0.22399999999999998,6321447.9,6321447.9,3675000.5,3675000.5,0.0,0.0,0.0
ՀՀ տարածքային կառավարման և ենթակառուցվածքների նախարարություն,1157,1157,Քաղաքային զարգացում,Քաղաքային ենթակառուցվածքների զարգացում,Քաղաքային ենթակառուցվածքների արդիականացում և բարելավում,12031,Վերակառուցման և զարգացման եվրոպական բանկի աջակցությամբ իրականացվող Գյումրու քաղաքային ճանապարհների տեխնիկական համագործակցության դրամաշնորհային ծրագրի շրջանակներում ճանապարհների վերակառուցման և փողոցների լուսավորության արդիականացում,Գյումրու ճանապարհների վերակառուցման և փողոցների լուսավորության արդիականացման աշխատանքներ,,324421140.8,332778363.3,143395834.1,151890065.1,92369683.1,0.278,0.608,16555034.7,15783372.5,7623438.3,8831776.4,1978294.4,0.125,0.22399999999999998,60093.4,105224.6,7452.8,51819.3,0.0,0.0,0.0
ՀՀ տարածքային կառավարման և ենթակառուցվածքների նախարարություն,1157,1157,Քաղաքային զարգացում,Քաղաքային ենթակառուցվածքների զարգացում,Քաղաքային ենթակառուցվածքների արդիականացում և բարելավում,12032,Վերակառուցման և զարգացման եվրոպական բանկի աջակցությամբ իրականացվող Գյումրու քաղաքային ճանապարհների տեխնիկական համագործակցության վարկային ծրագիր,Գյումրու ճանապարհների վերակառուցման և փողոցների լուսավորության արդիականացման աշխատանքներ,,324421140.8,332778363.3,143395834.1,151890065.1,92369683.1,0.278,0.608,16555034.7,15783372.5,7623438.3,8831776.4,1978294.4,0.125,0.22399999999999998,165920.6,0.0,12817.6,0.0,0.0,0.0,0.0
ՀՀ տարածքային կառավարման և ենթակառուցվածքների նախարարություն,1157,1157,Քաղաքային զարգացում,Քաղաքային ենթակառուցվածքների զարգացում,Քաղաքային ենթակառուցվածքների արդիականացում և բարելավում,21001,Երևանի մետրոպոլիտենի ենթակառուցվածքների նորոգում,Երևանի մետրոպոլիտենի ենթակառուցվածքների նորոգում,Հանրության կողմից անմիջականորեն օգտագործվող ակտիվների հետ կապված միջոցառումներ,324421140.8,332778363.3,143395834.1,151890065.1,92369683.1,0.278,0.608,16555034.7,15783372.5,7623438.3,8831776.4,1978294.4,0.125,0.22399999999999998,2500000.0,2810243.7,1250000.0,1560243.7,592639.6,0.21100000000000002,0.38
ՀՀ տարածքային կառավարման և ենթակառուցվածքների նախարարություն,1157,1157,Քաղաքային զարգացում,Քաղաքային ենթակառուցվածքների զարգացում,Քաղաքային ենթակառուցվածքների արդիականացում և բարելավում,21002,Երևանի մետրոպոլիտենի ենթակառուցվածքների կառուցում,Երևանի մետրոպոլիտենի ենթակառուցվածքների կառուցում,Հանրության կողմից անմիջականորեն օգտագործվող ակտիվների հետ կապված միջոցառումներ,324421140.8,332778363.3,143395834.1,151890065.1,92369683.1,0.278,0.608,16555034.7,15783372.5,7623438.3,8831776.4,1978294.4,0.125,0.22399999999999998,2000000.0,1550004.0,600000.0,150004.0,0.0,0.0,0.0
ՀՀ տարածքային կառավարման և ենթակառուցվածքների նախարարություն,1157,1157,Քաղաքային զարգացում,Քաղաքային ենթակառուցվածքների զարգացում,Քաղաքային ենթակառուցվածքների արդիականացում և բարելավում,21032,Երևան քաղաքում ճանապարհների կառուցման և միջին նորոգման աշխատանքներ,"Երևան քաղաքում նոր ճանապարհահատվածների կառուցում, ճանապարհների պատվածքի մաշված վերին շերտի վերականգնում և շինարարական նորմերով նախատեսված սկզբնական որակականցուցանիշների ապահովում",,324421140.8,332778363.3,143395834.1,151890065.1,92369683.1,0.278,0.608,16555034.7,15783372.5,7623438.3,8831776.4,1978294.4,0.125,0.22399999999999998,0.0,684531.0,0.0,684531.0,13163.1,0.019,0.019
ՀՀ տարածքային կառավարման և ենթակառուցվածքների նախարարություն,1157,1157,Քաղաքային զարգացում,Քաղաքային ենթակառուցվածքների զարգացում,Քաղաքային ենթակառուցվածքների արդիականացում և բարելավում,21036,Երևան քաղաքում հանգստի գոտիների և այգիների կառուցման և  հիմնանորոգման աշխատանքներ,"Երևան քաղաքում հանգստի գոտիների և այգիների կառուցում ևհիմնանորոգում, ինչպես նաև կանաչ գոտիների արդիականացում",Հանրության կողմից անմիջականորեն օգտագործվող ակտիվների հետ կապված միջոցառումներ,324421140.8,332778363.3,143395834.1,151890065.1,92369683.1,0.278,0.608,16555034.7,15783372.5,7623438.3,8831776.4,1978294.4,0.125,0.22399999999999998,0.0,172608.2,0.0,172608.2,0.0,0.0,0.0
ՀՀ տարածքային կառավարման և ենթակառուցվածքների նախարարություն,1157,1157,Քաղաքային զարգացում,Քաղաքային ենթակառուցվածքների զարգացում,Քաղաքային ենթակառուցվածքների արդիականացում և բարելավում,21038,Երևանի բուսաբանական այգու տարածքում անտառապուրակի կառուցապատման աշխատանքներ,Երևան քաղաքում անտառապուրակի հիմնում և կանաչ գոտիների  արդիականացում,Հանրության կողմից անմիջականորեն օգտագործվող ակտիվների հետ կապված միջոցառումներ,324421140.8,332778363.3,143395834.1,151890065.1,92369683.1,0.278,0.608,16555034.7,15783372.5,7623438.3,8831776.4,1978294.4,0.125,0.22399999999999998,901543.9,1351539.9,405694.8,855690.8,604770.1,0.447,0.7070000000000001
ՀՀ տարածքային կառավարման և ենթակառուցվածքների նախարարություն,1167,1167,Էլեկտրաէներգետիկ համակարգի զարգացման ծրագիր,Նպաստել էլեկտրաէներգետիկ համակարգի հուսալիության բարձրացմանը և էլեկտրաէներգիայի անխափան մատակարարման ապահովմանը,Հուսալի և անվտանգ էլեկտրամատակարարման ապահովում,11006,Գերմանիայի զարգացման վարկերի բանկի (KFW)) աջակցությամբ իրականացվող «Կովկասյան էլեկտրահաղորդման ցանց I» Հայաստան-Վրաստան հաղորդիչ գիծ/ենթակայանների դրամաշնորհային ծրագիր,Հայաստան-Վրաստան 400 կՎ լարման էլեկտրահաղորդման օդային գծի և համապատասխան ենթակայանների կառուցում (խորհրդատվական և կառավարման ծառայություններ),,324421140.8,332778363.3,143395834.1,151890065.1,92369683.1,0.278,0.608,2792671.1,2567471.1,683362.5,286042.0,2069.4,0.001,0.006999999999999999,221030.6,221030.6,138362.5,138362.5,2069.4,0.009000000000000001,0.015
ՀՀ տարածքային կառավարման և ենթակառուցվածքների նախարարություն,1167,1167,Էլեկտրաէներգետիկ համակարգի զարգացման ծրագիր,Նպաստել էլեկտրաէներգետիկ համակարգի հուսալիության բարձրացմանը և էլեկտրաէներգիայի անխափան մատակարարման ապահովմանը,Հուսալի և անվտանգ էլեկտրամատակարարման ապահովում,11007,Հայաստանի Հանրապետությունում նոր ատոմային էներգաբլոկի (էներգաբլոկների) կառուցման ծրագրի կառավարում,Հայաստանի Հանրապետությունում նոր ատոմային էներգաբլոկի (էներգաբլոկների) կառուցման աշխատանքների նախապատրաստում և իրականացում,,324421140.8,332778363.3,143395834.1,151890065.1,92369683.1,0.278,0.608,2792671.1,2567471.1,683362.5,286042.0,2069.4,0.001,0.006999999999999999,828000.0,602800.0,545000.0,147679.5,0.0,0.0,0.0
ՀՀ տարածքային կառավարման և ենթակառուցվածքների նախարարություն,1167,1167,Էլեկտրաէներգետիկ համակարգի զարգացման ծրագիր,Նպաստել էլեկտրաէներգետիկ համակարգի հուսալիության բարձրացմանը և էլեկտրաէներգիայի անխափան մատակարարման ապահովմանը,Հուսալի և անվտանգ էլեկտրամատակարարման ապահովում,32006,Գերմանիայի զարգացման վարկերի բանկի (KFW) աջակցությամբ իրականացվող Կովկասյան էլեկտրահաղորդման ցանց I Հայաստան-Վրաստան հաղորդիչ գիծ/ենթակայանների դրամաշնորհային ծրագրի շրջանակներում իրականացվող ներդրումներ,Հայաստան-Վրաստան 400կՎլարման էլեկտրահաղորդման օդային գծի և համապատասխան ենթակայանների կառուցում,,324421140.8,332778363.3,143395834.1,151890065.1,92369683.1,0.278,0.608,2792671.1,2567471.1,683362.5,286042.0,2069.4,0.001,0.006999999999999999,1743640.5,1743640.5,0.0,0.0,0.0,0.0,0.0
ՀՀ տարածքային կառավարման և ենթակառուցվածքների նախարարություն,1171,1171,Ռադիոակտիվ թափոնների կառավարում,Բնակչության և շրջակա միջավայրի պաշտպանություն ռադիոակտիվ թափոնների վնասակար ազդեցությունից,"Ռադիոակտիվ թափոնների հավաքագրում, վնասազերծում և պահպանում",11001,Ռադիոակտիվ թափոնների վնասազերծման ծառայություններ,"Միջուկային և ճառագայթային անվտանգության նորմերի ու կանոնների պահպանմամբ ռադիոակտիվ թափոնների կենտրոնացված փոխադրում, ուսումնասիրում, պահպանում, վնասազերծում",,324421140.8,332778363.3,143395834.1,151890065.1,92369683.1,0.278,0.608,45943.5,619918.5,20109.7,77507.2,20109.7,0.032,0.259,45943.5,45943.5,20109.7,20109.7,20109.7,0.43799999999999994,1.0
ՀՀ տարածքային կառավարման և ենթակառուցվածքների նախարարություն,1171,1171,Ռադիոակտիվ թափոնների կառավարում,Բնակչության և շրջակա միջավայրի պաշտպանություն ռադիոակտիվ թափոնների վնասակար ազդեցությունից,"Ռադիոակտիվ թափոնների հավաքագրում, վնասազերծում և պահպանում",11002,Վերակառուցման և զարգացման միջազգային բանկի աջակցությամբ իրականացվող «Նաիրիտ» քիմիական գործարանի բնապահպանական վերականգնման և ռեգեներացիայի ծրագրի նախապատրաստման դրամաշնորհային ծրագիր,«Նաիրիտ» քիմիական գործարանից առաջացող հանրային առողջության և շրջակա միջավայրի ռիսկերը լուծելու համար նախատեսված առաջարկվող նախագծի նախապատրաստման ծառայություններ,Ծառայությունների մատուցում,324421140.8,332778363.3,143395834.1,151890065.1,92369683.1,0.278,0.608,45943.5,619918.5,20109.7,77507.2,20109.7,0.032,0.259,0.0,573975.0,0.0,57397.5,0.0,0.0,0.0
ՀՀ տարածքային կառավարման և ենթակառուցվածքների նախարարություն,1176,1176,Ավիացիայի բնագավառում վերահսկողության և կանոնակարգման ապահովում,ՀՀ քաղաքացիական ավիացիայի համակարգի ենթակառուցվածքների գործունեության կանոնակարգում  և զարգացում,ՀՀ օդային տարածքով քաղաքացիների և բեռների անվտանգ և արագ տեղափոխման գործընթացների պատշաճ կանոնակարգում և դրանց պահանջների ապահովում,11001,Ավիացիայի բնագավառում վերահսկողության և կանոնակարգման ծառայություններ,"ՀՀ  քաղաքացիական ավիացիայի համակարգի ենթակառուցվածքների գործունեության կանոնակարգման ու զարգացման ծառայությունների մատուցում, այդ թվում` մասնակցություն պետական քաղաքականության շրջանակներում ուղևորահոսքի ծավալների աճի համար նախադրյալների ստեղծմանը",,324421140.8,332778363.3,143395834.1,151890065.1,92369683.1,0.278,0.608,3584358.9,3905358.9,1265133.0,1586133.0,223869.9,0.057,0.141,503092.4,503092.4,212633.0,212633.0,192810.3,0.38299999999999995,0.907
ՀՀ տարածքային կառավարման և ենթակառուցվածքների նախարարություն,1176,1176,Ավիացիայի բնագավառում վերահսկողության և կանոնակարգման ապահովում,ՀՀ քաղաքացիական ավիացիայի համակարգի ենթակառուցվածքների գործունեության կանոնակարգում  և զարգացում,ՀՀ օդային տարածքով քաղաքացիների և բեռների անվտանգ և արագ տեղափոխման գործընթացների պատշաճ կանոնակարգում և դրանց պահանջների ապահովում,11002,Աշխատակազմի մասնագիտական կարողությունների զարգացում,"Աշխատակազմի մասնագիտական վերապատրաստումներ, գործուղումներ և որակավորման բարձրացման ծառայություններ",Ծառայությունների մատուցում,324421140.8,332778363.3,143395834.1,151890065.1,92369683.1,0.278,0.608,3584358.9,3905358.9,1265133.0,1586133.0,223869.9,0.057,0.141,78766.5,78766.5,50000.0,50000.0,28578.8,0.363,0.5720000000000001
ՀՀ տարածքային կառավարման և ենթակառուցվածքների նախարարություն,1176,1176,Ավիացիայի բնագավառում վերահսկողության և կանոնակարգման ապահովում,ՀՀ քաղաքացիական ավիացիայի համակարգի ենթակառուցվածքների գործունեության կանոնակարգում  և զարգացում,ՀՀ օդային տարածքով քաղաքացիների և բեռների անվտանգ և արագ տեղափոխման գործընթացների պատշաճ կանոնակարգում և դրանց պահանջների ապահովում,11005,Մայրուղային աէրոնավիգացիոն ծառայությունների սպասարկում,Աէրոնավիգացիոն ծառայություններ մատուցող կազմակերպությունների փոխհատուցում` գանձումներից ազատված թռիչքների սպասարկման համար,Ծառայությունների մատուցում,324421140.8,332778363.3,143395834.1,151890065.1,92369683.1,0.278,0.608,3584358.9,3905358.9,1265133.0,1586133.0,223869.9,0.057,0.141,2500.0,2500.0,2500.0,2500.0,2480.8,0.992,0.992
ՀՀ տարածքային կառավարման և ենթակառուցվածքների նախարարություն,1176,1176,Ավիացիայի բնագավառում վերահսկողության և կանոնակարգման ապահովում,ՀՀ քաղաքացիական ավիացիայի համակարգի ենթակառուցվածքների գործունեության կանոնակարգում  և զարգացում,ՀՀ օդային տարածքով քաղաքացիների և բեռների անվտանգ և արագ տեղափոխման գործընթացների պատշաճ կանոնակարգում և դրանց պահանջների ապահովում,11008,Պետական աջակցություն ՀՀ օդային ճանապարհով իրականացվող ուղևորափոխադրումների զարգացման ծրագրի խթանման նպատակով ՀՀ միջազգային օդանավակայաններում ուղևորափոխադրումների ծավալների ավելացմանը,"Ֆինանսական օժանդակություն օդային ուղևորներին նոր ուղղություններից Երևանի «Զվարթնոց» և Գյումրու «Շիրակ» օդանավակայաններ փոխադրող ավիաընկերություններին,",Ծառայությունների մատուցում,324421140.8,332778363.3,143395834.1,151890065.1,92369683.1,0.278,0.608,3584358.9,3905358.9,1265133.0,1586133.0,223869.9,0.057,0.141,3000000.0,3000000.0,1000000.0,1000000.0,0.0,0.0,0.0
ՀՀ տարածքային կառավարման և ենթակառուցվածքների նախարարություն,1176,1176,Ավիացիայի բնագավառում վերահսկողության և կանոնակարգման ապահովում,ՀՀ քաղաքացիական ավիացիայի համակարգի ենթակառուցվածքների գործունեության կանոնակարգում  և զարգացում,ՀՀ օդային տարածքով քաղաքացիների և բեռների անվտանգ և արագ տեղափոխման գործընթացների պատշաճ կանոնակարգում և դրանց պահանջների ապահովում,11009,Քաղաքացիական ավիացիայի ուժեղացում և միջազգային ստանդարտներին համապատասխանեցում,"Կոմիտեում կառուցվածքային և գործառնական փոփոխությունների իրականացում, կոմիտեի կողմից կանոնակարգման և վերահսկողության արդյունավետության բարձրացում, ինչպես նաև միջազգային ստանդարտներին համապատասխանեցում",Ծառայությունների մատուցում,324421140.8,332778363.3,143395834.1,151890065.1,92369683.1,0.278,0.608,3584358.9,3905358.9,1265133.0,1586133.0,223869.9,0.057,0.141,0.0,321000.0,0.0,321000.0,0.0,0.0,0.0
ՀՀ տարածքային կառավարման և ենթակառուցվածքների նախարարություն,1212,1212,Տարածքային զարգացում,Տարածքային համաչափ զարգացման խթանում,ՀՀ համայնքների կառավարման արդյունավետության բարձրացում և տնտեսական գործունեության խթանում,12002,Ֆինանսական աջակցություն տեղական ինքնակառավարման մարմիններին,Օրենսդրությամբ (օրենքներով և կառավարության որոշումներով) նախատեսված օժանդակություն և փոխհատուցումներ ՏԻՄ-երին,,324421140.8,332778363.3,143395834.1,151890065.1,92369683.1,0.278,0.608,131460216.2,132126788.7,63117765.7,63371030.4,59189997.9,0.44799999999999995,0.934,107872615.5,107872615.5,53936307.8,53936307.8,53936307.8,0.5,1.0
ՀՀ տարածքային կառավարման և ենթակառուցվածքների նախարարություն,1212,1212,Տարածքային զարգացում,Տարածքային համաչափ զարգացման խթանում,ՀՀ համայնքների կառավարման արդյունավետության բարձրացում և տնտեսական գործունեության խթանում,12003,Պետական աջակցություն սահմանամերձ համայնքներին,Ծրագրի իրականացմամբ ապահովվում է «Սահմանամերձ համայնքների սոցիալական աջակցության մասին» ՀՀ օրենքի կիրարկումը,,324421140.8,332778363.3,143395834.1,151890065.1,92369683.1,0.278,0.608,131460216.2,132126788.7,63117765.7,63371030.4,59189997.9,0.44799999999999995,0.934,1048000.0,1048000.0,679000.0,679000.0,641314.2,0.612,0.9440000000000001
ՀՀ տարածքային կառավարման և ենթակառուցվածքների նախարարություն,1212,1212,Տարածքային զարգացում,Տարածքային համաչափ զարգացման խթանում,ՀՀ համայնքների կառավարման արդյունավետության բարձրացում և տնտեսական գործունեության խթանում,12004,Պետական աջակցություն ՀՀ Գեղարքունիքի մարզի Ճամբարակ համայնքի Արծվաշեն բնակավայրի վարչական ղեկավարի և աշխատակազմի պահպանման ծախսերի համար,Պետական աջակցություն ՀՀ Գեղարքունիքի մարզի Ճամբարակ համայնքի Արծվաշեն բնակավայրի վարչական ղեկավարի և աշխատակազմի պահպանման ծախսերի համար,Տրանսֆերտների տրամադրում,324421140.8,332778363.3,143395834.1,151890065.1,92369683.1,0.278,0.608,131460216.2,132126788.7,63117765.7,63371030.4,59189997.9,0.44799999999999995,0.934,4915.7,4915.7,2457.9,2457.9,2283.2,0.46399999999999997,0.929
ՀՀ տարածքային կառավարման և ենթակառուցվածքների նախարարություն,1212,1212,Տարածքային զարգացում,Տարածքային համաչափ զարգացման խթանում,ՀՀ համայնքների կառավարման արդյունավետության բարձրացում և տնտեսական գործունեության խթանում,12007,ՀՀ մարզերին սուբվենցիաների տրամադրում`  ենթակառուցվածքների զարգացման նպատակով,ՀՀ մարզերին սուբվենցիաների տրամադրում`  ենթակառուցվածքների զարգացման նպատակով,,324421140.8,332778363.3,143395834.1,151890065.1,92369683.1,0.278,0.608,131460216.2,132126788.7,63117765.7,63371030.4,59189997.9,0.44799999999999995,0.934,17700000.0,17700000.0,7300000.0,7300000.0,3851816.5,0.218,0.528
ՀՀ տարածքային կառավարման և ենթակառուցվածքների նախարարություն,1212,1212,Տարածքային զարգացում,Տարածքային համաչափ զարգացման խթանում,ՀՀ համայնքների կառավարման արդյունավետության բարձրացում և տնտեսական գործունեության խթանում,12025,Մարզերում առաջնահերթ լուծում պահանջող հիմնախնդիրների լուծում,"Մարզերում առաջնահերթ լուծում պահանջող ծրագրերի իրականացում, որի արդյունքում լուծում կտրվի բնակչության և համայնքների սոցիալական նշանակություն ունեցող հիմնախնդիրներին:",Ծառայությունների մատուցում,324421140.8,332778363.3,143395834.1,151890065.1,92369683.1,0.278,0.608,131460216.2,132126788.7,63117765.7,63371030.4,59189997.9,0.44799999999999995,0.934,0.0,117784.4,0.0,97893.7,14979.0,0.127,0.153
ՀՀ տարածքային կառավարման և ենթակառուցվածքների նախարարություն,1212,1212,Տարածքային զարգացում,Տարածքային համաչափ զարգացման խթանում,ՀՀ համայնքների կառավարման արդյունավետության բարձրացում և տնտեսական գործունեության խթանում,12026,Ազդակիր բնակավայրերի և համայնքների բյուջեներին հատկացվող համայնքային մասհանումներ,Օրենսդրությամբ նախատեսված՛ հաշվետու տարում ռոյալթի վճարողի կողմից օրենքով սահմանված չափով և կարգով պետական բյուջե վճարված ռոյալթիի չափի երկու տոկոսից փոխհատուցումներ տեղական ինքնակառավարման մարմիններին,Ծառայությունների մատուցում,324421140.8,332778363.3,143395834.1,151890065.1,92369683.1,0.278,0.608,131460216.2,132126788.7,63117765.7,63371030.4,59189997.9,0.44799999999999995,0.934,834685.0,834685.0,0.0,0.0,0.0,0.0,0.0
ՀՀ տարածքային կառավարման և ենթակառուցվածքների նախարարություն,1212,1212,Տարածքային զարգացում,Տարածքային համաչափ զարգացման խթանում,ՀՀ համայնքների կառավարման արդյունավետության բարձրացում և տնտեսական գործունեության խթանում,12027,Սուբվենցիաներ` մասնակցային բյուջետավորմամբ ձևավորված ծրագրերի իրականացման  համար,ՀՀ պետական բյուջեից մասնակցային բյուջետավորմամբ ձևավորված  ծրագրերի  իրականացման նպատակով սուբվենցիաների  տրամադրում,,324421140.8,332778363.3,143395834.1,151890065.1,92369683.1,0.278,0.608,131460216.2,132126788.7,63117765.7,63371030.4,59189997.9,0.44799999999999995,0.934,2000000.0,2000000.0,0.0,0.0,0.0,0.0,0.0
ՀՀ տարածքային կառավարման և ենթակառուցվածքների նախարարություն,1212,1212,Տարածքային զարգացում,Տարածքային համաչափ զարգացման խթանում,ՀՀ համայնքների կառավարման արդյունավետության բարձրացում և տնտեսական գործունեության խթանում,12030,Լեռնային Ղարաբաղից Հայաստանի Հանրապետություն տեղափոխված անձանց համար առաջնային անհրաժեշտության ապրանքների և ծառայությունների տրամադրում,Լեռնային Ղարաբաղից Հայաստանի Հանրապետություն տեղափոխված անձանց պարենային և ոչ պարենային ապրանքներով ապահովում և ծախսերի փոխհատուցում,,324421140.8,332778363.3,143395834.1,151890065.1,92369683.1,0.278,0.608,131460216.2,132126788.7,63117765.7,63371030.4,59189997.9,0.44799999999999995,0.934,0.0,6721.3,0.0,6721.3,6720.5,1.0,1.0
ՀՀ տարածքային կառավարման և ենթակառուցվածքների նախարարություն,1212,1212,Տարածքային զարգացում,Տարածքային համաչափ զարգացման խթանում,ՀՀ համայնքների կառավարման արդյունավետության բարձրացում և տնտեսական գործունեության խթանում,21001,Հրետակոծության հետևանքով հասցված վնասների վերականգնման աշխատանքներ,"Հրետակոծությունից տուժած ՀՀ սահմանամերձ համայնքների բնակիչների բնակելի տների, շենքշինությունների կենցաղային պայմանների բարելավում, աշակերտների համար ուսումնական",Տրանսֆերտների տրամադրում,324421140.8,332778363.3,143395834.1,151890065.1,92369683.1,0.278,0.608,131460216.2,132126788.7,63117765.7,63371030.4,59189997.9,0.44799999999999995,0.934,0.0,480.0,0.0,480.0,0.0,0.0,0.0
ՀՀ տարածքային կառավարման և ենթակառուցվածքների նախարարություն,1212,1212,Տարածքային զարգացում,Տարածքային համաչափ զարգացման խթանում,ՀՀ համայնքների կառավարման արդյունավետության բարձրացում և տնտեսական գործունեության խթանում,32001,ՀՀ մարզերում առաջնահերթ լուծում պահանջող անհետաձգելի ծրագրերի իրականացում,"ՀՀ մարզերում առաջնահերթ լուծում պահանջող անհետաձգելի ծրագրերի իրականացում, որի արդյունքում լուծում կտրվի մարզային ենթակայության կազմակերպությունների և համայնքային նշանակություն ունեցող հիմնախնդիրներին",Ծառայությունների մատուցում,324421140.8,332778363.3,143395834.1,151890065.1,92369683.1,0.278,0.608,131460216.2,132126788.7,63117765.7,63371030.4,59189997.9,0.44799999999999995,0.934,2000000.0,1949748.8,1200000.0,1348169.7,736576.7,0.37799999999999995,0.546
ՀՀ տարածքային կառավարման և ենթակառուցվածքների նախարարություն,1212,1212,Տարածքային զարգացում,Տարածքային համաչափ զարգացման խթանում,ՀՀ համայնքների կառավարման արդյունավետության բարձրացում և տնտեսական գործունեության խթանում,32002,"Եվրոպական ներդրումային բանկի աջակցությամբ իրականացվող «Հայաստան-Դիմակայուն Սյունիք» վարկային ծրագրի շրջանակներում կապիտալ ներդրումներ առողջապահության, կրթության և ջրային ոլորտներում","Եվրոպական ներդրումային բանկի աջակցությամբ իրականացվող «Հայաստան-Դիմակայուն Սյունիք» վարկ. ծրագրի շրջանակ. միջին մասնագիտ. քոլեջների մասնաշենք. կառուցում և  առողջ. առաջնային պահպ. կենտրոն-ի, բժշկական ամբուլատ-ի, ջրամատ. համակարգ-ի կառուցում և վերանորոգում",Այլ պետական կազմակերպությունների կողմից օգտագործվող ոչ ֆինանսական ակտիվների հետ գործառնություններ,324421140.8,332778363.3,143395834.1,151890065.1,92369683.1,0.278,0.608,131460216.2,132126788.7,63117765.7,63371030.4,59189997.9,0.44799999999999995,0.934,0.0,591838.0,0.0,0.0,0.0,0.0,0.0
ՀՀ տարածքային կառավարման և ենթակառուցվածքների նախարարություն,1232,1232,Էներգաարդյունավետության ծրագիր,Էներգախնայողության և վերականգնվող էներգետիկայի ներուժի առավելագույն իրացում,Էներգախնայողության մակարդակի բարձրացում և վերականգնվող էներգետիկայի մասնաբաժնի աճ,12001,Եվրոպական ներդրումային բանկի աջակցությամբ իրականացվող Երևանի էներգաարդյունավետության  դրամաշնորհային ծրագրի երկրորդ փուլ (մանկապարտեզների և այլ հանրային շենքերի էներգարդյունավետվության բարելավում),Էներգաարդյունավետության և էներգախնայողությանն ուղղված միջոցառումների իրականացում հանրային (այդ թվում` մանկապարտեզների) շենքերում,,324421140.8,332778363.3,143395834.1,151890065.1,92369683.1,0.278,0.608,13801734.8,13881734.8,6880694.0,6810694.0,3830076.4,0.276,0.562,2166004.1,2166004.1,866401.5,866401.5,0.0,0.0,0.0
ՀՀ տարածքային կառավարման և ենթակառուցվածքների նախարարություն,1232,1232,Էներգաարդյունավետության ծրագիր,Էներգախնայողության և վերականգնվող էներգետիկայի ներուժի առավելագույն իրացում,Էներգախնայողության մակարդակի բարձրացում և վերականգնվող էներգետիկայի մասնաբաժնի աճ,12002,Պետական աջակցություն բնակարանների և անհատական բնակելի տների էներգաարդյունավետ վերանորոգման աշխատանքների իրականացմանը,Պետական աջակցություն բնակարանների և անհատական բնակելի տների էներգաարդյունավետ վերանորոգման աշխատանքների իրականացմանը,,324421140.8,332778363.3,143395834.1,151890065.1,92369683.1,0.278,0.608,13801734.8,13881734.8,6880694.0,6810694.0,3830076.4,0.276,0.562,6000000.0,6000000.0,3760000.0,3760000.0,3760000.0,0.627,1.0
ՀՀ տարածքային կառավարման և ենթակառուցվածքների նախարարություն,1232,1232,Էներգաարդյունավետության ծրագիր,Էներգախնայողության և վերականգնվող էներգետիկայի ներուժի առավելագույն իրացում,Էներգախնայողության մակարդակի բարձրացում և վերականգնվող էներգետիկայի մասնաբաժնի աճ,12003,Եվրոպական ներդրումային բանկի աջակցությամբ իրականացվող Երևանի էներգաարդյունավետության ծրագրի երկրորդ փուլ (մանկապարտեզների և այլ հանրային շենքերի էներգարդյունավետվության բարելավում),Էներգաարդյունավետության և էներգախնայողությանն ուղղված միջոցառումների իրականացում հանրային (այդ թվում` մանկապարտեզների) շենքերում,Տրանսֆերտների տրամադրում,324421140.8,332778363.3,143395834.1,151890065.1,92369683.1,0.278,0.608,13801734.8,13881734.8,6880694.0,6810694.0,3830076.4,0.276,0.562,5635730.7,5635730.7,2254292.5,2104292.5,0.0,0.0,0.0
ՀՀ տարածքային կառավարման և ենթակառուցվածքների նախարարություն,1232,1232,Էներգաարդյունավետության ծրագիր,Էներգախնայողության և վերականգնվող էներգետիկայի ներուժի առավելագույն իրացում,Էներգախնայողության մակարդակի բարձրացում և վերականգնվող էներգետիկայի մասնաբաժնի աճ,12004,ՄԱԶԾ ծրագրի շրջանակներում աջակցություն «Բնակարանների և անհատական բնակելի տների էներգաարդյունավետ վերանորոգման աշխատանքների պետական աջակցության ծրագրի» սահմանամերձ և բարձրլեռնային բնակավայրերիշահառուներին,ՄԱԶԾ աջակցություն բնակարանների և անհատական բնակելի տների էներգաարդյունավետ վերանորոգման աշխատանքների իրականացմանը,Տրանսֆերտների տրամադրում,324421140.8,332778363.3,143395834.1,151890065.1,92369683.1,0.278,0.608,13801734.8,13881734.8,6880694.0,6810694.0,3830076.4,0.276,0.562,0.0,80000.0,0.0,80000.0,70076.4,0.8759999999999999,0.8759999999999999
ՀՀ առողջապահության նախարարություն,1003,1003,Հանրային առողջության պահպանում,"Մարդու օրգանիզմի վրա շրջակա միջավայրի վնասակար և վտանգավոր գործոնների ազդեցության բացառում և նվազեցում, կառավարելի վարակիչ հիվանդությունների դեմ պայքար","Բնակչության սանիտարահամաճարակային անվտանգության և վարակիչ հիվանդությունների նկատմամբ բնակչության անընկալության ապահովում: Հանրապետությունում արյան, արյան բաղադրամասերի և արյան  պատրաստուկների  անհրաժեշտ  քանակության ապահովում",11001,Բնակչության սանիտարահամաճարակային անվտանգության ապահովման և հանրային առողջապահության ծառայություններ,"Հիվանդությունների վերահսկման և կանխարգելման, ընթացիկ հակահամաճարակային և սանիտարահիգիենիկ նշանակության հետազոտություններ, վարակների օջախների համաճարակաբանական հետազոտություններ, իմունականխարգելման հիգիենիկ ուսուցման և քարոզչության ծառայություններ",Ծառայությունների մատուցում,211583025.2,248742700.1,115307515.8,151751211.7,144998249.7,0.583,0.955,7496403.8,7196481.8,3746701.9,3446779.9,3131535.9,0.435,0.909,2299575.4,2499575.4,1149787.7,1149787.7,1149787.7,0.46,1.0
ՀՀ առողջապահության նախարարություն,1003,1003,Հանրային առողջության պահպանում,"Մարդու օրգանիզմի վրա շրջակա միջավայրի վնասակար և վտանգավոր գործոնների ազդեցության բացառում և նվազեցում, կառավարելի վարակիչ հիվանդությունների դեմ պայքար","Բնակչության սանիտարահամաճարակային անվտանգության և վարակիչ հիվանդությունների նկատմամբ բնակչության անընկալության ապահովում: Հանրապետությունում արյան, արյան բաղադրամասերի և արյան  պատրաստուկների  անհրաժեշտ  քանակության ապահովում",11002,Իմունականխարգելման ազգային ծրագիր,"Բնակչության շրջանում կառավարելի վարակիչ հիվանդությունների իմունականխարգելում` կառավարելի վարակիչ հիվանդություններով հիվանդացության նվազեցման և մահվան դեպքերի կանխման, ինչպես նաև բնակչության կոլեկտիվ անընկալության ապահովման նպատակով",Ծառայությունների մատուցում,211583025.2,248742700.1,115307515.8,151751211.7,144998249.7,0.583,0.955,7496403.8,7196481.8,3746701.9,3446779.9,3131535.9,0.435,0.909,4550460.6,4050538.6,2275230.3,1975308.3,1715601.7,0.424,0.8690000000000001
ՀՀ առողջապահության նախարարություն,1003,1003,Հանրային առողջության պահպանում,"Մարդու օրգանիզմի վրա շրջակա միջավայրի վնասակար և վտանգավոր գործոնների ազդեցության բացառում և նվազեցում, կառավարելի վարակիչ հիվանդությունների դեմ պայքար","Բնակչության սանիտարահամաճարակային անվտանգության և վարակիչ հիվանդությունների նկատմամբ բնակչության անընկալության ապահովում: Հանրապետությունում արյան, արյան բաղադրամասերի և արյան  պատրաստուկների  անհրաժեշտ  քանակության ապահովում",11003,Արյան հավաքագրման ծառայություններ,"Մարդու դոնորական արյան հավաքագրում, վարակիչ հիվանդությունների նկատմամբ հետազոտություն, համապատասխան պայմաններում և ժամկետներում պահպանում, դրանց առնչվող ծառայությունների իրականացում",Ծառայությունների մատուցում,211583025.2,248742700.1,115307515.8,151751211.7,144998249.7,0.583,0.955,7496403.8,7196481.8,3746701.9,3446779.9,3131535.9,0.435,0.909,546367.8,546367.8,273183.9,273183.9,231252.0,0.423,0.847
ՀՀ առողջապահության նախարարություն,1003,1003,Հանրային առողջության պահպանում,"Մարդու օրգանիզմի վրա շրջակա միջավայրի վնասակար և վտանգավոր գործոնների ազդեցության բացառում և նվազեցում, կառավարելի վարակիչ հիվանդությունների դեմ պայքար","Բնակչության սանիտարահամաճարակային անվտանգության և վարակիչ հիվանդությունների նկատմամբ բնակչության անընկալության ապահովում: Հանրապետությունում արյան, արյան բաղադրամասերի և արյան  պատրաստուկների  անհրաժեշտ  քանակության ապահովում",11005,Առողջ ապրելակերպի խթանման և ծխելու դեմ պայքարի միջոցառումներ,"Առողջ ապրելակերպի և ծխելու դեմ պայքարի հանրային իրազեկման, ծխելը թողնելուն օժանդակության թեժ գծի ծառայության ներդնում, բուժաշխատողների շրջանում կրթական միջոցառումների իրականացում և այլն",Ծառայությունների մատուցում,211583025.2,248742700.1,115307515.8,151751211.7,144998249.7,0.583,0.955,7496403.8,7196481.8,3746701.9,3446779.9,3131535.9,0.435,0.909,100000.0,100000.0,48500.0,48500.0,34894.5,0.349,0.7190000000000001
ՀՀ առողջապահության նախարարություն,1053,1053,Առողջապահության համակարգի արդիականացման և արդյունավետության բարձրացման ծրագիր,Առողջապահության համակարգի արդիականացում և զարգացում,"Առողջապահական ենթակառուցվածքների բարելավում, կարողությունների զարգացում",11004,Գլոբալ հիմնադրամի աջակցությամբ իրականացվող «Հայաստանի Հանրապետությունում տուբերկուլյոզի և ՄԻԱՎ/ՁԻԱՀ-ի ծրագրերի հզորացում» դրամաշնորհային ծրագիր,"Հայաստանի Հանրապետությունում  տուբերկուլյոզի բեռի կրճատում, տուբերկուլյոզի բոլոր ձևերի որակյալ ախտորոշման և բուժման մատչելիության ապահովում",Ծառայությունների մատուցում,211583025.2,248742700.1,115307515.8,151751211.7,144998249.7,0.583,0.955,1719372.9,1300926.0,495180.0,587180.0,553937.3,0.426,0.943,178800.0,178800.0,89580.0,109740.0,86711.7,0.485,0.79
ՀՀ առողջապահության նախարարություն,1053,1053,Առողջապահության համակարգի արդիականացման և արդյունավետության բարձրացման ծրագիր,Առողջապահության համակարգի արդիականացում և զարգացում,"Առողջապահական ենթակառուցվածքների բարելավում, կարողությունների զարգացում",11006,Գլոբալ հիմնադրամի աջակցությամբ իրականացվող «Հայաստանի Հանրապետությունում ՄԻԱՎ/ՁԻԱՀ-ի դեմ պայքարի ազգային ծրագրին աջակցություն» դրամաշնորհային շարունակության ծրագիր,"Խորհրդատվության և հետազոտության կետերին և լաբորատորիաներին մեթոդական աջակցություն, ՄԻԱՎ/ՁԻԱՀ-ի ազգային ծրագրի հիմնական բաղադրիչների իրականացում և գնահատում",Ծառայությունների մատուցում,211583025.2,248742700.1,115307515.8,151751211.7,144998249.7,0.583,0.955,1719372.9,1300926.0,495180.0,587180.0,553937.3,0.426,0.943,604000.0,604000.0,302000.0,281840.0,276773.0,0.45799999999999996,0.982
ՀՀ առողջապահության նախարարություն,1053,1053,Առողջապահության համակարգի արդիականացման և արդյունավետության բարձրացման ծրագիր,Առողջապահության համակարգի արդիականացում և զարգացում,"Առողջապահական ենթակառուցվածքների բարելավում, կարողությունների զարգացում",11008,Գլոբալ հիմնադրամի աջակցությամբ իրականացվող «Հայաստանի Հանրապետությունում տուբերկուլյոզի դեմ պայքարի ազգային ծրագրին աջակցություն» դրամաշնորհային ծրագիր,"Դեղակայուն տուբերկուլյոզով հիվանդների ամբուլատոր բուժումն իրականացնող մասնագետների  մեթոդական աջակցություն և վերապատրաստում,  ՏԲ-ի ազգային ծրագրի հիմնական բաղադրիչների  իրականացում և գնահատում",Ծառայությունների մատուցում,211583025.2,248742700.1,115307515.8,151751211.7,144998249.7,0.583,0.955,1719372.9,1300926.0,495180.0,587180.0,553937.3,0.426,0.943,192000.0,192000.0,96000.0,96000.0,95885.8,0.499,0.9990000000000001
ՀՀ առողջապահության նախարարություն,1053,1053,Առողջապահության համակարգի արդիականացման և արդյունավետության բարձրացման ծրագիր,Առողջապահության համակարգի արդիականացում և զարգացում,"Առողջապահական ենթակառուցվածքների բարելավում, կարողությունների զարգացում",11011,"Գլոբալ հիմնադրամի աջակցությամբ իրականացվող «Հայաստանի Հանրապետությունում տուբերկուլյոզի և ՄԻԱՎ/ՁԻԱՀ-ի կանխարգելում, ախտորոշում և բուժում քրեակատարողական համակարգում» դրամաշնորհային ծրագիր","ՄԻԱՎ/ՁԻԱՀ-ի կանխարգելման միջոցառումների իրականացում, ախտորոշիչ լաբորատոր հետազոտությունների իրականացում դատապարտյալների ու կալանավորների շրջանում",Ծառայությունների մատուցում,211583025.2,248742700.1,115307515.8,151751211.7,144998249.7,0.583,0.955,1719372.9,1300926.0,495180.0,587180.0,553937.3,0.426,0.943,11200.0,11200.0,5600.0,5600.0,5555.1,0.496,0.992
ՀՀ առողջապահության նախարարություն,1053,1053,Առողջապահության համակարգի արդիականացման և արդյունավետության բարձրացման ծրագիր,Առողջապահության համակարգի արդիականացում և զարգացում,"Առողջապահական ենթակառուցվածքների բարելավում, կարողությունների զարգացում",11015,Գլոբալ հիմնադրամի աջակցությամբ իրականացվող առողջապահական բարեփոխումների տեխնիկական աջակցության ծրագիր,Գլոբալ հիմնադրամի աջակցությամբ ՀՀ-ում իրականացվող  առողջության  համընդհանուր ապահովագրության օրենսդրական փաթեթի նախագծերի վերանայում,Ծառայությունների մատուցում,211583025.2,248742700.1,115307515.8,151751211.7,144998249.7,0.583,0.955,1719372.9,1300926.0,495180.0,587180.0,553937.3,0.426,0.943,4000.0,4000.0,2000.0,2000.0,0.0,0.0,0.0
ՀՀ առողջապահության նախարարություն,1053,1053,Առողջապահության համակարգի արդիականացման և արդյունավետության բարձրացման ծրագիր,Առողջապահության համակարգի արդիականացում և զարգացում,"Առողջապահական ենթակառուցվածքների բարելավում, կարողությունների զարգացում",11018,Ասիական զարգացման բանկի աջակցությամբ իրականացվող«Առողջապահության որակի և արդյունքների բարելավում» տեխնիկական աջակցության շրջանակներում բուժական անձնակազմի ուսուցման համար ծառայությունների մատուցում,Ծրագիրն ուղղված է տեխնիկական աջակցության շրջանակներում բուժական անձնակազմի ուսուցման համար ծառայությունների մատուցմանը,Ծառայությունների մատուցում,211583025.2,248742700.1,115307515.8,151751211.7,144998249.7,0.583,0.955,1719372.9,1300926.0,495180.0,587180.0,553937.3,0.426,0.943,0.0,45906.0,0.0,0.0,0.0,0.0,0.0
ՀՀ առողջապահության նախարարություն,1053,1053,Առողջապահության համակարգի արդիականացման և արդյունավետության բարձրացման ծրագիր,Առողջապահության համակարգի արդիականացում և զարգացում,"Առողջապահական ենթակառուցվածքների բարելավում, կարողությունների զարգացում",32004,Գլոբալ հիմնադրամի աջակցությամբ իրականացվող «ՀՀ-ում տուբերկուլյոզի և ՄԻԱՎ/ՁԻԱՀ-ի ծրագրերի հզորացում» դրամաշնորհային ծրագրի շրջանակներում ՀՀ պետական առողջապահական համակարգի կարողությունների զարգացում և տեխնիկական հագեցվածության ապահովում,ՀՀ առողջապահության նախարարության հիվանդանոցային ծառայությունների բարելավման համար բժշկական սարքավորումների ձեռքբերում,Այլ պետական կազմակերպությունների կողմից օգտագործվող ոչ ֆինանսական ակտիվների հետ գործառնություններ,211583025.2,248742700.1,115307515.8,151751211.7,144998249.7,0.583,0.955,1719372.9,1300926.0,495180.0,587180.0,553937.3,0.426,0.943,20000.0,20000.0,0.0,0.0,0.0,0.0,0.0
ՀՀ առողջապահության նախարարություն,1053,1053,Առողջապահության համակարգի արդիականացման և արդյունավետության բարձրացման ծրագիր,Առողջապահության համակարգի արդիականացում և զարգացում,"Առողջապահական ենթակառուցվածքների բարելավում, կարողությունների զարգացում",32007,ՀՀ կայունացման և զարգացման Եվրասիական հիմնադրամի միջոցներից ֆինանսավորվող «ՀՀ-ում COVID-19 համավարակի պատրաստվածության մակարդակի բարձրացում.կորոնավիրուսից առաջացող սպառնալիքի հայտնաբերում և արձագանքում» ծրագրի շրջանակներում շենքային պայմանների բարելավում,Հիվանդությունների վերահսկման և կանխարգելման ազգային կենտրոնի Արարատի և Արմավիրի մարզային մասնաճյուղերի վերակառուցման և Վանաձոր քաղաքում «Վանաձորի բժշկական կենտրոն» ՓԲԸ-ի նոր ինֆեկցիոն կենտրոնի մասնաշենքի կառուցման աշխատանքներ,Ծառայությունների մատուցում,211583025.2,248742700.1,115307515.8,151751211.7,144998249.7,0.583,0.955,1719372.9,1300926.0,495180.0,587180.0,553937.3,0.426,0.943,0.0,92000.0,0.0,92000.0,89011.7,0.968,0.968
ՀՀ առողջապահության նախարարություն,1053,1053,Առողջապահության համակարգի արդիականացման և արդյունավետության բարձրացման ծրագիր,Առողջապահության համակարգի արդիականացում և զարգացում,"Առողջապահական ենթակառուցվածքների բարելավում, կարողությունների զարգացում",32008,"«Դիմակայուն Սյունիք» ծրագրի շրջանակներում առողջապահական կազմակերպությունների արդիականացում, կառուցում, վերազինում","«Դիմակայուն Սյունիք» ծրագրի շրջանակներում առողջապահական կազմակերպությունների անհրաժեշտ շենքային պայմանների ապահովում, մարզային առողջապահական կազմակերպությունների անհրաժեշտ բժշկական սարքավորումներով և գույքով հագեցում",Այլ պետական կազմակերպությունների կողմից օգտագործվող ոչ ֆինանսական ակտիվների հետ գործառնություններ,211583025.2,248742700.1,115307515.8,151751211.7,144998249.7,0.583,0.955,1719372.9,1300926.0,495180.0,587180.0,553937.3,0.426,0.943,709372.9,0.0,0.0,0.0,0.0,0.0,0.0
ՀՀ առողջապահության նախարարություն,1053,1053,Առողջապահության համակարգի արդիականացման և արդյունավետության բարձրացման ծրագիր,Առողջապահության համակարգի արդիականացում և զարգացում,"Առողջապահական ենթակառուցվածքների բարելավում, կարողությունների զարգացում",32009,Ասիական զարգացման բանկի աջակցությամբ իրականացվող «Առողջապահության որակի և արդյունքների բարելավում»   տեխնիկական աջակցության շրջանակներում սիմուլյացիոն   կենտրոնի համար բժշկական սարքավորումների և մանեկենների ձեռքբերում,Ծրագիրն ուղղված է սիմուլյացիոն կենտրոնի համար  բժշկական սարքավորումների և մանեկենների ձեռքբերմանը,Այլ պետական կազմակերպությունների կողմից օգտագործվող ոչ ֆինանսական ակտիվների հետ գործառնություններ,211583025.2,248742700.1,115307515.8,151751211.7,144998249.7,0.583,0.955,1719372.9,1300926.0,495180.0,587180.0,553937.3,0.426,0.943,0.0,153020.0,0.0,0.0,0.0,0.0,0.0
ՀՀ առողջապահության նախարարություն,1099,1099,Առողջության առաջնային պահպանում,"Բնակչությանը մատչելի և որակյալ առաջնային բժշկական օգնության և սպասարկման տրամադրում, առողջության վատթարացման ռիսկի գործոնների վերհանում և դրանց հնարավոր անբարենպաստ ազդեցության կանխարգելում","Առողջության առաջնային պահպանման օղակում ցուցաբերվող բժշկական օգնության որակի, հիվանդությունների վաղ հայտնաբերման և կանխարգելման մակարդակի բարելավում, առողջապահական ծառայությունների վերաբերյալ իրազեկվածության և դրանց նկատմամբ պահանջարկի ավելացում",11001,Առողջության առաջնային պահպանման բժշկական օգնության ծառայություններ,"Առողջության առաջնային պահպանման օղակում հիվանդությունների կանխարգելում, ախտորոշում, բուժում, լաբորատոր-գործիքային հետազոտություններ (այդ թվում զինապարտներին, հղիներին) առանձին հիվանդություների դիսպանսեր հսկողություն",,211583025.2,248742700.1,115307515.8,151751211.7,144998249.7,0.583,0.955,14327648.1,14327648.1,8258021.8,8698021.8,8493759.8,0.593,0.977,13977648.1,13977648.1,8071658.2,8511658.2,8406304.2,0.601,0.988
ՀՀ առողջապահության նախարարություն,1099,1099,Առողջության առաջնային պահպանում,"Բնակչությանը մատչելի և որակյալ առաջնային բժշկական օգնության և սպասարկման տրամադրում, առողջության վատթարացման ռիսկի գործոնների վերհանում և դրանց հնարավոր անբարենպաստ ազդեցության կանխարգելում","Առողջության առաջնային պահպանման օղակում ցուցաբերվող բժշկական օգնության որակի, հիվանդությունների վաղ հայտնաբերման և կանխարգելման մակարդակի բարելավում, առողջապահական ծառայությունների վերաբերյալ իրազեկվածության և դրանց նկատմամբ պահանջարկի ավելացում",11004,Ախտորոշման ճշտման նպատակով լաբորատոր-գործիքային ախտորոշիչ հետազոտություններ նեղ մասնագիտացված կենտրոններում և շարունակական հսկողություն պահանջող և առանձին հիվանդությունների բուժման ծառայություններ,"Ախտորոշման ճշտման նպատակով լաբորատոր-գործիքային ախտորոշիչ հետազոտությունների իրականացում նեղ մասնագիտացված կենտրոններում, առանձին հիվանդությունների (քրոնիկ, դիսպանսեր հսկողություն պահանջող) բժշկական օգնության համալիր միջոցառումների իրականացում",,211583025.2,248742700.1,115307515.8,151751211.7,144998249.7,0.583,0.955,14327648.1,14327648.1,8258021.8,8698021.8,8493759.8,0.593,0.977,350000.0,350000.0,186363.6,186363.6,87455.6,0.25,0.469
ՀՀ առողջապահության նախարարություն,1126,1126,"Առողջապահության ոլորտում պետական քաղաքականության մշակում, ծրագրերի համակարգում և մոնիտորինգ","Մարդու և հանրության առողջության պահպանում, բնակչության առողջության բարելավում, հիվանդությունների կանխարգելում, հաշմանդամության և մահացության ցուցանիշների նվազեցում",Առողջապահության ոլորտում իրականացվող ծրագրերի ազդեցության և արդյունավետության բարելավում,11001,"Առողջապահության ոլորտի պետական քաղաքականության մշակում, ծրագրերի համակարգում և մոնիտորինգ","Մարդու և հանրության առողջության պահպանում, բնակչության առողջության բարելավում, հիվանդությունների կանխարգելում, հաշմանդամության և մահացության ցուցանիշների նվազեցում",Ծառայությունների մատուցում,211583025.2,248742700.1,115307515.8,151751211.7,144998249.7,0.583,0.955,13748150.9,16404646.0,7376740.5,8806809.7,4991054.3,0.304,0.5670000000000001,1339152.1,1407936.1,570442.2,639226.2,494299.4,0.35100000000000003,0.773
ՀՀ առողջապահության նախարարություն,1126,1126,"Առողջապահության ոլորտում պետական քաղաքականության մշակում, ծրագրերի համակարգում և մոնիտորինգ","Մարդու և հանրության առողջության պահպանում, բնակչության առողջության բարելավում, հիվանդությունների կանխարգելում, հաշմանդամության և մահացության ցուցանիշների նվազեցում",Առողջապահության ոլորտում իրականացվող ծրագրերի ազդեցության և արդյունավետության բարելավում,11003,"ՀՀ պետական կառավարման մարմինների կողմից  դիմումներ, հայցադիմումներ, դատարանի վճիռների  և որոշումների դեմ վերաքննիչ և վճռաբեկ բողոքներ ներկայացնելիս` «Պետական տուրքի մասին» ՀՀ օրենքով սահմանված վճարումներ","ՀՀ պետական կառավարման մարմինների կողմից  դիմումներ, հայցադիմումներ, դատարանի վճիռների  և որոշումների դեմ վերաքննիչ և վճռաբեկ բողոքներ ներկայացնելիս` «Պետական տուրքի մասին» ՀՀ օրենքով սահմանված վճարումներ",Հանրության կողմից անմիջականորեն օգտագործվող ակտիվների հետ կապված միջոցառումներ,211583025.2,248742700.1,115307515.8,151751211.7,144998249.7,0.583,0.955,13748150.9,16404646.0,7376740.5,8806809.7,4991054.3,0.304,0.5670000000000001,0.0,665.0,0.0,665.0,665.0,1.0,1.0
ՀՀ առողջապահության նախարարություն,1126,1126,"Առողջապահության ոլորտում պետական քաղաքականության մշակում, ծրագրերի համակարգում և մոնիտորինգ","Մարդու և հանրության առողջության պահպանում, բնակչության առողջության բարելավում, հիվանդությունների կանխարգելում, հաշմանդամության և մահացության ցուցանիշների նվազեցում",Առողջապահության ոլորտում իրականացվող ծրագրերի ազդեցության և արդյունավետության բարելավում,11008,Առողջապահական ծրագրերի իրականացման   գրասենյակի պահպանման ծախսեր,"Առողջապահական կազմակերպությունների կառուցման,  վերակառուցման և վերազինման գործընթացի բնականոն աշխատանքների իրականացման ապահովում",Ծառայությունների մատուցում,211583025.2,248742700.1,115307515.8,151751211.7,144998249.7,0.583,0.955,13748150.9,16404646.0,7376740.5,8806809.7,4991054.3,0.304,0.5670000000000001,105580.2,105580.2,56840.1,56840.1,55632.0,0.527,0.9790000000000001
ՀՀ առողջապահության նախարարություն,1126,1126,"Առողջապահության ոլորտում պետական քաղաքականության մշակում, ծրագրերի համակարգում և մոնիտորինգ","Մարդու և հանրության առողջության պահպանում, բնակչության առողջության բարելավում, հիվանդությունների կանխարգելում, հաշմանդամության և մահացության ցուցանիշների նվազեցում",Առողջապահության ոլորտում իրականացվող ծրագրերի ազդեցության և արդյունավետության բարելավում,11009,Պետական կառավարման  մարմինների կատարողականի գնահատում և խրախուսում,"Պետական մարմնի գործունեության առաջնահերթությունների սահմանում, կատարողականի գնահատման հիման վրա՛  խրախուսման միջոցով արդյունավետության բարձրացում",Ծառայությունների մատուցում,211583025.2,248742700.1,115307515.8,151751211.7,144998249.7,0.583,0.955,13748150.9,16404646.0,7376740.5,8806809.7,4991054.3,0.304,0.5670000000000001,0.0,113588.8,0.0,113588.8,111929.3,0.985,0.985
ՀՀ առողջապահության նախարարություն,1126,1126,"Առողջապահության ոլորտում պետական քաղաքականության մշակում, ծրագրերի համակարգում և մոնիտորինգ","Մարդու և հանրության առողջության պահպանում, բնակչության առողջության բարելավում, հիվանդությունների կանխարգելում, հաշմանդամության և մահացության ցուցանիշների նվազեցում",Առողջապահության ոլորտում իրականացվող ծրագրերի ազդեցության և արդյունավետության բարելավում,12006,Առողջապահական համակարգի պետական առևտրային և ոչ  առևտրային  կազմակերպություններին ֆինանսական աջակցության հատկացում,Առողջապահական համակարգի պետական առևտրային և ոչ առևտրային կազմակերպություններին ֆինանսական աջակցության տրամադրում ընթացիկ գործունեության արդյունավետության բարձրացմանն ուղղված,Ծառայությունների մատուցում,211583025.2,248742700.1,115307515.8,151751211.7,144998249.7,0.583,0.955,13748150.9,16404646.0,7376740.5,8806809.7,4991054.3,0.304,0.5670000000000001,0.0,526674.6,0.0,348554.0,348554.0,0.662,1.0
ՀՀ առողջապահության նախարարություն,1126,1126,"Առողջապահության ոլորտում պետական քաղաքականության մշակում, ծրագրերի համակարգում և մոնիտորինգ","Մարդու և հանրության առողջության պահպանում, բնակչության առողջության բարելավում, հիվանդությունների կանխարգելում, հաշմանդամության և մահացության ցուցանիշների նվազեցում",Առողջապահության ոլորտում իրականացվող ծրագրերի ազդեցության և արդյունավետության բարելավում,12007,Տրամադրված օգնության դիմաց փաստացի կատարված ծախսերի փոխհատուցում,Տրամադրված օգնության դիմաց փաստացի կատարված ծախսերի փոխհատուցում,Տրանսֆերտների տրամադրում,211583025.2,248742700.1,115307515.8,151751211.7,144998249.7,0.583,0.955,13748150.9,16404646.0,7376740.5,8806809.7,4991054.3,0.304,0.5670000000000001,0.0,163849.4,0.0,163849.4,163779.3,1.0,1.0
ՀՀ առողջապահության նախարարություն,1126,1126,"Առողջապահության ոլորտում պետական քաղաքականության մշակում, ծրագրերի համակարգում և մոնիտորինգ","Մարդու և հանրության առողջության պահպանում, բնակչության առողջության բարելավում, հիվանդությունների կանխարգելում, հաշմանդամության և մահացության ցուցանիշների նվազեցում",Առողջապահության ոլորտում իրականացվող ծրագրերի ազդեցության և արդյունավետության բարելավում,31002,Առողջապահական կազմակերպությունների վերազինում,Բնակչությանը որակյալ բժշկական օգնության և սպասարկման ծառայություններ մատուցելու նպատակով  առողջապահական կազմակերպությունների անհրաժեշտ սարքավորումներով վերազինում,Պետական մարմինների կողմից օգտագործվող ոչ ֆինանսական ակտիվների հետ գործառնություններ,211583025.2,248742700.1,115307515.8,151751211.7,144998249.7,0.583,0.955,13748150.9,16404646.0,7376740.5,8806809.7,4991054.3,0.304,0.5670000000000001,3621500.0,4427167.9,1375000.0,1040214.8,798293.0,0.18,0.767
ՀՀ առողջապահության նախարարություն,1126,1126,"Առողջապահության ոլորտում պետական քաղաքականության մշակում, ծրագրերի համակարգում և մոնիտորինգ","Մարդու և հանրության առողջության պահպանում, բնակչության առողջության բարելավում, հիվանդությունների կանխարգելում, հաշմանդամության և մահացության ցուցանիշների նվազեցում",Առողջապահության ոլորտում իրականացվող ծրագրերի ազդեցության և արդյունավետության բարելավում,31003,"Առողջապահական կազմակերպությունների կառուցում, վերակառուցում","Բնակչությանը որակյալ բժշկական օգնության և սպասարկման ծառայություններ մատուցելու նպատակով առողջապահական կազմակերպությունների կառուցում, վերակառուցում",Պետական մարմինների կողմից օգտագործվող ոչ ֆինանսական ակտիվների հետ գործառնություններ,211583025.2,248742700.1,115307515.8,151751211.7,144998249.7,0.583,0.955,13748150.9,16404646.0,7376740.5,8806809.7,4991054.3,0.304,0.5670000000000001,8681918.6,9659184.0,5374458.2,6443871.4,3017902.3,0.312,0.46799999999999997
ՀՀ առողջապահության նախարարություն,1142,1142,Դատաբժշկական և ախտաբանաանատոմիական ծառայություններ,Պաթանատոմիական կանխորոշումների հիման վրա ախտորոշման և բուժման արդյունավետության բարձրացում,Մահերի պատճառների բացահայտում,11001,Դատաբժշկական և ախտաբանաանատոմիական բժշկական օգնության ծառայություններ,Հանրապետության ուժային մարմինների որոշումների հիման վրա դատաբժշկական և գենետիկ փորձաքննությունների ապահովում` մահերի պատճառների վերհանման փորձաքննություններ: Մանկական մահերի պատճառների բացահայտում` մանկամահացության մակարդակը նվազեցնելու նպատակով,Ծառայությունների մատուցում,211583025.2,248742700.1,115307515.8,151751211.7,144998249.7,0.583,0.955,832401.0,892401.0,424727.7,519727.7,440177.0,0.493,0.847,832401.0,892401.0,424727.7,519727.7,440177.0,0.493,0.847
ՀՀ առողջապահության նախարարություն,1188,1188,Դեղապահովում,"Դեղերի անվտանգության, արդյունավետության և որակի ապահովում,  ՀՀ հիմնական դեղերի ցանկում առկա կենսականորեն անհրաժեշտ դեղերի ֆիզիկական և տնտեսական մատչելիության բարձրացում",Հանրապետությունում առանձին հիվանդություններով տառապող անձանց առանցքային նշանակության դեղորայքի մատչելիության բարձրացում,11001,"Մարդասիրական օգնության կարգով ստացվող դեղերի և դեղագործական արտադրանքի ստացման, մաքսազերծման և բաշխման ծառայություններ","Մարդասիրական օգնության կարգով ստացվող դեղերի և դեղագործական արտադրանքի ստացում, մաքսազերծում և բաշխման ծառայություններ",Ծառայությունների մատուցում,211583025.2,248742700.1,115307515.8,151751211.7,144998249.7,0.583,0.955,7809782.4,7709704.4,2559996.2,2459918.2,2456054.5,0.319,0.998,182400.0,182400.0,91200.0,91200.0,91200.0,0.5,1.0
ՀՀ առողջապահության նախարարություն,1188,1188,Դեղապահովում,"Դեղերի անվտանգության, արդյունավետության և որակի ապահովում,  ՀՀ հիմնական դեղերի ցանկում առկա կենսականորեն անհրաժեշտ դեղերի ֆիզիկական և տնտեսական մատչելիության բարձրացում",Հանրապետությունում առանձին հիվանդություններով տառապող անձանց առանցքային նշանակության դեղորայքի մատչելիության բարձրացում,11002,Դեղերի փորձաքննության ծառայությունների իրականացում,Դեղերի շրջանառության պետական կարգավորման ոլորտում փորձաքննությունների կազմակերպում և իրականացում,Ծառայությունների մատուցում,211583025.2,248742700.1,115307515.8,151751211.7,144998249.7,0.583,0.955,7809782.4,7709704.4,2559996.2,2459918.2,2456054.5,0.319,0.998,902907.6,902907.6,451453.8,451453.8,451453.8,0.5,1.0
ՀՀ առողջապահության նախարարություն,1188,1188,Դեղապահովում,"Դեղերի անվտանգության, արդյունավետության և որակի ապահովում,  ՀՀ հիմնական դեղերի ցանկում առկա կենսականորեն անհրաժեշտ դեղերի ֆիզիկական և տնտեսական մատչելիության բարձրացում",Հանրապետությունում առանձին հիվանդություններով տառապող անձանց առանցքային նշանակության դեղորայքի մատչելիության բարձրացում,12001,"Դեղորայքի տրամադրում ամբուլատոր-պոլիկլինիկական, հիվանդանոցային բուժօգնություն ստացողներին և հատուկ խմբերում ընդգրկված ֆիզիկական անձանց",Կենտրոնացված կարգով դեղորայքի ձեռքբերում հիվանդանոցային բուժօգնություն ստացողներին և հատուկ խմբերում ընդգրկված ֆիզիկական անձանց տրամադրելու նպատակով,,211583025.2,248742700.1,115307515.8,151751211.7,144998249.7,0.583,0.955,7809782.4,7709704.4,2559996.2,2459918.2,2456054.5,0.319,0.998,6724474.8,6624396.8,2017342.4,1917264.4,1913400.7,0.289,0.998
ՀՀ առողջապահության նախարարություն,1191,1191,"Խորհրդատվական, մասնագիտական աջակցություն և հետազոտություններ","Բժշկական օգնության կազմակերպման ու որակի բարձրացման կարգավորման մասնագիտական, խորհրդատվական, կազմակերպամեթոդական ապահովում, համակարգի գործունեության արդյունքների գնահատում",Առողջապահական վիճակագրության և նորմատիվային համակարգի բարելավում:  Առողջապահական համակարգի գործունեության արդյունքների և կենսաբժշկական ոլորտի տեղեկատվությամբ ապաhովում,11001,"Խորհրդատվական, մասնագիտական աջակցություն և հետազոտություններ","Կազմմեթոդական օգնության ծառայություններ, կլինիկական ու բժշկատնտեսագիտական ստանդարտների մշակման, առողջապահության ոլորտի նորմատիվային բազայի բարելավման ծառայություններ: Առողջապահության ոլորտի կազմակերպման մեթոդական հարցերի, ձեռնարկների մշակում, տպագրում",Ծառայությունների մատուցում,211583025.2,248742700.1,115307515.8,151751211.7,144998249.7,0.583,0.955,407386.3,407386.3,203693.2,203693.2,135546.3,0.33299999999999996,0.665,191262.0,191262.0,95631.0,95631.0,77499.5,0.405,0.81
ՀՀ առողջապահության նախարարություն,1191,1191,"Խորհրդատվական, մասնագիտական աջակցություն և հետազոտություններ","Բժշկական օգնության կազմակերպման ու որակի բարձրացման կարգավորման մասնագիտական, խորհրդատվական, կազմակերպամեթոդական ապահովում, համակարգի գործունեության արդյունքների գնահատում",Առողջապահական վիճակագրության և նորմատիվային համակարգի բարելավում:  Առողջապահական համակարգի գործունեության արդյունքների և կենսաբժշկական ոլորտի տեղեկատվությամբ ապաhովում,11003,Բժիշկ-մասնագետների ժամանակավոր ուղեգրման միջոցով ՀՀ մարզային առողջապահական կազմակերպություններում բժշկական ծառայությունների մատուցում,Բժիշկ-մասնագետների ժամանակավոր ուղեգրման միջոցով ՀՀ մարզային առողջապահական կազմակերպություններում բժշկական ծառայությունների մատուցում,Ծառայությունների մատուցում,211583025.2,248742700.1,115307515.8,151751211.7,144998249.7,0.583,0.955,407386.3,407386.3,203693.2,203693.2,135546.3,0.33299999999999996,0.665,124960.0,124960.0,62480.0,62480.0,58046.8,0.465,0.929
ՀՀ առողջապահության նախարարություն,1191,1191,"Խորհրդատվական, մասնագիտական աջակցություն և հետազոտություններ","Բժշկական օգնության կազմակերպման ու որակի բարձրացման կարգավորման մասնագիտական, խորհրդատվական, կազմակերպամեթոդական ապահովում, համակարգի գործունեության արդյունքների գնահատում",Առողջապահական վիճակագրության և նորմատիվային համակարգի բարելավում:  Առողջապահական համակարգի գործունեության արդյունքների և կենսաբժշկական ոլորտի տեղեկատվությամբ ապաhովում,11005,Առողջապահական ոլորտի մասնագիտական կարողությունների զարգացում,Բուժաշխատողների շարունակական մասնագիտական զարգացման ապահովում,Ծառայությունների մատուցում,211583025.2,248742700.1,115307515.8,151751211.7,144998249.7,0.583,0.955,407386.3,407386.3,203693.2,203693.2,135546.3,0.33299999999999996,0.665,91164.3,91164.3,45582.2,45582.2,0.0,0.0,0.0
ՀՀ առողջապահության նախարարություն,1200,1200,Մոր և մանկան առողջության պահպանում,"Մոր և մանկան առողջության պահպանում, կանանց և երեխաներին մատուցվող բժշկական ծառայությունների մատչելիության և որակի բարելավում","Մանկական և մայրական մահացության և հիվանդացության կրճատում, կանանց վերարտադրողական առողջության բարելավում",11001,Մանկաբարձական բժշկական օգնության ծառայություններ,"Մանկաբարձական բժշկական օգնության համալիր միջոցառումների իրականացում, հղիության ախտաբանական ընթացքի բժշկական օգնություն և ծննդօգնություն",Ծառայությունների մատուցում,211583025.2,248742700.1,115307515.8,151751211.7,144998249.7,0.583,0.955,5362109.5,8577109.5,3638958.9,7667958.9,7640584.0,0.8909999999999999,0.996,2767109.5,2907109.5,1645049.8,2599049.8,2591310.5,0.8909999999999999,0.997
ՀՀ առողջապահության նախարարություն,1200,1200,Մոր և մանկան առողջության պահպանում,"Մոր և մանկան առողջության պահպանում, կանանց և երեխաներին մատուցվող բժշկական ծառայությունների մատչելիության և որակի բարելավում","Մանկական և մայրական մահացության և հիվանդացության կրճատում, կանանց վերարտադրողական առողջության բարելավում",11003,Երեխաներին բժշկական օգնության ծառայություններ,"Երեխաների հիվանդանոցային, արտահիվանդանոցային վերականգնողական բուժօգնության իրականացում: Նորածինների  հիվանդությունների վաղ հայտնաբերման սքրինգների իրականացման ծառայություններ",Ծառայությունների մատուցում,211583025.2,248742700.1,115307515.8,151751211.7,144998249.7,0.583,0.955,5362109.5,8577109.5,3638958.9,7667958.9,7640584.0,0.8909999999999999,0.996,1193000.0,4013000.0,1193000.0,4013000.0,3998102.4,0.996,0.996
ՀՀ առողջապահության նախարարություն,1200,1200,Մոր և մանկան առողջության պահպանում,"Մոր և մանկան առողջության պահպանում, կանանց և երեխաներին մատուցվող բժշկական ծառայությունների մատչելիության և որակի բարելավում","Մանկական և մայրական մահացության և հիվանդացության կրճատում, կանանց վերարտադրողական առողջության բարելավում",11006,Անպտուղ զույգերի համար վերարտադրողական օժանդակ տեխնոլոգիաների կիրառմամբ բժշկական օգնության ծառայություններ,Բնակչության առանձին և հատուկ խմբերում ընդգրկված անպտուղ զույգերին վերարտադրողական օժանդակ տեխնոլոգիաների կիրառմամբ բժշկական օգնության տրամադրում,Ծառայությունների մատուցում,211583025.2,248742700.1,115307515.8,151751211.7,144998249.7,0.583,0.955,5362109.5,8577109.5,3638958.9,7667958.9,7640584.0,0.8909999999999999,0.996,1402000.0,1657000.0,800909.1,1055909.1,1051171.1,0.634,0.996
ՀՀ առողջապահության նախարարություն,1201,1201,Շտապ բժշկական օգնություն,Մարդու կյանքին և առողջությանը վտանգ սպառնացող վիճակներում որակյալ շտապ բժշկական օգնության ծառայությունների տրամադրում,"Շտապ օգնության համակարգի պատրաստվածության բարելավում, արձագանքման արագության, հասանելիության և բժշկական օգնության ծառայությունների որակի բարելավում",11001,Շտապ բժշկական օգնության ծառայություններ,Շտապ բժշկական օգնության իրականացում,,211583025.2,248742700.1,115307515.8,151751211.7,144998249.7,0.583,0.955,2716842.2,2966842.2,1518564.6,1768564.6,1581552.3,0.5329999999999999,0.894,2716842.2,2966842.2,1518564.6,1768564.6,1581552.3,0.5329999999999999,0.894
ՀՀ առողջապահության նախարարություն,1202,1202,Ոչ վարակիչ հիվանդությունների բժշկական օգնության ապահովում,"Ոչ վարակիչ հիվանդությունների (մասնավորապես՛ սիրտանոթային, շաքարային դիաբետի և չարորակ նորագոյացությունների) բուժման արդյունավետության բարձրացում",Ոչ վարակիչ հիվանդություններով պայմանավորված հիվանդացության և մահացության նվազեցում,11001,Հեմոդիալիզի և պերիտոնիալ դիալիզի անցկացման ծառայություններ,Հեմոդիալիզի կարիք ունեցող հիվանդների բժշկական օգնության համալիր միջոցառումների իրականացում,,211583025.2,248742700.1,115307515.8,151751211.7,144998249.7,0.583,0.955,139302897.3,170699524.0,76982987.9,105057634.6,104567541.4,0.613,0.995,1414000.0,1307600.0,850000.0,680000.0,544632.0,0.41700000000000004,0.8009999999999999
ՀՀ առողջապահության նախարարություն,1202,1202,Ոչ վարակիչ հիվանդությունների բժշկական օգնության ապահովում,"Ոչ վարակիչ հիվանդությունների (մասնավորապես՛ սիրտանոթային, շաքարային դիաբետի և չարորակ նորագոյացությունների) բուժման արդյունավետության բարձրացում",Ոչ վարակիչ հիվանդություններով պայմանավորված հիվանդացության և մահացության նվազեցում,11002,"Անհետաձգելի բժշկական օգնություն, այդ թվում` սրտի վիրահատություններ","Անհետաձգելի բուժօգնության իրականացում` ԱՆ կողմից հաստատված հիվանդությունների, վիճակների ցանկի համաձայն, այդ թվում` սրտի վիրահատություններ",,211583025.2,248742700.1,115307515.8,151751211.7,144998249.7,0.583,0.955,139302897.3,170699524.0,76982987.9,105057634.6,104567541.4,0.613,0.995,2445908.4,2552308.4,1537231.1,2552231.1,2547645.0,0.998,0.998
ՀՀ առողջապահության նախարարություն,1202,1202,Ոչ վարակիչ հիվանդությունների բժշկական օգնության ապահովում,"Ոչ վարակիչ հիվանդությունների (մասնավորապես՛ սիրտանոթային, շաքարային դիաբետի և չարորակ նորագոյացությունների) բուժման արդյունավետության բարձրացում",Ոչ վարակիչ հիվանդություններով պայմանավորված հիվանդացության և մահացության նվազեցում,11003,Հոգեկան առողջության խնդիրներ և կախվածություն  (թմրաբանական) ունեցող պացիենտների բժշկական օգնության ծառայություններ,Հոգեկան առողջության խնդիրներ  և կախվածություն  (թմրաբանական) ունեցող պացիենտների  բուժում և շարունակական հսկողության համալիր միջոցառումների իրականացում,Ծառայությունների մատուցում,211583025.2,248742700.1,115307515.8,151751211.7,144998249.7,0.583,0.955,139302897.3,170699524.0,76982987.9,105057634.6,104567541.4,0.613,0.995,1405174.9,1405174.9,802352.2,1202352.2,1200932.6,0.855,0.9990000000000001
ՀՀ առողջապահության նախարարություն,1202,1202,Ոչ վարակիչ հիվանդությունների բժշկական օգնության ապահովում,"Ոչ վարակիչ հիվանդությունների (մասնավորապես՛ սիրտանոթային, շաքարային դիաբետի և չարորակ նորագոյացությունների) բուժման արդյունավետության բարձրացում",Ոչ վարակիչ հիվանդություններով պայմանավորված հիվանդացության և մահացության նվազեցում,11004,Ուռուցքաբանական և արյունաբանական հիվանդությունների բժշկական օգնության ծառայություններ,Ուռուցքաբանական և արյունաբանական հիվանդների բուժում և շարունակական հսկողության համալիր միջոցառումների իրականացում,Ծառայությունների մատուցում,211583025.2,248742700.1,115307515.8,151751211.7,144998249.7,0.583,0.955,139302897.3,170699524.0,76982987.9,105057634.6,104567541.4,0.613,0.995,3079433.2,3079433.2,1907015.1,2512015.1,2404679.3,0.7809999999999999,0.9570000000000001
ՀՀ առողջապահության նախարարություն,1202,1202,Ոչ վարակիչ հիվանդությունների բժշկական օգնության ապահովում,"Ոչ վարակիչ հիվանդությունների (մասնավորապես՛ սիրտանոթային, շաքարային դիաբետի և չարորակ նորագոյացությունների) բուժման արդյունավետության բարձրացում",Ոչ վարակիչ հիվանդություններով պայմանավորված հիվանդացության և մահացության նվազեցում,11006,Առողջության համընդհանուր ապահովագրության ներդրմանն ուղղված լրացուցիչ միջոցառումներ,Առողջության համընդհանուր ապահովագրության համակարգի ներդրում և Հիմնադրամի ընթացիկ գործունեության ապահովում,,211583025.2,248742700.1,115307515.8,151751211.7,144998249.7,0.583,0.955,139302897.3,170699524.0,76982987.9,105057634.6,104567541.4,0.613,0.995,129958380.8,137103698.1,70886389.5,72859726.8,72855547.2,0.531,1.0
ՀՀ առողջապահության նախարարություն,1202,1202,Ոչ վարակիչ հիվանդությունների բժշկական օգնության ապահովում,"Ոչ վարակիչ հիվանդությունների (մասնավորապես՛ սիրտանոթային, շաքարային դիաբետի և չարորակ նորագոյացությունների) բուժման արդյունավետության բարձրացում",Ոչ վարակիչ հիվանդություններով պայմանավորված հիվանդացության և մահացության նվազեցում,11008,Ապահովագրավճարների հավաքագրման և առողջության համընդհանուր հիմնադրամ փոխանցման ապահովում,«Հավաքագրված ապահովագրավճարների առողջության համընդհանուր հիմնադրամ փոխանցման իրականացում»,Ծառայությունների մատուցում,211583025.2,248742700.1,115307515.8,151751211.7,144998249.7,0.583,0.955,139302897.3,170699524.0,76982987.9,105057634.6,104567541.4,0.613,0.995,0.0,18702495.4,0.0,18702495.4,18702495.4,1.0,1.0
ՀՀ առողջապահության նախարարություն,1202,1202,Ոչ վարակիչ հիվանդությունների բժշկական օգնության ապահովում,"Ոչ վարակիչ հիվանդությունների (մասնավորապես՛ սիրտանոթային, շաքարային դիաբետի և չարորակ նորագոյացությունների) բուժման արդյունավետության բարձրացում",Ոչ վարակիչ հիվանդություններով պայմանավորված հիվանդացության և մահացության նվազեցում,12001,Առողջության համընդհանուր ապահովագրության վարձու աշխատողների ապահովագրավճարի սուբսիդավորում,Առողջության համընդհանուր ապահովագրության վարձու աշխատողների ապահովագրավճարի մասնակի  սուբսիդավորում,Տրանսֆերտների տրամադրում,211583025.2,248742700.1,115307515.8,151751211.7,144998249.7,0.583,0.955,139302897.3,170699524.0,76982987.9,105057634.6,104567541.4,0.613,0.995,1000000.0,6548814.0,1000000.0,6548814.0,6311610.0,0.9640000000000001,0.9640000000000001
ՀՀ առողջապահության նախարարություն,1207,1207,Սոցիալապես անապահով և առանձին խմբերի անձանց բժշկական օգնություն,"Սոցիալապես անապահով և հատուկ խմբերում ընդգրկված անձանց բժշկական օգնության հասանելիության և մատչելիության մակարդակի բարձրացում, հիվանդանոցային որակյալ բժշկական օգնության ապահովում","Սոցիալապես անապահով և հատուկ խմբերում ընդգրկված անձանց բժշկական օգնության հասանելիության և մատչելիության բարձրացում, ծառայությունների մատուցման հասցեականության բարելավում",11001,Սոցիալապես անապահով և հատուկ խմբերում ընդգրկվածներին բժշկական օգնության ծառայություններ,Բնակչության սոցիալապես անապահով և հատուկ խմբերում ընդգրկվածների բժշկական օգնության իրականացում` ՀՀ կառավարության որոշմամբ հաստատված բնակչության խմբերի և ծառայությունների ցանկի համաձայն,,211583025.2,248742700.1,115307515.8,151751211.7,144998249.7,0.583,0.955,16529684.4,16929684.4,9368878.4,11801858.4,10309212.0,0.609,0.8740000000000001,10537164.6,10537164.6,6327802.1,7518502.1,6512927.4,0.618,0.866
ՀՀ առողջապահության նախարարություն,1207,1207,Սոցիալապես անապահով և առանձին խմբերի անձանց բժշկական օգնություն,"Սոցիալապես անապահով և հատուկ խմբերում ընդգրկված անձանց բժշկական օգնության հասանելիության և մատչելիության մակարդակի բարձրացում, հիվանդանոցային որակյալ բժշկական օգնության ապահովում","Սոցիալապես անապահով և հատուկ խմբերում ընդգրկված անձանց բժշկական օգնության հասանելիության և մատչելիության բարձրացում, ծառայությունների մատուցման հասցեականության բարելավում",11002,Ստոմատոլոգիական բժշկական օգնության ծառայություններ,"Ստոմատոլոգիական բժշկական օգնության համալիր միջոցառումների (հետազոտում, ախտորոշում, բուժում) իրականացում սոցիալապես անապահով ու հատուկ խմբերում ընդգրկվածներին",,211583025.2,248742700.1,115307515.8,151751211.7,144998249.7,0.583,0.955,16529684.4,16929684.4,9368878.4,11801858.4,10309212.0,0.609,0.8740000000000001,76800.0,86800.0,63818.2,86798.2,86244.3,0.9940000000000001,0.9940000000000001
ՀՀ առողջապահության նախարարություն,1207,1207,Սոցիալապես անապահով և առանձին խմբերի անձանց բժշկական օգնություն,"Սոցիալապես անապահով և հատուկ խմբերում ընդգրկված անձանց բժշկական օգնության հասանելիության և մատչելիության մակարդակի բարձրացում, հիվանդանոցային որակյալ բժշկական օգնության ապահովում","Սոցիալապես անապահով և հատուկ խմբերում ընդգրկված անձանց բժշկական օգնության հասանելիության և մատչելիության բարձրացում, ծառայությունների մատուցման հասցեականության բարելավում",11003,"Զինծառայողներին, ինչպես նաև փրկարար ծառայողներին և նրանց ընտանիքի անդամներին բժշկական օգնության ծառայություններ","Զինծառայողներին, նրանց հավասարեցված անձանց, ինչպես նաև փրկարար ծառայողներին և նրանց ընտանիքի անդամներին բժշկական օգնության իրականացում (հետազոտում, ախտորոշում, բուժում)",,211583025.2,248742700.1,115307515.8,151751211.7,144998249.7,0.583,0.955,16529684.4,16929684.4,9368878.4,11801858.4,10309212.0,0.609,0.8740000000000001,3000000.0,3000000.0,1653272.7,2393572.7,2391352.4,0.797,0.9990000000000001
ՀՀ առողջապահության նախարարություն,1207,1207,Սոցիալապես անապահով և առանձին խմբերի անձանց բժշկական օգնություն,"Սոցիալապես անապահով և հատուկ խմբերում ընդգրկված անձանց բժշկական օգնության հասանելիության և մատչելիության մակարդակի բարձրացում, հիվանդանոցային որակյալ բժշկական օգնության ապահովում","Սոցիալապես անապահով և հատուկ խմբերում ընդգրկված անձանց բժշկական օգնության հասանելիության և մատչելիության բարձրացում, ծառայությունների մատուցման հասցեականության բարելավում",11004,Պետական հիմնարկների և կազմակերպությունների աշխատողների բժշկական օգնության և սպասարկման ծառայություններ,Պետական հիմնարկների և կազմակերպությունների աշխատողների բժշկական օգնության և սպասարկման ծառայություններ,,211583025.2,248742700.1,115307515.8,151751211.7,144998249.7,0.583,0.955,16529684.4,16929684.4,9368878.4,11801858.4,10309212.0,0.609,0.8740000000000001,2000000.0,1911000.0,840000.0,840000.0,358934.0,0.188,0.42700000000000005
ՀՀ առողջապահության նախարարություն,1207,1207,Սոցիալապես անապահով և առանձին խմբերի անձանց բժշկական օգնություն,"Սոցիալապես անապահով և հատուկ խմբերում ընդգրկված անձանց բժշկական օգնության հասանելիության և մատչելիության մակարդակի բարձրացում, հիվանդանոցային որակյալ բժշկական օգնության ապահովում","Սոցիալապես անապահով և հատուկ խմբերում ընդգրկված անձանց բժշկական օգնության հասանելիության և մատչելիության բարձրացում, ծառայությունների մատուցման հասցեականության բարելավում",11005,Թրաֆիքինգի զոհերին բժշկական օգնության ծառայություններ,"Թրաֆիքինգի զոհ դարձած անձանց բժշկական օգնության և փորձաքննությունների իրականացում (հետազոտում, ախտորոշում, բուժում)",Ծառայությունների մատուցում,211583025.2,248742700.1,115307515.8,151751211.7,144998249.7,0.583,0.955,16529684.4,16929684.4,9368878.4,11801858.4,10309212.0,0.609,0.8740000000000001,2000.0,2000.0,830.0,830.0,0.0,0.0,0.0
ՀՀ առողջապահության նախարարություն,1207,1207,Սոցիալապես անապահով և առանձին խմբերի անձանց բժշկական օգնություն,"Սոցիալապես անապահով և հատուկ խմբերում ընդգրկված անձանց բժշկական օգնության հասանելիության և մատչելիության մակարդակի բարձրացում, հիվանդանոցային որակյալ բժշկական օգնության ապահովում","Սոցիալապես անապահով և հատուկ խմբերում ընդգրկված անձանց բժշկական օգնության հասանելիության և մատչելիության բարձրացում, ծառայությունների մատուցման հասցեականության բարելավում",11007,Փոխպատվաստման ծառայություններ,Մարդու օրգանների և ոսկրածուծի փոխպատվաստման ծառայությունների իրականացում,,211583025.2,248742700.1,115307515.8,151751211.7,144998249.7,0.583,0.955,16529684.4,16929684.4,9368878.4,11801858.4,10309212.0,0.609,0.8740000000000001,57500.0,536500.0,55045.5,534045.5,531644.0,0.991,0.996
ՀՀ առողջապահության նախարարություն,1207,1207,Սոցիալապես անապահով և առանձին խմբերի անձանց բժշկական օգնություն,"Սոցիալապես անապահով և հատուկ խմբերում ընդգրկված անձանց բժշկական օգնության հասանելիության և մատչելիության մակարդակի բարձրացում, հիվանդանոցային որակյալ բժշկական օգնության ապահովում","Սոցիալապես անապահով և հատուկ խմբերում ընդգրկված անձանց բժշկական օգնության հասանելիության և մատչելիության բարձրացում, ծառայությունների մատուցման հասցեականության բարելավում",11017,Քրեակատարողական հիմնարկում պահվող կալանավորված անձանց և դատապարտյալներին պատշաճ բժշկական օգնություն և սպասարկամն ծառայություններ,Քրեակատարողական հիմնարկում պահվող կալանավորված անձանց և դատապարտյալների առողջության պահպանում և վերականգնում,Ծառայությունների մատուցում,211583025.2,248742700.1,115307515.8,151751211.7,144998249.7,0.583,0.955,16529684.4,16929684.4,9368878.4,11801858.4,10309212.0,0.609,0.8740000000000001,856219.8,856219.8,428109.9,428109.9,428109.9,0.5,1.0
ՀՀ առողջապահության նախարարություն,1208,1208,Վարակիչ հիվանդությունների կանխարգելման ծրագիր,"Վարակիչ և բնակչության համար մեծ ռիսկ ներկայացնող հիվանդությունների (մալարիա, տուբերկուլյոզ, ՄԻԱՎ/ՁԻԱՀ և այլն) վաղ հայտնաբերում, արդյունվետ հակազդում և բժշկական օգնության ապահովում:","Վարակի փոխանցման, վարակիչ հիվանդություններով պայմանավորված հիվանդացության և մահացության նվազեցում",11002,Տուբերկուլյոզի բժշկական օգնության ծառայություններ,"Տուբերկուլյոզի վաղ հայտնաբերմանն ուղղված ախտորոշիչ և այլ հետազոտություններ, հիվանդների բուժում",Ծառայությունների մատուցում,211583025.2,248742700.1,115307515.8,151751211.7,144998249.7,0.583,0.955,1330346.4,1330346.4,733064.7,733064.7,697295.0,0.524,0.951,594194.1,594194.1,311177.3,311177.3,276151.2,0.465,0.887
ՀՀ առողջապահության նախարարություն,1208,1208,Վարակիչ հիվանդությունների կանխարգելման ծրագիր,"Վարակիչ և բնակչության համար մեծ ռիսկ ներկայացնող հիվանդությունների (մալարիա, տուբերկուլյոզ, ՄԻԱՎ/ՁԻԱՀ և այլն) վաղ հայտնաբերում, արդյունվետ հակազդում և բժշկական օգնության ապահովում:","Վարակի փոխանցման, վարակիչ հիվանդություններով պայմանավորված հիվանդացության և մահացության նվազեցում",11003,Աղիքային և այլ ինֆեկցիոն հիվանդությունների բժշկական օգնության ծառայություններ այդ թվում  ՄԻԱՎ/ՁԻԱՀ-ի կանխարգելման և բուժօգնության ծառայություններ,"Աղիքային և այլ ինֆեկցիոն հիվանդությունների վաղ հայտնաբերմանն ուղղված ախտորոշիչ հետազոտություններ, հիվանդների բուժում, ՄԻԱՎ/ՁԻԱՀ հիվանդության կանխարգելում,ախտորոշում, բուժում և հիվանդների դիսպանսերային հսկողություն, քարոզչություն",Ծառայությունների մատուցում,211583025.2,248742700.1,115307515.8,151751211.7,144998249.7,0.583,0.955,1330346.4,1330346.4,733064.7,733064.7,697295.0,0.524,0.951,736152.3,736152.3,421887.4,421887.4,421143.8,0.5720000000000001,0.998
ՀՀ արդարադատության նախարարություն,1052,1052,Քաղաքացիական կացության ակտերի գրանցում,Քաղաքացիական կացության ակտերի գրանցում,"Քաղաքացիական կացության ակտերի գրանցման համակարգի զարգացում, գործընթացի արդյունավետության բարելավում",11001,Քաղաքացիական կացության ակտերի գրանցման ծառայությունների տրամադրում,"Քաղաքացիական կացության ակտերի գրանցման, տեղեկանքների տրամադրման, ակտային գրանցումների վերականգնման, ակտային գրանցումներում ուղղումների, փոփոխությունների կատարման համար համայնքի ղեկավարին պատվիրակված լիազորությունների իրականացման ապահովում",,25215782.8,26180028.1,12147047.2,12946348.9,10876217.1,0.415,0.84,156433.2,156433.2,70394.9,70394.9,30886.2,0.19699999999999998,0.439,156433.2,156433.2,70394.9,70394.9,30886.2,0.19699999999999998,0.439
ՀՀ արդարադատության նախարարություն,1057,1057,"Արդարադատության ոլորտում քաղաքականության  մշակում, ծրագրերի համակարգում, խորհրդատվության և մոնիտորինգի իրականացում","Արդարադատության ոլորտում քաղաքականության, խորհրդատվության, մոնիտորինգի, գնման և աջակցության իրականացում",Արդարադատության քաղաքականության իրագործմանն ուղղված ծրագրերի արդյունավետության բարելավում,11001,"Արդարադատության ոլորտում քաղաքականության, խորհրդատվության, մոնիտորինգի, գնման և աջակցության իրականացում","Ոլորտի քաղաքականության, խորհրդատվության, մոնիտորինգի, արդարադատության ծրագրերի համակարգման ծառայություններ",Ծառայությունների մատուցում,25215782.8,26180028.1,12147047.2,12946348.9,10876217.1,0.415,0.84,2569426.5,3289083.3,1116991.3,1576936.4,1312239.6,0.39899999999999997,0.8320000000000001,2113455.6,2475536.2,912839.2,1015208.1,877261.0,0.354,0.8640000000000001
ՀՀ արդարադատության նախարարություն,1057,1057,"Արդարադատության ոլորտում քաղաքականության  մշակում, ծրագրերի համակարգում, խորհրդատվության և մոնիտորինգի իրականացում","Արդարադատության ոլորտում քաղաքականության, խորհրդատվության, մոնիտորինգի, գնման և աջակցության իրականացում",Արդարադատության քաղաքականության իրագործմանն ուղղված ծրագրերի արդյունավետության բարելավում,11003,Անձնական տվյալների պաշտպանության իրականացում,Անձնական տվյալների պաշտպանության հետ կապված հարաբերությունների սուբյեկտների իրավունքների պաշտպանության ապահովում,,25215782.8,26180028.1,12147047.2,12946348.9,10876217.1,0.415,0.84,2569426.5,3289083.3,1116991.3,1576936.4,1312239.6,0.39899999999999997,0.8320000000000001,41534.0,41534.0,17655.1,17655.1,13279.5,0.32,0.752
ՀՀ արդարադատության նախարարություն,1057,1057,"Արդարադատության ոլորտում քաղաքականության  մշակում, ծրագրերի համակարգում, խորհրդատվության և մոնիտորինգի իրականացում","Արդարադատության ոլորտում քաղաքականության, խորհրդատվության, մոնիտորինգի, գնման և աջակցության իրականացում",Արդարադատության քաղաքականության իրագործմանն ուղղված ծրագրերի արդյունավետության բարելավում,11004,"ՀՀ պետական կառավարման մարմինների կողմից  դիմումներ, հայցադիմումներ, դատարանի վճիռների  և որոշումների դեմ վերաքննիչ և վճռաբեկ բողոքներ ներկայացնելիս` «Պետական տուրքի մասին» ՀՀ օրենքով սահմանված վճարումներ","ՀՀ պետական կառավարման մարմինների կողմից  դիմումներ, հայցադիմումներ, դատարանի վճիռների  և որոշումների դեմ վերաքննիչ և վճռաբեկ բողոքներ ներկայացնելիս` «Պետական տուրքի մասին» ՀՀ օրենքով սահմանված վճարումներ",Ծառայությունների մատուցում,25215782.8,26180028.1,12147047.2,12946348.9,10876217.1,0.415,0.84,2569426.5,3289083.3,1116991.3,1576936.4,1312239.6,0.39899999999999997,0.8320000000000001,0.0,355.4,0.0,355.4,355.4,1.0,1.0
ՀՀ արդարադատության նախարարություն,1057,1057,"Արդարադատության ոլորտում քաղաքականության  մշակում, ծրագրերի համակարգում, խորհրդատվության և մոնիտորինգի իրականացում","Արդարադատության ոլորտում քաղաքականության, խորհրդատվության, մոնիտորինգի, գնման և աջակցության իրականացում",Արդարադատության քաղաքականության իրագործմանն ուղղված ծրագրերի արդյունավետության բարելավում,11010,Աջակցություն օրենսդրության զարգացման և իրավական հետազոտությունների կենտրոնի գործունեությանը,Օրենսդրության զարգացման և իրավական հետազոտությունների կենտրոնի գործնեության ապահովում,,25215782.8,26180028.1,12147047.2,12946348.9,10876217.1,0.415,0.84,2569426.5,3289083.3,1116991.3,1576936.4,1312239.6,0.39899999999999997,0.8320000000000001,264436.9,271986.9,118997.0,126547.0,126547.0,0.465,1.0
ՀՀ արդարադատության նախարարություն,1057,1057,"Արդարադատության ոլորտում քաղաքականության  մշակում, ծրագրերի համակարգում, խորհրդատվության և մոնիտորինգի իրականացում","Արդարադատության ոլորտում քաղաքականության, խորհրդատվության, մոնիտորինգի, գնման և աջակցության իրականացում",Արդարադատության քաղաքականության իրագործմանն ուղղված ծրագրերի արդյունավետության բարելավում,11011,Պետական կառավարման  մարմինների կատարողականի գնահատում և խրախուսում,"Պետական մարմնի գործունեության առաջնահերթությունների սահմանում, կատարողականի գնահատման հիման վրա՛ խրախուսման միջոցով արդյունավետության բարձրացում",Ծառայությունների մատուցում,25215782.8,26180028.1,12147047.2,12946348.9,10876217.1,0.415,0.84,2569426.5,3289083.3,1116991.3,1576936.4,1312239.6,0.39899999999999997,0.8320000000000001,0.0,297788.8,0.0,297788.8,294796.7,0.99,0.99
ՀՀ արդարադատության նախարարություն,1057,1057,"Արդարադատության ոլորտում քաղաքականության  մշակում, ծրագրերի համակարգում, խորհրդատվության և մոնիտորինգի իրականացում","Արդարադատության ոլորտում քաղաքականության, խորհրդատվության, մոնիտորինգի, գնման և աջակցության իրականացում",Արդարադատության քաղաքականության իրագործմանն ուղղված ծրագրերի արդյունավետության բարելավում,31001,ՀՀ արդարադատության նախարարության կարողությունների զարգացում և տեխնիկական հագեցվածության ապահովում,ՀՀ արդարադատության նախարարության աշխատանքային պայմանների բարելավման համար վարչական սարքավորումների ձեռք բերում,,25215782.8,26180028.1,12147047.2,12946348.9,10876217.1,0.415,0.84,2569426.5,3289083.3,1116991.3,1576936.4,1312239.6,0.39899999999999997,0.8320000000000001,0.0,51882.0,0.0,51882.0,0.0,0.0,0.0
ՀՀ արդարադատության նախարարություն,1057,1057,"Արդարադատության ոլորտում քաղաքականության  մշակում, ծրագրերի համակարգում, խորհրդատվության և մոնիտորինգի իրականացում","Արդարադատության ոլորտում քաղաքականության, խորհրդատվության, մոնիտորինգի, գնման և աջակցության իրականացում",Արդարադատության քաղաքականության իրագործմանն ուղղված ծրագրերի արդյունավետության բարելավում,31002,Արդարադատության նախարարության շենքային պայմաններիբարելավում,"Արդարադատության նախարարության շենքերի նորոգում, հիմնանորոգում, կառուցում և նախագծանախահաշվայինփաստաթղթերի ձեռքբերում",,25215782.8,26180028.1,12147047.2,12946348.9,10876217.1,0.415,0.84,2569426.5,3289083.3,1116991.3,1576936.4,1312239.6,0.39899999999999997,0.8320000000000001,150000.0,150000.0,67500.0,67500.0,0.0,0.0,0.0
ՀՀ արդարադատության նախարարություն,1093,1093,Դատական և հանրային պաշտպանություն,Իրավունքի պաշտպանության հասանելիության և օբյեկտիվության ապահովում,Հանրային պաշտպանի ծառայությունների հասցեականության և  դատական գործընթացներին աջակցության ապահովում,11001,Հանրային պաշտպանության ծառայություններ,Օրենսդրությամբ սահմանված դեպքերում քաղաքացիներին անվճար իրավաբանական ծառայությունների տրամադրում,,25215782.8,26180028.1,12147047.2,12946348.9,10876217.1,0.415,0.84,1592622.4,1610124.2,785094.0,820595.8,775171.8,0.48100000000000004,0.945,761392.3,761392.3,380696.0,380696.0,380696.0,0.5,1.0
ՀՀ արդարադատության նախարարություն,1093,1093,Դատական և հանրային պաշտպանություն,Իրավունքի պաշտպանության հասանելիության և օբյեկտիվության ապահովում,Հանրային պաշտպանի ծառայությունների հասցեականության և  դատական գործընթացներին աջակցության ապահովում,11002,Սնանկության գործերով կառավարչական ծառայությունների ձեռքբերում,Օրենսդրությամբ (օրենքներով և կառավարության որոշումներով) նախատեսված օժանդակություն և փոխհատուցումներ,,25215782.8,26180028.1,12147047.2,12946348.9,10876217.1,0.415,0.84,1592622.4,1610124.2,785094.0,820595.8,775171.8,0.48100000000000004,0.945,85000.0,85000.0,38250.0,56250.0,56250.0,0.662,1.0
ՀՀ արդարադատության նախարարություն,1093,1093,Դատական և հանրային պաշտպանություն,Իրավունքի պաշտպանության հասանելիության և օբյեկտիվության ապահովում,Հանրային պաշտպանի ծառայությունների հասցեականության և  դատական գործընթացներին աջակցության ապահովում,11003,Փորձաքննությունների ծառայությունների տրամադրում,"Քրեական հետապնդում, վարչական վարույթ իրականացնող մարմինների կամ քրեական գործերով դատարանների որոշումների հիման վրա փորձագիտական հետազոտությունների իրականացում և դրա արդյունքում փորձագետի եզրակացությունների տրամադրում:",Ծառայությունների մատուցում,25215782.8,26180028.1,12147047.2,12946348.9,10876217.1,0.415,0.84,1592622.4,1610124.2,785094.0,820595.8,775171.8,0.48100000000000004,0.945,606230.1,606230.1,303148.0,303148.0,257724.0,0.425,0.85
ՀՀ արդարադատության նախարարություն,1093,1093,Դատական և հանրային պաշտպանություն,Իրավունքի պաշտպանության հասանելիության և օբյեկտիվության ապահովում,Հանրային պաշտպանի ծառայությունների հասցեականության և  դատական գործընթացներին աջակցության ապահովում,11008,Աջակցություն « Արբիտրաժի և հաշտարարության հայաստանյան կենտրոն»  հիմնադրամի գործունեությանը,«Արբիտրաժի և հաշտարարության հայաստանյան կենտրոն» հիմնադրամի գործունեության ապահովում,,25215782.8,26180028.1,12147047.2,12946348.9,10876217.1,0.415,0.84,1592622.4,1610124.2,785094.0,820595.8,775171.8,0.48100000000000004,0.945,140000.0,157501.8,63000.0,80501.8,80501.8,0.511,1.0
ՀՀ արդարադատության նախարարություն,1120,1120,Քրեակատարողական ծառայություններ,Դատապարտյալների պատժի կատարման և ուղղման համար անհրաժեշտ պայմանների ապահովում,Դատապարտյալների զբաղվածության և իրավունքների պաշտպանություն,11001,Քրեակատարողական ծառայություններ,"Դատապարտյալների և կալանավորված անձանց վերահսկողություն, կալանավայրերում դատապարտյալների և կալանավորված անձանց պահման պայմանների ապահովում, դատապարտյալների սոցիալ- հոգեբանական վերականգնում, ուսուցում, վերասոցիալականացում",,25215782.8,26180028.1,12147047.2,12946348.9,10876217.1,0.415,0.84,16032143.2,16258305.4,7809160.2,8112090.5,6529961.5,0.402,0.805,13353053.8,13217611.4,5984768.2,5926093.9,5251786.2,0.397,0.8859999999999999
ՀՀ արդարադատության նախարարություն,1120,1120,Քրեակատարողական ծառայություններ,Դատապարտյալների պատժի կատարման և ուղղման համար անհրաժեշտ պայմանների ապահովում,Դատապարտյալների զբաղվածության և իրավունքների պաշտպանություն,11002,Պրոբացիայի ծառայություններ,"Քրեական արդարադատության իրականացման աջակցություն, հասարակության անվտանգության ապահովումը՛ կրկնահանցագործության կանխարգելման և կրճատման միջոցով, պատժի ենթարկված անձի վերասոցիալականացում",,25215782.8,26180028.1,12147047.2,12946348.9,10876217.1,0.415,0.84,16032143.2,16258305.4,7809160.2,8112090.5,6529961.5,0.402,0.805,1359959.7,1409865.1,606582.5,656487.9,384678.4,0.273,0.586
ՀՀ արդարադատության նախարարություն,1120,1120,Քրեակատարողական ծառայություններ,Դատապարտյալների պատժի կատարման և ուղղման համար անհրաժեշտ պայմանների ապահովում,Դատապարտյալների զբաղվածության և իրավունքների պաշտպանություն,11005,Իրավախախտում կատարած անձանց գեղագիտական դաստիարակության և կրթական ծրագրերի իրականացում,Քրեակատարողական հիմնարկներում գտնվող իրավախախտում կատարած անձանց գեղագիտական դաստիարակության և կրթության ծրագրերի իրականացում,Ծառայությունների մատուցում,25215782.8,26180028.1,12147047.2,12946348.9,10876217.1,0.415,0.84,16032143.2,16258305.4,7809160.2,8112090.5,6529961.5,0.402,0.805,195140.2,195140.2,97570.0,97570.0,97570.0,0.5,1.0
ՀՀ արդարադատության նախարարություն,1120,1120,Քրեակատարողական ծառայություններ,Դատապարտյալների պատժի կատարման և ուղղման համար անհրաժեշտ պայմանների ապահովում,Դատապարտյալների զբաղվածության և իրավունքների պաշտպանություն,31001,ՀՀ արդարադատության նախարարության պրոբացիայի ծառայության կարողությունների զարգացում և տեխնիկական հագեցվածության ապահովում,ՀՀ արդարադատության նախարարության  պրոբացիայի ծառայության համար վարչական և այլ  սարքավորումների ձեռք բերում,Պետական մարմինների կողմից օգտագործվող ոչ ֆինանսական ակտիվների հետ գործառնություններ,25215782.8,26180028.1,12147047.2,12946348.9,10876217.1,0.415,0.84,16032143.2,16258305.4,7809160.2,8112090.5,6529961.5,0.402,0.805,274789.5,554764.7,271039.5,551014.7,261506.9,0.47100000000000003,0.475
ՀՀ արդարադատության նախարարություն,1120,1120,Քրեակատարողական ծառայություններ,Դատապարտյալների պատժի կատարման և ուղղման համար անհրաժեշտ պայմանների ապահովում,Դատապարտյալների զբաղվածության և իրավունքների պաշտպանություն,31002,ՀՀ արդարադատության նախարարության քրեակատարողական  ծառայության կարողությունների զարգացում և տեխնիկական հագեցվածության ապահովում,ՀՀ արդարադատության նախարարության  քրեակատարողական ծառայության  աշխատանքային պայմանների բարելավման համար վարչական սարքավորումների ձեռք բերում,Պետական մարմինների կողմից օգտագործվող ոչ ֆինանսական ակտիվների հետ գործառնություններ,25215782.8,26180028.1,12147047.2,12946348.9,10876217.1,0.415,0.84,16032143.2,16258305.4,7809160.2,8112090.5,6529961.5,0.402,0.805,59000.0,86120.0,59000.0,86120.0,27120.0,0.315,0.315
ՀՀ արդարադատության նախարարություն,1120,1120,Քրեակատարողական ծառայություններ,Դատապարտյալների պատժի կատարման և ուղղման համար անհրաժեշտ պայմանների ապահովում,Դատապարտյալների զբաղվածության և իրավունքների պաշտպանություն,31003,Քրեակատարողական հիմմնարկների շենքային պայմանների բարելավում,"Քրեակատարողական հիմնարկների շենքերի նորոգում, հիմնանորոգում, կառուցում և  նախագծանախահաշվային  փաստաթղթերի  ձեռքբերում",Ծառայությունների մատուցում,25215782.8,26180028.1,12147047.2,12946348.9,10876217.1,0.415,0.84,16032143.2,16258305.4,7809160.2,8112090.5,6529961.5,0.402,0.805,0.0,4604.0,0.0,4604.0,2450.0,0.532,0.532
ՀՀ արդարադատության նախարարություն,1120,1120,Քրեակատարողական ծառայություններ,Դատապարտյալների պատժի կատարման և ուղղման համար անհրաժեշտ պայմանների ապահովում,Դատապարտյալների զբաղվածության և իրավունքների պաշտպանություն,31006,Քրեակատարողական ծառայության տրանսպորտայինմիջոցներով ապահովվածության բարելավում,Քրեակատարողական ծառայության կարիքների համարավտոմեքենաների ձեռքբերում,Պետական մարմինների կողմից օգտագործվող ոչ ֆինանսական ակտիվների հետ գործառնություններ,25215782.8,26180028.1,12147047.2,12946348.9,10876217.1,0.415,0.84,16032143.2,16258305.4,7809160.2,8112090.5,6529961.5,0.402,0.805,790200.0,790200.0,790200.0,790200.0,504850.0,0.639,0.639
ՀՀ արդարադատության նախարարություն,1123,1123,Իրավական իրազեկում և տեղեկատվության ապահովում,Հանրության իրազեկվածության ապահովում,Իրավական տեղեկատվության մատչելիության և հանրության իրազեկվածության մակարդակի աճ,11001,"Հրատարակչական, տեղեկատվական և տպագրական ծառայություններ","ՀՀ-ում ընդունված և ստորագրված իրավական ակտերի պաշտոնական հրատարակման, պետական վկայականների և ձևաթղթերի տպագրման ծառայություններ",Ծառայությունների մատուցում,25215782.8,26180028.1,12147047.2,12946348.9,10876217.1,0.415,0.84,1242412.8,1242412.8,626151.7,626151.7,595018.1,0.479,0.95,368578.4,368578.4,184289.0,184289.0,153155.4,0.41600000000000004,0.831
ՀՀ արդարադատության նախարարություն,1123,1123,Իրավական իրազեկում և տեղեկատվության ապահովում,Հանրության իրազեկվածության ապահովում,Իրավական տեղեկատվության մատչելիության և հանրության իրազեկվածության մակարդակի աճ,11002,Թարգմանչական ծառայություններ,"ՀՀ, ԵՏՄ, ԵՄ իրավական ակտերի, միջազգային պայմանագրերի, միջազգային համագործակցությանն առնչվող փաստաթղթերի, դատական ակտերի, ՄԻԵԴ վճիռների և հարակից փաստաթղթերի, պաշտոնական թարգմանությունների կատարում ու ժամանակին ներկայացում շահառու մարմիններին",Ծառայությունների մատուցում,25215782.8,26180028.1,12147047.2,12946348.9,10876217.1,0.415,0.84,1242412.8,1242412.8,626151.7,626151.7,595018.1,0.479,0.95,250339.0,250339.0,125115.0,125115.0,125115.0,0.5,1.0
ՀՀ արդարադատության նախարարություն,1123,1123,Իրավական իրազեկում և տեղեկատվության ապահովում,Հանրության իրազեկվածության ապահովում,Իրավական տեղեկատվության մատչելիության և հանրության իրազեկվածության մակարդակի աճ,11003,Արխիվային ծառայություններ,"ՀՀ արխիվային հավաքածուի պահպանություն, համալրում, հաշվառում, հանրության կողմից արխիվային նյութերի օգտագործման ապահովում",Ծառայությունների մատուցում,25215782.8,26180028.1,12147047.2,12946348.9,10876217.1,0.415,0.84,1242412.8,1242412.8,626151.7,626151.7,595018.1,0.479,0.95,623495.4,623495.4,316747.7,316747.7,316747.7,0.508,1.0
ՀՀ արդարադատության նախարարություն,1149,1149,Արդարադատության համակարգի աշխատակիցների վերապատրաստում և հատուկ ուսուցում,Արդարադատության համակարգի աշխատակիցների աշխատանքի  արդյունավետության բարելավում,Արդարադատության համակարգի աշխատակիցների մասնագիտական գիտելիքների և կարողությունների բարելավում,11001,Հատուկ ծառայողների վերապատրաստում և հատուկ ուսուցում,Հատուկ ծառայողների վերապատրաստում և հատուկ ուսուցման կազմակերպում,Ծառայությունների մատուցում,25215782.8,26180028.1,12147047.2,12946348.9,10876217.1,0.415,0.84,427227.6,427227.6,213614.0,213614.0,213613.8,0.5,1.0,187752.0,187752.0,93876.0,93876.0,93876.0,0.5,1.0
ՀՀ արդարադատության նախարարություն,1149,1149,Արդարադատության համակարգի աշխատակիցների վերապատրաստում և հատուկ ուսուցում,Արդարադատության համակարգի աշխատակիցների աշխատանքի  արդյունավետության բարելավում,Արդարադատության համակարգի աշխատակիցների մասնագիտական գիտելիքների և կարողությունների բարելավում,11002,"Դատավորների, դատախազների, դատավորների ու դատախազների  թեկնածուների ցուցակում գտնվող անձանց, դատական ծառայողների, դատախազության աշխատակազմում ծառայողների, դատական կարգադրիչների վերապատրաստման և հատուկ ուսուցման ծառայություններ","Դատավորների, դատախազների, դատավորների ու դատախազների թեկնածուների ցուցակում գտնվող անձանց, դատական ծառայողների, դատախազության աշխատակազմում ծառայողների և դատական կարգադրիչների վերապատրաստման և հատուկ ուսուցման կազմակերպում",Ծառայությունների մատուցում,25215782.8,26180028.1,12147047.2,12946348.9,10876217.1,0.415,0.84,427227.6,427227.6,213614.0,213614.0,213613.8,0.5,1.0,239475.6,239475.6,119738.0,119738.0,119737.8,0.5,1.0
ՀՀ արդարադատության նախարարություն,1182,1182,Հարկադիր կատարման ծառայություններ,Հարկադիր կատարման ենթակա ակտերի կատարման ապահովում,Հարկադիր կատարման ենթակա ակտերի կատարողական ընթացակարգերի զարգացում և  կատարման ապահովում,11001,Հարկադիր կատարման ենթակա ակտերի կատարումն ապահովող ծառայություններ,"Դատական ակտերի, կատարողական թերթերի, կատարողական մակագրության թերթերի և անբողոքարկելի վարչական ակտերի պահանջների կատարման ապահովում:",Ծառայությունների մատուցում,25215782.8,26180028.1,12147047.2,12946348.9,10876217.1,0.415,0.84,3195517.1,3196441.6,1525641.1,1526565.6,1419326.1,0.444,0.93,3195517.1,3195517.1,1525641.1,1525641.1,1418401.6,0.444,0.93
ՀՀ արդարադատության նախարարություն,1182,1182,Հարկադիր կատարման ծառայություններ,Հարկադիր կատարման ենթակա ակտերի կատարման ապահովում,Հարկադիր կատարման ենթակա ակտերի կատարողական ընթացակարգերի զարգացում և  կատարման ապահովում,11002,"ՀՀ պետական կառավարման մարմինների կողմից  դիմումներ, հայցադիմումներ, դատարանի վճիռների  և որոշումների դեմ վերաքննիչ և վճռաբեկ բողոքներ ներկայացնելիս` «Պետական տուրքի մասին» ՀՀ օրենքով սահմանված վճարումներ","ՀՀ պետական կառավարման մարմինների կողմից  դիմումներ, հայցադիմումներ, դատարանի վճիռների  և որոշումների դեմ վերաքննիչ և վճռաբեկ բողոքներ ներկայացնելիս` «Պետական տուրքի մասին» ՀՀ օրենքով սահմանված վճարումներ",Հանրության կողմից անմիջականորեն օգտագործվող ակտիվների հետ կապված միջոցառումներ,25215782.8,26180028.1,12147047.2,12946348.9,10876217.1,0.415,0.84,3195517.1,3196441.6,1525641.1,1526565.6,1419326.1,0.444,0.93,0.0,502.0,0.0,502.0,502.0,1.0,1.0
ՀՀ արդարադատության նախարարություն,1182,1182,Հարկադիր կատարման ծառայություններ,Հարկադիր կատարման ենթակա ակտերի կատարման ապահովում,Հարկադիր կատարման ենթակա ակտերի կատարողական ընթացակարգերի զարգացում և  կատարման ապահովում,11004,Պետական մարմիններից բռնագանձման ենթակա գումարների վճարում «Դատական ակտերի հարկադիր կատարման մասին»  օրենքով սահմանված դեպքերում,Պետական մարմիններից բռնագանձման ենթակա գումարների վճարում «Դատական ակտերի հարկադիր կատարման մասին»  օրենքով սահմանված դեպքերում,Ծառայությունների մատուցում,25215782.8,26180028.1,12147047.2,12946348.9,10876217.1,0.415,0.84,3195517.1,3196441.6,1525641.1,1526565.6,1419326.1,0.444,0.93,0.0,422.5,0.0,422.5,422.5,1.0,1.0
ՀՀ էկոնոմիկայի նախարարություն,1022,1022,Գյուղատնտեսության խթանման ծրագիր,Գյուղատնտեսական մթերքի և դրանց վերամշակումից ստացվող սննդամթերքի ծավալների ավելացում,Գյուղատնտեսական մթերքների ծավալների ավելացում: Օգտագործվող վարելահողերի ավելացում: Պտուղբանջարեղենի և խաղողի վերամշակումից ստացված արտադրանքի ծավալների աճ,11001,Պետական աջակցություն Հայաստանի Հանրապետության խաղողագործության և գինեգործության ոլորտներում վարվող պետական քաղաքականության ու զարգացման ծրագրերի իրականացմանը,Աջակցություն Հայաստանի Հանրապետության  խաղողագործության և գինեգործության ոլորտներում վարվող պետական քաղաքականության ու զարգացման ծրագրերի իրականացմանը,Ծառայությունների մատուցում,74479639.9,74264039.5,39242650.5,42389556.2,38059353.2,0.512,0.898,10115872.2,9058811.8,4573985.4,4924556.3,4020281.2,0.444,0.816,264000.0,948000.0,164000.0,848000.0,74059.4,0.078,0.087
ՀՀ էկոնոմիկայի նախարարություն,1022,1022,Գյուղատնտեսության խթանման ծրագիր,Գյուղատնտեսական մթերքի և դրանց վերամշակումից ստացվող սննդամթերքի ծավալների ավելացում,Գյուղատնտեսական մթերքների ծավալների ավելացում: Օգտագործվող վարելահողերի ավելացում: Պտուղբանջարեղենի և խաղողի վերամշակումից ստացված արտադրանքի ծավալների աճ,11002,Պետական աջակցություն Հայաստանի Հանրապետության գյուղատնտեսական ծրագրերի իրականացմանը,"Աջակցություն Հայաստանի Հանրապետության  բուսաբուծության խթանման, բույսերի պաշտպանության և անասնաբուժական ծրագրերի իրականացմանը",Ծառայությունների մատուցում,74479639.9,74264039.5,39242650.5,42389556.2,38059353.2,0.512,0.898,10115872.2,9058811.8,4573985.4,4924556.3,4020281.2,0.444,0.816,328983.9,328983.9,148642.8,148642.8,130346.8,0.396,0.877
ՀՀ էկոնոմիկայի նախարարություն,1022,1022,Գյուղատնտեսության խթանման ծրագիր,Գյուղատնտեսական մթերքի և դրանց վերամշակումից ստացվող սննդամթերքի ծավալների ավելացում,Գյուղատնտեսական մթերքների ծավալների ավելացում: Օգտագործվող վարելահողերի ավելացում: Պտուղբանջարեղենի և խաղողի վերամշակումից ստացված արտադրանքի ծավալների աճ,11006,Սպանդանոցների կողմից մատուցվող խոշոր եղջերավոր կենդանիների սպանդի ծառայության վճարի մասնակի փոխհատուցման ծրագրի շրջանակներում ստացված դիմումների ուսումնասիրություն և մոնիթորինգի իրականացմանն աջակցություն,Սպանդանոցների տեղակայման վայրի համայնքների կողմից խոշոր եղջերավոր կենդանիների սպանդի ծառայության վճարի մասնակի փոխհատուցման ծրագրի շրջանակներում ստացված դիմումների ուսումնասիրություն և մոնիթորինգի իրականացում,Ծառայությունների մատուցում,74479639.9,74264039.5,39242650.5,42389556.2,38059353.2,0.512,0.898,10115872.2,9058811.8,4573985.4,4924556.3,4020281.2,0.444,0.816,730.0,1608.0,730.0,1608.0,1042.8,0.649,0.649
ՀՀ էկոնոմիկայի նախարարություն,1022,1022,Գյուղատնտեսության խթանման ծրագիր,Գյուղատնտեսական մթերքի և դրանց վերամշակումից ստացվող սննդամթերքի ծավալների ավելացում,Գյուղատնտեսական մթերքների ծավալների ավելացում: Օգտագործվող վարելահողերի ավելացում: Պտուղբանջարեղենի և խաղողի վերամշակումից ստացված արտադրանքի ծավալների աճ,12001,Գյուղատնտեսական վարկերի տոկոսադրույքների սուբսիդավորում,Գյուղատնտեսության ոլորտում տրամադրվող վարկերի տոկոսադրույքների սուբսիդավորում,Տրանսֆերտների տրամադրում,74479639.9,74264039.5,39242650.5,42389556.2,38059353.2,0.512,0.898,10115872.2,9058811.8,4573985.4,4924556.3,4020281.2,0.444,0.816,700145.1,2367145.1,290000.0,190000.0,190000.0,0.08,1.0
ՀՀ էկոնոմիկայի նախարարություն,1022,1022,Գյուղատնտեսության խթանման ծրագիր,Գյուղատնտեսական մթերքի և դրանց վերամշակումից ստացվող սննդամթերքի ծավալների ավելացում,Գյուղատնտեսական մթերքների ծավալների ավելացում: Օգտագործվող վարելահողերի ավելացում: Պտուղբանջարեղենի և խաղողի վերամշակումից ստացված արտադրանքի ծավալների աճ,12004,Գյուղատնտեսական հումքի մթերումների (գնումների) նպատակով  տրամադրվող վարկերի տոկոսադրույքների սուբսիդավորում,"Պտուղբանջարեղենի, խաղողի, կաթի, շինշիլայի և գյուղատնտեսական կենդանիների մթերումների (գնումների) կազմակերպման նպատակով ընկերություններին մատչելի պայմաններով վարկերի տրամադրում",Տրանսֆերտների տրամադրում,74479639.9,74264039.5,39242650.5,42389556.2,38059353.2,0.512,0.898,10115872.2,9058811.8,4573985.4,4924556.3,4020281.2,0.444,0.816,3080654.0,3080654.0,2023542.6,1890542.6,1890252.1,0.614,1.0
ՀՀ էկոնոմիկայի նախարարություն,1022,1022,Գյուղատնտեսության խթանման ծրագիր,Գյուղատնտեսական մթերքի և դրանց վերամշակումից ստացվող սննդամթերքի ծավալների ավելացում,Գյուղատնտեսական մթերքների ծավալների ավելացում: Օգտագործվող վարելահողերի ավելացում: Պտուղբանջարեղենի և խաղողի վերամշակումից ստացված արտադրանքի ծավալների աճ,12005,Գերմանիայի զարգացման վարկերի բանկի (KFW) հետ համատեղ գյուղատնտեսության ոլորտում ապահովագրական համակարգի ներդրման փորձնական ծրագրի իրականացման համար պետական աջակցություն,Ապահովագրավճարների մասնակի սուբսիդավորում մարզերի կամ մարզերի որոշ տարածաշրջանների գյուղատնտեսությունում տնտեսավարողներին,Տրանսֆերտների տրամադրում,74479639.9,74264039.5,39242650.5,42389556.2,38059353.2,0.512,0.898,10115872.2,9058811.8,4573985.4,4924556.3,4020281.2,0.444,0.816,200000.0,399242.5,0.0,399242.5,352374.4,0.883,0.883
ՀՀ էկոնոմիկայի նախարարություն,1022,1022,Գյուղատնտեսության խթանման ծրագիր,Գյուղատնտեսական մթերքի և դրանց վերամշակումից ստացվող սննդամթերքի ծավալների ավելացում,Գյուղատնտեսական մթերքների ծավալների ավելացում: Օգտագործվող վարելահողերի ավելացում: Պտուղբանջարեղենի և խաղողի վերամշակումից ստացված արտադրանքի ծավալների աճ,12010,Անասնաբուծության ճյուղում իրականացվող ներդրումային ծրագրերին աջակցություն,Անասնաբուծության ճյուղում իրականացվող առնվազն 1 մլրդ դրամի ներդրումներից կապիտալ ներդրումների մասնակի փոխհատուցում,,74479639.9,74264039.5,39242650.5,42389556.2,38059353.2,0.512,0.898,10115872.2,9058811.8,4573985.4,4924556.3,4020281.2,0.444,0.816,5250666.7,1307410.3,1884000.0,1200000.0,1200000.0,0.9179999999999999,1.0
ՀՀ էկոնոմիկայի նախարարություն,1022,1022,Գյուղատնտեսության խթանման ծրագիր,Գյուղատնտեսական մթերքի և դրանց վերամշակումից ստացվող սննդամթերքի ծավալների ավելացում,Գյուղատնտեսական մթերքների ծավալների ավելացում: Օգտագործվող վարելահողերի ավելացում: Պտուղբանջարեղենի և խաղողի վերամշակումից ստացված արտադրանքի ծավալների աճ,12011,Հայաստանի Հանրապետությունում գյուղատնտեսական նշանակության հողերի միավորմանը (կոնսոլիդացիային) աջակցություն,Գյուղատնտեսական նշանակության հողերի առանձին գույքային միավորների ձեռքբերման և միավորման միջոցով առնվազն 5 հա հանրագումարային մակերեսով հողամասերի ստեղծում և ձեռքբերված առանձին գույքային միավոր հանդիսացող հողամասերի կադաստրային արժեքի 30%-ի փոխհատուցում,,74479639.9,74264039.5,39242650.5,42389556.2,38059353.2,0.512,0.898,10115872.2,9058811.8,4573985.4,4924556.3,4020281.2,0.444,0.816,100000.0,100000.0,3800.0,28542.9,0.0,0.0,0.0
ՀՀ էկոնոմիկայի նախարարություն,1022,1022,Գյուղատնտեսության խթանման ծրագիր,Գյուղատնտեսական մթերքի և դրանց վերամշակումից ստացվող սննդամթերքի ծավալների ավելացում,Գյուղատնտեսական մթերքների ծավալների ավելացում: Օգտագործվող վարելահողերի ավելացում: Պտուղբանջարեղենի և խաղողի վերամշակումից ստացված արտադրանքի ծավալների աճ,12013,Հայաստանի Հանրապետությունում  արդյունաբերական խեցգետնաբուծության զարգացման ծրագիր,"Բնական պաշարների խնայողաբար օգտագործման, արտադրական գործընթացների արդյունավետության բարձրացման և շահառուների եկամուտների ավելացման նպատակով ՀՀ-ում խեցգետինների արհեստական բուծման և աճեցման տնտեսությունների հիմնման գործընթացի խթանում պետական աջակցությամբ",,74479639.9,74264039.5,39242650.5,42389556.2,38059353.2,0.512,0.898,10115872.2,9058811.8,4573985.4,4924556.3,4020281.2,0.444,0.816,96422.5,129900.0,0.0,0.0,0.0,0.0,0.0
ՀՀ էկոնոմիկայի նախարարություն,1022,1022,Գյուղատնտեսության խթանման ծրագիր,Գյուղատնտեսական մթերքի և դրանց վերամշակումից ստացվող սննդամթերքի ծավալների ավելացում,Գյուղատնտեսական մթերքների ծավալների ավելացում: Օգտագործվող վարելահողերի ավելացում: Պտուղբանջարեղենի և խաղողի վերամշակումից ստացված արտադրանքի ծավալների աճ,12015,Կոնյակի սպիրտի արտահանման աջակցության ծրագրի շրջանակներում տրամադրվող աջակցություն,Կոնյակի և բրենդիի սպիրտ արտադրողի կողմից 100000 (100 % սպիրտի հաշվարկով) լիտրից հետո այլ խմբաքանակի իրացման իրավունքի ձեռքբերման համար վճարված լրացուցիչ 100 դրամ պետական տուրքի շրջանակում արտահանված կոնյակի սպիրտին համարժեք տուրքի չափով աջակցություն,Տրանսֆերտների տրամադրում,74479639.9,74264039.5,39242650.5,42389556.2,38059353.2,0.512,0.898,10115872.2,9058811.8,4573985.4,4924556.3,4020281.2,0.444,0.816,0.0,100757.5,0.0,100757.5,100757.5,1.0,1.0
ՀՀ էկոնոմիկայի նախարարություն,1022,1022,Գյուղատնտեսության խթանման ծրագիր,Գյուղատնտեսական մթերքի և դրանց վերամշակումից ստացվող սննդամթերքի ծավալների ավելացում,Գյուղատնտեսական մթերքների ծավալների ավելացում: Օգտագործվող վարելահողերի ավելացում: Պտուղբանջարեղենի և խաղողի վերամշակումից ստացված արտադրանքի ծավալների աճ,12017,Սպանդանոցային ծառայություն մատուցող տնտեսավարողներին աջակցության տրամադրում,ԱԱՀ վճարող համարվող սպանդանոցային ծառայություն մատուցող տնտեսավարողներին ֆերմերային տնտեսություններից գնված գյուղատնտեսական կենդանիների սպանդանոցային սպանդից ստացված մսեղիքի իրացման համար հաշվարկված ԱԱՀ-ի 75%-ի չափով աջակցության տրամադրում,Տրանսֆերտների տրամադրում,74479639.9,74264039.5,39242650.5,42389556.2,38059353.2,0.512,0.898,10115872.2,9058811.8,4573985.4,4924556.3,4020281.2,0.444,0.816,70000.0,70000.0,35000.0,68000.0,39658.1,0.5670000000000001,0.583
ՀՀ էկոնոմիկայի նախարարություն,1022,1022,Գյուղատնտեսության խթանման ծրագիր,Գյուղատնտեսական մթերքի և դրանց վերամշակումից ստացվող սննդամթերքի ծավալների ավելացում,Գյուղատնտեսական մթերքների ծավալների ավելացում: Օգտագործվող վարելահողերի ավելացում: Պտուղբանջարեղենի և խաղողի վերամշակումից ստացված արտադրանքի ծավալների աճ,12018,Սպանդանոցների կողմից մատուցվող խոշոր եղջերավոր կենդանիների սպանդի ծառայության վճարի մասնակի փոխհատուցման տրամադրում,Սպանդանոցների կողմից մատուցվող խոշոր եղջերավոր կենդանիների սպանդի ծառայության վճարի մասնակի փոխհատուցում,Տրանսֆերտների տրամադրում,74479639.9,74264039.5,39242650.5,42389556.2,38059353.2,0.512,0.898,10115872.2,9058811.8,4573985.4,4924556.3,4020281.2,0.444,0.816,24270.0,49220.0,24270.0,49220.0,41790.0,0.8490000000000001,0.8490000000000001
ՀՀ էկոնոմիկայի նախարարություն,1022,1022,Գյուղատնտեսության խթանման ծրագիր,Գյուղատնտեսական մթերքի և դրանց վերամշակումից ստացվող սննդամթերքի ծավալների ավելացում,Գյուղատնտեսական մթերքների ծավալների ավելացում: Օգտագործվող վարելահողերի ավելացում: Պտուղբանջարեղենի և խաղողի վերամշակումից ստացված արտադրանքի ծավալների աճ,12021,Խաղող վերամշակող տնտեսավարողներին տրամադրվող վարկերի տոկոսադրույքների սուբսիդավորում,"Խաղող վերամշակող տնտեսավարողներին աշխատակիցներին աշխատավարձի և դրան հավասարեցված վճարումների, պետական կամ համայնքի բյուջե հարկերի և պարտադիր վճարումների նպատակով տրամադրվող վարկերի տոկոսադրույքների սուբսիդավորում",Տրանսֆերտների տրամադրում,74479639.9,74264039.5,39242650.5,42389556.2,38059353.2,0.512,0.898,10115872.2,9058811.8,4573985.4,4924556.3,4020281.2,0.444,0.816,0.0,175890.5,0.0,0.0,0.0,0.0,0.0
ՀՀ էկոնոմիկայի նախարարություն,1058,1058,"Էկոնոմիկայի ոլորտում պետական քաղաքականության մշակում, ծրագրերի համակարգում և մոնիտորինգ",Էկոնոմիկայի  ոլորտում պետական արդյունավետ քաղաքականության մշակման և իրականացման ապահովում,Էկոնոմիկայի  ոլորտում իրականացվող ծրագրերի ազդեցության և արդյունավետության բարելավում,11001,"Էկոնոմիկայի  ոլորտում պետական քաղաքականության մշակում, ծրագրերի համակարգում և մոնիտորինգ","Քաղաքականության մշակման և դրա կատարման համակարգման, պետական ծրագրերի պլանավորման, մշակման, իրականացման և մոնիտորինգի (վերահսկման) ծառայություններ",Ծառայությունների մատուցում,74479639.9,74264039.5,39242650.5,42389556.2,38059353.2,0.512,0.898,2663188.1,2892269.6,1184442.2,1413523.7,1291577.3,0.447,0.914,2293632.4,2293632.4,1001944.3,1105742.2,1011236.9,0.441,0.915
ՀՀ էկոնոմիկայի նախարարություն,1058,1058,"Էկոնոմիկայի ոլորտում պետական քաղաքականության մշակում, ծրագրերի համակարգում և մոնիտորինգ",Էկոնոմիկայի  ոլորտում պետական արդյունավետ քաղաքականության մշակման և իրականացման ապահովում,Էկոնոմիկայի  ոլորտում իրականացվող ծրագրերի ազդեցության և արդյունավետության բարելավում,11002,ԱՀԿ-ում և oտարերկրյա պետություններում ՀՀ առևտրային ներկայացուցիչների նպատակների և խնդիրների իրագործում,"ԱՀԿ-ում ՀՀ տնտեսական շահերի ներկայացում և պաշտպանություն, ՀՀ առևտրատնտեսական քաղաքականության զարգացմանը, արտահանումների խթանմանը և ներդրումների ներգրավմանն ուղղված գործունեություն արտերկրում",Ծառայությունների մատուցում,74479639.9,74264039.5,39242650.5,42389556.2,38059353.2,0.512,0.898,2663188.1,2892269.6,1184442.2,1413523.7,1291577.3,0.447,0.914,342195.7,342195.7,171097.9,67300.0,43957.0,0.128,0.653
ՀՀ էկոնոմիկայի նախարարություն,1058,1058,"Էկոնոմիկայի ոլորտում պետական քաղաքականության մշակում, ծրագրերի համակարգում և մոնիտորինգ",Էկոնոմիկայի  ոլորտում պետական արդյունավետ քաղաքականության մշակման և իրականացման ապահովում,Էկոնոմիկայի  ոլորտում իրականացվող ծրագրերի ազդեցության և արդյունավետության բարելավում,11003,Տնտեսական հետազոտություններ և վերլուծություններ,"Ոլորտային, թեմատիկ հետազոտությունների, վերլուծությունների և գնահատումների իրականացման միջոցով արտահանման խթանման, գործարար և ներդրումային միջավայրի բարելավման հնարավորությունների ու խոչընդոտների բացահայտում",Ծառայությունների մատուցում,74479639.9,74264039.5,39242650.5,42389556.2,38059353.2,0.512,0.898,2663188.1,2892269.6,1184442.2,1413523.7,1291577.3,0.447,0.914,27360.0,27360.0,11400.0,11400.0,10951.7,0.4,0.961
ՀՀ էկոնոմիկայի նախարարություն,1058,1058,"Էկոնոմիկայի ոլորտում պետական քաղաքականության մշակում, ծրագրերի համակարգում և մոնիտորինգ",Էկոնոմիկայի  ոլորտում պետական արդյունավետ քաղաքականության մշակման և իրականացման ապահովում,Էկոնոմիկայի  ոլորտում իրականացվող ծրագրերի ազդեցության և արդյունավետության բարելավում,11005,Արտասահմանյան պատվիրակությունների ընդունելություններ,Արտասահմանյան պատվիրակությունների ընդունելություններ,Ծառայությունների մատուցում,74479639.9,74264039.5,39242650.5,42389556.2,38059353.2,0.512,0.898,2663188.1,2892269.6,1184442.2,1413523.7,1291577.3,0.447,0.914,0.0,1692.7,0.0,1692.7,1692.7,1.0,1.0
ՀՀ էկոնոմիկայի նախարարություն,1058,1058,"Էկոնոմիկայի ոլորտում պետական քաղաքականության մշակում, ծրագրերի համակարգում և մոնիտորինգ",Էկոնոմիկայի  ոլորտում պետական արդյունավետ քաղաքականության մշակման և իրականացման ապահովում,Էկոնոմիկայի  ոլորտում իրականացվող ծրագրերի ազդեցության և արդյունավետության բարելավում,11006,"ՀՀ պետական կառավարման մարմինների կողմից  դիմումներ, հայցադիմումներ, դատարանի վճիռների  և որոշումների դեմ վերաքննիչ և վճռաբեկ բողոքներ ներկայացնելիս` «Պետական տուրքի մասին» ՀՀ օրենքով սահմանված վճարումներ","ՀՀ պետական կառավարման մարմինների կողմից  դիմումներ, հայցադիմումներ, դատարանի վճիռների  և որոշումների դեմ վերաքննիչ և վճռաբեկ բողոքներ ներկայացնելիս` «Պետական տուրքի մասին» ՀՀ օրենքով սահմանված վճարումներ",Ծառայությունների մատուցում,74479639.9,74264039.5,39242650.5,42389556.2,38059353.2,0.512,0.898,2663188.1,2892269.6,1184442.2,1413523.7,1291577.3,0.447,0.914,0.0,2586.5,0.0,2586.5,2586.5,1.0,1.0
ՀՀ էկոնոմիկայի նախարարություն,1058,1058,"Էկոնոմիկայի ոլորտում պետական քաղաքականության մշակում, ծրագրերի համակարգում և մոնիտորինգ",Էկոնոմիկայի  ոլորտում պետական արդյունավետ քաղաքականության մշակման և իրականացման ապահովում,Էկոնոմիկայի  ոլորտում իրականացվող ծրագրերի ազդեցության և արդյունավետության բարելավում,11009,Պետական կառավարման  մարմինների կատարողականի գնահատում և խրախուսում,"Պետական մարմնի գործունեության առաջնահերթությունների սահմանում, կատարողականի գնահատման հիման վրա՛ խրախուսման միջոցով արդյունավետության բարձրացում",Ծառայությունների մատուցում,74479639.9,74264039.5,39242650.5,42389556.2,38059353.2,0.512,0.898,2663188.1,2892269.6,1184442.2,1413523.7,1291577.3,0.447,0.914,0.0,224802.3,0.0,224802.3,221152.5,0.9840000000000001,0.9840000000000001
ՀՀ էկոնոմիկայի նախարարություն,1059,1059,Բուսաբուծության խթանում և բույսերի պաշտպանություն,Հողագործությունից ստացվող արդյունքի բարելավում,Մշակաբույսերի միջին բերքատվության բարձրացում:ՀՀ գյուղատնտեսական նշանակության ողջ հողատարածքի համար կազմված ագրոքիմիական քարտեզներով ապահովվածություն: Հացահատիկի և հատիկաընդեղենի արտադրության ծավալների ավելացում,11001,"Բուսասանիտարիայի  ծառայությունների, հողերի ագրոքիմիական հետազոտության և բերրիության բարձրացման միջոցառումների իրականացում",Հանրապետության գյուղատնտեսական նշանակության հողատեսքերում  բույսերի վնասակար  օրգանիզմների հայտնաբերման և ագրոքիմիական քարտեզների և պարարտացման կիրառման գիտականորեն հիմնավորված երաշխավորագրերի կազմման նպատակով դաշտային հետազոտությունների իրականացում,Ծառայությունների մատուցում,74479639.9,74264039.5,39242650.5,42389556.2,38059353.2,0.512,0.898,1534002.1,2544072.8,331063.7,2461774.4,2443293.4,0.96,0.992,47940.0,47940.0,11527.4,11527.4,11478.6,0.239,0.996
ՀՀ էկոնոմիկայի նախարարություն,1059,1059,Բուսաբուծության խթանում և բույսերի պաշտպանություն,Հողագործությունից ստացվող արդյունքի բարելավում,Մշակաբույսերի միջին բերքատվության բարձրացում:ՀՀ գյուղատնտեսական նշանակության ողջ հողատարածքի համար կազմված ագրոքիմիական քարտեզներով ապահովվածություն: Հացահատիկի և հատիկաընդեղենի արտադրության ծավալների ավելացում,11002,Բույսերի պաշտպանության միջոցառումներ,Մկնանման կրծողների և մորեխների  դեմ կենտրոնացված պայքարի միջոցառումներ,Ծառայությունների մատուցում,74479639.9,74264039.5,39242650.5,42389556.2,38059353.2,0.512,0.898,1534002.1,2544072.8,331063.7,2461774.4,2443293.4,0.96,0.992,29376.3,29376.3,10476.3,10476.3,8476.1,0.289,0.809
ՀՀ էկոնոմիկայի նախարարություն,1059,1059,Բուսաբուծության խթանում և բույսերի պաշտպանություն,Հողագործությունից ստացվող արդյունքի բարելավում,Մշակաբույսերի միջին բերքատվության բարձրացում:ՀՀ գյուղատնտեսական նշանակության ողջ հողատարածքի համար կազմված ագրոքիմիական քարտեզներով ապահովվածություն: Հացահատիկի և հատիկաընդեղենի արտադրության ծավալների ավելացում,11003,Սերմերի որակի ստուգում և պետական սորտափորձարկման միջոցառումներ,"Գյուղատնտեսության մեջ օգտագործվող սերմերի որակի լաբորատոր հետազոտությունների ծառայություններ, սելեկցիոն նվաճումների հայտերի փորձաքննություններ, բույսերի նոր սորտերի փորձարկումներ",Ծառայությունների մատուցում,74479639.9,74264039.5,39242650.5,42389556.2,38059353.2,0.512,0.898,1534002.1,2544072.8,331063.7,2461774.4,2443293.4,0.96,0.992,55885.8,55885.8,28900.0,28900.0,23212.3,0.415,0.8029999999999999
ՀՀ էկոնոմիկայի նախարարություն,1059,1059,Բուսաբուծության խթանում և բույսերի պաշտպանություն,Հողագործությունից ստացվող արդյունքի բարելավում,Մշակաբույսերի միջին բերքատվության բարձրացում:ՀՀ գյուղատնտեսական նշանակության ողջ հողատարածքի համար կազմված ագրոքիմիական քարտեզներով ապահովվածություն: Հացահատիկի և հատիկաընդեղենի արտադրության ծավալների ավելացում,11010,"ՀՀ-ում գարնանացան, աշնանացան և կերային մշակաբույսերի ցանքատարածությունների մոնիթորինգի իրականացմանն աջակցություն","Համայնքների կողմից մշակաբույսերի և բազմամյա խոտաբույսերի մոնիթորինգի իրականացում, արդյունքների ամփոփում և համապատասխան տեղեկատվության ներկայացում",,74479639.9,74264039.5,39242650.5,42389556.2,38059353.2,0.512,0.898,1534002.1,2544072.8,331063.7,2461774.4,2443293.4,0.96,0.992,40800.0,40800.0,8160.0,40800.0,40701.9,0.998,0.998
ՀՀ էկոնոմիկայի նախարարություն,1059,1059,Բուսաբուծության խթանում և բույսերի պաշտպանություն,Հողագործությունից ստացվող արդյունքի բարելավում,Մշակաբույսերի միջին բերքատվության բարձրացում:ՀՀ գյուղատնտեսական նշանակության ողջ հողատարածքի համար կազմված ագրոքիմիական քարտեզներով ապահովվածություն: Հացահատիկի և հատիկաընդեղենի արտադրության ծավալների ավելացում,12003,"ՀՀ-ում գարնանացան, աշնանացան և կերային մշակաբույսերի մշակության հիմնական աշխատանքների համար կատարված ծախսերի մասնակի փոխհատուցման տրամադրում",Մշակաբույսերի և բազմամյա խոտաբույսերի ցանքատարածությունների ընդլայնմանը նպաստելու նպատակով մշակության հիմնական աշխատանքների համար կատարված ծախսերի մասնակի փոխհատուցում,,74479639.9,74264039.5,39242650.5,42389556.2,38059353.2,0.512,0.898,1534002.1,2544072.8,331063.7,2461774.4,2443293.4,0.96,0.992,1360000.0,1360000.0,272000.0,1360000.0,1356729.2,0.998,0.998
ՀՀ էկոնոմիկայի նախարարություն,1059,1059,Բուսաբուծության խթանում և բույսերի պաշտպանություն,Հողագործությունից ստացվող արդյունքի բարելավում,Մշակաբույսերի միջին բերքատվության բարձրացում:ՀՀ գյուղատնտեսական նշանակության ողջ հողատարածքի համար կազմված ագրոքիմիական քարտեզներով ապահովվածություն: Հացահատիկի և հատիկաընդեղենի արտադրության ծավալների ավելացում,12004,ՀՀ տարբեր մարզերում 2024 և 2025թթ. տեղացած կարկուտի հետևանքով հողօգտագործողներին պատճառված վնասների մասնակի փոխհատուցում,"2024 և 2025 թվականներին ՀՀ Արագածոտնի, Արարատի, Արմավիրի, Գեղարքունիքի, Լոռու, Շիրակի, Տավուշի և Սյունիքի մարզերում տեղացած կարկուտի հետևանքով հողօգտագործողներին պատճառված վնասների մասնակի փոխհատուցման տրամադրում",Տրանսֆերտների տրամադրում,74479639.9,74264039.5,39242650.5,42389556.2,38059353.2,0.512,0.898,1534002.1,2544072.8,331063.7,2461774.4,2443293.4,0.96,0.992,0.0,1010070.7,0.0,1010070.7,1002695.4,0.993,0.993
ՀՀ էկոնոմիկայի նախարարություն,1067,1067,Ստանդարտների մշակում և հավատարմագրման համակարգի զարգացում,"Արտադրանքի, ծառայությունների և գործընթացների անվտանգության մակարդակի բարելավում, միջազգային ու տարածաշրջանային հավատարմագրման համակարգերին ինտեգրում",Առևտրում տեխնիկական խոչընդոտների վերացում և շուկայահանվող արտադրանքի ու մատուցվող ծառայությունների համապատասխանության գնահատման գործունեության արդյունքների նկատմամբ սպառողների վստահության բարձրացում,11001,Ստանդարտների մշակման ծառայություններ,"Արտադրանքի և ծառայությունների ազգային ստանդարտների մշակում, միջպետական, եվրոպական և միջազգային կազմակերպությունների հետ համագործակցություն, ստանդարտների ազգային ֆոնդի վարման և տեղեկատվական սպասարկման աշխատանքների իրականացում",Ծառայությունների մատուցում,74479639.9,74264039.5,39242650.5,42389556.2,38059353.2,0.512,0.898,434268.9,434268.9,37200.0,37200.0,37200.0,0.086,1.0,13558.5,13558.5,0.0,0.0,0.0,0.0,0.0
ՀՀ էկոնոմիկայի նախարարություն,1067,1067,Ստանդարտների մշակում և հավատարմագրման համակարգի զարգացում,"Արտադրանքի, ծառայությունների և գործընթացների անվտանգության մակարդակի բարելավում, միջազգային ու տարածաշրջանային հավատարմագրման համակարգերին ինտեգրում",Առևտրում տեխնիկական խոչընդոտների վերացում և շուկայահանվող արտադրանքի ու մատուցվող ծառայությունների համապատասխանության գնահատման գործունեության արդյունքների նկատմամբ սպառողների վստահության բարձրացում,11002,Աջակցություն ՀՀ հավատարմագրման համակարգին,"Հավատարմագրման ծառայությունների մատուցում, հավատարմագրման համակարգի բարեփոխում, անձնակազմի ուսուցում, ազգային մարմնի կայքէջի և ռեեստրների սպասարկում, արդիականացում, ազգային մարմնի մասնակցություն աշխատաժողովներին, գագաթնաժողովներին, հանդիպումներին",Ծառայությունների մատուցում,74479639.9,74264039.5,39242650.5,42389556.2,38059353.2,0.512,0.898,434268.9,434268.9,37200.0,37200.0,37200.0,0.086,1.0,74000.0,74000.0,37200.0,37200.0,37200.0,0.503,1.0
ՀՀ էկոնոմիկայի նախարարություն,1067,1067,Ստանդարտների մշակում և հավատարմագրման համակարգի զարգացում,"Արտադրանքի, ծառայությունների և գործընթացների անվտանգության մակարդակի բարելավում, միջազգային ու տարածաշրջանային հավատարմագրման համակարգերին ինտեգրում",Առևտրում տեխնիկական խոչընդոտների վերացում և շուկայահանվող արտադրանքի ու մատուցվող ծառայությունների համապատասխանության գնահատման գործունեության արդյունքների նկատմամբ սպառողների վստահության բարձրացում,12001,Որակի ենթակառուցվածքի համակարգի արդիականացմանն աջակցություն,"ՍՉԱՄ ՓԲԸ-ում տրամաչփարկման կարողությունների հիմնում, ՍՉԱՄ ՓԲԸ-ում փորձարկման կարողությունների ընդլայնում, նոր լաբորատոր սարքավորումնարի ձեռքբերում, լաբորատորիանորի վերազինում",Տրանսֆերտների տրամադրում,74479639.9,74264039.5,39242650.5,42389556.2,38059353.2,0.512,0.898,434268.9,434268.9,37200.0,37200.0,37200.0,0.086,1.0,346710.4,346710.4,0.0,0.0,0.0,0.0,0.0
ՀՀ էկոնոմիկայի նախարարություն,1086,1086,Գյուղական ենթակառուցվածքների վերականգնում և զարգացում,Գյուղատնտեսության ոլորտի արդյունավետության աճ,Գյուղատնտեսական արտադրանքի ծավալների ավելացում,11004,Զարգացման ֆրանսիական գործակալության աջակցությամբ իրականացվող ՀՀ Արարատի և Արմավիրի մարզերում» ոռոգվող գյուղատնտեսության զարգացման դրամաշնորհային ծրագրի համակարգում և ղեկավարում,Զարգացման ֆրանսիական գործակալության աջակցությամբ իրականացվող ՀՀ Արարատի և Արմավիրի մարզերում ոռոգվող գյուղատնտեսության զարգացման դրամաշնորհային ծրագրի համակարգում և ղեկավարում,Ծառայությունների մատուցում,74479639.9,74264039.5,39242650.5,42389556.2,38059353.2,0.512,0.898,2730930.7,2226930.7,1207779.8,915374.4,333965.4,0.15,0.365,477273.3,477273.3,236309.8,236309.8,169023.1,0.354,0.715
ՀՀ էկոնոմիկայի նախարարություն,1086,1086,Գյուղական ենթակառուցվածքների վերականգնում և զարգացում,Գյուղատնտեսության ոլորտի արդյունավետության աճ,Գյուղատնտեսական արտադրանքի ծավալների ավելացում,11005,Ասիական զարգացման բանկի աջակցությամբ իրականացվող «Կլիմայական փոփոխություններին հարմարեցվող պարենային անվտանգության բարձրացման» դրամաշնորհային ծրագրի համակարգում և ղեկավարում,"Ներդրումներ կլիմադիմակայուն գյուղատնտեսության և պարենային անվտանգության բարձրացման նպատակով, ինչն ուղղվելու է երկու մարզերին Շիրակի և Տավուշի, որտեղ փոքր ֆերմերները բախվում են բարձր աղքատության, պարենային անապահովության և կլիմայական ռիսկերի",,74479639.9,74264039.5,39242650.5,42389556.2,38059353.2,0.512,0.898,2730930.7,2226930.7,1207779.8,915374.4,333965.4,0.15,0.365,358163.4,377446.9,175834.5,180943.8,113317.1,0.3,0.626
ՀՀ էկոնոմիկայի նախարարություն,1086,1086,Գյուղական ենթակառուցվածքների վերականգնում և զարգացում,Գյուղատնտեսության ոլորտի արդյունավետության աճ,Գյուղատնտեսական արտադրանքի ծավալների ավելացում,12003,Զարգացման ֆրանսիական գործակալության աջակցությամբ ՀՀ Արարատի և Արմավիրի մարզերում ժամանակակից պահանջներին համապատասխան ոռոգման համակարգերի ներդրման և զարգացմանն աջակցություն,Արարատի և Արմավիրի մարզերում ժամանակակից պահանջներին համապատասխան ոռոգման համակարգերի ներդրմանը աջակցություն,Տրանսֆերտների տրամադրում,74479639.9,74264039.5,39242650.5,42389556.2,38059353.2,0.512,0.898,2730930.7,2226930.7,1207779.8,915374.4,333965.4,0.15,0.365,1527057.5,996429.9,610823.0,305964.2,18168.5,0.018000000000000002,0.059000000000000004
ՀՀ էկոնոմիկայի նախարարություն,1086,1086,Գյուղական ենթակառուցվածքների վերականգնում և զարգացում,Գյուղատնտեսության ոլորտի արդյունավետության աճ,Գյուղատնտեսական արտադրանքի ծավալների ավելացում,12004,Ասիական զարգացման բանկի աջակցությամբ իրականացվող «Կլիմայական փոփոխություններին հարմարեցվող պարենային  անվտանգության բարձրացման» դրամաշնորհային ծրագիր,"Ներդրումներ կլիմադիմակայուն գյուղատնտեսության և պարենային անվտանգության բարձրացման նպատակով, ինչն ուղղվելու է երկու մարզերին Շիրակի և Տավուշի, որտեղ փոքր ֆերմերները բախվում են բարձր աղքատության, պարենային անապահովության և կլիմայական ռիսկերի",,74479639.9,74264039.5,39242650.5,42389556.2,38059353.2,0.512,0.898,2730930.7,2226930.7,1207779.8,915374.4,333965.4,0.15,0.365,367248.0,367248.0,183624.0,183624.0,33456.7,0.091,0.182
ՀՀ էկոնոմիկայի նախարարություն,1086,1086,Գյուղական ենթակառուցվածքների վերականգնում և զարգացում,Գյուղատնտեսության ոլորտի արդյունավետության աճ,Գյուղատնտեսական արտադրանքի ծավալների ավելացում,31001,Զարգացման ֆրանսիական գործակալության աջակցությամբ իրականացվող ՀՀ Արարատի և Արմավիրի մարզերում Ոռոգվող գյուղատնտեսության զարգացման դրամաշնորհային ծրագիր,Ծրագրի իրականացման համար աշխատանքային պայմանների ապահովման նպատակով վարչական սարքավորումների ձեռք բերում,,74479639.9,74264039.5,39242650.5,42389556.2,38059353.2,0.512,0.898,2730930.7,2226930.7,1207779.8,915374.4,333965.4,0.15,0.365,1188.5,1188.5,1188.5,1188.5,0.0,0.0,0.0
ՀՀ էկոնոմիկայի նախարարություն,1086,1086,Գյուղական ենթակառուցվածքների վերականգնում և զարգացում,Գյուղատնտեսության ոլորտի արդյունավետության աճ,Գյուղատնտեսական արտադրանքի ծավալների ավելացում,31003,Ասիական զարգացման բանկի աջակցությամբ իրականացվող «Կլիմայական փոփոխություններին հարմարեցվող պարենային  անվտանգության բարձրացման» դրամաշնորհային ծրագրի իրականացման համար տեխնիկական հագեցվածության ապահովում,Ծրագրի իրականացման համար աշխատանքային պայմանների ապահովման նպատակով վարչական սարքավորումների ձեռք բերում,Պետական մարմինների կողմից օգտագործվող ոչ ֆինանսական ակտիվների հետ գործառնություններ,74479639.9,74264039.5,39242650.5,42389556.2,38059353.2,0.512,0.898,2730930.7,2226930.7,1207779.8,915374.4,333965.4,0.15,0.365,0.0,7344.1,0.0,7344.1,0.0,0.0,0.0
ՀՀ էկոնոմիկայի նախարարություն,1104,1104,"Գիտելիքահենք, նորարարական տնտեսությանը և փոքր ու միջին ձեռնարկատիրությանը աջակցություն","Արտադրողականության բարձրացման նպատակով տնտեսության թվայնացման, նորարարական էլեկտրոնային կառավարման համակարգերի ներդրման, գիտելիքահենք գործարարությանը և փոքր ու միջին ձեռնարկատիրությանը աջակցություն","Արտադրողականության աճ, նորարարական և թվայնացված տնտեսություն, ՓՄՁ սուբյեկտների թվաքանակի ավելացու",11001,ՓՄՁ-ի սուբյեկտներին աջակցության ծրագրերի համակարգում և կառավարում,"Ֆինանսական և ներդրումային, գործարար ուսուցողական, տեղեկատվական, խորհրդատվական աջակցություն գործող և սկսնակ ՓՄՁ սուբյեկտներին",Ծառայությունների մատուցում,74479639.9,74264039.5,39242650.5,42389556.2,38059353.2,0.512,0.898,23836608.0,23836608.0,12806077.6,12806077.6,12726379.1,0.534,0.9940000000000001,100000.0,100000.0,30000.0,30000.0,0.0,0.0,0.0
ՀՀ էկոնոմիկայի նախարարություն,1104,1104,"Գիտելիքահենք, նորարարական տնտեսությանը և փոքր ու միջին ձեռնարկատիրությանը աջակցություն","Արտադրողականության բարձրացման նպատակով տնտեսության թվայնացման, նորարարական էլեկտրոնային կառավարման համակարգերի ներդրման, գիտելիքահենք գործարարությանը և փոքր ու միջին ձեռնարկատիրությանը աջակցություն","Արտադրողականության աճ, նորարարական և թվայնացված տնտեսություն, ՓՄՁ սուբյեկտների թվաքանակի ավելացու",12001,Տնտեսության արդիականացման միջոցառմանը պետական աջակցություն,Արտադրական հնարավորությունների արդիականացման և նոր տեխնոլոգիաների ներմուծման խթանման նպատակով մատչելի պայմաններով վարկերի տրամադրում,,74479639.9,74264039.5,39242650.5,42389556.2,38059353.2,0.512,0.898,23836608.0,23836608.0,12806077.6,12806077.6,12726379.1,0.534,0.9940000000000001,22411231.0,22411231.0,12000000.0,12136900.0,12135712.8,0.542,1.0
ՀՀ էկոնոմիկայի նախարարություն,1104,1104,"Գիտելիքահենք, նորարարական տնտեսությանը և փոքր ու միջին ձեռնարկատիրությանը աջակցություն","Արտադրողականության բարձրացման նպատակով տնտեսության թվայնացման, նորարարական էլեկտրոնային կառավարման համակարգերի ներդրման, գիտելիքահենք գործարարությանը և փոքր ու միջին ձեռնարկատիրությանը աջակցություն","Արտադրողականության աճ, նորարարական և թվայնացված տնտեսություն, ՓՄՁ սուբյեկտների թվաքանակի ավելացու",12004,Բարձր որակավորում ունեցող մասնագետների ներգրավման նպատակով նախարարության միջոցով տնտեսավարողներին սուբսիդավորում,Հայաստանի Հանրապետության տարածքում գործող ընկերությունների արտադրողականության բարձրացման նպատակով բարձր որակավորում ունեցող մասնագետների ներգրավմանը աջակցություն,Տրանսֆերտների տրամադրում,74479639.9,74264039.5,39242650.5,42389556.2,38059353.2,0.512,0.898,23836608.0,23836608.0,12806077.6,12806077.6,12726379.1,0.534,0.9940000000000001,1325377.0,1325377.0,776077.6,639177.6,590666.3,0.446,0.924
ՀՀ էկոնոմիկայի նախարարություն,1116,1116,Անասնաբուժական ծառայություններ,Անասնահամաճարակային կայուն ֆոնի ապահովում,Գյուղատնտեսական կենդանիների վարակամերժության ապահովում,11001,Գյուղատնտեսական կենդանիների պատվաստում,"Անասնաբուժական ծառայության հակահամաճարակային միջոցառումների, կենդանիների հիվանդությունների կանխարգելման աշխատանքների կազմակերպում և համակարգում, անհրաժեշտ նյութերի ձեռքբերում",Ծառայությունների մատուցում,74479639.9,74264039.5,39242650.5,42389556.2,38059353.2,0.512,0.898,2336030.5,2468813.8,1884830.5,1977213.8,1343630.1,0.544,0.68,1747253.9,1930000.2,1447253.9,1630000.2,1261479.6,0.654,0.774
ՀՀ էկոնոմիկայի նախարարություն,1116,1116,Անասնաբուժական ծառայություններ,Անասնահամաճարակային կայուն ֆոնի ապահովում,Գյուղատնտեսական կենդանիների վարակամերժության ապահովում,11005,Հայաստանի Հանրապետությունում խոշոր և մանր եղջերավոր կենդանիների համարակալում և հաշվառում,Հայաստանի Հանրապետությունում խոշոր և մանր եղջերավոր կենդանիների համարակալման և հաշվառման միջոցառումների իրականացում,Ծառայությունների մատուցում,74479639.9,74264039.5,39242650.5,42389556.2,38059353.2,0.512,0.898,2336030.5,2468813.8,1884830.5,1977213.8,1343630.1,0.544,0.68,462376.6,412413.6,362376.6,312413.6,68190.5,0.165,0.218
ՀՀ էկոնոմիկայի նախարարություն,1116,1116,Անասնաբուժական ծառայություններ,Անասնահամաճարակային կայուն ֆոնի ապահովում,Գյուղատնտեսական կենդանիների վարակամերժության ապահովում,12001,Մթերատվության բարձրացման փորձնական ծրագրի շրջանակներում կովերի արհեստական սերմնավորման միջոցառումների իրականացում,Արհեստական սերմնավորման միջոցով հանրապետությունում անասնագլխաքանակի ավելացում և տոհմային հատկանիշների բարելավում,Տրանսֆերտների տրամադրում,74479639.9,74264039.5,39242650.5,42389556.2,38059353.2,0.512,0.898,2336030.5,2468813.8,1884830.5,1977213.8,1343630.1,0.544,0.68,126400.0,126400.0,75200.0,34800.0,13960.0,0.11,0.401
ՀՀ էկոնոմիկայի նախարարություն,1165,1165,Ներդրումների և արտահանման խթանման ծրագիր,Ներդրումների ներգրավման և արտահանման խթանում,Նախորդ տարվա համեմատ ներդրումների և արտահանման ծավալների աճ,11002,ՀՀ արտահանմանն ուղղված արդյունաբերական քաղաքականության ռազմավարությամբ նախատեսված միջոցառումներ,"Նոր ոլորտների զարգացման նպաստում, արտահանմանն աջակցություն, նոր շուկաների ընդլայնման աջակցություն, սերտիֆիկացման ծառայությունների փոխհատուցում, վարկավորման տոկոսների սուբսիդավորում, կարողությունների զարգացում, արտահանման խնդիրների հետազոտում",Ծառայությունների մատուցում,74479639.9,74264039.5,39242650.5,42389556.2,38059353.2,0.512,0.898,4300226.2,4263882.7,1810783.0,2431854.0,1758937.8,0.413,0.723,300000.0,300000.0,120000.0,99200.0,9041.4,0.03,0.091
ՀՀ էկոնոմիկայի նախարարություն,1165,1165,Ներդրումների և արտահանման խթանման ծրագիր,Ներդրումների ներգրավման և արտահանման խթանում,Նախորդ տարվա համեմատ ներդրումների և արտահանման ծավալների աճ,11004,"Պետական աջակցություն Հայաստանի Հանրապետությունում ներդրումային ծրագրերի խթանմանը, իրականացմանը և հետներդրումային սպասարկմանը","Ներդրողների սպասարկմանը, ներդրումների խթանման աշխատանքների իրականացմանը, արդյունաբերականքաղաքականության ռազմավարությամբ նախատեսվածմիջոցառումների կազմակերպմանը, օտարերկրյա ներդրողների ներգրավմանը և հետներդրումային սպասարկմանը պետական աջակցություն",Ծառայությունների մատուցում,74479639.9,74264039.5,39242650.5,42389556.2,38059353.2,0.512,0.898,4300226.2,4263882.7,1810783.0,2431854.0,1758937.8,0.413,0.723,288000.0,288000.0,144000.0,144000.0,0.0,0.0,0.0
ՀՀ էկոնոմիկայի նախարարություն,1165,1165,Ներդրումների և արտահանման խթանման ծրագիր,Ներդրումների ներգրավման և արտահանման խթանում,Նախորդ տարվա համեմատ ներդրումների և արտահանման ծավալների աճ,11010,Տեքստիլ ոլորտի զարգացման ծրագրերն իրականացնող և աջակցող Օպերատորի  շարունակական  գործունեության նպատակով պետական աջակցության ծրագիր,Տեքստիլ ոլորտի զարգացման գործողությունների ծրագրիրն իրականացնող Օպերատորի ֆինանասավորում,,74479639.9,74264039.5,39242650.5,42389556.2,38059353.2,0.512,0.898,4300226.2,4263882.7,1810783.0,2431854.0,1758937.8,0.413,0.723,70000.0,70000.0,33500.0,33500.0,18500.0,0.264,0.552
ՀՀ էկոնոմիկայի նախարարություն,1165,1165,Ներդրումների և արտահանման խթանման ծրագիր,Ներդրումների ներգրավման և արտահանման խթանում,Նախորդ տարվա համեմատ ներդրումների և արտահանման ծավալների աճ,11012,Թողարկման և վարկանիշավորման պետական աջակցության ծրագիր,"Պարտատոմսերի և բաժնետոմսերի թողարկման, տեղաբաշխման և բորսայում ցուցակման համար օժանդակություն և  միջազգային վարկանիշային գործակալություններից վարկանիշի ստացման և սպասարկման առաջին 12 ամիսների ծախսերի մասնակի փոխհատուցում",Ծառայությունների մատուցում,74479639.9,74264039.5,39242650.5,42389556.2,38059353.2,0.512,0.898,4300226.2,4263882.7,1810783.0,2431854.0,1758937.8,0.413,0.723,340000.0,340000.0,240000.0,240000.0,237000.0,0.6970000000000001,0.988
ՀՀ էկոնոմիկայի նախարարություն,1165,1165,Ներդրումների և արտահանման խթանման ծրագիր,Ներդրումների ներգրավման և արտահանման խթանում,Նախորդ տարվա համեմատ ներդրումների և արտահանման ծավալների աճ,11014,Տեղական արտադրության դեղերի ներկայացման հեռուստահաղորդաշարի պատրաստում և հեռարձակման ապահովում,Ընկերությունների մասին պատմող ճանաչողական հաղորդաշարերի հեռարձակում,Ծառայությունների մատուցում,74479639.9,74264039.5,39242650.5,42389556.2,38059353.2,0.512,0.898,4300226.2,4263882.7,1810783.0,2431854.0,1758937.8,0.413,0.723,5000.0,0.0,0.0,0.0,0.0,0.0,0.0
ՀՀ էկոնոմիկայի նախարարություն,1165,1165,Ներդրումների և արտահանման խթանման ծրագիր,Ներդրումների ներգրավման և արտահանման խթանում,Նախորդ տարվա համեմատ ներդրումների և արտահանման ծավալների աճ,11015,"Պետական աջակցություն«Այգ-1» արևային ֆոտովոլտային (ֆՎ) էլեկտրակայանի նախագծման, ֆինանսավորման, կառուցման, տնօրինման ևշահագործման ծրագրի իրականացմանը","ՀՀ Արագածոտնի մարզի Թալին և Դաշտադեմ համայնքների միջև «Այգ-1» արևային ֆՎ էլեկտրակայանիկառուցում և շահագործում,«ՄասդարՀայաստան 1» ՓԲԸ 15% բաժնետոմսերը սեփականության իրավունքով ստանալու նպատակով«Արևային էներգետիկայիզարգացմանե ՓԲԸ-ին աջակցություն",Ծառայությունների մատուցում,74479639.9,74264039.5,39242650.5,42389556.2,38059353.2,0.512,0.898,4300226.2,4263882.7,1810783.0,2431854.0,1758937.8,0.413,0.723,53289.6,53289.6,25602.0,25602.0,7620.0,0.14300000000000002,0.298
ՀՀ էկոնոմիկայի նախարարություն,1165,1165,Ներդրումների և արտահանման խթանման ծրագիր,Ներդրումների ներգրավման և արտահանման խթանում,Նախորդ տարվա համեմատ ներդրումների և արտահանման ծավալների աճ,12002,Տեքստիլ ոլորտի կազմակերպությունների համար մատակարարման շղթաների դիվերսիֆիկացիայի ապահովմանն ուղղված պետական աջակցություն,Տեքստիլ ընկերությունների կողմից ներգրավված առևտրի ֆինանսավորման վարկային գործիքների տոկոսադրույքների սուբսիդավորում և էլեկտրոնային հարթակներում վաճառքների խթանում,,74479639.9,74264039.5,39242650.5,42389556.2,38059353.2,0.512,0.898,4300226.2,4263882.7,1810783.0,2431854.0,1758937.8,0.413,0.723,100000.0,7500.0,30000.0,1852.0,1582.1,0.21100000000000002,0.8540000000000001
ՀՀ էկոնոմիկայի նախարարություն,1165,1165,Ներդրումների և արտահանման խթանման ծրագիր,Ներդրումների ներգրավման և արտահանման խթանում,Նախորդ տարվա համեմատ ներդրումների և արտահանման ծավալների աճ,12004,"Կլինիկական փորձարկումների, կենսահամարժեքության հետազոտությունների սուբսիդավորում",Հայաստանի Հանրապետությունում արտադրվող դեղերի կլինիկական փորձարկումների և (կամ) կենսահամարժեքության  հետազոտությունների ծախսերի մասնակի սուբսիդավորում,Տրանսֆերտների տրամադրում,74479639.9,74264039.5,39242650.5,42389556.2,38059353.2,0.512,0.898,4300226.2,4263882.7,1810783.0,2431854.0,1758937.8,0.413,0.723,50000.0,0.0,0.0,0.0,0.0,0.0,0.0
ՀՀ էկոնոմիկայի նախարարություն,1165,1165,Ներդրումների և արտահանման խթանման ծրագիր,Ներդրումների ներգրավման և արտահանման խթանում,Նախորդ տարվա համեմատ ներդրումների և արտահանման ծավալների աճ,12005,Դեղերի գրանցման փորձաքննությունների ծախսերի սուբսիդավորում,"Դեղերի շրջանառության պետական կարգավորման ոլորտում ԵԱՏՄ գրանցումների և վերագրանցումների, Հայաստանում կիրառման ենթակա դեղերի գրանցման և վերագրանցման, արտերկրում հայկական արտադրությանդեղերի գրանցման ծախսերի սուբսիդավորում",Տրանսֆերտների տրամադրում,74479639.9,74264039.5,39242650.5,42389556.2,38059353.2,0.512,0.898,4300226.2,4263882.7,1810783.0,2431854.0,1758937.8,0.413,0.723,50000.0,30000.0,25000.0,9006.0,9005.1,0.3,1.0
ՀՀ էկոնոմիկայի նախարարություն,1165,1165,Ներդրումների և արտահանման խթանման ծրագիր,Ներդրումների ներգրավման և արտահանման խթանում,Նախորդ տարվա համեմատ ներդրումների և արտահանման ծավալների աճ,12006,Հայաստանի Հանարապետության տնտեսապես բարդ ապրանքների արտադրությամբ զբաղվող առևտրային ընկերություններին պետական աջակցություն,"Տնտեսական բարդության ինդեքսը օգտագործելով` պետական աջակցությունն առաջնահերթորեն տրամադրել այն տնտեսվարողներին, որոնք պատրաստվում են արտադրել 0.2 տնտեսական բարդության ցուցիչից ավելի բարձր ինդեքս ունեցող ապրանքներ",Տրանսֆերտների տրամադրում,74479639.9,74264039.5,39242650.5,42389556.2,38059353.2,0.512,0.898,4300226.2,4263882.7,1810783.0,2431854.0,1758937.8,0.413,0.723,100000.0,0.0,0.0,0.0,0.0,0.0,0.0
ՀՀ էկոնոմիկայի նախարարություն,1165,1165,Ներդրումների և արտահանման խթանման ծրագիր,Ներդրումների ներգրավման և արտահանման խթանում,Նախորդ տարվա համեմատ ներդրումների և արտահանման ծավալների աճ,12007,Մշակող արդյունաբերության ոլորտում աշխատողների ներգրավմանը պետական աջակցության տրամադրում,Աշխատողների որակավորման կամ վերապատրաստման ծախսերի մասնակի փոխհատուցման միջոցով խրախուսել մշակող արդյունաբերության ճյուղի գործատուներին ներգրավել առավել մեծ թվով պոտենցիալ աշխատողներ և կանխել ոլորտում աշխատողների հոսունությունը,Տրանսֆերտների տրամադրում,74479639.9,74264039.5,39242650.5,42389556.2,38059353.2,0.512,0.898,4300226.2,4263882.7,1810783.0,2431854.0,1758937.8,0.413,0.723,150000.0,290000.0,67500.0,131500.0,131445.1,0.45299999999999996,1.0
ՀՀ էկոնոմիկայի նախարարություն,1165,1165,Ներդրումների և արտահանման խթանման ծրագիր,Ներդրումների ներգրավման և արտահանման խթանում,Նախորդ տարվա համեմատ ներդրումների և արտահանման ծավալների աճ,12008,Ենթակառուցվածքներ ներդրումների դիմաց ծրագրի շրջանակներում աջակցության տրամադրում,Ներդրումներ իրականացնող կազմակերպություններին ենթակառուցվածքների կառուցման աջակցության տրամադրում,Տրանսֆերտների տրամադրում,74479639.9,74264039.5,39242650.5,42389556.2,38059353.2,0.512,0.898,4300226.2,4263882.7,1810783.0,2431854.0,1758937.8,0.413,0.723,500000.0,500000.0,402000.0,402000.0,7500.0,0.015,0.019
ՀՀ էկոնոմիկայի նախարարություն,1165,1165,Ներդրումների և արտահանման խթանման ծրագիր,Ներդրումների ներգրավման և արտահանման խթանում,Նախորդ տարվա համեմատ ներդրումների և արտահանման ծավալների աճ,12009,Արտահանման խթանման նպատակով օժանդակության տրամադրում,Արտահանման խթանման նպատակով արտահանողին ապրանքի արտահանումից հետո ներմուծվող երկրի օրենսդրությամբ այդ ապրանքի համար սահմանված մաքսատուրքի դրույքաչափին համապատասխան հաշվարկված գումարի չափով օժանդակության տրամադրում,Տրանսֆերտների տրամադրում,74479639.9,74264039.5,39242650.5,42389556.2,38059353.2,0.512,0.898,4300226.2,4263882.7,1810783.0,2431854.0,1758937.8,0.413,0.723,2153936.6,2337093.1,637181.0,1307694.0,1307694.0,0.56,1.0
ՀՀ էկոնոմիկայի նախարարություն,1165,1165,Ներդրումների և արտահանման խթանման ծրագիր,Ներդրումների ներգրավման և արտահանման խթանում,Նախորդ տարվա համեմատ ներդրումների և արտահանման ծավալների աճ,12011,Հայաստանի Հանրապետությունից արտահանման սահմանափակման ներքո գտնվող ՀՀ ծագման որոշ ապրանքների՛ Հայաստանի Հանրապետությունում իրացմանն աջակցություն,Թիրախային ապրանքներ արտադրող և սեփական արտադրանքը իրացնող տնտեսավարողներին օժանդակության տրամադրում՛ ՀՀ-ում իրացման յուրաքանչյուր տոննայի համար՛ 10.0 հազար դրամի չափով,Տրանսֆերտների տրամադրում,74479639.9,74264039.5,39242650.5,42389556.2,38059353.2,0.512,0.898,4300226.2,4263882.7,1810783.0,2431854.0,1758937.8,0.413,0.723,0.0,30000.0,30000.0,30000.0,27525.2,0.9179999999999999,0.9179999999999999
ՀՀ էկոնոմիկայի նախարարություն,1165,1165,Ներդրումների և արտահանման խթանման ծրագիր,Ներդրումների ներգրավման և արտահանման խթանում,Նախորդ տարվա համեմատ ներդրումների և արտահանման ծավալների աճ,12012,Կառավարման համակարգերի և արտադրանքի համապատասխանության սերտիֆիկատների ստացմանն աջակցություն,Կազմակերպությունում ներդրված կառավարման համակարգերի սերտիֆիկացման համար կատարված ծախսերի և արտահանման նպատակով արտադրված արտադրանքի համար տրամադրված սերտիֆիկատի ծախսերի փոխհատուցում,Տրանսֆերտների տրամադրում,74479639.9,74264039.5,39242650.5,42389556.2,38059353.2,0.512,0.898,4300226.2,4263882.7,1810783.0,2431854.0,1758937.8,0.413,0.723,70000.0,15000.0,26000.0,6500.0,2025.0,0.135,0.312
ՀՀ էկոնոմիկայի նախարարություն,1165,1165,Ներդրումների և արտահանման խթանման ծրագիր,Ներդրումների ներգրավման և արտահանման խթանում,Նախորդ տարվա համեմատ ներդրումների և արտահանման ծավալների աճ,12013,Արտադրանքի սերտիֆիկացման և լաբորատոր փորձարկումների վճարների փոխհատուցում,"Երրորդ երկրի շուկայում տեղադրված արտադրանքի սերտիֆիկատի, լաբորատոր փորձարկման համար կատարված ծախսերի մասնակի փոխհատուցում",Տրանսֆերտների տրամադրում,74479639.9,74264039.5,39242650.5,42389556.2,38059353.2,0.512,0.898,4300226.2,4263882.7,1810783.0,2431854.0,1758937.8,0.413,0.723,70000.0,3000.0,30000.0,1000.0,0.0,0.0,0.0
ՀՀ էկոնոմիկայի նախարարություն,1187,1187,Գյուղատնտեսության արդիականացման ծրագիր,"Գյուղատնտեսական տեխնիկական համակարգերի արդիականացում, ինտենսիվ այգիների ներդրման  և  տոհմաբուծության մեջ նոր ցեղատեսակների բուծման աջակցություն",Ոռոգման արդիական համակարգեր ներդրված հողատարածքների և տոհմային կենդանիների տեսակարար կշռի ավելացում,12002,"Հայաստանի Հանրապետությունում  խաղողի, ժամանակակից տեխնոլոգիաներով մշակվող ինտենսիվ պտղատու այգիների և հատապտղանոցների հիմնման համար վարկային տոկոսադրույքների սուբսիդավորում","Հայաստանի Հանրապետությունում  խաղողի, ժամանակակից տեխնոլոգիաներով մշակվող ինտենսիվ պտղատու այգիների և հատապտղանոցների հիմնման համար տնտեսավարողներին տրամադրվող նպատակային վարկերի տոկոսադրույքների սուբսիդավորում",Տրանսֆերտների տրամադրում,74479639.9,74264039.5,39242650.5,42389556.2,38059353.2,0.512,0.898,22680149.8,22630699.7,14130829.6,14087005.2,13745341.3,0.607,0.976,1357708.7,1357708.7,678854.4,678854.4,678854.4,0.5,1.0
ՀՀ էկոնոմիկայի նախարարություն,1187,1187,Գյուղատնտեսության արդիականացման ծրագիր,"Գյուղատնտեսական տեխնիկական համակարգերի արդիականացում, ինտենսիվ այգիների ներդրման  և  տոհմաբուծության մեջ նոր ցեղատեսակների բուծման աջակցություն",Ոռոգման արդիական համակարգեր ներդրված հողատարածքների և տոհմային կենդանիների տեսակարար կշռի ավելացում,12003,Հայաստանի Հանրապետության գյուղատնտեսական տեխնիկայի  լիզինգի  աջակցության ծրագիր,Գյուղատնտեսական տեխնիկայի տրամադրման լիզինգի տոկոսադրույքների սուբսիդավորում,Տրանսֆերտների տրամադրում,74479639.9,74264039.5,39242650.5,42389556.2,38059353.2,0.512,0.898,22680149.8,22630699.7,14130829.6,14087005.2,13745341.3,0.607,0.976,1054069.7,1054069.7,579738.3,579738.3,543945.3,0.516,0.938
ՀՀ էկոնոմիկայի նախարարություն,1187,1187,Գյուղատնտեսության արդիականացման ծրագիր,"Գյուղատնտեսական տեխնիկական համակարգերի արդիականացում, ինտենսիվ այգիների ներդրման  և  տոհմաբուծության մեջ նոր ցեղատեսակների բուծման աջակցություն",Ոռոգման արդիական համակարգեր ներդրված հողատարածքների և տոհմային կենդանիների տեսակարար կշռի ավելացում,12004,Հայաստանի Հանրապետության ագրոպարենային ոլորտի սարքավորումների  լիզինգի  աջակցության ծրագիր,Ագրոպարենային ոլորտի սարքավորումների տրամադրման լիզինգի տոկոսադրույքների սուբսիդավորում,Տրանսֆերտների տրամադրում,74479639.9,74264039.5,39242650.5,42389556.2,38059353.2,0.512,0.898,22680149.8,22630699.7,14130829.6,14087005.2,13745341.3,0.607,0.976,1839112.1,1839112.1,1082207.0,1082207.0,1082207.0,0.588,1.0
ՀՀ էկոնոմիկայի նախարարություն,1187,1187,Գյուղատնտեսության արդիականացման ծրագիր,"Գյուղատնտեսական տեխնիկական համակարգերի արդիականացում, ինտենսիվ այգիների ներդրման  և  տոհմաբուծության մեջ նոր ցեղատեսակների բուծման աջակցություն",Ոռոգման արդիական համակարգեր ներդրված հողատարածքների և տոհմային կենդանիների տեսակարար կշռի ավելացում,12006,Հայաստանի Հանրապետության գյուղատնտեսությունում կարկտապաշտպան ցանցերի ներդրման համար տրամադրվող վարկերի տոկոսադրույքների սուբսիդավորում,Գյուղատնտեսության ոլորտում կարկտապաշտպան ցանցերի ներդրման համար տրամադրվող վարկերի տոկոսադրույքների սուբսիդավորում,Տրանսֆերտների տրամադրում,74479639.9,74264039.5,39242650.5,42389556.2,38059353.2,0.512,0.898,22680149.8,22630699.7,14130829.6,14087005.2,13745341.3,0.607,0.976,5538.2,3968.1,2769.0,2164.0,2130.6,0.537,0.985
ՀՀ էկոնոմիկայի նախարարություն,1187,1187,Գյուղատնտեսության արդիականացման ծրագիր,"Գյուղատնտեսական տեխնիկական համակարգերի արդիականացում, ինտենսիվ այգիների ներդրման  և  տոհմաբուծության մեջ նոր ցեղատեսակների բուծման աջակցություն",Ոռոգման արդիական համակարգեր ներդրված հողատարածքների և տոհմային կենդանիների տեսակարար կշռի ավելացում,12008,Հայաստանի Հանրապետությունում 2019-2024 թվականների տավարաբուծության զարգացման ծրագիր,Հանրապետությունում  խոշոր եղջերավոր տոհմային կենդանիների ձեռքբերման համար տրմադրվող նպատակային վարկերի տոկոսադրույքների սուբսիդավորում,Տրանսֆերտների տրամադրում,74479639.9,74264039.5,39242650.5,42389556.2,38059353.2,0.512,0.898,22680149.8,22630699.7,14130829.6,14087005.2,13745341.3,0.607,0.976,74997.2,51875.0,37498.6,24834.0,21464.5,0.414,0.8640000000000001
ՀՀ էկոնոմիկայի նախարարություն,1187,1187,Գյուղատնտեսության արդիականացման ծրագիր,"Գյուղատնտեսական տեխնիկական համակարգերի արդիականացում, ինտենսիվ այգիների ներդրման  և  տոհմաբուծության մեջ նոր ցեղատեսակների բուծման աջակցություն",Ոռոգման արդիական համակարգեր ներդրված հողատարածքների և տոհմային կենդանիների տեսակարար կշռի ավելացում,12012,ՀՀ-ում  ոչխարաբուծության և այծաբուծության զարգացման նպատակով  տրամադրվող նպատակային վարկերի տոկոսադրույքների սուբսիդավորում,Հանրապետությունում մանր եղջերավոր տոհմային կենդանիների ձեռքբերման համար տրամադրվող նպատակային վարկերի տոկոսադրույքների սուբսիդավորում,Տրանսֆերտների տրամադրում,74479639.9,74264039.5,39242650.5,42389556.2,38059353.2,0.512,0.898,22680149.8,22630699.7,14130829.6,14087005.2,13745341.3,0.607,0.976,1664.6,790.0,832.3,626.8,625.9,0.792,0.9990000000000001
ՀՀ էկոնոմիկայի նախարարություն,1187,1187,Գյուղատնտեսության արդիականացման ծրագիր,"Գյուղատնտեսական տեխնիկական համակարգերի արդիականացում, ինտենսիվ այգիների ներդրման  և  տոհմաբուծության մեջ նոր ցեղատեսակների բուծման աջակցություն",Ոռոգման արդիական համակարգեր ներդրված հողատարածքների և տոհմային կենդանիների տեսակարար կշռի ավելացում,12014,Հայաստանի Հանրապետությունում ինտենսիվ այգեգործության զարգացման նպատակով սուբսիդավորում,Հայաստանի Հանրապետությունում այգեհիմնման նպատակով տրամադրվող վարկերի տոկոսադրույքների սուբսիդավորում,Տրանսֆերտների տրամադրում,74479639.9,74264039.5,39242650.5,42389556.2,38059353.2,0.512,0.898,22680149.8,22630699.7,14130829.6,14087005.2,13745341.3,0.607,0.976,15532282.6,15532282.6,10000000.0,10000000.0,10000000.0,0.644,1.0
ՀՀ էկոնոմիկայի նախարարություն,1187,1187,Գյուղատնտեսության արդիականացման ծրագիր,"Գյուղատնտեսական տեխնիկական համակարգերի արդիականացում, ինտենսիվ այգիների ներդրման  և  տոհմաբուծության մեջ նոր ցեղատեսակների բուծման աջակցություն",Ոռոգման արդիական համակարգեր ներդրված հողատարածքների և տոհմային կենդանիների տեսակարար կշռի ավելացում,12015,Հայաստանի Հանրապետությունում ինտենսիվ այգեգործության զարգացման նպատակով ծախսերի փոխհատուցում,Հայաստանի Հանրապետությունում այգեհիմնման նպատակով կատարված ծախսերի մասնակի փոխհատուցում,Տրանսֆերտների տրամադրում,74479639.9,74264039.5,39242650.5,42389556.2,38059353.2,0.512,0.898,22680149.8,22630699.7,14130829.6,14087005.2,13745341.3,0.607,0.976,328988.8,321613.5,135059.4,127684.1,46492.0,0.145,0.364
ՀՀ էկոնոմիկայի նախարարություն,1187,1187,Գյուղատնտեսության արդիականացման ծրագիր,"Գյուղատնտեսական տեխնիկական համակարգերի արդիականացում, ինտենսիվ այգիների ներդրման  և  տոհմաբուծության մեջ նոր ցեղատեսակների բուծման աջակցություն",Ոռոգման արդիական համակարգեր ներդրված հողատարածքների և տոհմային կենդանիների տեսակարար կշռի ավելացում,12016,Հայաստանի Հանրապետությունում  ջերմատնային տնտեսությունների  զարգացման աջակցության ծրագիր,Հայաստանի Հանրապետությունում ջերմատների հիմնման համար տրամադրվող վարկերի տոկոսադրույքների սուբսիդավորում,,74479639.9,74264039.5,39242650.5,42389556.2,38059353.2,0.512,0.898,22680149.8,22630699.7,14130829.6,14087005.2,13745341.3,0.607,0.976,1600000.0,1600000.0,1341411.6,1341411.6,1341411.6,0.838,1.0
ՀՀ էկոնոմիկայի նախարարություն,1187,1187,Գյուղատնտեսության արդիականացման ծրագիր,"Գյուղատնտեսական տեխնիկական համակարգերի արդիականացում, ինտենսիվ այգիների ներդրման  և  տոհմաբուծության մեջ նոր ցեղատեսակների բուծման աջակցություն",Ոռոգման արդիական համակարգեր ներդրված հողատարածքների և տոհմային կենդանիների տեսակարար կշռի ավելացում,12018,Ոչխարաբուծության և այծաբուծության զարգացման ծրագրին աջակցություն,"Արտերկրից բարձր մթերատու ոչխարի և այծերի ցեղերի տոհմային կենդանիների  ներկրման, ինչպես նաև ՀՀ-ից ձեռքբերումների շարունակականության ապահովում",,74479639.9,74264039.5,39242650.5,42389556.2,38059353.2,0.512,0.898,22680149.8,22630699.7,14130829.6,14087005.2,13745341.3,0.607,0.976,290700.0,290700.0,145350.0,145350.0,0.0,0.0,0.0
ՀՀ էկոնոմիկայի նախարարություն,1187,1187,Գյուղատնտեսության արդիականացման ծրագիր,"Գյուղատնտեսական տեխնիկական համակարգերի արդիականացում, ինտենսիվ այգիների ներդրման  և  տոհմաբուծության մեջ նոր ցեղատեսակների բուծման աջակցություն",Ոռոգման արդիական համակարգեր ներդրված հողատարածքների և տոհմային կենդանիների տեսակարար կշռի ավելացում,12019,Տնամերձ հողամասերում այգեհիմնման և ոռոգման արդիական  համակարգերի ներդրման աջակցություն,"ՀՀ Իջևան համայնքի Ծաղկավան, Կիրանց, Բերքաբեր և Խաշթառակ բնակավայրերի տնամերձ հողամասերում այգեհիմնման և ոռոգման արդիական համակարգերի ներդրման խթանում",,74479639.9,74264039.5,39242650.5,42389556.2,38059353.2,0.512,0.898,22680149.8,22630699.7,14130829.6,14087005.2,13745341.3,0.607,0.976,175000.0,175000.0,0.0,0.0,0.0,0.0,0.0
ՀՀ էկոնոմիկայի նախարարություն,1187,1187,Գյուղատնտեսության արդիականացման ծրագիր,"Գյուղատնտեսական տեխնիկական համակարգերի արդիականացում, ինտենսիվ այգիների ներդրման  և  տոհմաբուծության մեջ նոր ցեղատեսակների բուծման աջակցություն",Ոռոգման արդիական համակարգեր ներդրված հողատարածքների և տոհմային կենդանիների տեսակարար կշռի ավելացում,12021,Հայաստանի Հանրապետությունում 2025-2029 թվականների տավարաբուծության զարգացման ծրագրի շրջանակներում սուբսիդավորում,Խոշոր եղջերավոր տոհմային կենդանիների ձեռքբերման համար տրամադրվող նպատակային վարկերի տոկոսադրույքների մասնակի սուբսիդավորում,Տրանսֆերտների տրամադրում,74479639.9,74264039.5,39242650.5,42389556.2,38059353.2,0.512,0.898,22680149.8,22630699.7,14130829.6,14087005.2,13745341.3,0.607,0.976,49947.9,33440.0,24974.0,2000.0,1810.0,0.054000000000000006,0.905
ՀՀ էկոնոմիկայի նախարարություն,1187,1187,Գյուղատնտեսության արդիականացման ծրագիր,"Գյուղատնտեսական տեխնիկական համակարգերի արդիականացում, ինտենսիվ այգիների ներդրման  և  տոհմաբուծության մեջ նոր ցեղատեսակների բուծման աջակցություն",Ոռոգման արդիական համակարգեր ներդրված հողատարածքների և տոհմային կենդանիների տեսակարար կշռի ավելացում,12022,Հայաստանի Հանրապետությունում 2025-2029 թվականների տավարաբուծության զարգացման ծրագրի շրջանակներում աջակցություն,Խոշոր եղջերավոր տոհմային կենդանիների ձեռքբերման համար կատարված ծախսերի մասնակի փոխհատուցում,Տրանսֆերտների տրամադրում,74479639.9,74264039.5,39242650.5,42389556.2,38059353.2,0.512,0.898,22680149.8,22630699.7,14130829.6,14087005.2,13745341.3,0.607,0.976,198000.0,198000.0,99000.0,99000.0,26400.0,0.133,0.267
ՀՀ էկոնոմիկայի նախարարություն,1187,1187,Գյուղատնտեսության արդիականացման ծրագիր,"Գյուղատնտեսական տեխնիկական համակարգերի արդիականացում, ինտենսիվ այգիների ներդրման  և  տոհմաբուծության մեջ նոր ցեղատեսակների բուծման աջակցություն",Ոռոգման արդիական համակարգեր ներդրված հողատարածքների և տոհմային կենդանիների տեսակարար կշռի ավելացում,12023,«Խելացի» անասնաշենքերի կառուցման կամ վերակառուցման և դրանց տեխնոլոգիական ապահովման աջակցության ծրագրի շրջանակներում սուբսիդավորում,«Խելացի» անասնաշենքերի կառուցման կամ վերակառուցման և դրանց տեխնոլոգիական ապահովման համար տրամադրված նպատակային վարկերի տոկոսադրույքների մասնակի սուբսիդավորում,Տրանսֆերտների տրամադրում,74479639.9,74264039.5,39242650.5,42389556.2,38059353.2,0.512,0.898,22680149.8,22630699.7,14130829.6,14087005.2,13745341.3,0.607,0.976,12540.0,12540.0,3135.0,3135.0,0.0,0.0,0.0
ՀՀ էկոնոմիկայի նախարարություն,1187,1187,Գյուղատնտեսության արդիականացման ծրագիր,"Գյուղատնտեսական տեխնիկական համակարգերի արդիականացում, ինտենսիվ այգիների ներդրման  և  տոհմաբուծության մեջ նոր ցեղատեսակների բուծման աջակցություն",Ոռոգման արդիական համակարգեր ներդրված հողատարածքների և տոհմային կենդանիների տեսակարար կշռի ավելացում,12024,«Խելացի» անասնաշենքերի կառուցման կամ վերակառուցման և  դրանց տեխնոլոգիական ապահովման աջակցության ծրագրի շրջանակներում աջակցություն,Խելացի անասնաշենքերի կառուցման կամ վերակառուցման և դրանց տեխնոլոգիական ապահովման համար ծախսերի մասնակիփոխհատուցում,Տրանսֆերտների տրամադրում,74479639.9,74264039.5,39242650.5,42389556.2,38059353.2,0.512,0.898,22680149.8,22630699.7,14130829.6,14087005.2,13745341.3,0.607,0.976,159600.0,159600.0,0.0,0.0,0.0,0.0,0.0
ՀՀ էկոնոմիկայի նախարարություն,1190,1190,Զբոսաշրջության զարգացման ծրագիր,Հայաստանի և հայկական զբոսաշրջային արդյունքի մրցունակության և ճանաչելիության բարձրացում,Զբոսաշրջիկների թվաքանակի ավելացում,11001,"Զբոսաշրջության զարգացման ոլորտում պետական քաղաքականության մշակման և դրա կատարման համակարգման, պետական ծրագրերի պլանավորման, մշակման, իրականացման և մոնիտորինգի (վերահսկման) ծառայություններ","Քաղաքականության մշակման և դրա կատարման համակարգման, պետական ծրագրերի պլանավորման, մշակման, իրականացման և մոնիտորինգի (վերահսկման) ծառայություններ",Ծառայությունների մատուցում,74479639.9,74264039.5,39242650.5,42389556.2,38059353.2,0.512,0.898,3848363.4,3848363.4,1275658.7,1275658.7,306229.6,0.08,0.24,148545.5,148545.5,65139.8,67139.8,63777.4,0.429,0.95
ՀՀ էկոնոմիկայի նախարարություն,1190,1190,Զբոսաշրջության զարգացման ծրագիր,Հայաստանի և հայկական զբոսաշրջային արդյունքի մրցունակության և ճանաչելիության բարձրացում,Զբոսաշրջիկների թվաքանակի ավելացում,11002,Աջակցություն զբոսաշրջության զարգացմանը,Զբոսաշրջիկների համար Հայաստանի գրավչությունը բարձրացնելուն ուղղված միջոցառումների իրականացում,Ծառայությունների մատուցում,74479639.9,74264039.5,39242650.5,42389556.2,38059353.2,0.512,0.898,3848363.4,3848363.4,1275658.7,1275658.7,306229.6,0.08,0.24,800000.0,800000.0,513140.0,511140.0,242452.2,0.303,0.474
ՀՀ էկոնոմիկայի նախարարություն,1190,1190,Զբոսաշրջության զարգացման ծրագիր,Հայաստանի և հայկական զբոսաշրջային արդյունքի մրցունակության և ճանաչելիության բարձրացում,Զբոսաշրջիկների թվաքանակի ավելացում,11010,Համաշխարհային բանկի աջակցությամբ իրականացվող Զբոսաշրջության և մարզային ենթակառուցվածքների բարելավում  ծրագրի կառավարում,ՀՀ տարբեր մարզերում զբոսաշրջության հետ կապված ենթակառուցվածքների բարելավման նպատակով Զբոսաշրջության և մարզային ենթակառուցվածքների բարելավում  ծրագրի կառավարում,,74479639.9,74264039.5,39242650.5,42389556.2,38059353.2,0.512,0.898,3848363.4,3848363.4,1275658.7,1275658.7,306229.6,0.08,0.24,195262.8,195262.8,67406.4,67406.4,0.0,0.0,0.0
ՀՀ էկոնոմիկայի նախարարություն,1190,1190,Զբոսաշրջության զարգացման ծրագիր,Հայաստանի և հայկական զբոսաշրջային արդյունքի մրցունակության և ճանաչելիության բարձրացում,Զբոսաշրջիկների թվաքանակի ավելացում,12002,Համաշխարհային բանկի աջակցությամբ իրականացվող Զբոսաշրջության և մարզային ենթակառուցվածքների բարելավում,"Միջոցառումն ընդգրկում  է զբոսաշրջային կլաստերների համապարփակ և կայուն զարգացման ծրագրերի բարելավման առաջնայնություն, քաղաքային և համայնքային ենթակառուցվածքների համապարփակ արդիականացում և վերակառուցում",,74479639.9,74264039.5,39242650.5,42389556.2,38059353.2,0.512,0.898,3848363.4,3848363.4,1275658.7,1275658.7,306229.6,0.08,0.24,2704555.1,2704555.1,629972.5,629972.5,0.0,0.0,0.0
ՀՀ էկոնոմիկայի նախարարություն,1230,1230,Ռազմական դրության պայմաններում քաղաքացիների կյանքի ու անվտանգության ապահովման և արտակարգ իրավիճակների հետևանքների նվազեցման և վերացման ծրագիր,"Ռազմական դրության պայմաններում քաղաքացիների կյանքի ու անվտանգության ապահովում, արտակարգ իրավիճակների հակազդում և հետևանքների վերացում",Ռազմական դրության պայմաններում պետական և տեղական ինքնակառավարման մարմինների բնականոն գործունեության ու մարդկանց կյանքի և անվտանգության պաշտպանության ապահովում,11004,Հումանիտար աջակցություն Լիբանանի Հանրապետությանը,Լիբանանի տեղահանված քաղաքացիական բնակչությանը մարդասիրական օգնություն ցուցաբերելու նպատակով սննդի և տնտեսական ապրանքների ձեռքբերում,Ծառայությունների մատուցում,74479639.9,74264039.5,39242650.5,42389556.2,38059353.2,0.512,0.898,0.0,59318.1,0.0,59318.1,52518.0,0.885,0.885,0.0,59318.1,0.0,59318.1,52518.0,0.885,0.885
ՀՀ արտաքին գործերի նախարարություն,1050,1050,Միջազգային հարաբերությունների և դիվանագիտության ոլորտում մասնագետների պատրաստում և վերապատրաստում,Պետական կառավարման համակարգում արտաքին հարաբերությունների իրականացման արդյունավետության բարձրացում,"Դիվանագիտական ծառայության համալրում նոր և որակյալ մասնագետներով, դիվանագետների և պետական ծառայողների մասնագիտական կարողությունների բարելավում",11001,Արտաքին հարաբերությունների և դիվանագիտության ոլորտում մասնագետների պատրաստում և վերապատրաստում,Ուսումնական գործընթացի կազմակերպում,Ծառայությունների մատուցում,19126039.0,20091980.6,9618044.9,10583986.5,9535550.3,0.475,0.9009999999999999,301467.6,301467.6,184555.6,184555.6,184555.6,0.612,1.0,301467.6,301467.6,184555.6,184555.6,184555.6,0.612,1.0
ՀՀ արտաքին գործերի նախարարություն,1061,1061,Արտաքին գործերի ոլորտում Կառավարության քաղաքականության մշակում և իրականացում,Հայաստանի Հանրապետության ինքնիշխանության և պետական շահերի պաշտպանություն,"Տարածաշրջանային խաղաղության և կայունության հաստատում, գործընկերների հետ համագործակցության խթանում և հարաբերությունների կարգավորում, ԼՂ-ից բռնի տեղահանվածների կարիքների հասցեագրում",11001,Կառավարության արտաքին քաղաքականության մշակում և իրագործման ապահովում,"ՀՀ ինքնիշխանության պաշտպանություն, արտաքին անվտանգության բաղադրիչի ամրապնդում,  արտերկրում ՀՀ քաղաքացիների շահերի պաշտպանություն",Ծառայությունների մատուցում,19126039.0,20091980.6,9618044.9,10583986.5,9535550.3,0.475,0.9009999999999999,3374087.1,4000286.3,1695552.4,2321751.6,1877455.2,0.469,0.809,2804087.1,2804087.1,1225552.4,1225552.4,1169118.4,0.41700000000000004,0.9540000000000001
ՀՀ արտաքին գործերի նախարարություն,1061,1061,Արտաքին գործերի ոլորտում Կառավարության քաղաքականության մշակում և իրականացում,Հայաստանի Հանրապետության ինքնիշխանության և պետական շահերի պաշտպանություն,"Տարածաշրջանային խաղաղության և կայունության հաստատում, գործընկերների հետ համագործակցության խթանում և հարաբերությունների կարգավորում, ԼՂ-ից բռնի տեղահանվածների կարիքների հասցեագրում",11009,Հայաստանի Հանրապետությունում միջազգային նշանակության համաժողովների և այլ միջոցառումների կազմակերպում,Հայաստանի Հանրապետությունում միջազգային նշանակության համաժողովների և այլ միջոցառումների կազմակերպման և իրականացման աշխատանքներ,,19126039.0,20091980.6,9618044.9,10583986.5,9535550.3,0.475,0.9009999999999999,3374087.1,4000286.3,1695552.4,2321751.6,1877455.2,0.469,0.809,570000.0,570000.0,470000.0,470000.0,394356.0,0.6920000000000001,0.8390000000000001
ՀՀ արտաքին գործերի նախարարություն,1061,1061,Արտաքին գործերի ոլորտում Կառավարության քաղաքականության մշակում և իրականացում,Հայաստանի Հանրապետության ինքնիշխանության և պետական շահերի պաշտպանություն,"Տարածաշրջանային խաղաղության և կայունության հաստատում, գործընկերների հետ համագործակցության խթանում և հարաբերությունների կարգավորում, ԼՂ-ից բռնի տեղահանվածների կարիքների հասցեագրում",11010,Պետական կառավարման  մարմինների կատարողականի գնահատում և խրախուսում,"Պետական մարմնի գործունեության առաջնահերթությունների սահմանում, կատարողականի գնահատման հիման վրա՛ խրախուսման միջոցով արդյունավետության բարձրացում",Ծառայությունների մատուցում,19126039.0,20091980.6,9618044.9,10583986.5,9535550.3,0.475,0.9009999999999999,3374087.1,4000286.3,1695552.4,2321751.6,1877455.2,0.469,0.809,0.0,176199.2,0.0,176199.2,174399.1,0.99,0.99
ՀՀ արտաքին գործերի նախարարություն,1061,1061,Արտաքին գործերի ոլորտում Կառավարության քաղաքականության մշակում և իրականացում,Հայաստանի Հանրապետության ինքնիշխանության և պետական շահերի պաշտպանություն,"Տարածաշրջանային խաղաղության և կայունության հաստատում, գործընկերների հետ համագործակցության խթանում և հարաբերությունների կարգավորում, ԼՂ-ից բռնի տեղահանվածների կարիքների հասցեագրում",11011,ՀՀ քաղաքացիների իրավունքների և շահերի պաշտպանություն,Մերձավոր Արևելքում ռազմական գործողություններով և անվտանգային իրավիճակով պայմանավորված ՀՀ քաղաքացիների Հայաստանի Հանրապետություն վերադարձի համար ձեռք բերված ավիատոմսերի փոխհատուցում,Ծառայությունների մատուցում,19126039.0,20091980.6,9618044.9,10583986.5,9535550.3,0.475,0.9009999999999999,3374087.1,4000286.3,1695552.4,2321751.6,1877455.2,0.469,0.809,0.0,450000.0,0.0,450000.0,139581.8,0.31,0.31
ՀՀ արտաքին գործերի նախարարություն,1118,1118,Համագործակցություն միջազգային կազմակերպությունների հետ,Միջազգային կազմակերպություններում ներգրավման միջոցով ՀՀ առաջնահերթությունների սպասարկում,"Միջազգային կազմակերպություններում արտաքին քաղաքական, անվտանգային, սոցիալ-տնտեսական, մշակութային և այլ ոլորտներին առնչվող ՀՀ հետաքրքրությունների առաջմղում",12001,Միջազգային կազմակերպություններին ՀՀ անդամակցության վճարներ,"Միջազգային կազմակերպությունների աշխատանքներին ՀՀ մասնակցության, Հայաստանում նրանց կողմից տարբեր ծրագրերի իրականացման ապահովում",Տրանսֆերտների տրամադրում,19126039.0,20091980.6,9618044.9,10583986.5,9535550.3,0.475,0.9009999999999999,2386097.9,2391587.9,1193049.0,1198539.0,1193049.0,0.499,0.995,2386097.9,2391587.9,1193049.0,1198539.0,1193049.0,0.499,0.995
ՀՀ արտաքին գործերի նախարարություն,1128,1128,Օտարերկրյա պետություններում ՀՀ դիվանագիտական ծառայության մարմինների գործունեության կազմակերպում և իրականացում,Միջազգային ասպարեզում ՀՀ շահերի պաշտպանություն և դիրքորոշումների առաջ մղում,Երկկողմ և բազմակողմ միջազգային հարթակներում գործունեության ծավալում և օտարերկրյա պետություններում ՀՀ քաղաքացիների և իրավաբանական անձանց շահերի պաշտպանության ապահովում,11001,Օտարերկրյա պետություններում և միջազգային կազմակերպություններում հավատարմագրված ՀՀ դիվանագիտական ծառայության մարմինների գործունեության իրականացում,"Օտարերկրյա պետություններում և միջազգային կազմակերպություններում դիվանագիտական գործունեության միջոցով արտաքին գործերի բնագավառում ՀՀ Կառավարության քաղաքականության իրականացում, հյուպատոսական ծառայության մատուցում",Ծառայությունների մատուցում,19126039.0,20091980.6,9618044.9,10583986.5,9535550.3,0.475,0.9009999999999999,12750952.3,12799487.3,6375476.2,6424011.2,5875163.7,0.45899999999999996,0.915,12750952.3,12750952.3,6375476.2,6375476.2,5826628.7,0.457,0.914
ՀՀ արտաքին գործերի նախարարություն,1128,1128,Օտարերկրյա պետություններում ՀՀ դիվանագիտական ծառայության մարմինների գործունեության կազմակերպում և իրականացում,Միջազգային ասպարեզում ՀՀ շահերի պաշտպանություն և դիրքորոշումների առաջ մղում,Երկկողմ և բազմակողմ միջազգային հարթակներում գործունեության ծավալում և օտարերկրյա պետություններում ՀՀ քաղաքացիների և իրավաբանական անձանց շահերի պաշտպանության ապահովում,11002,ՀՀ քաղաքացու անձնագիր տալու կամ փոխանակելու ծառայություն,ՀՀ քաղաքացու անձնագիր տալու կամ փոխանակելու համար պետական տուրքի վճարումից ազատելու արդյունքում չգանձված պետական տուրքի փոխհատուցում,,19126039.0,20091980.6,9618044.9,10583986.5,9535550.3,0.475,0.9009999999999999,12750952.3,12799487.3,6375476.2,6424011.2,5875163.7,0.45899999999999996,0.915,0.0,48535.0,0.0,48535.0,48535.0,1.0,1.0
ՀՀ արտաքին գործերի նախարարություն,1178,1178,Հայաստանի Հանրապետությունում և օտարերկրյա պետություններում արարողակարգային միջոցառումների իրականացում,Արարողակարգային միջոցառումների պատշաճ կազմակերպում,Արարողակարգային միջոցառումների և Պետական արարողակարգի ծառայությանը վերապահված այլ գործառույթների համապարփակ իրականացումը՛ համաձայն միջազգայնորեն ընդունված կանոնների,11001,Պետական արարողակարգային միջոցառումների իրականացում,Հայաստանի Հանրապետությունում և օտարերկրյա պետություններում միջազգային արարողակարգային չափանիշներին համապատասխան միջոցառումների կազմակերպում և իրականացում,Ծառայությունների մատուցում,19126039.0,20091980.6,9618044.9,10583986.5,9535550.3,0.475,0.9009999999999999,313434.1,575631.3,169411.7,431608.9,381806.6,0.6629999999999999,0.885,313434.1,393146.1,169411.7,249123.7,199321.4,0.507,0.8
ՀՀ արտաքին գործերի նախարարություն,1178,1178,Հայաստանի Հանրապետությունում և օտարերկրյա պետություններում արարողակարգային միջոցառումների իրականացում,Արարողակարգային միջոցառումների պատշաճ կազմակերպում,Արարողակարգային միջոցառումների և Պետական արարողակարգի ծառայությանը վերապահված այլ գործառույթների համապարփակ իրականացումը՛ համաձայն միջազգայնորեն ընդունված կանոնների,11002,Արտասահմանյան պատվիրակությունների ընդունելություն,Արտասահմանյան պատվիրակությունների ընդունելություն,,19126039.0,20091980.6,9618044.9,10583986.5,9535550.3,0.475,0.9009999999999999,313434.1,575631.3,169411.7,431608.9,381806.6,0.6629999999999999,0.885,0.0,142445.2,0.0,142445.2,142445.2,1.0,1.0
ՀՀ արտաքին գործերի նախարարություն,1178,1178,Հայաստանի Հանրապետությունում և օտարերկրյա պետություններում արարողակարգային միջոցառումների իրականացում,Արարողակարգային միջոցառումների պատշաճ կազմակերպում,Արարողակարգային միջոցառումների և Պետական արարողակարգի ծառայությանը վերապահված այլ գործառույթների համապարփակ իրականացումը՛ համաձայն միջազգայնորեն ընդունված կանոնների,31001,Արարողակարգի ծառայության տեխնիկական հագեցվածության բարելավում,Արարարողակարգային ծառայության աշխատանքային պայմանների բարելավման համար վարչական սարքավորումների ձեռքբերում,,19126039.0,20091980.6,9618044.9,10583986.5,9535550.3,0.475,0.9009999999999999,313434.1,575631.3,169411.7,431608.9,381806.6,0.6629999999999999,0.885,0.0,40040.0,0.0,40040.0,40040.0,1.0,1.0
ՀՀ արտաքին գործերի նախարարություն,9020,9020,Աջակցություն օտարերկրյա պետություններում ՀՀ դիվանագիտական ծառայության  կազմակերպմանը և իրականացմանը,Աջակցել երկկողմ և բազմակողմ միջազգային հարաբերություններում ՀՀ ներկայացմանը,Միջազգային հարաբերություններում ՀՀ ներգրավվածության աստիճանի և երկրի միջազգային հեղինակության բարձրացում,11001,Աջակցություն ՀՀ դեսպանությունների գործունեության իրականացմանը,Արտաքին գործերի բնագավառում ՀՀ կառավարության քաղաքականության իրականացման դիվանագիտական գործունեություն օտարերկրյա պետություններում և միջազգային կազմակերպություններում,Ծառայությունների մատուցում,19126039.0,20091980.6,9618044.9,10583986.5,9535550.3,0.475,0.9009999999999999,0.0,23520.2,0.0,23520.2,23520.2,1.0,1.0,0.0,23520.2,0.0,23520.2,23520.2,1.0,1.0
ՀՀ շրջակա միջավայրի նախարարություն,1016,1016,Շրջակա միջավայրի վրա ազդեցության գնահատում և մոնիթորինգ,Նպաստել շրջակա միջավայրի և բնական ռեսուրսների (բացառությամբ օգտակար հանածոների) պահպանությանը,Շրջակա միջավայրի վերաբերյալ ամբողջական տեղեկատվության հրապարակում,11001,Շրջակա միջավայրի վրա ազդեցության գնահատում և փորձաքննություն,Շրջակա միջավայրի վրա ազդեցության գնահատման և փորձաքննության աշխատանքներ,Ծառայությունների մատուցում,15699342.0,17710447.0,7059912.7,9024840.1,7306899.5,0.413,0.81,4215628.8,4269888.7,1227372.5,1280185.0,1153078.5,0.27,0.9009999999999999,217255.8,217255.8,97765.1,97765.1,97765.1,0.45,1.0
ՀՀ շրջակա միջավայրի նախարարություն,1016,1016,Շրջակա միջավայրի վրա ազդեցության գնահատում և մոնիթորինգ,Նպաստել շրջակա միջավայրի և բնական ռեսուրսների (բացառությամբ օգտակար հանածոների) պահպանությանը,Շրջակա միջավայրի վերաբերյալ ամբողջական տեղեկատվության հրապարակում,11003,"Արարատյան դաշտի ապօրինի շահագործվող, ինքնաշատրվանող և բացասական մակարդակով հորերի լուծարում և կոնսերվացում","Արարատյան դաշտի ապօրինի շահագործվող, ինքնաշատրվանող և բացասական մակարդակով հորերի լուծարման կամ կոնսերվացման աշխատանքների իրականացում",Ծառայությունների մատուցում,15699342.0,17710447.0,7059912.7,9024840.1,7306899.5,0.413,0.81,4215628.8,4269888.7,1227372.5,1280185.0,1153078.5,0.27,0.9009999999999999,0.0,4927.2,0.0,3479.8,0.0,0.0,0.0
ՀՀ շրջակա միջավայրի նախարարություն,1016,1016,Շրջակա միջավայրի վրա ազդեցության գնահատում և մոնիթորինգ,Նպաստել շրջակա միջավայրի և բնական ռեսուրսների (բացառությամբ օգտակար հանածոների) պահպանությանը,Շրջակա միջավայրի վերաբերյալ ամբողջական տեղեկատվության հրապարակում,11004,"Հիդրոօդերևութաբանություն, շրջակա միջավայրի մոնիթորինգ և տեղեկատվության ապահովում","Հիդրոօդերևութաբանություն, շրջակա միջավայրի մոնիթորինգի տեղեկատվության տրամադրման  աշխատանքներ",,15699342.0,17710447.0,7059912.7,9024840.1,7306899.5,0.413,0.81,4215628.8,4269888.7,1227372.5,1280185.0,1153078.5,0.27,0.9009999999999999,1650941.0,1650941.0,742923.5,742923.5,742923.5,0.45,1.0
ՀՀ շրջակա միջավայրի նախարարություն,1016,1016,Շրջակա միջավայրի վրա ազդեցության գնահատում և մոնիթորինգ,Նպաստել շրջակա միջավայրի և բնական ռեսուրսների (բացառությամբ օգտակար հանածոների) պահպանությանը,Շրջակա միջավայրի վերաբերյալ ամբողջական տեղեկատվության հրապարակում,11006,"«Շենքերի ոլորտում չափողականություն, հաշվետվողականություն և հավաստագրում (ՉՀՀ)» համակարգի ստեղծում և գիտելիքների կառավարում","ՀՀ հանրային նշանակության շենքերի և այլ հասարակական կառույցների էներգախնայողության հաշվարկման  համակարգի ստեղծման, ենթաօրենսդրական փաթեթի մշակման և համակարգի արդյունավետության վերաբերյալ տեղեկատվության հանրայնացման աշխատանքների իրականացում",,15699342.0,17710447.0,7059912.7,9024840.1,7306899.5,0.413,0.81,4215628.8,4269888.7,1227372.5,1280185.0,1153078.5,0.27,0.9009999999999999,22953.0,22953.0,15302.0,15302.0,13568.4,0.591,0.887
ՀՀ շրջակա միջավայրի նախարարություն,1016,1016,Շրջակա միջավայրի վրա ազդեցության գնահատում և մոնիթորինգ,Նպաստել շրջակա միջավայրի և բնական ռեսուրսների (բացառությամբ օգտակար հանածոների) պահպանությանը,Շրջակա միջավայրի վերաբերյալ ամբողջական տեղեկատվության հրապարակում,11009,«Հայաստանի դիմակայուն լանդշաֆտներ»  դրամաշնորհային ծրագիր,«Հայաստանի դիմակայուն լանդշաֆտների ծրագրի» շրջանակներում համապատասխան փաստաթղթերի և ձեռնարկների մշակում և Հյուսիսային Կապան և Տանձուտ լքված հանքավայրերի տեղամասերում ռեկուլտիվացիայի աշխատանքների իրականացում,,15699342.0,17710447.0,7059912.7,9024840.1,7306899.5,0.413,0.81,4215628.8,4269888.7,1227372.5,1280185.0,1153078.5,0.27,0.9009999999999999,1948700.1,1948700.1,202281.6,202281.6,190457.8,0.098,0.9420000000000001
ՀՀ շրջակա միջավայրի նախարարություն,1016,1016,Շրջակա միջավայրի վրա ազդեցության գնահատում և մոնիթորինգ,Նպաստել շրջակա միջավայրի և բնական ռեսուրսների (բացառությամբ օգտակար հանածոների) պահպանությանը,Շրջակա միջավայրի վերաբերյալ ամբողջական տեղեկատվության հրապարակում,11010,«Սևանա լճի ավազանում հողային ռեսուրսների և արժեքավոր էկոհամակարգերի պահպանում և կայուն կառավարում`  ուղղված բազմակի օգուտների» դրամաշնորհային ծրագիր,Սևանա լճի ավազանի հողերի դեգրադացիայի նվազեցում և կենսաբազմազանության պահպանում: Ծրագիրը նաև ուղղված է  արոտավայրերի կայուն կառավարմանը և կայուն գյուղատնտեսական գործելակերպերի ապահովմանը`  հատկապես բնության հատուկ պահպանվող տարածքների շրջակայքում:,,15699342.0,17710447.0,7059912.7,9024840.1,7306899.5,0.413,0.81,4215628.8,4269888.7,1227372.5,1280185.0,1153078.5,0.27,0.9009999999999999,248485.4,248485.4,111818.2,111818.2,95113.0,0.38299999999999995,0.851
ՀՀ շրջակա միջավայրի նախարարություն,1016,1016,Շրջակա միջավայրի վրա ազդեցության գնահատում և մոնիթորինգ,Նպաստել շրջակա միջավայրի և բնական ռեսուրսների (բացառությամբ օգտակար հանածոների) պահպանությանը,Շրջակա միջավայրի վերաբերյալ ամբողջական տեղեկատվության հրապարակում,11011,Կլիմա-արտաքին պարտք հաշվանցման մեխանիզմին աջակցություն,Պարտատեր երկրների միջև կլիմա-արտաքին պարտք հաշվանցման մեխանիզմի շրջանակներում արտաքին պետական պարտքի հաշվանցման գծով խորհրդատվական ծառայությունների մատուցում,Ծառայությունների մատուցում,15699342.0,17710447.0,7059912.7,9024840.1,7306899.5,0.413,0.81,4215628.8,4269888.7,1227372.5,1280185.0,1153078.5,0.27,0.9009999999999999,0.0,49332.7,0.0,49332.7,0.0,0.0,0.0
ՀՀ շրջակա միջավայրի նախարարություն,1016,1016,Շրջակա միջավայրի վրա ազդեցության գնահատում և մոնիթորինգ,Նպաստել շրջակա միջավայրի և բնական ռեսուրսների (բացառությամբ օգտակար հանածոների) պահպանությանը,Շրջակա միջավայրի վերաբերյալ ամբողջական տեղեկատվության հրապարակում,12002,Սևանա լճի ավազանում հողային ռեսուրսների և արժեքավոր էկոհամակարգերի պահպանում և կայուն կառավարում՛ ուղղված բազմակի օգուտների » դրամաշնորհային ծրագրի շրջանակներում համայնքներին տրամադրվող աջակցություն:,Ոռոգման համակարգերի կառուցման և վերակառուցման աշխատանքների իրականացում,,15699342.0,17710447.0,7059912.7,9024840.1,7306899.5,0.413,0.81,4215628.8,4269888.7,1227372.5,1280185.0,1153078.5,0.27,0.9009999999999999,127293.5,127293.5,57282.1,57282.1,13250.7,0.10400000000000001,0.231
ՀՀ շրջակա միջավայրի նախարարություն,1071,1071,"Շրջակա միջավայրի ոլորտում պետական քաղաքականության մշակում, ծրագրերի համակարգում և մոնիտորինգ",Շրջակա միջավայրի պահպանությանն ուղղված պետական քաղաքականության մշակում և իրականացում,"Շրջակա միջավայրի պահպանությանն ուղղված օրենսդրական դաշտի բարելավում, իրականացվող ծրագրերի ազդեցության և արդյունավետության աճ",11001,"Շրջակա միջավայրի ոլորտում քաղաքականության մշակում, ծրագրերի համակարգում և մոնիտորինգ","Շրջակա միջավայրի պահպանությանն ուղղված օրենսդրական դաշտի բարելավում, իրականացվող ծրագրերի արդյունավետության  ապահովում",Ծառայությունների մատուցում,15699342.0,17710447.0,7059912.7,9024840.1,7306899.5,0.413,0.81,2254228.2,3279494.8,1622146.0,2622614.0,2473293.8,0.754,0.943,1148786.2,1217611.2,574697.1,618723.5,503930.8,0.414,0.8140000000000001
ՀՀ շրջակա միջավայրի նախարարություն,1071,1071,"Շրջակա միջավայրի ոլորտում պետական քաղաքականության մշակում, ծրագրերի համակարգում և մոնիտորինգ",Շրջակա միջավայրի պահպանությանն ուղղված պետական քաղաքականության մշակում և իրականացում,"Շրջակա միջավայրի պահպանությանն ուղղված օրենսդրական դաշտի բարելավում, իրականացվող ծրագրերի ազդեցության և արդյունավետության աճ",11002,Շրջակա միջավայրի ոլորտի ծրագրերի իրականացում,Շրջակա միջավայրի ոլորտի  ծրագրերի մշակում և իրականացման համակարգում,Ծառայությունների մատուցում,15699342.0,17710447.0,7059912.7,9024840.1,7306899.5,0.413,0.81,2254228.2,3279494.8,1622146.0,2622614.0,2473293.8,0.754,0.943,105442.0,105442.0,47448.9,47448.9,45077.5,0.428,0.95
ՀՀ շրջակա միջավայրի նախարարություն,1071,1071,"Շրջակա միջավայրի ոլորտում պետական քաղաքականության մշակում, ծրագրերի համակարգում և մոնիտորինգ",Շրջակա միջավայրի պահպանությանն ուղղված պետական քաղաքականության մշակում և իրականացում,"Շրջակա միջավայրի պահպանությանն ուղղված օրենսդրական դաշտի բարելավում, իրականացվող ծրագրերի ազդեցության և արդյունավետության աճ",11005,Կենսաբազմազանության մասին կոնվենցիայի կողմերի 17-րդ համաժողովի (COP 17) կազմակերպում և անցկացում,Կենսաբազմազանության մասին կոնվենցիայի կողմերի 17-րդ համաժողովի (COP 17) կազմակերպման և անցկացման աշխատանքներ,Ծառայությունների մատուցում,15699342.0,17710447.0,7059912.7,9024840.1,7306899.5,0.413,0.81,2254228.2,3279494.8,1622146.0,2622614.0,2473293.8,0.754,0.943,1000000.0,1000000.0,1000000.0,1000000.0,969401.0,0.9690000000000001,0.9690000000000001
ՀՀ շրջակա միջավայրի նախարարություն,1071,1071,"Շրջակա միջավայրի ոլորտում պետական քաղաքականության մշակում, ծրագրերի համակարգում և մոնիտորինգ",Շրջակա միջավայրի պահպանությանն ուղղված պետական քաղաքականության մշակում և իրականացում,"Շրջակա միջավայրի պահպանությանն ուղղված օրենսդրական դաշտի բարելավում, իրականացվող ծրագրերի ազդեցության և արդյունավետության աճ",11006,Պետական կառավարման  մարմինների կատարողականի գնահատում և խրախուսում,"Պետական մարմնի գործունեության առաջնահերթությունների սահմանում, կատարողականի գնահատման հիման վրա՛ խրախուսման միջոցով արդյունավետության բարձրացում",Ծառայությունների մատուցում,15699342.0,17710447.0,7059912.7,9024840.1,7306899.5,0.413,0.81,2254228.2,3279494.8,1622146.0,2622614.0,2473293.8,0.754,0.943,0.0,147316.3,0.0,147316.3,145759.2,0.9890000000000001,0.9890000000000001
ՀՀ շրջակա միջավայրի նախարարություն,1071,1071,"Շրջակա միջավայրի ոլորտում պետական քաղաքականության մշակում, ծրագրերի համակարգում և մոնիտորինգ",Շրջակա միջավայրի պահպանությանն ուղղված պետական քաղաքականության մշակում և իրականացում,"Շրջակա միջավայրի պահպանությանն ուղղված օրենսդրական դաշտի բարելավում, իրականացվող ծրագրերի ազդեցության և արդյունավետության աճ",11007,Պարտավորություններ միջազգային բնապահպանական կազմակերպություններին,ՀՀ կառավարության և ՄԱԿ-ի «Կենսաբանական բազմազա-նության մասին» կոնվենցիայի քարտուղարության միջև ստորագրված համաձայնագրովստանձնած պարտավորության կատարում,Ծառայությունների մատուցում,15699342.0,17710447.0,7059912.7,9024840.1,7306899.5,0.413,0.81,2254228.2,3279494.8,1622146.0,2622614.0,2473293.8,0.754,0.943,0.0,809125.3,0.0,809125.3,809125.3,1.0,1.0
ՀՀ շրջակա միջավայրի նախարարություն,1133,1133,Բնապահպանական ծրագրերի իրականացում համայնքներում,Տնտեսական գործունեության հետևանքով շրջակա միջավայրին և բնակչության առողջությանը պատճառված վնասների մեղմմանն ուղղված ծրագրերի իրականացման համակարգում,Ազդակիր համայնքներում բարելավված շրջակա միջավայր,12001,Բնապահպանական սուբվենցիաներ համայնքներին,Տնտեսական գործունեության հետևանքով շրջակա միջավայրին և բնակչության առողջությանը պատճառված վնասների մեղմմանն ուղղված ծրագրերի իրականացման աջակցություն ազդակիր համայնքներին,Տրանսֆերտների տրամադրում,15699342.0,17710447.0,7059912.7,9024840.1,7306899.5,0.413,0.81,685960.9,685960.9,205788.3,205788.3,69116.8,0.10099999999999999,0.336,685960.9,685960.9,205788.3,205788.3,69116.8,0.10099999999999999,0.336
ՀՀ շրջակա միջավայրի նախարարություն,1155,1155,Բնական ռեսուրսների և բնության հատուկ պահպանվող տարածքների կառավարում,Բնական ռեսուրսների և կենսաբազմազանության արդյունավետ կառավարում,Բնական ռեսուրսների և կենսաբազմազանության վերարտադրության աճի ապահովում,11003,Սևանա լճում և նրա ջրահավաք ավազանում ձկան և խեցգետնի պաշարների հաշվառում,Սևանա լճում և նրա ջրահավաք ավազանում ձկան և խեցգետնի պաշարների հաշվառման աշխատանքներ,,15699342.0,17710447.0,7059912.7,9024840.1,7306899.5,0.413,0.81,1112077.7,1136409.4,498460.2,502860.3,481367.0,0.424,0.9570000000000001,15452.2,15452.2,6953.5,6953.5,6953.5,0.45,1.0
ՀՀ շրջակա միջավայրի նախարարություն,1155,1155,Բնական ռեսուրսների և բնության հատուկ պահպանվող տարածքների կառավարում,Բնական ռեսուրսների և կենսաբազմազանության արդյունավետ կառավարում,Բնական ռեսուրսների և կենսաբազմազանության վերարտադրության աճի ապահովում,11004,«Սևան» ազգային պարկի կառավարում,«Սևան» ազգային պարկի տարածքում  գիտական ուսումնասիրությունների և  անտառատնտեսական  աշխատանքների կատարում,,15699342.0,17710447.0,7059912.7,9024840.1,7306899.5,0.413,0.81,1112077.7,1136409.4,498460.2,502860.3,481367.0,0.424,0.9570000000000001,165088.7,165088.7,74289.9,74289.9,57196.7,0.34600000000000003,0.77
ՀՀ շրջակա միջավայրի նախարարություն,1155,1155,Բնական ռեսուրսների և բնության հատուկ պահպանվող տարածքների կառավարում,Բնական ռեսուրսների և կենսաբազմազանության արդյունավետ կառավարում,Բնական ռեսուրսների և կենսաբազմազանության վերարտադրության աճի ապահովում,11005,«Դիլիջան» ազգային պարկի  կառավարում,«Դիլիջան» ազգային պարկի տարածքում  գիտական ուսումնասիրությունների և  անտառատնտեսական աշխատանքների կատարում,,15699342.0,17710447.0,7059912.7,9024840.1,7306899.5,0.413,0.81,1112077.7,1136409.4,498460.2,502860.3,481367.0,0.424,0.9570000000000001,61701.0,61701.0,27765.5,27765.5,27765.5,0.45,1.0
ՀՀ շրջակա միջավայրի նախարարություն,1155,1155,Բնական ռեսուրսների և բնության հատուկ պահպանվող տարածքների կառավարում,Բնական ռեսուրսների և կենսաբազմազանության արդյունավետ կառավարում,Բնական ռեսուրսների և կենսաբազմազանության վերարտադրության աճի ապահովում,11006,«Արգելոցապարկային համալիր» բնության հատուկ պահպանվող տարածքների  կառավարում,«Արգելոցապարկային համալիր» ԲՀՊ տարածքներում  գիտական ուսումնասիրությունների և  անտառատնտեսական աշխատանքների կատարում,,15699342.0,17710447.0,7059912.7,9024840.1,7306899.5,0.413,0.81,1112077.7,1136409.4,498460.2,502860.3,481367.0,0.424,0.9570000000000001,115799.7,139131.4,52109.9,56510.0,52109.9,0.375,0.922
ՀՀ շրջակա միջավայրի նախարարություն,1155,1155,Բնական ռեսուրսների և բնության հատուկ պահպանվող տարածքների կառավարում,Բնական ռեսուրսների և կենսաբազմազանության արդյունավետ կառավարում,Բնական ռեսուրսների և կենսաբազմազանության վերարտադրության աճի ապահովում,11007,«Խոսրովի անտառ» պետական արգելոցի  կառավարում,«Խոսրովի անտառ» պետական արգելոցի տարածքում   գիտական ուսումնասիրությունների և  անտառատնտեսական  աշխատանքների կատարում,Ծառայությունների մատուցում,15699342.0,17710447.0,7059912.7,9024840.1,7306899.5,0.413,0.81,1112077.7,1136409.4,498460.2,502860.3,481367.0,0.424,0.9570000000000001,111787.9,111787.9,50304.6,50304.6,50304.6,0.45,1.0
ՀՀ շրջակա միջավայրի նախարարություն,1155,1155,Բնական ռեսուրսների և բնության հատուկ պահպանվող տարածքների կառավարում,Բնական ռեսուրսների և կենսաբազմազանության արդյունավետ կառավարում,Բնական ռեսուրսների և կենսաբազմազանության վերարտադրության աճի ապահովում,11008,«Արփի լիճ» ազգային պարկի  կառավարում,«Արփի լիճ» ազգային պարկի գիտական ուսումնասիրությունների կատարում,Ծառայությունների մատուցում,15699342.0,17710447.0,7059912.7,9024840.1,7306899.5,0.413,0.81,1112077.7,1136409.4,498460.2,502860.3,481367.0,0.424,0.9570000000000001,47812.7,47812.7,21515.7,21515.7,21515.7,0.45,1.0
ՀՀ շրջակա միջավայրի նախարարություն,1155,1155,Բնական ռեսուրսների և բնության հատուկ պահպանվող տարածքների կառավարում,Բնական ռեսուրսների և կենսաբազմազանության արդյունավետ կառավարում,Բնական ռեսուրսների և կենսաբազմազանության վերարտադրության աճի ապահովում,11010,«Զանգեզուր կենսոլորտային համալիր » բնության հատուկ պահպանվող տարածքների կառավարում,«Զանգեզուր» կենսոլորտային համալիր  ԲՀՊ տարածքներում  գիտական ուսումնասիրությունների և  անտառատնտեսական աշխատանքների կատարում,Ծառայությունների մատուցում,15699342.0,17710447.0,7059912.7,9024840.1,7306899.5,0.413,0.81,1112077.7,1136409.4,498460.2,502860.3,481367.0,0.424,0.9570000000000001,122275.8,122275.8,55024.1,55024.1,55024.1,0.45,1.0
ՀՀ շրջակա միջավայրի նախարարություն,1155,1155,Բնական ռեսուրսների և բնության հատուկ պահպանվող տարածքների կառավարում,Բնական ռեսուրսների և կենսաբազմազանության արդյունավետ կառավարում,Բնական ռեսուրսների և կենսաբազմազանության վերարտադրության աճի ապահովում,11012,Որսի օբյեկտ հանդիսացող կենդանիների հաշվառում,Որսի օբյեկտ հանդիսացող կենդանիների հաշվառման և ստացված տվյալների հիման վրա պետական կադաստրի վարման աշխատանքների իրականացում,Ծառայությունների մատուցում,15699342.0,17710447.0,7059912.7,9024840.1,7306899.5,0.413,0.81,1112077.7,1136409.4,498460.2,502860.3,481367.0,0.424,0.9570000000000001,4388.7,4388.7,0.0,0.0,0.0,0.0,0.0
ՀՀ շրջակա միջավայրի նախարարություն,1155,1155,Բնական ռեսուրսների և բնության հատուկ պահպանվող տարածքների կառավարում,Բնական ռեսուրսների և կենսաբազմազանության արդյունավետ կառավարում,Բնական ռեսուրսների և կենսաբազմազանության վերարտադրության աճի ապահովում,12004,Սևանի իշխանի պաշարների վերականգնման և ձկնաբուծության զարգացման հիմնադրամի առողջացմանն ուղղված աջակցություն,Սևանի իշխանի պաշարների վերականգնման և ձկնաբուծության զարգացմանհիմնադրամի ծրագրի առողջացմանն ուղղված աջակցության տրամադրում,Տրանսֆերտների տրամադրում,15699342.0,17710447.0,7059912.7,9024840.1,7306899.5,0.413,0.81,1112077.7,1136409.4,498460.2,502860.3,481367.0,0.424,0.9570000000000001,467771.0,467771.0,210497.0,210497.0,210497.0,0.45,1.0
ՀՀ շրջակա միջավայրի նախարարություն,1155,1155,Բնական ռեսուրսների և բնության հատուկ պահպանվող տարածքների կառավարում,Բնական ռեսուրսների և կենսաբազմազանության արդյունավետ կառավարում,Բնական ռեսուրսների և կենսաբազմազանության վերարտադրության աճի ապահովում,32002,ՀՀ Կոտայքի մարզի բնության հուշարձանների ուսումնասիրություն և անձնագրավորում,"ՀՀ Կոտայքի մարզի բնության հուշարձանների ուսումնասիրության, վերջիններիս իրավունքի պետական գրանցման և անձնագրավորման աշխատանքների իրականացում",Հանրության կողմից անմիջականորեն օգտագործվող ակտիվների հետ կապված միջոցառումներ,15699342.0,17710447.0,7059912.7,9024840.1,7306899.5,0.413,0.81,1112077.7,1136409.4,498460.2,502860.3,481367.0,0.424,0.9570000000000001,0.0,1000.0,0.0,0.0,0.0,0.0,0.0
ՀՀ շրջակա միջավայրի նախարարություն,1173,1173,Անտառների կառավարում,Անտառային տարածքների կայուն կառավարում,Կայուն կառավարվող անտառային տարածքների աճ,11001,Էկոպարեկային ծառայություն,Անտառներում և  բնության հատուկ պահպանվող տարածքներում պահպանության իրականացում և համակարգում,Ծառայությունների մատուցում,15699342.0,17710447.0,7059912.7,9024840.1,7306899.5,0.413,0.81,7390645.7,8297892.5,3487785.4,4395032.2,3111683.2,0.375,0.708,5680741.9,5680741.9,2390477.9,2390477.9,1847322.3,0.325,0.773
ՀՀ շրջակա միջավայրի նախարարություն,1173,1173,Անտառների կառավարում,Անտառային տարածքների կայուն կառավարում,Կայուն կառավարվող անտառային տարածքների աճ,11002,Անտառկառավարման և անտառտնտեսական  ծառայություններ,Անտառային տարածքների կառավարման և անտառտնտեսական  աշխատանքների կատարման ծառայություններ,Ծառայությունների մատուցում,15699342.0,17710447.0,7059912.7,9024840.1,7306899.5,0.413,0.81,7390645.7,8297892.5,3487785.4,4395032.2,3111683.2,0.375,0.708,474447.8,474447.8,213501.5,213501.5,213501.5,0.45,1.0
ՀՀ շրջակա միջավայրի նախարարություն,1173,1173,Անտառների կառավարում,Անտառային տարածքների կայուն կառավարում,Կայուն կառավարվող անտառային տարածքների աճ,11003,Անտառների կադաստրի վարում,Անտառային պետական կադաստրի վարում,Ծառայությունների մատուցում,15699342.0,17710447.0,7059912.7,9024840.1,7306899.5,0.413,0.81,7390645.7,8297892.5,3487785.4,4395032.2,3111683.2,0.375,0.708,3000.0,3000.0,1350.0,1350.0,0.0,0.0,0.0
ՀՀ շրջակա միջավայրի նախարարություն,1173,1173,Անտառների կառավարում,Անտառային տարածքների կայուն կառավարում,Կայուն կառավարվող անտառային տարածքների աճ,11004,Անտառների վնասակար օրգանիզմների դեմ պայքար,Անտառածածկ տարածքներում վնասատուների և հիվանդությունների դեմ պայքար,Ծառայությունների մատուցում,15699342.0,17710447.0,7059912.7,9024840.1,7306899.5,0.413,0.81,7390645.7,8297892.5,3487785.4,4395032.2,3111683.2,0.375,0.708,390906.0,390906.0,390906.0,390906.0,0.0,0.0,0.0
ՀՀ շրջակա միջավայրի նախարարություն,1173,1173,Անտառների կառավարում,Անտառային տարածքների կայուն կառավարում,Կայուն կառավարվող անտառային տարածքների աճ,31001,Էկոպարեկային  ծառայության տեխնիկական կարողությունների ընդլայնում,Համակարգչային սարքավորումների և գրասենյակային գույքի ձեռքբերում,,15699342.0,17710447.0,7059912.7,9024840.1,7306899.5,0.413,0.81,7390645.7,8297892.5,3487785.4,4395032.2,3111683.2,0.375,0.708,0.0,14157.0,0.0,14157.0,14076.2,0.9940000000000001,0.9940000000000001
ՀՀ շրջակա միջավայրի նախարարություն,1173,1173,Անտառների կառավարում,Անտառային տարածքների կայուն կառավարում,Կայուն կառավարվող անտառային տարածքների աճ,31002,ՀՀ շրջակա միջավայրի նախարարության Անտառային կոմիտեի տրանսպորտային միջոցներով հագեցվածության բարելավում,Ավտոմեքենաների ձեռքբերում,Պետական մարմինների կողմից օգտագործվող ոչ ֆինանսական ակտիվների հետ գործառնություններ,15699342.0,17710447.0,7059912.7,9024840.1,7306899.5,0.413,0.81,7390645.7,8297892.5,3487785.4,4395032.2,3111683.2,0.375,0.708,0.0,893089.8,0.0,893089.8,886783.2,0.993,0.993
ՀՀ շրջակա միջավայրի նախարարություն,1173,1173,Անտառների կառավարում,Անտառային տարածքների կայուն կառավարում,Կայուն կառավարվող անտառային տարածքների աճ,31003,Էկոպարեկային ծառայության շենքային պայմաններով ապահովում,"Էկոպարեկային ծառայության շենք-շինությունների կապիտալ վերանորոգում, շինարարություն և նախագծանախահաշվային փաստաթղթերի ձեռքբերում",Պետական մարմինների կողմից օգտագործվող ոչ ֆինանսական ակտիվների հետ գործառնություններ,15699342.0,17710447.0,7059912.7,9024840.1,7306899.5,0.413,0.81,7390645.7,8297892.5,3487785.4,4395032.2,3111683.2,0.375,0.708,341550.0,341550.0,341550.0,341550.0,0.0,0.0,0.0
ՀՀ շրջակա միջավայրի նախարարություն,1173,1173,Անտառների կառավարում,Անտառային տարածքների կայուն կառավարում,Կայուն կառավարվող անտառային տարածքների աճ,32001,Անտառվերականգնման և անտառապատման աշխատանքներ,Անտառվերականգնման և անտառապատման աշխատանքների իրականացում,Այլ պետական կազմակերպությունների կողմից օգտագործվող ոչ ֆինանսական ակտիվների հետ գործառնություններ,15699342.0,17710447.0,7059912.7,9024840.1,7306899.5,0.413,0.81,7390645.7,8297892.5,3487785.4,4395032.2,3111683.2,0.375,0.708,500000.0,500000.0,150000.0,150000.0,150000.0,0.3,1.0
ՀՀ շրջակա միջավայրի նախարարություն,1186,1186,Բնագիտական նմուշների պահպանություն և ցուցադրություն,"Նպաստել բնապահպանական աշխարհայացքի ձևավորմանը, բնակչության էկոլոգիական դաստիարակությանը",Մշտական և ժամանակավոր ցուցահանդեսների միջոցով հավաքածուները ներկայացնել հանրությանը և իրականացնել բնապահպանական քարոզչություն,11001,Բնագիտական նմուշների պահպանություն և ցուցադրություն,"Հայաստանին բնորոշ բնության օբյեկտների  նմուշների պահպանում, ֆոնդերի թարմացում, նմուշների ցուցահանդեսների կազմակերպում",Ծառայությունների մատուցում,15699342.0,17710447.0,7059912.7,9024840.1,7306899.5,0.413,0.81,40800.7,40800.7,18360.3,18360.3,18360.3,0.45,1.0,40800.7,40800.7,18360.3,18360.3,18360.3,0.45,1.0
"ՀՀ կրթության, գիտության, մշակույթի և սպորտի նախարարություն",1041,1041,Մեծ նվաճումների սպորտ,Նպաստել Հայաստանում մեծ սպորտի շարունակական զարգացմանը և միջազգային հարթակներում ՀՀ դիրքի բարելավմանը,"ՀՀ առաջնությունների ընդլայնում, միջազգային սպորտային միջոցառումներին մասնակցության և նվաճումների ապահովում",11001,ՀՀ առաջնություններին և միջազգային միջոցառումներին մասնակցության ապահովման համար մարզիկների նախապատրաստում և առաջնությունների անցկացում,"Մարզաձևերի ազգային ֆեդերացիաների կողմից մարզիկների պատրաստում և տարբեր մարզաձևերի ՀՀ առաջնությունների և միջազգային մրցաշարերի անցկացում, ուսումնամարզական հավաքների կազմակերպում և միջազգային միջոցառումներին մասնակցություն",Ծառայությունների մատուցում,419955810.3,426245569.0,226081766.4,234710466.5,178544435.2,0.419,0.7609999999999999,6960737.7,7382544.5,3455660.7,3885867.5,3315684.5,0.449,0.853,1848628.7,1863628.7,1361492.4,1376492.4,1154836.5,0.62,0.8390000000000001
"ՀՀ կրթության, գիտության, մշակույթի և սպորտի նախարարություն",1041,1041,Մեծ նվաճումների սպորտ,Նպաստել Հայաստանում մեծ սպորտի շարունակական զարգացմանը և միջազգային հարթակներում ՀՀ դիրքի բարելավմանը,"ՀՀ առաջնությունների ընդլայնում, միջազգային սպորտային միջոցառումներին մասնակցության և նվաճումների ապահովում",11002,ՀՀ հավաքական թիմերին մարզահագուստով և մարզահանդերձանքով ապահովում,ՀՀ հավաքական թիմերին անհրաժեշտ մարզահագուստով և մարզահանդերձանքով ապահովման ծառայություններ,Ծառայությունների մատուցում,419955810.3,426245569.0,226081766.4,234710466.5,178544435.2,0.419,0.7609999999999999,6960737.7,7382544.5,3455660.7,3885867.5,3315684.5,0.449,0.853,81840.0,92595.6,81840.0,92595.6,27508.8,0.297,0.297
"ՀՀ կրթության, գիտության, մշակույթի և սպորտի նախարարություն",1041,1041,Մեծ նվաճումների սպորտ,Նպաստել Հայաստանում մեծ սպորտի շարունակական զարգացմանը և միջազգային հարթակներում ՀՀ դիրքի բարելավմանը,"ՀՀ առաջնությունների ընդլայնում, միջազգային սպորտային միջոցառումներին մասնակցության և նվաճումների ապահովում",11003,Ադապտիվ սպորտին առնչվող ծառայություններ,Հաշմանդամային մարզական ՀԿ-ի կողմից միջազգային մրցաշարերին մարզիկների նախապատրաստում և մասնակցության ապահովում և ՀՀ առաջնությունների և այլ մարզական միջոցառումների անցկացում,Ծառայությունների մատուցում,419955810.3,426245569.0,226081766.4,234710466.5,178544435.2,0.419,0.7609999999999999,6960737.7,7382544.5,3455660.7,3885867.5,3315684.5,0.449,0.853,59362.6,59362.6,30729.6,30729.6,8834.2,0.149,0.287
"ՀՀ կրթության, գիտության, մշակույթի և սպորտի նախարարություն",1041,1041,Մեծ նվաճումների սպորտ,Նպաստել Հայաստանում մեծ սպորտի շարունակական զարգացմանը և միջազգային հարթակներում ՀՀ դիրքի բարելավմանը,"ՀՀ առաջնությունների ընդլայնում, միջազգային սպորտային միջոցառումներին մասնակցության և նվաճումների ապահովում",11007,Շախմատիստների պատրաստման ծառայություններ,"Հայաստանի շախմատի ակադեմիա հիմնադրամի սաների ամենօրյա անվճար ուսուցում, միջազգային գրոսմայստերների և վարպետների պատրաստում, նրանց համար ուսումնամարզական հավաքների և մրցաշարերի կազմակերպում",Ծառայությունների մատուցում,419955810.3,426245569.0,226081766.4,234710466.5,178544435.2,0.419,0.7609999999999999,6960737.7,7382544.5,3455660.7,3885867.5,3315684.5,0.449,0.853,159049.8,159049.8,83447.0,83447.0,83447.0,0.525,1.0
"ՀՀ կրթության, գիտության, մշակույթի և սպորտի նախարարություն",1041,1041,Մեծ նվաճումների սպորտ,Նպաստել Հայաստանում մեծ սպորտի շարունակական զարգացմանը և միջազգային հարթակներում ՀՀ դիրքի բարելավմանը,"ՀՀ առաջնությունների ընդլայնում, միջազգային սպորտային միջոցառումներին մասնակցության և նվաճումների ապահովում",11019,Ձմեռային օլիմպիական խաղերին Հայաստանի մարզական պատվիրակության մասնակցության  ապահովում,Ձմեռային օլիմպիական խաղերին Հայաստանի մարզական պատվիրակության մասնակցության  ապահովում,Ծառայությունների մատուցում,419955810.3,426245569.0,226081766.4,234710466.5,178544435.2,0.419,0.7609999999999999,6960737.7,7382544.5,3455660.7,3885867.5,3315684.5,0.449,0.853,41072.8,41072.8,41072.8,41072.8,41072.7,1.0,1.0
"ՀՀ կրթության, գիտության, մշակույթի և սպորտի նախարարություն",1041,1041,Մեծ նվաճումների սպորտ,Նպաստել Հայաստանում մեծ սպորտի շարունակական զարգացմանը և միջազգային հարթակներում ՀՀ դիրքի բարելավմանը,"ՀՀ առաջնությունների ընդլայնում, միջազգային սպորտային միջոցառումներին մասնակցության և նվաճումների ապահովում",11020,Ամառային պատանեկան օլիմպիական խաղերին Հայաստանի մարզական պատվիրակության մասնակցության ապահովում,Ամառային պատանեկան օլիմպիական խաղերին Հայաստանի մարզական պատվիրակության մասնակցության ապահովում,Ծառայությունների մատուցում,419955810.3,426245569.0,226081766.4,234710466.5,178544435.2,0.419,0.7609999999999999,6960737.7,7382544.5,3455660.7,3885867.5,3315684.5,0.449,0.853,40081.0,40081.0,40081.0,40081.0,0.0,0.0,0.0
"ՀՀ կրթության, գիտության, մշակույթի և սպորտի նախարարություն",1041,1041,Մեծ նվաճումների սպորտ,Նպաստել Հայաստանում մեծ սպորտի շարունակական զարգացմանը և միջազգային հարթակներում ՀՀ դիրքի բարելավմանը,"ՀՀ առաջնությունների ընդլայնում, միջազգային սպորտային միջոցառումներին մասնակցության և նվաճումների ապահովում",11026,Հայաստանի Հանրապետության հակադոպինգային ծրագրերի մշակում և իրականացում,"ՀՀ մարզիկների մրցումային և արտամրցումային դոպինգ ստուգում, սպորտում արգելված նյութերի և մեթոդների կանխարգելում և հակադոպինգային կանոնակարգերի մշակում",Ծառայությունների մատուցում,419955810.3,426245569.0,226081766.4,234710466.5,178544435.2,0.419,0.7609999999999999,6960737.7,7382544.5,3455660.7,3885867.5,3315684.5,0.449,0.853,97117.0,97117.0,51432.4,51432.4,51432.4,0.53,1.0
"ՀՀ կրթության, գիտության, մշակույթի և սպորտի նախարարություն",1041,1041,Մեծ նվաճումների սպորտ,Նպաստել Հայաստանում մեծ սպորտի շարունակական զարգացմանը և միջազգային հարթակներում ՀՀ դիրքի բարելավմանը,"ՀՀ առաջնությունների ընդլայնում, միջազգային սպորտային միջոցառումներին մասնակցության և նվաճումների ապահովում",11030,ՀՀ հավաքական թիմերի մարզիկների ֆունկցիոնալ վիճակի արդյունավետության բարձրացման նպատակով վիտամինիզացիայի և  սպորտում չարգելված կենսաբանական ակտիվ հավելումներով ապահովում,ՀՀ հավաքական թիմերի մարզիկների ֆունկցիոնալ վիճակի արդյունավետության բարձրացման նպատակով անհրաժեշտ վիտամինիզացիայի և  սպորտում չարգելված կենսաբանական ակտիվ հավելումներով ապահովում,Ծառայությունների մատուցում,419955810.3,426245569.0,226081766.4,234710466.5,178544435.2,0.419,0.7609999999999999,6960737.7,7382544.5,3455660.7,3885867.5,3315684.5,0.449,0.853,30000.0,30000.0,24000.0,24000.0,23840.0,0.795,0.993
"ՀՀ կրթության, գիտության, մշակույթի և սպորտի նախարարություն",1041,1041,Մեծ նվաճումների սպորտ,Նպաստել Հայաստանում մեծ սպորտի շարունակական զարգացմանը և միջազգային հարթակներում ՀՀ դիրքի բարելավմանը,"ՀՀ առաջնությունների ընդլայնում, միջազգային սպորտային միջոցառումներին մասնակցության և նվաճումների ապահովում",11047,"Հայաստանում խոշոր մրցաշարերի, աշխարհի և Եվրոպայի առաջնությունների կազմակերպում և անցկացում","Հայաստանում խոշոր մրցաշարերի, աշխարհի և Եվրոպայի առաջնությունների կազմակերպման և անցկացման ապահովում",Ծառայությունների մատուցում,419955810.3,426245569.0,226081766.4,234710466.5,178544435.2,0.419,0.7609999999999999,6960737.7,7382544.5,3455660.7,3885867.5,3315684.5,0.449,0.853,617815.5,887815.5,596436.9,824639.2,811410.4,0.914,0.9840000000000001
"ՀՀ կրթության, գիտության, մշակույթի և սպորտի նախարարություն",1041,1041,Մեծ նվաճումների սպորտ,Նպաստել Հայաստանում մեծ սպորտի շարունակական զարգացմանը և միջազգային հարթակներում ՀՀ դիրքի բարելավմանը,"ՀՀ առաջնությունների ընդլայնում, միջազգային սպորտային միջոցառումներին մասնակցության և նվաճումների ապահովում",11051,Հայաստանում Ֆրանկոֆոնիայի մարզամշակութային խաղերի նախապատրաստում և անցկացում,Հայաստանում Ֆրանկոֆոնիայի մարզամշակութային խաղերի նախապատրաստում և անցկացման ապահովում,Ծառայությունների մատուցում,419955810.3,426245569.0,226081766.4,234710466.5,178544435.2,0.419,0.7609999999999999,6960737.7,7382544.5,3455660.7,3885867.5,3315684.5,0.449,0.853,352521.3,324801.3,158534.6,130814.6,0.0,0.0,0.0
"ՀՀ կրթության, գիտության, մշակույթի և սպորտի նախարարություն",1041,1041,Մեծ նվաճումների սպորտ,Նպաստել Հայաստանում մեծ սպորտի շարունակական զարգացմանը և միջազգային հարթակներում ՀՀ դիրքի բարելավմանը,"ՀՀ առաջնությունների ընդլայնում, միջազգային սպորտային միջոցառումներին մասնակցության և նվաճումների ապահովում",11053,Սպորտային միջոցառումների կազմակերպում,«Սպորտի կառավարման կենտրոն»  ՓԲԸ-ի միջոցով սպորտային միջոցառումների կազմակերպման  ապահովում,Ծառայությունների մատուցում,419955810.3,426245569.0,226081766.4,234710466.5,178544435.2,0.419,0.7609999999999999,6960737.7,7382544.5,3455660.7,3885867.5,3315684.5,0.449,0.853,266000.0,266000.0,150000.0,150000.0,150000.0,0.564,1.0
"ՀՀ կրթության, գիտության, մշակույթի և սպորտի նախարարություն",1041,1041,Մեծ նվաճումների սպորտ,Նպաստել Հայաստանում մեծ սպորտի շարունակական զարգացմանը և միջազգային հարթակներում ՀՀ դիրքի բարելավմանը,"ՀՀ առաջնությունների ընդլայնում, միջազգային սպորտային միջոցառումներին մասնակցության և նվաճումների ապահովում",11055,Խրախուսում Հայաստանի ֆուտզալի ազգային հավաքականին,"2026 թ. ֆուտզալի Եվրոպայի առաջնությանը մասնակցելիս՛ բարձր արդյունքների ցուցաբերման համար Հայաստանի ֆուտզալի հավաքականի մարզիկներին, մարզիչներին, բժիշկներին և վարչական անձնակազմի դրամական պարգևատևում",Ծառայությունների մատուցում,419955810.3,426245569.0,226081766.4,234710466.5,178544435.2,0.419,0.7609999999999999,6960737.7,7382544.5,3455660.7,3885867.5,3315684.5,0.449,0.853,0.0,141000.0,0.0,141000.0,130200.0,0.9229999999999999,0.9229999999999999
"ՀՀ կրթության, գիտության, մշակույթի և սպորտի նախարարություն",1041,1041,Մեծ նվաճումների սպորտ,Նպաստել Հայաստանում մեծ սպորտի շարունակական զարգացմանը և միջազգային հարթակներում ՀՀ դիրքի բարելավմանը,"ՀՀ առաջնությունների ընդլայնում, միջազգային սպորտային միջոցառումներին մասնակցության և նվաճումների ապահովում",11056,Սպորտի ռազմավարական և համակարգային բարեփոխումների ֆորումի անցկացում,"ԿԳՄՍ նախարարության, մարզական ֆեդերացիաների և օրենսդիր, գործադիր մարմինների` սպորտի ոլորտի ռազմավարական զարգացման, կառավարման համակարգի բարեփոխումների արդյունավետ համագործակցություն",Ծառայությունների մատուցում,419955810.3,426245569.0,226081766.4,234710466.5,178544435.2,0.419,0.7609999999999999,6960737.7,7382544.5,3455660.7,3885867.5,3315684.5,0.449,0.853,0.0,1964.4,0.0,1964.4,0.0,0.0,0.0
"ՀՀ կրթության, գիտության, մշակույթի և սպորտի նախարարություն",1041,1041,Մեծ նվաճումների սպորտ,Նպաստել Հայաստանում մեծ սպորտի շարունակական զարգացմանը և միջազգային հարթակներում ՀՀ դիրքի բարելավմանը,"ՀՀ առաջնությունների ընդլայնում, միջազգային սպորտային միջոցառումներին մասնակցության և նվաճումների ապահովում",12001,Միջազգային մարզական միջոցառումների հաղթողներին և մրցանակակիրներին դրամական մրցանակների հանձնում,Միջազգային մարզական միջոցառումների հաղթողներին և մրցանակակիրներին դրամական մրցանակների հանձնում,Տրանսֆերտների տրամադրում,419955810.3,426245569.0,226081766.4,234710466.5,178544435.2,0.419,0.7609999999999999,6960737.7,7382544.5,3455660.7,3885867.5,3315684.5,0.449,0.853,461000.0,461000.0,0.0,0.0,0.0,0.0,0.0
"ՀՀ կրթության, գիտության, մշակույթի և սպորտի նախարարություն",1041,1041,Մեծ նվաճումների սպորտ,Նպաստել Հայաստանում մեծ սպորտի շարունակական զարգացմանը և միջազգային հարթակներում ՀՀ դիրքի բարելավմանը,"ՀՀ առաջնությունների ընդլայնում, միջազգային սպորտային միջոցառումներին մասնակցության և նվաճումների ապահովում",12002,"ՀՀ հավաքական թիմերի գլխավոր և ավագ մարզիչների վարձատրություն և աշխարհի չեմպիոններին, օլիմպիական խաղերի և շախմատի համաշխարհային օլիմպիադայի մրցանակակիրներին պատվովճարի հատկացում","ՀՀ հավաքական թիմերի գլխավոր և ավագ մարզիչների վարձատրություն և աշխարհի չեմպիոններին, օլիմպիական խաղերի և շախմատի համաշխարհային օլիմպիադայի մրցանակակիրներին պատվովճարի հատկացում",Տրանսֆերտների տրամադրում,419955810.3,426245569.0,226081766.4,234710466.5,178544435.2,0.419,0.7609999999999999,6960737.7,7382544.5,3455660.7,3885867.5,3315684.5,0.449,0.853,198877.2,198877.2,103438.6,103438.6,72149.0,0.363,0.698
"ՀՀ կրթության, գիտության, մշակույթի և սպորտի նախարարություն",1041,1041,Մեծ նվաճումների սպորտ,Նպաստել Հայաստանում մեծ սպորտի շարունակական զարգացմանը և միջազգային հարթակներում ՀՀ դիրքի բարելավմանը,"ՀՀ առաջնությունների ընդլայնում, միջազգային սպորտային միջոցառումներին մասնակցության և նվաճումների ապահովում",12003,"Օլիմպիական խաղերում, աշխարհի և Եվրոպայի առաջնություններում բարձր արդյունքների հասած ՀՀ հավաքական թիմերի մարզիկներին և նրանց մարզիչներին  անվանական թոշակի հատկացում","Օլիմպիական խաղերում, աշխարհի և Եվրոպայի առաջնություններում բարձր արդյունքների հասած ՀՀ հավաքական թիմերի մարզիկներին և նրանց մարզիչներին  անվանական թոշակի հատկացում",Տրանսֆերտների տրամադրում,419955810.3,426245569.0,226081766.4,234710466.5,178544435.2,0.419,0.7609999999999999,6960737.7,7382544.5,3455660.7,3885867.5,3315684.5,0.449,0.853,735918.8,735918.8,404755.4,446553.1,446553.1,0.607,1.0
"ՀՀ կրթության, գիտության, մշակույթի և սպորտի նախարարություն",1041,1041,Մեծ նվաճումների սպորտ,Նպաստել Հայաստանում մեծ սպորտի շարունակական զարգացմանը և միջազգային հարթակներում ՀՀ դիրքի բարելավմանը,"ՀՀ առաջնությունների ընդլայնում, միջազգային սպորտային միջոցառումներին մասնակցության և նվաճումների ապահովում",12006,ՀՀ «Տարվա լավագույնները» մրցույթի կազմակերպում և անցկացում,"ՀՀ «Տարվա լավագույնները» մրցույթի կազմակերպում, անցկացում և հաղթող ճանաչված մարզիկների պատգևատրում",Տրանսֆերտների տրամադրում,419955810.3,426245569.0,226081766.4,234710466.5,178544435.2,0.419,0.7609999999999999,6960737.7,7382544.5,3455660.7,3885867.5,3315684.5,0.449,0.853,64435.1,64435.1,0.0,0.0,0.0,0.0,0.0
"ՀՀ կրթության, գիտության, մշակույթի և սպորտի նախարարություն",1041,1041,Մեծ նվաճումների սպորտ,Նպաստել Հայաստանում մեծ սպորտի շարունակական զարգացմանը և միջազգային հարթակներում ՀՀ դիրքի բարելավմանը,"ՀՀ առաջնությունների ընդլայնում, միջազգային սպորտային միջոցառումներին մասնակցության և նվաճումների ապահովում",12007,Ամառային օլիմպիական խաղերին նախապատրաստվելու նպատակով ֆինանսական աջակցության տրամադրում,Ամառային օլիմպիական խաղերին նախապատրաստվելու նպատակով ֆինանսական աջակցության տրամադրում,Տրանսֆերտների տրամադրում,419955810.3,426245569.0,226081766.4,234710466.5,178544435.2,0.419,0.7609999999999999,6960737.7,7382544.5,3455660.7,3885867.5,3315684.5,0.449,0.853,406800.0,406800.0,203400.0,203400.0,194850.0,0.479,0.958
"ՀՀ կրթության, գիտության, մշակույթի և սպորտի նախարարություն",1041,1041,Մեծ նվաճումների սպորտ,Նպաստել Հայաստանում մեծ սպորտի շարունակական զարգացմանը և միջազգային հարթակներում ՀՀ դիրքի բարելավմանը,"ՀՀ առաջնությունների ընդլայնում, միջազգային սպորտային միջոցառումներին մասնակցության և նվաճումների ապահովում",21001,Հայաստանում Ֆրանկոֆոնիայի խաղերի անցկացման համար անհրաժեշտ ենթակառուցվածքների ապահովում,"Հայաստանում 2027 թվականին Ֆրանկոֆոնիայի խաղերի անցկացման նպատակով համապատասխան ենթակառուցվածքների ստեղծում, բարելավում",Հանրության կողմից անմիջականորեն օգտագործվող ակտիվների հետ կապված միջոցառումներ,419955810.3,426245569.0,226081766.4,234710466.5,178544435.2,0.419,0.7609999999999999,6960737.7,7382544.5,3455660.7,3885867.5,3315684.5,0.449,0.853,1250217.9,1250217.9,0.0,8400.0,8400.0,0.006999999999999999,1.0
"ՀՀ կրթության, գիտության, մշակույթի և սպորտի նախարարություն",1041,1041,Մեծ նվաճումների սպորտ,Նպաստել Հայաստանում մեծ սպորտի շարունակական զարգացմանը և միջազգային հարթակներում ՀՀ դիրքի բարելավմանը,"ՀՀ առաջնությունների ընդլայնում, միջազգային սպորտային միջոցառումներին մասնակցության և նվաճումների ապահովում",32001,"Մանկապատանեկան մարզադպրոցներին, մարզաձևերի ազգային ֆեդերացիաներին և այլ մարզական կազմակերպություններին գույքով ապահովում","Սպորտի զարգացման նպատակով մարզադպրոցներին, ազգային ֆեդերացիաներին և այլ մարզական կազմակերպություններին մարզական և այլ անհրաժեշտ գույքի տրամադրում",Այլ պետական կազմակերպությունների կողմից օգտագործվող ոչ ֆինանսական ակտիվների հետ գործառնություններ,419955810.3,426245569.0,226081766.4,234710466.5,178544435.2,0.419,0.7609999999999999,6960737.7,7382544.5,3455660.7,3885867.5,3315684.5,0.449,0.853,250000.0,260806.8,125000.0,135806.8,111150.3,0.426,0.818
"ՀՀ կրթության, գիտության, մշակույթի և սպորտի նախարարություն",1045,1045,Մասնագիտական կրթության և ուսուցման ծրագիր,"Աշխատաշուկայի արդի պահանջներին համապատասխան արհեստագործական և միջին մասնագիտական կրթության որակավորում ունեցող մասնագետների պատրաստում, կրթության մատչելիության ապահովում:","Արհեստագործական և միջին մասնագիտական կրթության  գրավչության բարձրացում, մատչելի և մրցունակ արհեստագործական և միջին մասնագիտական կրթության ապահովում",11002,Մասնագիտական կրթության որակի ապահովման ծառայություններ,"Մասնագիտական կրթական հաստատությունների հավատարմագրում`  հավատարմագրման չափանիշների մշակում,  վերանայում",Ծառայությունների մատուցում,419955810.3,426245569.0,226081766.4,234710466.5,178544435.2,0.419,0.7609999999999999,16414107.5,15762331.8,7038160.0,6774035.7,6115745.1,0.38799999999999996,0.903,66312.3,66312.3,33156.2,33156.2,33156.2,0.5,1.0
"ՀՀ կրթության, գիտության, մշակույթի և սպորտի նախարարություն",1045,1045,Մասնագիտական կրթության և ուսուցման ծրագիր,"Աշխատաշուկայի արդի պահանջներին համապատասխան արհեստագործական և միջին մասնագիտական կրթության որակավորում ունեցող մասնագետների պատրաստում, կրթության մատչելիության ապահովում:","Արհեստագործական և միջին մասնագիտական կրթության  գրավչության բարձրացում, մատչելի և մրցունակ արհեստագործական և միջին մասնագիտական կրթության ապահովում",12001,Արհեստագործական հիմնական կրթական ծրագրում ընդգրկված  ուսանողների կրթաթոշակ,Արհեստագործական հիմնական կրթական ծրագրում ընդգրկված ուսանողներին կրթաթոշակի տրամադրում,Տրանսֆերտների տրամադրում,419955810.3,426245569.0,226081766.4,234710466.5,178544435.2,0.419,0.7609999999999999,16414107.5,15762331.8,7038160.0,6774035.7,6115745.1,0.38799999999999996,0.903,1019280.0,1019280.0,290013.0,344179.7,344179.7,0.33799999999999997,1.0
"ՀՀ կրթության, գիտության, մշակույթի և սպորտի նախարարություն",1045,1045,Մասնագիտական կրթության և ուսուցման ծրագիր,"Աշխատաշուկայի արդի պահանջներին համապատասխան արհեստագործական և միջին մասնագիտական կրթության որակավորում ունեցող մասնագետների պատրաստում, կրթության մատչելիության ապահովում:","Արհեստագործական և միջին մասնագիտական կրթության  գրավչության բարձրացում, մատչելի և մրցունակ արհեստագործական և միջին մասնագիտական կրթության ապահովում",12002,Միջին մասնագիտական հիմնական կրթական ծրագրում ընդգրկված ուսանողների կրթաթոշակ,Միջին մասնագիտական հիմնական կրթական ծրագրում ընդգրկված  ուսանողներին կրթաթոշակի տրամադրում,Տրանսֆերտների տրամադրում,419955810.3,426245569.0,226081766.4,234710466.5,178544435.2,0.419,0.7609999999999999,16414107.5,15762331.8,7038160.0,6774035.7,6115745.1,0.38799999999999996,0.903,968289.0,968289.0,385255.2,385255.2,384955.2,0.39799999999999996,0.9990000000000001
"ՀՀ կրթության, գիտության, մշակույթի և սպորտի նախարարություն",1045,1045,Մասնագիտական կրթության և ուսուցման ծրագիր,"Աշխատաշուկայի արդի պահանջներին համապատասխան արհեստագործական և միջին մասնագիտական կրթության որակավորում ունեցող մասնագետների պատրաստում, կրթության մատչելիության ապահովում:","Արհեստագործական և միջին մասնագիտական կրթության  գրավչության բարձրացում, մատչելի և մրցունակ արհեստագործական և միջին մասնագիտական կրթության ապահովում",12003,Արհեստագործական հիմնական կրթական ծրագրով ուսանողական նպաստների տրամադրում,Արհեստագործական հիմնական կրթական ծրագրով ուսանողական նպաստների տրամադրում,,419955810.3,426245569.0,226081766.4,234710466.5,178544435.2,0.419,0.7609999999999999,16414107.5,15762331.8,7038160.0,6774035.7,6115745.1,0.38799999999999996,0.903,2634972.8,2634972.8,1185737.7,1185737.7,1185737.7,0.45,1.0
"ՀՀ կրթության, գիտության, մշակույթի և սպորտի նախարարություն",1045,1045,Մասնագիտական կրթության և ուսուցման ծրագիր,"Աշխատաշուկայի արդի պահանջներին համապատասխան արհեստագործական և միջին մասնագիտական կրթության որակավորում ունեցող մասնագետների պատրաստում, կրթության մատչելիության ապահովում:","Արհեստագործական և միջին մասնագիտական կրթության  գրավչության բարձրացում, մատչելի և մրցունակ արհեստագործական և միջին մասնագիտական կրթության ապահովում",12004,Միջին մասնագիտական հիմնական կրթական ծրագրով ուսանողական նպաստների տրամադրում,Միջին մասնագիտական հիմնական կրթական ծրագրով ուսանողական նպաստների տրամադրում,Տրանսֆերտների տրամադրում,419955810.3,426245569.0,226081766.4,234710466.5,178544435.2,0.419,0.7609999999999999,16414107.5,15762331.8,7038160.0,6774035.7,6115745.1,0.38799999999999996,0.903,7086754.5,6993229.8,3189039.5,3142275.5,3141184.2,0.449,1.0
"ՀՀ կրթության, գիտության, մշակույթի և սպորտի նախարարություն",1045,1045,Մասնագիտական կրթության և ուսուցման ծրագիր,"Աշխատաշուկայի արդի պահանջներին համապատասխան արհեստագործական և միջին մասնագիտական կրթության որակավորում ունեցող մասնագետների պատրաստում, կրթության մատչելիության ապահովում:","Արհեստագործական և միջին մասնագիտական կրթության  գրավչության բարձրացում, մատչելի և մրցունակ արհեստագործական և միջին մասնագիտական կրթության ապահովում",12007,Մասնագիտական ուսումնական հաստատությունների մանկավարժական աշխատողների ատեստավորման համակարգի ներդրում և ատեստավորման գործընթացի շարունակական կազմակերպում՛  ուղղված մանկավարժական աշխատողների որակի  և վարձատրության բարձրացմանը,Ատեստավորման արդյունքում մանկավարժական աշխատողներին դրույքաչափի փոփոխության և համապատասխան հավելավճարի տրամադրման ապահովում,Տրանսֆերտների տրամադրում,419955810.3,426245569.0,226081766.4,234710466.5,178544435.2,0.419,0.7609999999999999,16414107.5,15762331.8,7038160.0,6774035.7,6115745.1,0.38799999999999996,0.903,535560.0,535560.0,267780.0,267780.0,260200.0,0.486,0.972
"ՀՀ կրթության, գիտության, մշակույթի և սպորտի նախարարություն",1045,1045,Մասնագիտական կրթության և ուսուցման ծրագիր,"Աշխատաշուկայի արդի պահանջներին համապատասխան արհեստագործական և միջին մասնագիտական կրթության որակավորում ունեցող մասնագետների պատրաստում, կրթության մատչելիության ապահովում:","Արհեստագործական և միջին մասնագիտական կրթության  գրավչության բարձրացում, մատչելի և մրցունակ արհեստագործական և միջին մասնագիտական կրթության ապահովում",12009,Մարզերում գործող  մասնագիտական ուսումնական հաստատությունների ուսանողների և մանկավարժական աշխատողների տրանսպորտային ծախսերի փոխհատուցում,Մարզերում գործող մասնագիտական ուսումնական հաստատությունների սովորողների և մանկավարժական աշխատողների տրանսպորտային ծախսերի փոխհատուցման ապահովում,Տրանսֆերտների տրամադրում,419955810.3,426245569.0,226081766.4,234710466.5,178544435.2,0.419,0.7609999999999999,16414107.5,15762331.8,7038160.0,6774035.7,6115745.1,0.38799999999999996,0.903,586899.3,586899.3,268995.6,251113.9,251113.9,0.428,1.0
"ՀՀ կրթության, գիտության, մշակույթի և սպորտի նախարարություն",1045,1045,Մասնագիտական կրթության և ուսուցման ծրագիր,"Աշխատաշուկայի արդի պահանջներին համապատասխան արհեստագործական և միջին մասնագիտական կրթության որակավորում ունեցող մասնագետների պատրաստում, կրթության մատչելիության ապահովում:","Արհեստագործական և միջին մասնագիտական կրթության  գրավչության բարձրացում, մատչելի և մրցունակ արհեստագործական և միջին մասնագիտական կրթության ապահովում",12010,Կամավոր ատեստավորման համակարգի ներդրում և ատեստավորման գործընթացի շարունակական կազմակերպում՛  ուղղված մասնագիտական  ուսումնական հաստատությունների հանրակրթական առարկաներ դասավանդող մանկավարժական աշխատողների որակի բարձրացմանը,Մասնագիտական ուսումնական հաստատությունների հանրակրթական առարկաներ դասավանդող մանկավարժական աշխատողների կամավոր ատեստավորման համակարգի գործարկում,Տրանսֆերտների տրամադրում,419955810.3,426245569.0,226081766.4,234710466.5,178544435.2,0.419,0.7609999999999999,16414107.5,15762331.8,7038160.0,6774035.7,6115745.1,0.38799999999999996,0.903,335184.0,335184.0,167592.0,131307.0,122727.0,0.366,0.935
"ՀՀ կրթության, գիտության, մշակույթի և սպորտի նախարարություն",1045,1045,Մասնագիտական կրթության և ուսուցման ծրագիր,"Աշխատաշուկայի արդի պահանջներին համապատասխան արհեստագործական և միջին մասնագիտական կրթության որակավորում ունեցող մասնագետների պատրաստում, կրթության մատչելիության ապահովում:","Արհեստագործական և միջին մասնագիտական կրթության  գրավչության բարձրացում, մատչելի և մրցունակ արհեստագործական և միջին մասնագիտական կրթության ապահովում",12012,2023 թվականի սեպտեմբերի 19-ից հետո Ղարաբաղից բռնի տեղահանված  և ՀՀ-ում արհեստագործական հիմնական կրթական ծրագրում ընգրկված ուսանողների ուսման վարձի փոխհատուցման նպատակով կրթաթոշակի տրամադրում,2023 թվականի սեպտեմբերի 19-ից հետո Ղարաբաղից բռնի տեղահանված և ՀՀ-ում արհեստագործական կրթական ծրագրում ընդգրկված ուսանողներին կրթաթոշակի տրամադրում,Տրանսֆերտների տրամադրում,419955810.3,426245569.0,226081766.4,234710466.5,178544435.2,0.419,0.7609999999999999,16414107.5,15762331.8,7038160.0,6774035.7,6115745.1,0.38799999999999996,0.903,3389.7,3389.7,1695.0,1695.0,635.0,0.187,0.375
"ՀՀ կրթության, գիտության, մշակույթի և սպորտի նախարարություն",1045,1045,Մասնագիտական կրթության և ուսուցման ծրագիր,"Աշխատաշուկայի արդի պահանջներին համապատասխան արհեստագործական և միջին մասնագիտական կրթության որակավորում ունեցող մասնագետների պատրաստում, կրթության մատչելիության ապահովում:","Արհեստագործական և միջին մասնագիտական կրթության  գրավչության բարձրացում, մատչելի և մրցունակ արհեստագործական և միջին մասնագիտական կրթության ապահովում",12013,2023 թվականի սեպտեմբերի 19-ից հետո Ղարաբաղից բռնի տեղահանված  և ՀՀ-ում միջին մասնագիտական հիմնական կրթական ծրագրում ընգրկված ուսանողների ուսման վարձի  փոխհատուցման նպատակով կրթաթոշակի տրամադրում,2023 թվականի սեպտեմբերի 19-ից հետո Ղարաբաղից բռնի տեղահանված և ՀՀ-ում միջին մասնագիտական հիմնական կրթական ծրագրում ընդգրկված ուսանողներին կրթաթոշակի տրամադրում,Տրանսֆերտների տրամադրում,419955810.3,426245569.0,226081766.4,234710466.5,178544435.2,0.419,0.7609999999999999,16414107.5,15762331.8,7038160.0,6774035.7,6115745.1,0.38799999999999996,0.903,67002.0,60002.0,44668.0,27668.0,15312.5,0.255,0.5529999999999999
"ՀՀ կրթության, գիտության, մշակույթի և սպորտի նախարարություն",1045,1045,Մասնագիտական կրթության և ուսուցման ծրագիր,"Աշխատաշուկայի արդի պահանջներին համապատասխան արհեստագործական և միջին մասնագիտական կրթության որակավորում ունեցող մասնագետների պատրաստում, կրթության մատչելիության ապահովում:","Արհեստագործական և միջին մասնագիտական կրթության  գրավչության բարձրացում, մատչելի և մրցունակ արհեստագործական և միջին մասնագիտական կրթության ապահովում",12015,Ղարաբաղից բռնի տեղահանված ընտանիքների Հայաստանի Հանրապետության արհեստագործական և միջին մասնագիտական հիմնական կրթական ծրագրեր իրականացնող   ուսումնական հաստատություններում սովորող ուսանողների ուսման վարձի փոխհատուցում,Մինչև 2023 թվականի սեպտեմբերի 19-ը ՀՀ արհեստագործական և միջին մասնագիտական հիմնական կրթական ծրագրեր իրականացնող հաստատությունների վճարովի ուսուցման համակարգում ընդգրկված Ղարաբաղից բռնի տեղահանված ընտանիքների ուսանողներին ուսման վարձի փոխհատուցում,Տրանսֆերտների տրամադրում,419955810.3,426245569.0,226081766.4,234710466.5,178544435.2,0.419,0.7609999999999999,16414107.5,15762331.8,7038160.0,6774035.7,6115745.1,0.38799999999999996,0.903,45064.0,52064.0,30042.6,47042.6,45424.5,0.872,0.966
"ՀՀ կրթության, գիտության, մշակույթի և սպորտի նախարարություն",1045,1045,Մասնագիտական կրթության և ուսուցման ծրագիր,"Աշխատաշուկայի արդի պահանջներին համապատասխան արհեստագործական և միջին մասնագիտական կրթության որակավորում ունեցող մասնագետների պատրաստում, կրթության մատչելիության ապահովում:","Արհեստագործական և միջին մասնագիտական կրթության  գրավչության բարձրացում, մատչելի և մրցունակ արհեստագործական և միջին մասնագիտական կրթության ապահովում",12016,Մասնագիտական  ուսումնական հաստատությունների միջնակարգ կրթության երրորդ մակարդակին համապատասխան առարկայական ծրագիր վարող մանկավարժական աշխատողներին տարակարգի շնորհման արդյունքում հավելավճարի տրամադրում,Արհեստագործական և միջին մասնագիտական ուսումնական հաստատությունների հանրակրթական առարկաներ դասավանդող մանկավարժական աշխատողների տարակարգի շնորհման համակարգի գործարկում,Տրանսֆերտների տրամադրում,419955810.3,426245569.0,226081766.4,234710466.5,178544435.2,0.419,0.7609999999999999,16414107.5,15762331.8,7038160.0,6774035.7,6115745.1,0.38799999999999996,0.903,142740.0,142740.0,71370.0,71370.0,0.0,0.0,0.0
"ՀՀ կրթության, գիտության, մշակույթի և սպորտի նախարարություն",1045,1045,Մասնագիտական կրթության և ուսուցման ծրագիր,"Աշխատաշուկայի արդի պահանջներին համապատասխան արհեստագործական և միջին մասնագիտական կրթության որակավորում ունեցող մասնագետների պատրաստում, կրթության մատչելիության ապահովում:","Արհեստագործական և միջին մասնագիտական կրթության  գրավչության բարձրացում, մատչելի և մրցունակ արհեստագործական և միջին մասնագիտական կրթության ապահովում",12017,Մասնագիտական ուսումնական հաստատությունների մանկավարժական աշխատողների տարակարգի շնորհման արդյունքում հավելավճարի տրամադրում,Արհեստագործական և միջին մասնագիտական հիմնական կրթական ծրագրեր իրականացնող ուսումնական հաստատություններում տարակարգի որակավորում ստացած  մանկավարժական աշխատողներին հավելավճարի տրամադրման ապահովում,Տրանսֆերտների տրամադրում,419955810.3,426245569.0,226081766.4,234710466.5,178544435.2,0.419,0.7609999999999999,16414107.5,15762331.8,7038160.0,6774035.7,6115745.1,0.38799999999999996,0.903,114192.0,114192.0,57096.0,57096.0,0.0,0.0,0.0
"ՀՀ կրթության, գիտության, մշակույթի և սպորտի նախարարություն",1045,1045,Մասնագիտական կրթության և ուսուցման ծրագիր,"Աշխատաշուկայի արդի պահանջներին համապատասխան արհեստագործական և միջին մասնագիտական կրթության որակավորում ունեցող մասնագետների պատրաստում, կրթության մատչելիության ապահովում:","Արհեստագործական և միջին մասնագիտական կրթության  գրավչության բարձրացում, մատչելի և մրցունակ արհեստագործական և միջին մասնագիտական կրթության ապահովում",32001,Մասնագիտական ուսումնական հաստատությունների շենքային պայմանների բարելավում,"Մասնագիտական ուսումնական հաստատությունների շենքերի հիմնանորոգման և նախագծման (շինարարական աշխատանքներ, ջեռուցման համակարգի ստեղծում, ներքին հարդարում, տարածքի բարեկարգում) աշխատանքների իրականացում",Այլ պետական կազմակերպությունների կողմից օգտագործվող ոչ ֆինանսական ակտիվների հետ գործառնություններ,419955810.3,426245569.0,226081766.4,234710466.5,178544435.2,0.419,0.7609999999999999,16414107.5,15762331.8,7038160.0,6774035.7,6115745.1,0.38799999999999996,0.903,1039767.5,400966.5,299542.0,107728.9,14160.0,0.035,0.131
"ՀՀ կրթության, գիտության, մշակույթի և սպորտի նախարարություն",1045,1045,Մասնագիտական կրթության և ուսուցման ծրագիր,"Աշխատաշուկայի արդի պահանջներին համապատասխան արհեստագործական և միջին մասնագիտական կրթության որակավորում ունեցող մասնագետների պատրաստում, կրթության մատչելիության ապահովում:","Արհեստագործական և միջին մասնագիտական կրթության  գրավչության բարձրացում, մատչելի և մրցունակ արհեստագործական և միջին մասնագիտական կրթության ապահովում",32004,Մասնագիտական ուսումնական հաստատություններում ուսումնաարտադրական բազայով ապահովում,Մասնագիտական ուսումնական հաստատություններում ուսումնարտադրական բազայով ապահովման աշխատանքների իրականացում,Այլ պետական կազմակերպությունների կողմից օգտագործվող ոչ ֆինանսական ակտիվների հետ գործառնություններ,419955810.3,426245569.0,226081766.4,234710466.5,178544435.2,0.419,0.7609999999999999,16414107.5,15762331.8,7038160.0,6774035.7,6115745.1,0.38799999999999996,0.903,252985.0,252985.0,126492.5,126492.5,12648.0,0.05,0.1
"ՀՀ կրթության, գիտության, մշակույթի և սպորտի նախարարություն",1045,1045,Մասնագիտական կրթության և ուսուցման ծրագիր,"Աշխատաշուկայի արդի պահանջներին համապատասխան արհեստագործական և միջին մասնագիտական կրթության որակավորում ունեցող մասնագետների պատրաստում, կրթության մատչելիության ապահովում:","Արհեստագործական և միջին մասնագիտական կրթության  գրավչության բարձրացում, մատչելի և մրցունակ արհեստագործական և միջին մասնագիտական կրթության ապահովում",32005,Մասնագիտական ուսումնական հաստատությունների շենքերի կառուցում,Մասնագիտական ուսումնական հաստատությունների շենքերի (մասնաշենքերի) կառուցման և նախագծման աշխատանքների իրականացում,Այլ պետական կազմակերպությունների կողմից օգտագործվող ոչ ֆինանսական ակտիվների հետ գործառնություններ,419955810.3,426245569.0,226081766.4,234710466.5,178544435.2,0.419,0.7609999999999999,16414107.5,15762331.8,7038160.0,6774035.7,6115745.1,0.38799999999999996,0.903,1515715.4,1596265.4,619684.7,594137.5,304311.2,0.191,0.512
"ՀՀ կրթության, գիտության, մշակույթի և սպորտի նախարարություն",1056,1056,Կինեմատոգրաֆիայի ծրագիր,"Կինոարվեստի և կինոարտադրության զարգացմանն աջակցություն, հայկական ավանդույթների շարունակականության ապահովում և կինոարվեստի հանրահռչակում","Կինոարտադրության ընդլայնում և տարածում, հասարակության կինոհաղորդակցության բարելավում",11001,Կինոնկարների արտադրություն,"Խաղարկային, անիմացիոն և վավերագրական  կինոնկարների արտադրություն",,419955810.3,426245569.0,226081766.4,234710466.5,178544435.2,0.419,0.7609999999999999,1376635.9,1376635.9,1030425.1,1030425.1,643662.3,0.46799999999999997,0.625,478882.0,478882.0,350000.0,350000.0,117669.1,0.24600000000000002,0.336
"ՀՀ կրթության, գիտության, մշակույթի և սպորտի նախարարություն",1056,1056,Կինեմատոգրաֆիայի ծրագիր,"Կինոարվեստի և կինոարտադրության զարգացմանն աջակցություն, հայկական ավանդույթների շարունակականության ապահովում և կինոարվեստի հանրահռչակում","Կինոարտադրության ընդլայնում և տարածում, հասարակության կինոհաղորդակցության բարելավում",11002,Կինո-ֆոտո-ֆոնո հավաքածուի պահպանման ծառայություններ,"Կինո-ֆոտո-ֆոնո հավաքածուի պահպանում, վերականգնում",,419955810.3,426245569.0,226081766.4,234710466.5,178544435.2,0.419,0.7609999999999999,1376635.9,1376635.9,1030425.1,1030425.1,643662.3,0.46799999999999997,0.625,81059.0,81059.0,60000.0,60000.0,0.0,0.0,0.0
"ՀՀ կրթության, գիտության, մշակույթի և սպորտի նախարարություն",1056,1056,Կինեմատոգրաֆիայի ծրագիր,"Կինոարվեստի և կինոարտադրության զարգացմանն աջակցություն, հայկական ավանդույթների շարունակականության ապահովում և կինոարվեստի հանրահռչակում","Կինոարտադրության ընդլայնում և տարածում, հասարակության կինոհաղորդակցության բարելավում",11003,Կինոծրագրերի իրականացում,"Խաղարկային, վավերագրական և անիմացիոն կինոնկարների արդտադրության ապահովում",,419955810.3,426245569.0,226081766.4,234710466.5,178544435.2,0.419,0.7609999999999999,1376635.9,1376635.9,1030425.1,1030425.1,643662.3,0.46799999999999997,0.625,204515.2,204515.2,102257.6,102257.6,102257.5,0.5,1.0
"ՀՀ կրթության, գիտության, մշակույթի և սպորտի նախարարություն",1056,1056,Կինեմատոգրաֆիայի ծրագիր,"Կինոարվեստի և կինոարտադրության զարգացմանն աջակցություն, հայկական ավանդույթների շարունակականության ապահովում և կինոարվեստի հանրահռչակում","Կինոարտադրության ընդլայնում և տարածում, հասարակության կինոհաղորդակցության բարելավում",11005,Կինոարվեստի հանրահռչակում,"Կինոարվեստի հանրահռչակում, տարածում, մատչելիության ապահովում",Ծառայությունների մատուցում,419955810.3,426245569.0,226081766.4,234710466.5,178544435.2,0.419,0.7609999999999999,1376635.9,1376635.9,1030425.1,1030425.1,643662.3,0.46799999999999997,0.625,97844.7,97844.7,81000.0,81000.0,73449.9,0.7509999999999999,0.907
"ՀՀ կրթության, գիտության, մշակույթի և սպորտի նախարարություն",1056,1056,Կինեմատոգրաֆիայի ծրագիր,"Կինոարվեստի և կինոարտադրության զարգացմանն աջակցություն, հայկական ավանդույթների շարունակականության ապահովում և կինոարվեստի հանրահռչակում","Կինոարտադրության ընդլայնում և տարածում, հասարակության կինոհաղորդակցության բարելավում",11007,Կինոքաղաքի ստեղծում,Կինոքաղաքի ստեղծմանն աջակցություն,,419955810.3,426245569.0,226081766.4,234710466.5,178544435.2,0.419,0.7609999999999999,1376635.9,1376635.9,1030425.1,1030425.1,643662.3,0.46799999999999997,0.625,360000.0,360000.0,360000.0,360000.0,300000.0,0.833,0.833
"ՀՀ կրթության, գիտության, մշակույթի և սպորտի նախարարություն",1056,1056,Կինեմատոգրաֆիայի ծրագիր,"Կինոարվեստի և կինոարտադրության զարգացմանն աջակցություն, հայկական ավանդույթների շարունակականության ապահովում և կինոարվեստի հանրահռչակում","Կինոարտադրության ընդլայնում և տարածում, հասարակության կինոհաղորդակցության բարելավում",11008,Կինոարտադրության ներդրումների վերադարձ,"Կինոոլորտում ներդրումների մասնակի վերադարձի մեխանիզմի գործարկում, կինոարդյունաբերության զարգացում, միջազգային համագործակցության ընդլայնում",,419955810.3,426245569.0,226081766.4,234710466.5,178544435.2,0.419,0.7609999999999999,1376635.9,1376635.9,1030425.1,1030425.1,643662.3,0.46799999999999997,0.625,124335.0,124335.0,62167.5,62167.5,50285.8,0.40399999999999997,0.809
"ՀՀ կրթության, գիտության, մշակույթի և սպորտի նախարարություն",1056,1056,Կինեմատոգրաֆիայի ծրագիր,"Կինոարվեստի և կինոարտադրության զարգացմանն աջակցություն, հայկական ավանդույթների շարունակականության ապահովում և կինոարվեստի հանրահռչակում","Կինոարտադրության ընդլայնում և տարածում, հասարակության կինոհաղորդակցության բարելավում",11009,Դրամագլխի ձևավորում,"Հայկական ֆիլմերի նախագծերի մրցունակության խթանում,  հեռանկարային և նպատակային նախագծերի իրականացում, հայկական կինոարտադրանքի հանրահռչակում, երիտասարդ կինոգործիչների մասագիտական կայացում:",,419955810.3,426245569.0,226081766.4,234710466.5,178544435.2,0.419,0.7609999999999999,1376635.9,1376635.9,1030425.1,1030425.1,643662.3,0.46799999999999997,0.625,30000.0,30000.0,15000.0,15000.0,0.0,0.0,0.0
"ՀՀ կրթության, գիտության, մշակույթի և սպորտի նախարարություն",1075,1075,Մշակութային ժառանգության ծրագիր,"Մշակութային ժառանգության պահպանում, օգտագործում, համալրում և հանրահռչակում","Մշակութային ժառանգության շարունակական պահպանում, մշակութային զբոսաշրջության զարգացում և խթանում",11001,Պատմամշակութային ժառանգության գիտահետազոտական աշխատանքներ,"Հուշարձանների  պետական հաշվառում, պահպանական գոտիների նախագծերի կազմում, հուշարձանների պետական կադաստրի կազմում, պեղումների կատարում",,419955810.3,426245569.0,226081766.4,234710466.5,178544435.2,0.419,0.7609999999999999,5911463.9,6055982.1,2401877.3,2586702.9,2059770.1,0.34,0.7959999999999999,106465.2,120063.0,47909.3,61507.1,61507.1,0.512,1.0
"ՀՀ կրթության, գիտության, մշակույթի և սպորտի նախարարություն",1075,1075,Մշակութային ժառանգության ծրագիր,"Մշակութային ժառանգության պահպանում, օգտագործում, համալրում և հանրահռչակում","Մշակութային ժառանգության շարունակական պահպանում, մշակութային զբոսաշրջության զարգացում և խթանում",11002,Մշակութային արժեքների փորձաքննության ծառայություններ,Մշակութային նշանակության առարկաների մշակութաբանական և արվեստաբանական փորձաքննություններ,Ծառայությունների մատուցում,419955810.3,426245569.0,226081766.4,234710466.5,178544435.2,0.419,0.7609999999999999,5911463.9,6055982.1,2401877.3,2586702.9,2059770.1,0.34,0.7959999999999999,54980.6,46340.6,27490.3,27490.3,27490.3,0.593,1.0
"ՀՀ կրթության, գիտության, մշակույթի և սպորտի նախարարություն",1075,1075,Մշակութային ժառանգության ծրագիր,"Մշակութային ժառանգության պահպանում, օգտագործում, համալրում և հանրահռչակում","Մշակութային ժառանգության շարունակական պահպանում, մշակութային զբոսաշրջության զարգացում և խթանում",11003,Աջակցություն հայկական պատմամշակութային հուշարձանների վավերագրմանը,"Հուշարձանների լուսանկարում, չափագրում, վիմագրերի ընդօրինակում և վերծանում, քարտեզագրում, գրավոր աղբյուրների և արխիվային նյութերի ուսումնասիրություն, հուշարձանի վավերագրերի կազմում, վավերագրված հուշարձանների ցուցակների կազմում ըստ բնակավայրերի",,419955810.3,426245569.0,226081766.4,234710466.5,178544435.2,0.419,0.7609999999999999,5911463.9,6055982.1,2401877.3,2586702.9,2059770.1,0.34,0.7959999999999999,64730.5,64730.5,32368.3,32368.3,32368.3,0.5,1.0
"ՀՀ կրթության, գիտության, մշակույթի և սպորտի նախարարություն",1075,1075,Մշակութային ժառանգության ծրագիր,"Մշակութային ժառանգության պահպանում, օգտագործում, համալրում և հանրահռչակում","Մշակութային ժառանգության շարունակական պահպանում, մշակութային զբոսաշրջության զարգացում և խթանում",11004,Թանգարանային ծառայություններ և ցուցահանդեսներ,"Թանգարանային նմուշների պահպանություն, ցուցահանդեսների կազմակերպում, մասնագետների վերապատրաստում",Ծառայությունների մատուցում,419955810.3,426245569.0,226081766.4,234710466.5,178544435.2,0.419,0.7609999999999999,5911463.9,6055982.1,2401877.3,2586702.9,2059770.1,0.34,0.7959999999999999,3048414.3,3209339.5,1371786.4,1451406.2,1284580.8,0.4,0.885
"ՀՀ կրթության, գիտության, մշակույթի և սպորտի նախարարություն",1075,1075,Մշակութային ժառանգության ծրագիր,"Մշակութային ժառանգության պահպանում, օգտագործում, համալրում և հանրահռչակում","Մշակութային ժառանգության շարունակական պահպանում, մշակութային զբոսաշրջության զարգացում և խթանում",11005,Աջակցություն ոչ նյութական մշակութային ժառանգության պահպանմանը,"Անցյալում ստեղծված, պահպանվող, կիրառվող և բանավոր ճանապարհով փոխանցվող ավանդական մշակութային արժեքների ամբողջության պահպանությանն ուղղված ծառայություններ",Ծառայությունների մատուցում,419955810.3,426245569.0,226081766.4,234710466.5,178544435.2,0.419,0.7609999999999999,5911463.9,6055982.1,2401877.3,2586702.9,2059770.1,0.34,0.7959999999999999,46800.0,46800.0,45000.0,45000.0,33432.3,0.7140000000000001,0.743
"ՀՀ կրթության, գիտության, մշակույթի և սպորտի նախարարություն",1075,1075,Մշակութային ժառանգության ծրագիր,"Մշակութային ժառանգության պահպանում, օգտագործում, համալրում և հանրահռչակում","Մշակութային ժառանգության շարունակական պահպանում, մշակութային զբոսաշրջության զարգացում և խթանում",11007,Աջակցություն թանգարանային միջոցառումների իրականացմանը,Մշակութային ժառանգության պահպանությանը և հանրահռչակմանն ուղղված թանգարանային միջոցառումների իրականացում,Ծառայությունների մատուցում,419955810.3,426245569.0,226081766.4,234710466.5,178544435.2,0.419,0.7609999999999999,5911463.9,6055982.1,2401877.3,2586702.9,2059770.1,0.34,0.7959999999999999,40625.0,11950.0,21000.0,11950.0,9053.1,0.758,0.758
"ՀՀ կրթության, գիտության, մշակույթի և սպորտի նախարարություն",1075,1075,Մշակութային ժառանգության ծրագիր,"Մշակութային ժառանգության պահպանում, օգտագործում, համալրում և հանրահռչակում","Մշակութային ժառանգության շարունակական պահպանում, մշակութային զբոսաշրջության զարգացում և խթանում",11008,"Պատմության, մշակույթի անշարժ հուշարձանների հանրահռչակում միջազգային հարթակներում",Պատմության և մշակույթի անշարժ հուշարձանների վերաբերյալ՛  ՅՈՒՆԵՍԿՕ-ի և այլ միջազգային կազմակերպությունների հարթակներում կազմակերպվող միջազգային ծրագրերին մասնակցության ապահովում,Ծառայությունների մատուցում,419955810.3,426245569.0,226081766.4,234710466.5,178544435.2,0.419,0.7609999999999999,5911463.9,6055982.1,2401877.3,2586702.9,2059770.1,0.34,0.7959999999999999,6000.0,6000.0,6000.0,6000.0,4800.0,0.8,0.8
"ՀՀ կրթության, գիտության, մշակույթի և սպորտի նախարարություն",1075,1075,Մշակութային ժառանգության ծրագիր,"Մշակութային ժառանգության պահպանում, օգտագործում, համալրում և հանրահռչակում","Մշակութային ժառանգության շարունակական պահպանում, մշակութային զբոսաշրջության զարգացում և խթանում",11009,"Թանգարաններում էլեկտրոնային տոմսերի միասնական ավտոմատացված համակարգերի ստեղծում, ներդրում և սպասարկում","Թանգարանների համար տոմսերի վաճառքի և մուտքի հասանելիության վերահսկման և կառավարման համակարգերի ստեղծում, տոմսային տնտեսության և ֆինանսական հոսքերի կառավարման ժամանակակից գործիքակազմի ներդրում, համակարգի ընթացիկ սպասարկում",Ծառայությունների մատուցում,419955810.3,426245569.0,226081766.4,234710466.5,178544435.2,0.419,0.7609999999999999,5911463.9,6055982.1,2401877.3,2586702.9,2059770.1,0.34,0.7959999999999999,11750.4,11750.4,6000.0,6000.0,6000.0,0.511,1.0
"ՀՀ կրթության, գիտության, մշակույթի և սպորտի նախարարություն",1075,1075,Մշակութային ժառանգության ծրագիր,"Մշակութային ժառանգության պահպանում, օգտագործում, համալրում և հանրահռչակում","Մշակութային ժառանգության շարունակական պահպանում, մշակութային զբոսաշրջության զարգացում և խթանում",11010,Մշակույթի զարգացման հիմնադրամի ծառայություններ,"Մշակույթի պահպանման, տարածման և զարգացման համար լրացուցիչ ֆինանսական միջոցների ներգրավում, մշակութային ենթակառուցվածքների գործունեության շարունակական բարելավում, մշակութային ժառանգությանն ու մշակութային կյանքին հաղորդակցման մատչելիության ապահովում",Ծառայությունների մատուցում,419955810.3,426245569.0,226081766.4,234710466.5,178544435.2,0.419,0.7609999999999999,5911463.9,6055982.1,2401877.3,2586702.9,2059770.1,0.34,0.7959999999999999,133707.4,133707.4,60168.3,60168.3,60168.3,0.45,1.0
"ՀՀ կրթության, գիտության, մշակույթի և սպորտի նախարարություն",1075,1075,Մշակութային ժառանգության ծրագիր,"Մշակութային ժառանգության պահպանում, օգտագործում, համալրում և հանրահռչակում","Մշակութային ժառանգության շարունակական պահպանում, մշակութային զբոսաշրջության զարգացում և խթանում",11011,Եվրոպայի Խորհրդի «Մշակութային ուղիներ» ծրագրի խորհրդատվական 15-րդ ֆորումի կազմակերպում Հայաստանում,"Մշակութային երկխոսության  հարթակի ստեղծում՛ բնության և մշակութային ժառանգության պահպանության և առաջընթացի նպաստում՛ որպես մշակութային, սոցիալական կայուն զարգացման կարևորագույն գործոն",Ծառայությունների մատուցում,419955810.3,426245569.0,226081766.4,234710466.5,178544435.2,0.419,0.7609999999999999,5911463.9,6055982.1,2401877.3,2586702.9,2059770.1,0.34,0.7959999999999999,113089.2,113089.2,0.0,0.0,0.0,0.0,0.0
"ՀՀ կրթության, գիտության, մշակույթի և սպորտի նախարարություն",1075,1075,Մշակութային ժառանգության ծրագիր,"Մշակութային ժառանգության պահպանում, օգտագործում, համալրում և հանրահռչակում","Մշակութային ժառանգության շարունակական պահպանում, մշակութային զբոսաշրջության զարգացում և խթանում",21001,"Հուշարձանների ամրակայում, նորոգում և վերականգնում","Հուշարձանների գիտանախագծային փաստաթղթերի կազմում,  հրատապ ուսումնասիրում, վավերագրման և ուսումնասիրման աշխատանքներ, հետախուզում և հնագիտական պեղում, ամրակայում, նորոգում և վերականգնում",,419955810.3,426245569.0,226081766.4,234710466.5,178544435.2,0.419,0.7609999999999999,5911463.9,6055982.1,2401877.3,2586702.9,2059770.1,0.34,0.7959999999999999,1672556.7,1626334.3,510287.2,568256.4,315728.3,0.19399999999999998,0.556
"ՀՀ կրթության, գիտության, մշակույթի և սպորտի նախարարություն",1075,1075,Մշակութային ժառանգության ծրագիր,"Մշակութային ժառանգության պահպանում, օգտագործում, համալրում և հանրահռչակում","Մշակութային ժառանգության շարունակական պահպանում, մշակութային զբոսաշրջության զարգացում և խթանում",32001,Ներդրումներ թանգարանների և պատկերասրահների հիմնանորոգման համար,"Թանգարանների և պատկերասրահների շենքերի, մասնաշենքերի հիմնանորոգում, համաշինարարական աշխատանքներ, ջեռուցման համակարգի իրականացում, ներքին հարդարում, տարածքի բարեկարգում և նախագծում",Ծառայությունների մատուցում,419955810.3,426245569.0,226081766.4,234710466.5,178544435.2,0.419,0.7609999999999999,5911463.9,6055982.1,2401877.3,2586702.9,2059770.1,0.34,0.7959999999999999,186782.2,195537.6,55763.0,53674.6,53674.6,0.27399999999999997,1.0
"ՀՀ կրթության, գիտության, մշակույթի և սպորտի նախարարություն",1075,1075,Մշակութային ժառանգության ծրագիր,"Մշակութային ժառանգության պահպանում, օգտագործում, համալրում և հանրահռչակում","Մշակութային ժառանգության շարունակական պահպանում, մշակութային զբոսաշրջության զարգացում և խթանում",32008,Թանգարանների և պատկերասրահների գույքային և տեխնիկական  հագեցվածության բարելավում,"Թանգարանների և պատկերասրահների համար անհրաժեշտ  գույքի, տեխնիկայի և սարքավորումների ձեռքբերում",Այլ պետական կազմակերպությունների կողմից օգտագործվող ոչ ֆինանսական ակտիվների հետ գործառնություններ,419955810.3,426245569.0,226081766.4,234710466.5,178544435.2,0.419,0.7609999999999999,5911463.9,6055982.1,2401877.3,2586702.9,2059770.1,0.34,0.7959999999999999,3247.7,38024.9,0.0,34777.2,29650.0,0.78,0.853
"ՀՀ կրթության, գիտության, մշակույթի և սպորտի նախարարություն",1075,1075,Մշակութային ժառանգության ծրագիր,"Մշակութային ժառանգության պահպանում, օգտագործում, համալրում և հանրահռչակում","Մշակութային ժառանգության շարունակական պահպանում, մշակութային զբոսաշրջության զարգացում և խթանում",32009,Պատմամշակութային ժառանգության ոլորտի կազմակերպությունների գույքային ապահովվածության բարելավում,Պատմամշակութային ժառանգության ոլորտի կազմակերպությունների գույքով և տեխնիկայով ապահովում,Ծառայությունների մատուցում,419955810.3,426245569.0,226081766.4,234710466.5,178544435.2,0.419,0.7609999999999999,5911463.9,6055982.1,2401877.3,2586702.9,2059770.1,0.34,0.7959999999999999,0.0,10000.0,0.0,10000.0,10000.0,1.0,1.0
"ՀՀ կրթության, գիտության, մշակույթի և սպորտի նախարարություն",1075,1075,Մշակութային ժառանգության ծրագիր,"Մշակութային ժառանգության պահպանում, օգտագործում, համալրում և հանրահռչակում","Մշակութային ժառանգության շարունակական պահպանում, մշակութային զբոսաշրջության զարգացում և խթանում",32010,Տեղեկատվական մոդուլային կենտրոնների ստեղծում,Տեղեկատվական մոդուլային կենտրոնների կառուցում և տեղադրում  արգելոց-թանգարանների տարածքում  Այլ պետական կազմակերպությունների կողմից օգտագործվող  ոչ  ֆինանսական  ակտիվների հետ գործառնություններ,Այլ պետական կազմակերպությունների կողմից օգտագործվող ոչ ֆինանսական ակտիվների հետ գործառնություններ,419955810.3,426245569.0,226081766.4,234710466.5,178544435.2,0.419,0.7609999999999999,5911463.9,6055982.1,2401877.3,2586702.9,2059770.1,0.34,0.7959999999999999,131317.0,131317.0,131317.0,131317.0,131317.0,1.0,1.0
"ՀՀ կրթության, գիտության, մշակույթի և սպորտի նախարարություն",1075,1075,Մշակութային ժառանգության ծրագիր,"Մշակութային ժառանգության պահպանում, օգտագործում, համալրում և հանրահռչակում","Մշակութային ժառանգության շարունակական պահպանում, մշակութային զբոսաշրջության զարգացում և խթանում",32012,Թանգարանների համար նոր շենքերի կառուցում,"Թանգարանների շենքերի, մասնաշենքերի կառուցում և նախագծում, նորաստեղծ թանգարանների նորակառույց շենքերով ապահովում",Այլ պետական կազմակերպությունների կողմից օգտագործվող ոչ ֆինանսական ակտիվների հետ գործառնություններ,419955810.3,426245569.0,226081766.4,234710466.5,178544435.2,0.419,0.7609999999999999,5911463.9,6055982.1,2401877.3,2586702.9,2059770.1,0.34,0.7959999999999999,290997.7,290997.7,86787.5,86787.5,0.0,0.0,0.0
"ՀՀ կրթության, գիտության, մշակույթի և սպորտի նախարարություն",1111,1111,Բարձրագույն և հետբուհական մասնագիտական կրթության ծրագիր,"Ապահովել մատչելի, որակյալ և մրցունակ բարձրագույն և հետբուհական մասնագիտական կրթություն:",Գիտելիքների տնտեսության և գիտության զարգացման արդի պահանջներին համապատասխան բարձրագույն և հետբուհական մասնագիտական որակավորում ունեցող մասնագետների պատրաստում,11001,Ակադեմիական փոխճանաչման և շարժունության ծառայություններ,Ավարտական փաստաթղթերի ու դիպլոմների փոխճանաչման վկայականների խորհրդատվության տրամադրում` հիմնվելով Եվրոպական կրթական չափորոշիչների վրա,Ծառայությունների մատուցում,419955810.3,426245569.0,226081766.4,234710466.5,178544435.2,0.419,0.7609999999999999,13331538.8,13525213.9,6108634.7,6302309.8,5971813.9,0.442,0.948,43113.5,43113.5,19401.1,19401.1,19401.1,0.45,1.0
"ՀՀ կրթության, գիտության, մշակույթի և սպորտի նախարարություն",1111,1111,Բարձրագույն և հետբուհական մասնագիտական կրթության ծրագիր,"Ապահովել մատչելի, որակյալ և մրցունակ բարձրագույն և հետբուհական մասնագիտական կրթություն:",Գիտելիքների տնտեսության և գիտության զարգացման արդի պահանջներին համապատասխան բարձրագույն և հետբուհական մասնագիտական որակավորում ունեցող մասնագետների պատրաստում,11003,Բարձրագույն կրթության որակի ապահովման ծառայություններ,"Բարձրագույն կրթական ուսումնական հաստատությունների հավատարմագրում, հավատարմագրման չափանիշների մշակում, վերանայում, մշտադիտարկումների իրականացում, ծրագրային հավատարմագրման ոլորտային չափանիշների մշակում",Ծառայությունների մատուցում,419955810.3,426245569.0,226081766.4,234710466.5,178544435.2,0.419,0.7609999999999999,13331538.8,13525213.9,6108634.7,6302309.8,5971813.9,0.442,0.948,59989.5,59989.5,29994.8,29994.8,29994.8,0.5,1.0
"ՀՀ կրթության, գիտության, մշակույթի և սպորտի նախարարություն",1111,1111,Բարձրագույն և հետբուհական մասնագիտական կրթության ծրագիր,"Ապահովել մատչելի, որակյալ և մրցունակ բարձրագույն և հետբուհական մասնագիտական կրթություն:",Գիտելիքների տնտեսության և գիտության զարգացման արդի պահանջներին համապատասխան բարձրագույն և հետբուհական մասնագիտական որակավորում ունեցող մասնագետների պատրաստում,11007,Եվրոպական բարձրագույն կրթական տարածքի անդամակցությամբ պայմանավորված բարձրագույն մասնագիտական կրթության համակարգի բարեփոխումներ,Բոլոնիայի գործընթացի շրջանակներում նախարարական համաժողովների ընթացքում ստորագրված փաստաթղթերից բխող բարեփոխումներին միտված գործողությունների իրականացում,Ծառայությունների մատուցում,419955810.3,426245569.0,226081766.4,234710466.5,178544435.2,0.419,0.7609999999999999,13331538.8,13525213.9,6108634.7,6302309.8,5971813.9,0.442,0.948,45010.7,45010.7,20254.8,20254.8,4535.8,0.10099999999999999,0.22399999999999998
"ՀՀ կրթության, գիտության, մշակույթի և սպորտի նախարարություն",1111,1111,Բարձրագույն և հետբուհական մասնագիտական կրթության ծրագիր,"Ապահովել մատչելի, որակյալ և մրցունակ բարձրագույն և հետբուհական մասնագիտական կրթություն:",Գիտելիքների տնտեսության և գիտության զարգացման արդի պահանջներին համապատասխան բարձրագույն և հետբուհական մասնագիտական որակավորում ունեցող մասնագետների պատրաստում,12001,Բարձրագույն մասնագիտական կրթություն ստացող ուսանողների կրթաթոշակ,Բարձրագույն մասնագիտական կրթություն ստացող ուսանողների կրթաթոշակ,Տրանսֆերտների տրամադրում,419955810.3,426245569.0,226081766.4,234710466.5,178544435.2,0.419,0.7609999999999999,13331538.8,13525213.9,6108634.7,6302309.8,5971813.9,0.442,0.948,937060.0,937060.0,462030.0,462030.0,455241.5,0.486,0.985
"ՀՀ կրթության, գիտության, մշակույթի և սպորտի նախարարություն",1111,1111,Բարձրագույն և հետբուհական մասնագիտական կրթության ծրագիր,"Ապահովել մատչելի, որակյալ և մրցունակ բարձրագույն և հետբուհական մասնագիտական կրթություն:",Գիտելիքների տնտեսության և գիտության զարգացման արդի պահանջներին համապատասխան բարձրագույն և հետբուհական մասնագիտական որակավորում ունեցող մասնագետների պատրաստում,12002,Հետբուհական մասնագիտական կրթություն ստացող ուսանողների կրթաթոշակ բուհական հաստատություններում,Հետբուհական մասնագիտական կրթության գծով կրթաթոշակի տրամադրում,Տրանսֆերտների տրամադրում,419955810.3,426245569.0,226081766.4,234710466.5,178544435.2,0.419,0.7609999999999999,13331538.8,13525213.9,6108634.7,6302309.8,5971813.9,0.442,0.948,532188.0,532188.0,264150.0,264150.0,153092.9,0.28800000000000003,0.58
"ՀՀ կրթության, գիտության, մշակույթի և սպորտի նախարարություն",1111,1111,Բարձրագույն և հետբուհական մասնագիտական կրթության ծրագիր,"Ապահովել մատչելի, որակյալ և մրցունակ բարձրագույն և հետբուհական մասնագիտական կրթություն:",Գիտելիքների տնտեսության և գիտության զարգացման արդի պահանջներին համապատասխան բարձրագույն և հետբուհական մասնագիտական որակավորում ունեցող մասնագետների պատրաստում,12003,Ասպիրանտական կրթաթոշակներ գիտական հաստատություններում սովորողներին,Կրթաթոշակներ գիտական հաստատություններում ասպիրանտական կրթության մեջ գտնվող անձանց,Տրանսֆերտների տրամադրում,419955810.3,426245569.0,226081766.4,234710466.5,178544435.2,0.419,0.7609999999999999,13331538.8,13525213.9,6108634.7,6302309.8,5971813.9,0.442,0.948,89040.0,89040.0,40068.0,40068.0,32282.5,0.363,0.8059999999999999
"ՀՀ կրթության, գիտության, մշակույթի և սպորտի նախարարություն",1111,1111,Բարձրագույն և հետբուհական մասնագիտական կրթության ծրագիր,"Ապահովել մատչելի, որակյալ և մրցունակ բարձրագույն և հետբուհական մասնագիտական կրթություն:",Գիտելիքների տնտեսության և գիտության զարգացման արդի պահանջներին համապատասխան բարձրագույն և հետբուհական մասնագիտական որակավորում ունեցող մասնագետների պատրաստում,12004,Բարձրագույն մասնագիտական կրթության գծով ուսանողական նպաստների տրամադրում,Բարձրագույն մասնագիտական կրթություն ստացող ուսանողների նպաստներ,Տրանսֆերտների տրամադրում,419955810.3,426245569.0,226081766.4,234710466.5,178544435.2,0.419,0.7609999999999999,13331538.8,13525213.9,6108634.7,6302309.8,5971813.9,0.442,0.948,10072844.5,10072844.5,4536168.3,4561168.3,4561168.3,0.45299999999999996,1.0
"ՀՀ կրթության, գիտության, մշակույթի և սպորտի նախարարություն",1111,1111,Բարձրագույն և հետբուհական մասնագիտական կրթության ծրագիր,"Ապահովել մատչելի, որակյալ և մրցունակ բարձրագույն և հետբուհական մասնագիտական կրթություն:",Գիտելիքների տնտեսության և գիտության զարգացման արդի պահանջներին համապատասխան բարձրագույն և հետբուհական մասնագիտական որակավորում ունեցող մասնագետների պատրաստում,12005,Հետբուհական մասնագիտական կրթության գծով  նպաստների տրամադրում բուհական հաստատություններում,Հետբուհական մասնագիտական կրթության գծով  նպաստների տրամադրում,Տրանսֆերտների տրամադրում,419955810.3,426245569.0,226081766.4,234710466.5,178544435.2,0.419,0.7609999999999999,13331538.8,13525213.9,6108634.7,6302309.8,5971813.9,0.442,0.948,499228.0,499228.0,211814.6,211814.6,187974.2,0.377,0.887
"ՀՀ կրթության, գիտության, մշակույթի և սպորտի նախարարություն",1111,1111,Բարձրագույն և հետբուհական մասնագիտական կրթության ծրագիր,"Ապահովել մատչելի, որակյալ և մրցունակ բարձրագույն և հետբուհական մասնագիտական կրթություն:",Գիտելիքների տնտեսության և գիտության զարգացման արդի պահանջներին համապատասխան բարձրագույն և հետբուհական մասնագիտական որակավորում ունեցող մասնագետների պատրաստում,12006,Հետբուհական մասնագիտական կրթության գծով նպաստների տրամադրում գիտակրթական հաստատություններում,Գիտական կադրերի պատրաստման համար նպաստների տրամադրում,Տրանսֆերտների տրամադրում,419955810.3,426245569.0,226081766.4,234710466.5,178544435.2,0.419,0.7609999999999999,13331538.8,13525213.9,6108634.7,6302309.8,5971813.9,0.442,0.948,35586.2,35586.2,16013.8,16013.8,11969.2,0.336,0.747
"ՀՀ կրթության, գիտության, մշակույթի և սպորտի նախարարություն",1111,1111,Բարձրագույն և հետբուհական մասնագիտական կրթության ծրագիր,"Ապահովել մատչելի, որակյալ և մրցունակ բարձրագույն և հետբուհական մասնագիտական կրթություն:",Գիտելիքների տնտեսության և գիտության զարգացման արդի պահանջներին համապատասխան բարձրագույն և հետբուհական մասնագիտական որակավորում ունեցող մասնագետների պատրաստում,12007,"Երևանում բարձրագույն կրթության հասանելիության ապահովում մարզաբնակ ուսանողներին, կեցության վարձավճարի փոխհատուցում մարզաբնակ և օտարերկրյա ուսանողներին",Ուսանողներին զեղչային գներով հանրակացարանային պայմանների տրամադրում,Տրանսֆերտների տրամադրում,419955810.3,426245569.0,226081766.4,234710466.5,178544435.2,0.419,0.7609999999999999,13331538.8,13525213.9,6108634.7,6302309.8,5971813.9,0.442,0.948,41335.9,41335.9,20668.0,20668.0,20668.0,0.5,1.0
"ՀՀ կրթության, գիտության, մշակույթի և սպորտի նախարարություն",1111,1111,Բարձրագույն և հետբուհական մասնագիտական կրթության ծրագիր,"Ապահովել մատչելի, որակյալ և մրցունակ բարձրագույն և հետբուհական մասնագիտական կրթություն:",Գիտելիքների տնտեսության և գիտության զարգացման արդի պահանջներին համապատասխան բարձրագույն և հետբուհական մասնագիտական որակավորում ունեցող մասնագետների պատրաստում,12008,Ուսումնական վարկերի տոկոսավճարների մասնակի փոխհատուցում,"Ուսումնական վարկերի տոկոսավճարների մասնակի փոխհատուցում` 2 տոկոսային կետի չափով, բարձր առաջադիմության դեպքում 3 տոկոսային կետի չափով:",Տրանսֆերտների տրամադրում,419955810.3,426245569.0,226081766.4,234710466.5,178544435.2,0.419,0.7609999999999999,13331538.8,13525213.9,6108634.7,6302309.8,5971813.9,0.442,0.948,66300.0,66300.0,33150.0,33150.0,33150.0,0.5,1.0
"ՀՀ կրթության, գիտության, մշակույթի և սպորտի նախարարություն",1111,1111,Բարձրագույն և հետբուհական մասնագիտական կրթության ծրագիր,"Ապահովել մատչելի, որակյալ և մրցունակ բարձրագույն և հետբուհական մասնագիտական կրթություն:",Գիտելիքների տնտեսության և գիտության զարգացման արդի պահանջներին համապատասխան բարձրագույն և հետբուհական մասնագիտական որակավորում ունեցող մասնագետների պատրաստում,12011,2023 թվականի սեպտեմբերի 19-ից հետո Ղարաբաղից բռնի տեղահանված և ՀՀ-ում բարձրագույն մասնագիտական կրթություն ստացող ուսանողներին ուսման վարձի լրիվ կամ մասնակի փոխհատուցման նպատակով կրթաթոշակի տրամադրում,2023 թվականի սեպտեմբերի 19-ից հետո Ղարաբաղից բռնի տեղահանված և ՀՀ-ում բարձրագույն մասնագիտական կրթություն ստացող ուսանողներին կրթաթոշակի տրամադրում,Տրանսֆերտների տրամադրում,419955810.3,426245569.0,226081766.4,234710466.5,178544435.2,0.419,0.7609999999999999,13331538.8,13525213.9,6108634.7,6302309.8,5971813.9,0.442,0.948,440237.5,440237.5,220118.8,174318.8,63412.1,0.14400000000000002,0.364
"ՀՀ կրթության, գիտության, մշակույթի և սպորտի նախարարություն",1111,1111,Բարձրագույն և հետբուհական մասնագիտական կրթության ծրագիր,"Ապահովել մատչելի, որակյալ և մրցունակ բարձրագույն և հետբուհական մասնագիտական կրթություն:",Գիտելիքների տնտեսության և գիտության զարգացման արդի պահանջներին համապատասխան բարձրագույն և հետբուհական մասնագիտական որակավորում ունեցող մասնագետների պատրաստում,12012,Ղարաբաղից բռնի տեղահանված ընտանիքների  ՀՀ բարձրագույն և հետբուհական մասնագիտական  կրթական ծրագրեր իրականացնող ուսումնական հաստատություններում  սովորող ուսանողների ուսման վարձի փոխհատուցում,Մինչև 2023 թ. սեպտեմբերի 19-ը ՀՀ բարձրագույն և հետբուհ. մասնագիտ.կրթ. ծրագրեր իրականացնող ուս.հաստատ-ի վճարովի ուսուց. համակարգում ընդգրկված Ղարաբաղից բռնի տեղահանված ընտանիք. ուսանող-ն  ուսման վարձի փոխհատուց. նպատ. ուսանող. նպաստիտրամադրում,Տրանսֆերտների տրամադրում,419955810.3,426245569.0,226081766.4,234710466.5,178544435.2,0.419,0.7609999999999999,13331538.8,13525213.9,6108634.7,6302309.8,5971813.9,0.442,0.948,469605.0,469605.0,234802.5,255602.5,208514.2,0.444,0.816
"ՀՀ կրթության, գիտության, մշակույթի և սպորտի նախարարություն",1111,1111,Բարձրագույն և հետբուհական մասնագիտական կրթության ծրագիր,"Ապահովել մատչելի, որակյալ և մրցունակ բարձրագույն և հետբուհական մասնագիտական կրթություն:",Գիտելիքների տնտեսության և գիտության զարգացման արդի պահանջներին համապատասխան բարձրագույն և հետբուհական մասնագիտական որակավորում ունեցող մասնագետների պատրաստում,32001,Բարձրագույն  ուսումնական հաստատությունների և «Զեյթուն»  ուսանողական ավան»  հիմնադրամի շենքային պայմանների բարելավում,Բարձրագույն  ուսումնական հաստատությունների և «Զեյթուն» ուսանողական ավան»   հիմնադրամի շենքային պայմանների բարելավում,Ծառայությունների մատուցում,419955810.3,426245569.0,226081766.4,234710466.5,178544435.2,0.419,0.7609999999999999,13331538.8,13525213.9,6108634.7,6302309.8,5971813.9,0.442,0.948,0.0,193675.1,0.0,193675.1,190409.3,0.983,0.983
"ՀՀ կրթության, գիտության, մշակույթի և սպորտի նախարարություն",1115,1115,Երիտասարդության ծրագիր,"Նպաստել սոցիալ-տնտեսական, քաղաքական և մշակութային կյանքին երիտասարդների լիարժեք ներգրավմանը և նրանց ստեղծագործական ներուժի ամբողջական դրսևորմանը",Հասարակական կյանքում երիտասարդների արդյունավետ ներգրավվածության և դրսևորման ընդլայնում,11001,Երիտասարդական պետական քաղաքականությանն ուղղված ծրագրեր և միջոցառումներ,"Հասարակական կյանքին երիտասարդների ակտիվ մասնակցության,  երիտասարդության շրջանում առողջ ապրելակերպի, հոգևոր-մշակութային, հայրենասիրական դաստիարակության խթանում, երիտասարդների զբաղվածության հնարավորությունների մեծացում",Ծառայությունների մատուցում,419955810.3,426245569.0,226081766.4,234710466.5,178544435.2,0.419,0.7609999999999999,2910288.5,2910288.5,1491053.6,1491053.6,1473772.0,0.506,0.988,53305.8,53305.8,12500.0,12500.0,3010.0,0.055999999999999994,0.24100000000000002
"ՀՀ կրթության, գիտության, մշակույթի և սպորտի նախարարություն",1115,1115,Երիտասարդության ծրագիր,"Նպաստել սոցիալ-տնտեսական, քաղաքական և մշակութային կյանքին երիտասարդների լիարժեք ներգրավմանը և նրանց ստեղծագործական ներուժի ամբողջական դրսևորմանը",Հասարակական կյանքում երիտասարդների արդյունավետ ներգրավվածության և դրսևորման ընդլայնում,11002,Երիտասարդական ծրագրերի շրջանակներում թրաֆիքինգի դեմ պայքարի միջոցառումներ,Մարդկանց շահագործման (թրաֆիքինգի) կանխարգելմանն ուղղված քարոզչական միջոցառումներ,Ծառայությունների մատուցում,419955810.3,426245569.0,226081766.4,234710466.5,178544435.2,0.419,0.7609999999999999,2910288.5,2910288.5,1491053.6,1491053.6,1473772.0,0.506,0.988,9600.0,9600.0,4477.8,4477.8,1895.4,0.19699999999999998,0.423
"ՀՀ կրթության, գիտության, մշակույթի և սպորտի նախարարություն",1115,1115,Երիտասարդության ծրագիր,"Նպաստել սոցիալ-տնտեսական, քաղաքական և մշակութային կյանքին երիտասարդների լիարժեք ներգրավմանը և նրանց ստեղծագործական ներուժի ամբողջական դրսևորմանը",Հասարակական կյանքում երիտասարդների արդյունավետ ներգրավվածության և դրսևորման ընդլայնում,11003,ՀՀ տարվա երիտասարդական մայրաքաղաք,"Տարածքային  համաչափ զարգացում, մարզերում  երիտասարդական ծրագրերի մշակմանն ու իրականացմանը  նպաստում",Ծառայությունների մատուցում,419955810.3,426245569.0,226081766.4,234710466.5,178544435.2,0.419,0.7609999999999999,2910288.5,2910288.5,1491053.6,1491053.6,1473772.0,0.506,0.988,59194.7,59194.7,47355.5,47355.5,47352.0,0.8,1.0
"ՀՀ կրթության, գիտության, մշակույթի և սպորտի նախարարություն",1115,1115,Երիտասարդության ծրագիր,"Նպաստել սոցիալ-տնտեսական, քաղաքական և մշակութային կյանքին երիտասարդների լիարժեք ներգրավմանը և նրանց ստեղծագործական ներուժի ամբողջական դրսևորմանը",Հասարակական կյանքում երիտասարդների արդյունավետ ներգրավվածության և դրսևորման ընդլայնում,12001,Աջակցություն երիտասարդ ընտանիքներին,«Երիտասարդ ընտանիքներին մատչելի բնակարաններ» պետական նպատակային ծրագրի համաֆինանսավորում,Տրանսֆերտների տրամադրում,419955810.3,426245569.0,226081766.4,234710466.5,178544435.2,0.419,0.7609999999999999,2910288.5,2910288.5,1491053.6,1491053.6,1473772.0,0.506,0.988,2682900.0,2682900.0,1341450.0,1341450.0,1341450.0,0.5,1.0
"ՀՀ կրթության, գիտության, մշակույթի և սպորտի նախարարություն",1115,1115,Երիտասարդության ծրագիր,"Նպաստել սոցիալ-տնտեսական, քաղաքական և մշակութային կյանքին երիտասարդների լիարժեք ներգրավմանը և նրանց ստեղծագործական ներուժի ամբողջական դրսևորմանը",Հասարակական կյանքում երիտասարդների արդյունավետ ներգրավվածության և դրսևորման ընդլայնում,32001,Երիտասարդական կենտրոնների ստեղծում,"Հասարակական կյանքին երիտասարդների ակտիվ մասնակցության,  երիտասարդության շրջանում առողջ ապրելակերպի, հոգևոր-մշակութային, հայրենասիրական դաստիարակության խթանում, երիտասարդների զբաղվածության հնարավորությունների մեծացում",Այլ պետական կազմակերպությունների կողմից օգտագործվող ոչ ֆինանսական ակտիվների հետ գործառնություններ,419955810.3,426245569.0,226081766.4,234710466.5,178544435.2,0.419,0.7609999999999999,2910288.5,2910288.5,1491053.6,1491053.6,1473772.0,0.506,0.988,105288.0,105288.0,85270.3,85270.3,80064.6,0.76,0.9390000000000001
"ՀՀ կրթության, գիտության, մշակույթի և սպորտի նախարարություն",1124,1124,Գրահրատարակչության և գրադարանների ծրագիր,"Նպաստել գրականության զարգացմանը, տարածմանը և հանրահռչակմանը","Գրքի և գրական արտադրանքի բազմազանության և հասանելիության ապահովում, ստեղծագործական գործընթացների խթանում",11002,Թարգմանական ծրագրեր և աջակցություն ստեղծագործողներին ու հետազոտողներին,"Աջակցություն ստեղծագործողներին, մշակույթի ոլորտի հետազոտողներին և արտերկրի հրատարակչություններին հայ գրականության հանրահռչակման նպատակով",Ծառայությունների մատուցում,419955810.3,426245569.0,226081766.4,234710466.5,178544435.2,0.419,0.7609999999999999,1778607.7,1779646.9,809775.3,810814.5,791922.8,0.445,0.977,45342.0,45342.0,22671.0,22671.0,22671.0,0.5,1.0
"ՀՀ կրթության, գիտության, մշակույթի և սպորտի նախարարություն",1124,1124,Գրահրատարակչության և գրադարանների ծրագիր,"Նպաստել գրականության զարգացմանը, տարածմանը և հանրահռչակմանը","Գրքի և գրական արտադրանքի բազմազանության և հասանելիության ապահովում, ստեղծագործական գործընթացների խթանում",11003,Ոչ պետական մամուլի հրատարակում,"Հայաստանում  ազգային փոքրամասնությունների լեզուներով լույս տեսնող գրական, մշակութային, տպագիր և էլեկտրոնային պարբերականների հրապարակումներ",Ծառայությունների մատուցում,419955810.3,426245569.0,226081766.4,234710466.5,178544435.2,0.419,0.7609999999999999,1778607.7,1779646.9,809775.3,810814.5,791922.8,0.445,0.977,63360.4,63360.4,31680.2,31680.2,31680.2,0.5,1.0
"ՀՀ կրթության, գիտության, մշակույթի և սպորտի նախարարություն",1124,1124,Գրահրատարակչության և գրադարանների ծրագիր,"Նպաստել գրականության զարգացմանը, տարածմանը և հանրահռչակմանը","Գրքի և գրական արտադրանքի բազմազանության և հասանելիության ապահովում, ստեղծագործական գործընթացների խթանում",11004,Գրադարանային ծառայություններ,"Գրադարանային հավաքածուների պահպանում և համալրում, ընթերցողների սպասարկում, գրադարանային միջոցառումների կազմակերպում, գրադարանային կադրերի վերապատրաստում",Ծառայությունների մատուցում,419955810.3,426245569.0,226081766.4,234710466.5,178544435.2,0.419,0.7609999999999999,1778607.7,1779646.9,809775.3,810814.5,791922.8,0.445,0.977,1590570.9,1590570.9,715756.9,715756.9,715756.9,0.45,1.0
"ՀՀ կրթության, գիտության, մշակույթի և սպորտի նախարարություն",1124,1124,Գրահրատարակչության և գրադարանների ծրագիր,"Նպաստել գրականության զարգացմանը, տարածմանը և հանրահռչակմանը","Գրքի և գրական արտադրանքի բազմազանության և հասանելիության ապահովում, ստեղծագործական գործընթացների խթանում",11005,"Աջակցություն գրականության հանրահռչակմանը, գրական ծրագրերին և գրքերի միջազգային ցուցահանդեսներին մասնակցությանը",Գրական ժառանգության պահպանման և տարածման ծառայությունների մատուցում,Ծառայությունների մատուցում,419955810.3,426245569.0,226081766.4,234710466.5,178544435.2,0.419,0.7609999999999999,1778607.7,1779646.9,809775.3,810814.5,791922.8,0.445,0.977,43334.4,43334.4,21667.2,21667.2,8047.1,0.18600000000000003,0.371
"ՀՀ կրթության, գիտության, մշակույթի և սպորտի նախարարություն",1124,1124,Գրահրատարակչության և գրադարանների ծրագիր,"Նպաստել գրականության զարգացմանը, տարածմանը և հանրահռչակմանը","Գրքի և գրական արտադրանքի բազմազանության և հասանելիության ապահովում, ստեղծագործական գործընթացների խթանում",11007,Գրականության հրատարակում,Հայաստանի մշակութային ժառանգությունը ներկայացնող օտարալեզու գրականության հրատարակում,Ծառայությունների մատուցում,419955810.3,426245569.0,226081766.4,234710466.5,178544435.2,0.419,0.7609999999999999,1778607.7,1779646.9,809775.3,810814.5,791922.8,0.445,0.977,36000.0,36000.0,18000.0,18000.0,13767.6,0.382,0.765
"ՀՀ կրթության, գիտության, մշակույթի և սպորտի նախարարություն",1124,1124,Գրահրատարակչության և գրադարանների ծրագիր,"Նպաստել գրականության զարգացմանը, տարածմանը և հանրահռչակմանը","Գրքի և գրական արտադրանքի բազմազանության և հասանելիության ապահովում, ստեղծագործական գործընթացների խթանում",32001,Հանրային գրադարանների նյութատեխնիկական բազայի զարգացում,Հանրային գրադարանների նյութատեխնիկական բազայի զարգացում,Ծառայությունների մատուցում,419955810.3,426245569.0,226081766.4,234710466.5,178544435.2,0.419,0.7609999999999999,1778607.7,1779646.9,809775.3,810814.5,791922.8,0.445,0.977,0.0,1039.2,0.0,1039.2,0.0,0.0,0.0
"ՀՀ կրթության, գիտության, մշակույթի և սպորտի նախարարություն",1130,1130,"Կրթության, գիտության, մշակույթի և սպորտի  բնագավառի   պետական քաղաքականության մշակում, ծրագրերի համակարգում և մոնիտորինգ","Ապահովել համընդհանուր, հավասարապես հասանելի, ներառական և որակյալ կրթություն՛  բավարարելով տնտեսության ու հասարակության պահանջները, լիարժեք ծառայելով  ազգային շահերին","Կրթության, գիտության, մշակույթի և սպորտի  բնագավառում իրականացվող ծրագրերի ազդեցության և արդյունավետության  բարելավում",11001,"Կրթության, գիտության, մշակույթի և սպորտի  բնագավառի պետական քաղաքականության մշակման, ծրագրերի համակարգման և մոնիտորինգի ծառայություններ","Կրթության, գիտության, մշակույթի և սպորտի  բնագավառի պետական քաղաքականության մշակման, ծրագրերի համակարգման և մոնիտորինգի ծառայությունների ապահովում",Ծառայությունների մատուցում,419955810.3,426245569.0,226081766.4,234710466.5,178544435.2,0.419,0.7609999999999999,1884389.8,2524993.9,850497.2,1491101.3,1231440.6,0.488,0.826,1770497.3,1770497.3,799067.0,799067.0,721407.5,0.40700000000000003,0.903
"ՀՀ կրթության, գիտության, մշակույթի և սպորտի նախարարություն",1130,1130,"Կրթության, գիտության, մշակույթի և սպորտի  բնագավառի   պետական քաղաքականության մշակում, ծրագրերի համակարգում և մոնիտորինգ","Ապահովել համընդհանուր, հավասարապես հասանելի, ներառական և որակյալ կրթություն՛  բավարարելով տնտեսության ու հասարակության պահանջները, լիարժեք ծառայելով  ազգային շահերին","Կրթության, գիտության, մշակույթի և սպորտի  բնագավառում իրականացվող ծրագրերի ազդեցության և արդյունավետության  բարելավում",11002,Լեզվի բնագավառում պետական քաղաքականության մշակման և իրականացման ծառայություններ,Լեզվի բնագավառում պետական քաղաքականության մշակման և իրականացման ապահովում,Ծառայությունների մատուցում,419955810.3,426245569.0,226081766.4,234710466.5,178544435.2,0.419,0.7609999999999999,1884389.8,2524993.9,850497.2,1491101.3,1231440.6,0.488,0.826,113892.5,113892.5,51430.2,51430.2,44685.7,0.392,0.8690000000000001
"ՀՀ կրթության, գիտության, մշակույթի և սպորտի նախարարություն",1130,1130,"Կրթության, գիտության, մշակույթի և սպորտի  բնագավառի   պետական քաղաքականության մշակում, ծրագրերի համակարգում և մոնիտորինգ","Ապահովել համընդհանուր, հավասարապես հասանելի, ներառական և որակյալ կրթություն՛  բավարարելով տնտեսության ու հասարակության պահանջները, լիարժեք ծառայելով  ազգային շահերին","Կրթության, գիտության, մշակույթի և սպորտի  բնագավառում իրականացվող ծրագրերի ազդեցության և արդյունավետության  բարելավում",11004,"ՀՀ պետական կառավարման մարմինների կողմից  դիմումներ, հայցադիմումներ, դատարանի վճիռների  և որոշումների դեմ վերաքննիչ և վճռաբեկ բողոքներ ներկայացնելիս` «Պետական տուրքի մասին» ՀՀ օրենքով սահմանված վճարումներ","ՀՀ պետական կառավարման մարմինների կողմից  դիմումներ, հայցադիմումներ, դատարանի վճիռների  և որոշումների դեմ վերաքննիչ և վճռաբեկ բողոքներ ներկայացնելիս` «Պետական տուրքի մասին» ՀՀ օրենքով սահմանված վճարումներ",Հանրության կողմից անմիջականորեն օգտագործվող ակտիվների հետ կապված միջոցառումներ,419955810.3,426245569.0,226081766.4,234710466.5,178544435.2,0.419,0.7609999999999999,1884389.8,2524993.9,850497.2,1491101.3,1231440.6,0.488,0.826,0.0,1521.5,0.0,1521.5,1521.5,1.0,1.0
"ՀՀ կրթության, գիտության, մշակույթի և սպորտի նախարարություն",1130,1130,"Կրթության, գիտության, մշակույթի և սպորտի  բնագավառի   պետական քաղաքականության մշակում, ծրագրերի համակարգում և մոնիտորինգ","Ապահովել համընդհանուր, հավասարապես հասանելի, ներառական և որակյալ կրթություն՛  բավարարելով տնտեսության ու հասարակության պահանջները, լիարժեք ծառայելով  ազգային շահերին","Կրթության, գիտության, մշակույթի և սպորտի  բնագավառում իրականացվող ծրագրերի ազդեցության և արդյունավետության  բարելավում",11005,"Հասարակության և պետության հանդեպ հատուկ ծառայություններ ունեցած քաղաքացիների մահվան դեպքում հրաժեշտի ծիսակատարության և թաղման կազմակերպում, գերեզմանի բարեկարգման և մահարձանի պատրաստման ու տեղադրման աշխատանքներին աջակցություն",Հասարակության և պետության հանդեպ հատուկ ծառայություններ ունեցած քաղաքացիների մահվան դեպքում հրաժեշտի ծիսակատարության և թաղման կազմակերպում,Ծառայությունների մատուցում,419955810.3,426245569.0,226081766.4,234710466.5,178544435.2,0.419,0.7609999999999999,1884389.8,2524993.9,850497.2,1491101.3,1231440.6,0.488,0.826,0.0,5674.4,0.0,5674.4,5674.4,1.0,1.0
"ՀՀ կրթության, գիտության, մշակույթի և սպորտի նախարարություն",1130,1130,"Կրթության, գիտության, մշակույթի և սպորտի  բնագավառի   պետական քաղաքականության մշակում, ծրագրերի համակարգում և մոնիտորինգ","Ապահովել համընդհանուր, հավասարապես հասանելի, ներառական և որակյալ կրթություն՛  բավարարելով տնտեսության ու հասարակության պահանջները, լիարժեք ծառայելով  ազգային շահերին","Կրթության, գիտության, մշակույթի և սպորտի  բնագավառում իրականացվող ծրագրերի ազդեցության և արդյունավետության  բարելավում",11010,Պետական կառավարման  մարմինների կատարողականի գնահատում և խրախուսում,"Պետական մարմնի գործունեության առաջնահերթությունների սահմանում, կատարողականի գնահատման հիման վրա՛ խրախուսման միջոցով արդյունավետության բարձրացում",Ծառայությունների մատուցում,419955810.3,426245569.0,226081766.4,234710466.5,178544435.2,0.419,0.7609999999999999,1884389.8,2524993.9,850497.2,1491101.3,1231440.6,0.488,0.826,0.0,216373.6,0.0,216373.6,214671.3,0.992,0.992
"ՀՀ կրթության, գիտության, մշակույթի և սպորտի նախարարություն",1130,1130,"Կրթության, գիտության, մշակույթի և սպորտի  բնագավառի   պետական քաղաքականության մշակում, ծրագրերի համակարգում և մոնիտորինգ","Ապահովել համընդհանուր, հավասարապես հասանելի, ներառական և որակյալ կրթություն՛  բավարարելով տնտեսության ու հասարակության պահանջները, լիարժեք ծառայելով  ազգային շահերին","Կրթության, գիտության, մշակույթի և սպորտի  բնագավառում իրականացվող ծրագրերի ազդեցության և արդյունավետության  բարելավում",11011,"Կրթության, գիտության,  մշակույթի և սպորտի   բնագավառներում   ծրագրերի ապահովման   նպատակով անհրաժեշտ   պետական տուրքերի և   պարտադիր վճարների   կատարում","Կրթության, գիտության, մշակույթի և սպորտի բնագավառներում ծրագրերի ապահովման նպատակով անհրաժեշտ ՀՀ պետական կառավարման և տեղական ինքնակառավարման մարմինների կողմից սահմանված պետական տուրքերի և պարտադիր վճարների կատարում",Ծառայությունների մատուցում,419955810.3,426245569.0,226081766.4,234710466.5,178544435.2,0.419,0.7609999999999999,1884389.8,2524993.9,850497.2,1491101.3,1231440.6,0.488,0.826,0.0,100666.3,0.0,100666.3,6451.0,0.064,0.064
"ՀՀ կրթության, գիտության, մշակույթի և սպորտի նախարարություն",1130,1130,"Կրթության, գիտության, մշակույթի և սպորտի  բնագավառի   պետական քաղաքականության մշակում, ծրագրերի համակարգում և մոնիտորինգ","Ապահովել համընդհանուր, հավասարապես հասանելի, ներառական և որակյալ կրթություն՛  բավարարելով տնտեսության ու հասարակության պահանջները, լիարժեք ծառայելով  ազգային շահերին","Կրթության, գիտության, մշակույթի և սպորտի  բնագավառում իրականացվող ծրագրերի ազդեցության և արդյունավետության  բարելավում",31001,"ՀՀ կրթության, գիտության, մշակույթի և սպորտի նախարարության կարողությունների զարգացում և տեխնիկական հագեցվածության ապահովում","ՀՀ կրթության, գիտության, մշակույթի և սպորտի նախարարության  աշխատանքային պայմանների բարելավման համար վարչական սարքավորումների ձեռք բերում",Ծառայությունների մատուցում,419955810.3,426245569.0,226081766.4,234710466.5,178544435.2,0.419,0.7609999999999999,1884389.8,2524993.9,850497.2,1491101.3,1231440.6,0.488,0.826,0.0,4462.9,0.0,4462.9,0.0,0.0,0.0
"ՀՀ կրթության, գիտության, մշակույթի և սպորտի նախարարություն",1130,1130,"Կրթության, գիտության, մշակույթի և սպորտի  բնագավառի   պետական քաղաքականության մշակում, ծրագրերի համակարգում և մոնիտորինգ","Ապահովել համընդհանուր, հավասարապես հասանելի, ներառական և որակյալ կրթություն՛  բավարարելով տնտեսության ու հասարակության պահանջները, լիարժեք ծառայելով  ազգային շահերին","Կրթության, գիտության, մշակույթի և սպորտի  բնագավառում իրականացվող ծրագրերի ազդեցության և արդյունավետության  բարելավում",31003,"Կրթության, գիտության, մշակույթի և սպորտի ոլորտներին առնչվող  անշարժ գույքի ձեռքբերում","ՀՀ կրթության, գիտության, մշակույթի և սպորտի նախարարության կողմից շենքերի և շինությունների ձեռքբերում և հաշվառում նախարարության հաշվեկշռում",Պետական մարմինների կողմից օգտագործվող ոչ ֆինանսական ակտիվների հետ գործառնություններ,419955810.3,426245569.0,226081766.4,234710466.5,178544435.2,0.419,0.7609999999999999,1884389.8,2524993.9,850497.2,1491101.3,1231440.6,0.488,0.826,0.0,311905.4,0.0,311905.4,237029.2,0.76,0.76
"ՀՀ կրթության, գիտության, մշակույթի և սպորտի նախարարություն",1146,1146,Հանրակրթության ծրագիր,Ապահովել անվճար և որակյալ հանրակրթություն,"Մտավոր, հոգևոր, ֆիզիկական և սոցիալական ունակությունների համակողմանի ու ներդաշնակ զարգացմամբ, հայրենասիրության, պետականության և մարդասիրության ոգով դաստիրակված, պատշաճ վարքով և վարվելակերպով անձի  ձևավորում",11001,Տարրական ընդհանուր հանրակրթություն,"Պարտադիր կրթության առաջին մակարդակում սովորողների ընդգրկվածության, գրագիտության և համակողմանի զարգացման բարձր մակարդակի ապահովում",Ծառայությունների մատուցում,419955810.3,426245569.0,226081766.4,234710466.5,178544435.2,0.419,0.7609999999999999,139731818.0,139639993.0,68616877.3,68525052.3,67499402.7,0.483,0.985,43438327.1,43438327.1,21806247.9,21806247.9,21641837.0,0.498,0.992
"ՀՀ կրթության, գիտության, մշակույթի և սպորտի նախարարություն",1146,1146,Հանրակրթության ծրագիր,Ապահովել անվճար և որակյալ հանրակրթություն,"Մտավոր, հոգևոր, ֆիզիկական և սոցիալական ունակությունների համակողմանի ու ներդաշնակ զարգացմամբ, հայրենասիրության, պետականության և մարդասիրության ոգով դաստիրակված, պատշաճ վարքով և վարվելակերպով անձի  ձևավորում",11002,Հիմնական ընդհանուր հանրակրթություն,"Պարտադիր կրթության երկրորդ մակարդակում սովորողների ընդգրկվածության, գրագիտության և համակողմանի զարգացման բարձր մակարդակի ապահովում",Ծառայությունների մատուցում,419955810.3,426245569.0,226081766.4,234710466.5,178544435.2,0.419,0.7609999999999999,139731818.0,139639993.0,68616877.3,68525052.3,67499402.7,0.483,0.985,54722859.3,54592859.3,26296427.2,26231427.2,26109713.6,0.478,0.995
"ՀՀ կրթության, գիտության, մշակույթի և սպորտի նախարարություն",1146,1146,Հանրակրթության ծրագիր,Ապահովել անվճար և որակյալ հանրակրթություն,"Մտավոր, հոգևոր, ֆիզիկական և սոցիալական ունակությունների համակողմանի ու ներդաշնակ զարգացմամբ, հայրենասիրության, պետականության և մարդասիրության ոգով դաստիրակված, պատշաճ վարքով և վարվելակերպով անձի  ձևավորում",11003,Միջնակարգ ընդհանուր հանրակրթություն,"Պարտադիր կրթության երրորդ մակարդակում սովորողների ընդգրկվածության, գրագիտության և համակողմանի զարգացման բարձր մակարդակի ապահովում",,419955810.3,426245569.0,226081766.4,234710466.5,178544435.2,0.419,0.7609999999999999,139731818.0,139639993.0,68616877.3,68525052.3,67499402.7,0.483,0.985,28079831.7,28079831.7,14064957.9,14064957.9,13924813.2,0.496,0.99
"ՀՀ կրթության, գիտության, մշակույթի և սպորտի նախարարություն",1146,1146,Հանրակրթության ծրագիր,Ապահովել անվճար և որակյալ հանրակրթություն,"Մտավոր, հոգևոր, ֆիզիկական և սոցիալական ունակությունների համակողմանի ու ներդաշնակ զարգացմամբ, հայրենասիրության, պետականության և մարդասիրության ոգով դաստիրակված, պատշաճ վարքով և վարվելակերպով անձի  ձևավորում",11004,Տարրական հատուկ հանրակրթություն,Պարտադիր կրթության առաջին մակարդակում սովորողների ընդգրկվածության և գրագիտության ապահովում,Ծառայությունների մատուցում,419955810.3,426245569.0,226081766.4,234710466.5,178544435.2,0.419,0.7609999999999999,139731818.0,139639993.0,68616877.3,68525052.3,67499402.7,0.483,0.985,391519.9,391519.9,182955.0,182955.0,182955.0,0.467,1.0
"ՀՀ կրթության, գիտության, մշակույթի և սպորտի նախարարություն",1146,1146,Հանրակրթության ծրագիր,Ապահովել անվճար և որակյալ հանրակրթություն,"Մտավոր, հոգևոր, ֆիզիկական և սոցիալական ունակությունների համակողմանի ու ներդաշնակ զարգացմամբ, հայրենասիրության, պետականության և մարդասիրության ոգով դաստիրակված, պատշաճ վարքով և վարվելակերպով անձի  ձևավորում",11005,Հիմնական հատուկ հանրակրթություն,Պարտադիր կրթության երկրորդ մակարդակում սովորողների ընդգրկվածության և գրագիտության ապահովում,Ծառայությունների մատուցում,419955810.3,426245569.0,226081766.4,234710466.5,178544435.2,0.419,0.7609999999999999,139731818.0,139639993.0,68616877.3,68525052.3,67499402.7,0.483,0.985,538339.8,538339.8,251563.2,251563.2,251563.2,0.467,1.0
"ՀՀ կրթության, գիտության, մշակույթի և սպորտի նախարարություն",1146,1146,Հանրակրթության ծրագիր,Ապահովել անվճար և որակյալ հանրակրթություն,"Մտավոր, հոգևոր, ֆիզիկական և սոցիալական ունակությունների համակողմանի ու ներդաշնակ զարգացմամբ, հայրենասիրության, պետականության և մարդասիրության ոգով դաստիրակված, պատշաճ վարքով և վարվելակերպով անձի  ձևավորում",11006,Միջնակարգ հատուկ հանրակրթություն,Պարտադիր կրթության երրորդ մակարդակում սովորողների ընդգրկվածության՛ գրագիտության և համակողմանի զարգացման բարձր մակարդակի ապահովում,,419955810.3,426245569.0,226081766.4,234710466.5,178544435.2,0.419,0.7609999999999999,139731818.0,139639993.0,68616877.3,68525052.3,67499402.7,0.483,0.985,326266.5,326266.5,152462.6,152462.6,152462.6,0.467,1.0
"ՀՀ կրթության, գիտության, մշակույթի և սպորտի նախարարություն",1146,1146,Հանրակրթության ծրագիր,Ապահովել անվճար և որակյալ հանրակրթություն,"Մտավոր, հոգևոր, ֆիզիկական և սոցիալական ունակությունների համակողմանի ու ներդաշնակ զարգացմամբ, հայրենասիրության, պետականության և մարդասիրության ոգով դաստիրակված, պատշաճ վարքով և վարվելակերպով անձի  ձևավորում",11010,Տարրական մասնագիտացված հանրակրթություն,Տարրական կրթության մակարդակում մասնագիտացված հանրակրթական ծառայությունների մատուցման միջոցով սովորողների ընդգրկվածության և գրագիտության ապահովում,Ծառայությունների մատուցում,419955810.3,426245569.0,226081766.4,234710466.5,178544435.2,0.419,0.7609999999999999,139731818.0,139639993.0,68616877.3,68525052.3,67499402.7,0.483,0.985,233529.8,270248.0,112255.6,129906.0,129906.0,0.48100000000000004,1.0
"ՀՀ կրթության, գիտության, մշակույթի և սպորտի նախարարություն",1146,1146,Հանրակրթության ծրագիր,Ապահովել անվճար և որակյալ հանրակրթություն,"Մտավոր, հոգևոր, ֆիզիկական և սոցիալական ունակությունների համակողմանի ու ներդաշնակ զարգացմամբ, հայրենասիրության, պետականության և մարդասիրության ոգով դաստիրակված, պատշաճ վարքով և վարվելակերպով անձի  ձևավորում",11011,Հիմնական մասնագիտացված հանրակրթություն,Հիմնական կրթության մակարդակում մասնագիտացված հանրակրթական ծառայությունների մատուցման միջոցով սովորողների ընդգրկվածության և գրագիտության ապահովում,Ծառայությունների մատուցում,419955810.3,426245569.0,226081766.4,234710466.5,178544435.2,0.419,0.7609999999999999,139731818.0,139639993.0,68616877.3,68525052.3,67499402.7,0.483,0.985,1490996.9,1652950.8,716708.6,794559.0,794559.0,0.48100000000000004,1.0
"ՀՀ կրթության, գիտության, մշակույթի և սպորտի նախարարություն",1146,1146,Հանրակրթության ծրագիր,Ապահովել անվճար և որակյալ հանրակրթություն,"Մտավոր, հոգևոր, ֆիզիկական և սոցիալական ունակությունների համակողմանի ու ներդաշնակ զարգացմամբ, հայրենասիրության, պետականության և մարդասիրության ոգով դաստիրակված, պատշաճ վարքով և վարվելակերպով անձի  ձևավորում",11012,Միջնակարգ մասնագիտացված հանրակրթություն,"Միջնակարգ կրթության մակարդակում մասնագիտացված հանրակրթական ծառայությունների մատուցման միջոցով սովորողների ընդգրկվածության , համակողմանի զարգացման և գրագիտության ապահովում",,419955810.3,426245569.0,226081766.4,234710466.5,178544435.2,0.419,0.7609999999999999,139731818.0,139639993.0,68616877.3,68525052.3,67499402.7,0.483,0.985,2350501.9,2151829.8,1163651.3,1068150.5,1036919.3,0.48200000000000004,0.971
"ՀՀ կրթության, գիտության, մշակույթի և սպորտի նախարարություն",1146,1146,Հանրակրթության ծրագիր,Ապահովել անվճար և որակյալ հանրակրթություն,"Մտավոր, հոգևոր, ֆիզիկական և սոցիալական ունակությունների համակողմանի ու ներդաշնակ զարգացմամբ, հայրենասիրության, պետականության և մարդասիրության ոգով դաստիրակված, պատշաճ վարքով և վարվելակերպով անձի  ձևավորում",11014,Նորարարական մանկավարժական ծրագրերի իրականացում հանրակրթությունում,"Հեղինակային կրթական ծրագրերի վերամշակում և իրականացում, անհատի օժտվածության զարգացման բաց համակարգ, ստեղծագործ անհատի կրթական պատվերի իրականացում",Ծառայությունների մատուցում,419955810.3,426245569.0,226081766.4,234710466.5,178544435.2,0.419,0.7609999999999999,139731818.0,139639993.0,68616877.3,68525052.3,67499402.7,0.483,0.985,126383.6,126383.6,63191.8,63191.8,63191.8,0.5,1.0
"ՀՀ կրթության, գիտության, մշակույթի և սպորտի նախարարություն",1146,1146,Հանրակրթության ծրագիր,Ապահովել անվճար և որակյալ հանրակրթություն,"Մտավոր, հոգևոր, ֆիզիկական և սոցիալական ունակությունների համակողմանի ու ներդաշնակ զարգացմամբ, հայրենասիրության, պետականության և մարդասիրության ոգով դաստիրակված, պատշաճ վարքով և վարվելակերպով անձի  ձևավորում",11015,Դպրոցականների օլիմպիադաների անցկացում,"Օժտված երեխաների հայտնաբերում, խրախուսում, ազգային թիմերի ձևավորում, միջազգային օլիմպիադաների մասնակիցների պատրաստում",,419955810.3,426245569.0,226081766.4,234710466.5,178544435.2,0.419,0.7609999999999999,139731818.0,139639993.0,68616877.3,68525052.3,67499402.7,0.483,0.985,71000.0,71000.0,60000.0,60000.0,60000.0,0.845,1.0
"ՀՀ կրթության, գիտության, մշակույթի և սպորտի նախարարություն",1146,1146,Հանրակրթության ծրագիր,Ապահովել անվճար և որակյալ հանրակրթություն,"Մտավոր, հոգևոր, ֆիզիկական և սոցիալական ունակությունների համակողմանի ու ներդաշնակ զարգացմամբ, հայրենասիրության, պետականության և մարդասիրության ոգով դաստիրակված, պատշաճ վարքով և վարվելակերպով անձի  ձևավորում",11016,Կրթական հաստատությունների աշակերտներին դասագրքերով և ուսումնական գրականությամբ ապահովում,Հանրակրթական դպրոցում ուսումնական գործընթացի արդյունավետության  ապահովման և բարձրացման նպատակով ուսումնադիդակտիկ պարագաների ապահովում,,419955810.3,426245569.0,226081766.4,234710466.5,178544435.2,0.419,0.7609999999999999,139731818.0,139639993.0,68616877.3,68525052.3,67499402.7,0.483,0.985,487472.8,487472.8,157520.0,157520.0,0.0,0.0,0.0
"ՀՀ կրթության, գիտության, մշակույթի և սպորտի նախարարություն",1146,1146,Հանրակրթության ծրագիր,Ապահովել անվճար և որակյալ հանրակրթություն,"Մտավոր, հոգևոր, ֆիզիկական և սոցիալական ունակությունների համակողմանի ու ներդաշնակ զարգացմամբ, հայրենասիրության, պետականության և մարդասիրության ոգով դաստիրակված, պատշաճ վարքով և վարվելակերպով անձի  ձևավորում",11017,Կրթական հաստատություններին ուսումնամեթոդական նյութերով ապահովում,"Ավարտական փաստաթղթերի, գովասանագրերի, դասամատյանների, մեդալների, ուսումնական ծրագրերի, մանկավարժական պարբերականների և ուսումնադիտողական պարագաների, հավաստագրերի և այլ ծառայությունների ձեռքբերում",,419955810.3,426245569.0,226081766.4,234710466.5,178544435.2,0.419,0.7609999999999999,139731818.0,139639993.0,68616877.3,68525052.3,67499402.7,0.483,0.985,13814.0,13814.0,13814.0,13814.0,153.6,0.011000000000000001,0.011000000000000001
"ՀՀ կրթության, գիտության, մշակույթի և սպորտի նախարարություն",1146,1146,Հանրակրթության ծրագիր,Ապահովել անվճար և որակյալ հանրակրթություն,"Մտավոր, հոգևոր, ֆիզիկական և սոցիալական ունակությունների համակողմանի ու ներդաշնակ զարգացմամբ, հայրենասիրության, պետականության և մարդասիրության ոգով դաստիրակված, պատշաճ վարքով և վարվելակերպով անձի  ձևավորում",11018,Դպրոցներում STEM կրթության և ռոբոտատեխնիկայի զարգացման իրականացում,"Հանրակրթական դպրոցի բնագիտամաթեմատիկական ուղղվածության մակարդակի զարգացում: Հանրակրթական դպրոցի սովորողների կողմից մեխանիկայի, էլեկտրոնիկայի, ծրագրավորման և ռոբոտատեխնիկային հիմունքների ուսումնասիրություն և յուրացման ապահովում",Ծառայությունների մատուցում,419955810.3,426245569.0,226081766.4,234710466.5,178544435.2,0.419,0.7609999999999999,139731818.0,139639993.0,68616877.3,68525052.3,67499402.7,0.483,0.985,946627.7,946627.7,473313.8,473313.8,473313.8,0.5,1.0
"ՀՀ կրթության, գիտության, մշակույթի և սպորտի նախարարություն",1146,1146,Հանրակրթության ծրագիր,Ապահովել անվճար և որակյալ հանրակրթություն,"Մտավոր, հոգևոր, ֆիզիկական և սոցիալական ունակությունների համակողմանի ու ներդաշնակ զարգացմամբ, հայրենասիրության, պետականության և մարդասիրության ոգով դաստիրակված, պատշաճ վարքով և վարվելակերպով անձի  ձևավորում",11025,Գնահատման և թեստավորման ծառայություններ,Քննական թեստերի և հարցաշարերի մշակում և փորձարկում՛ դպրոցի ավարտական և բուհերի ընդունելության միասնական քննությունների կազմակերպում և անցկացում՛ սովորողների գիտելիքների արտաքին ընթացիկ գնահատում՛ ազգային ստուգատեսերի անցկացում՛ TIMSS/PIRLS,Ծառայությունների մատուցում,419955810.3,426245569.0,226081766.4,234710466.5,178544435.2,0.419,0.7609999999999999,139731818.0,139639993.0,68616877.3,68525052.3,67499402.7,0.483,0.985,672163.4,672163.4,336081.8,336081.8,280068.2,0.41700000000000004,0.833
"ՀՀ կրթության, գիտության, մշակույթի և սպորտի նախարարություն",1146,1146,Հանրակրթության ծրագիր,Ապահովել անվճար և որակյալ հանրակրթություն,"Մտավոր, հոգևոր, ֆիզիկական և սոցիալական ունակությունների համակողմանի ու ներդաշնակ զարգացմամբ, հայրենասիրության, պետականության և մարդասիրության ոգով դաստիրակված, պատշաճ վարքով և վարվելակերպով անձի  ձևավորում",11026,Մասնակցություն սովորողների միջազգային գնահատման ծրագրին /PISA/,"2025 թվականին Հայաստանում սովորողների միջազգային գնահատման  ծրագրի  /PISA/  կազմակերպում և անցկացում, այդ թվում `անդամավճարի փոխանցում",Ծառայությունների մատուցում,419955810.3,426245569.0,226081766.4,234710466.5,178544435.2,0.419,0.7609999999999999,139731818.0,139639993.0,68616877.3,68525052.3,67499402.7,0.483,0.985,199734.0,107909.0,199734.0,107909.0,95813.5,0.888,0.888
"ՀՀ կրթության, գիտության, մշակույթի և սպորտի նախարարություն",1146,1146,Հանրակրթության ծրագիր,Ապահովել անվճար և որակյալ հանրակրթություն,"Մտավոր, հոգևոր, ֆիզիկական և սոցիալական ունակությունների համակողմանի ու ներդաշնակ զարգացմամբ, հայրենասիրության, պետականության և մարդասիրության ոգով դաստիրակված, պատշաճ վարքով և վարվելակերպով անձի  ձևավորում",11027,Պետական հանրակրթական ուսումնական հաստատության տնօրենի հավակնորդների զարգացման ծրագրերի փորձաքննության իրականացում,Փորձաքննությունն իրականացնող կազմակերպությունը  ՀՀ կառ. 09.02.23թ. N 181-Ն որոշմամբ հաստատված կարգի համաձայն իրականացնում է փորձաքննություն՛  գնահատման չափանիշների համաձայն,Ծառայությունների մատուցում,419955810.3,426245569.0,226081766.4,234710466.5,178544435.2,0.419,0.7609999999999999,139731818.0,139639993.0,68616877.3,68525052.3,67499402.7,0.483,0.985,32220.0,32220.0,16110.0,16110.0,9729.4,0.302,0.604
"ՀՀ կրթության, գիտության, մշակույթի և սպորտի նախարարություն",1146,1146,Հանրակրթության ծրագիր,Ապահովել անվճար և որակյալ հանրակրթություն,"Մտավոր, հոգևոր, ֆիզիկական և սոցիալական ունակությունների համակողմանի ու ներդաշնակ զարգացմամբ, հայրենասիրության, պետականության և մարդասիրության ոգով դաստիրակված, պատշաճ վարքով և վարվելակերպով անձի  ձևավորում",11029,Տարակարգի հանրապետական հանձնաժողովի աշխատանքներում  ընդգրկված փորձագետների ֆինանսավորում,Ուսուցչի տարակարգի փաթեթների փորձաքննություն,,419955810.3,426245569.0,226081766.4,234710466.5,178544435.2,0.419,0.7609999999999999,139731818.0,139639993.0,68616877.3,68525052.3,67499402.7,0.483,0.985,19800.0,19800.0,11880.0,11880.0,8712.0,0.44,0.733
"ՀՀ կրթության, գիտության, մշակույթի և սպորտի նախարարություն",1146,1146,Հանրակրթության ծրագիր,Ապահովել անվճար և որակյալ հանրակրթություն,"Մտավոր, հոգևոր, ֆիզիկական և սոցիալական ունակությունների համակողմանի ու ներդաշնակ զարգացմամբ, հայրենասիրության, պետականության և մարդասիրության ոգով դաստիրակված, պատշաճ վարքով և վարվելակերպով անձի  ձևավորում",12001,Փոխհատուցում այլ բնակավայրում աշխատող պետական հանրակրթական դպրոցների մանկավարժներին,Պետական հանրակրթական դպրոցների՛  այլ բնակավայրում աշխատող մանկավարժների տրանսպորտային և կեցության ծախսերի փոխհատուցում,,419955810.3,426245569.0,226081766.4,234710466.5,178544435.2,0.419,0.7609999999999999,139731818.0,139639993.0,68616877.3,68525052.3,67499402.7,0.483,0.985,21951.7,21951.7,8780.7,8780.7,8394.7,0.382,0.956
"ՀՀ կրթության, գիտության, մշակույթի և սպորտի նախարարություն",1146,1146,Հանրակրթության ծրագիր,Ապահովել անվճար և որակյալ հանրակրթություն,"Մտավոր, հոգևոր, ֆիզիկական և սոցիալական ունակությունների համակողմանի ու ներդաշնակ զարգացմամբ, հայրենասիրության, պետականության և մարդասիրության ոգով դաստիրակված, պատշաճ վարքով և վարվելակերպով անձի  ձևավորում",12002,Հանրակրթական դպրոցների մանկավարժներին և դպրոցահասակ երեխաներին տրանսպորտային ծախսերի փոխհատուցում,Հանրակրթական դպրոցների մանկավարժներին և դպրոցահասակ երեխաներին տրանսպորտային ծախսերի փոխհատուցման ապահովում,,419955810.3,426245569.0,226081766.4,234710466.5,178544435.2,0.419,0.7609999999999999,139731818.0,139639993.0,68616877.3,68525052.3,67499402.7,0.483,0.985,625403.9,750514.4,281431.8,333062.2,303662.9,0.405,0.912
"ՀՀ կրթության, գիտության, մշակույթի և սպորտի նախարարություն",1146,1146,Հանրակրթության ծրագիր,Ապահովել անվճար և որակյալ հանրակրթություն,"Մտավոր, հոգևոր, ֆիզիկական և սոցիալական ունակությունների համակողմանի ու ներդաշնակ զարգացմամբ, հայրենասիրության, պետականության և մարդասիրության ոգով դաստիրակված, պատշաճ վարքով և վարվելակերպով անձի  ձևավորում",12003,Սոցիալական աջակցություն ստացող ՀՀ սահմանամերձ համայնքների և Ղարաբաղից բռնի տեղահանված երեխաների դասագրքերի վարձավճարների փոխհատուցում,Հանրակրթական դպրոցի սոցիալական աջակցություն ստացող ՀՀ սահմանամերձ համայնքների դպրոցների և Ղարաբաղից բռնի տեղահանված երեխաների դասագրքերի վարձավճարների փոխհատուցում,Տրանսֆերտների տրամադրում,419955810.3,426245569.0,226081766.4,234710466.5,178544435.2,0.419,0.7609999999999999,139731818.0,139639993.0,68616877.3,68525052.3,67499402.7,0.483,0.985,87798.4,87798.4,0.0,0.0,0.0,0.0,0.0
"ՀՀ կրթության, գիտության, մշակույթի և սպորտի նախարարություն",1146,1146,Հանրակրթության ծրագիր,Ապահովել անվճար և որակյալ հանրակրթություն,"Մտավոր, հոգևոր, ֆիզիկական և սոցիալական ունակությունների համակողմանի ու ներդաշնակ զարգացմամբ, հայրենասիրության, պետականության և մարդասիրության ոգով դաստիրակված, պատշաճ վարքով և վարվելակերպով անձի  ձևավորում",12004,Տարակարգ ստացած ուսուցիչներին  հավելավճարների տրամադրում,Տարակարգ ստացած ուսուցիչներին համաապատասխան հավելավճարի տրամադրման ապահովում,Տրանսֆերտների տրամադրում,419955810.3,426245569.0,226081766.4,234710466.5,178544435.2,0.419,0.7609999999999999,139731818.0,139639993.0,68616877.3,68525052.3,67499402.7,0.483,0.985,368073.5,628820.8,178146.6,289323.4,268935.9,0.428,0.93
"ՀՀ կրթության, գիտության, մշակույթի և սպորտի նախարարություն",1146,1146,Հանրակրթության ծրագիր,Ապահովել անվճար և որակյալ հանրակրթություն,"Մտավոր, հոգևոր, ֆիզիկական և սոցիալական ունակությունների համակողմանի ու ներդաշնակ զարգացմամբ, հայրենասիրության, պետականության և մարդասիրության ոգով դաստիրակված, պատշաճ վարքով և վարվելակերպով անձի  ձևավորում",12009,Հանրակրթական դպրոցների աշակերտներին անվանական կրթաթոշակի տրամադրում,Օլիմպիադաների մասնակից և հաղթող հանրակրթական դպրոցների աշակերտներին անվանական կրթաթոշակի տրամադրում,,419955810.3,426245569.0,226081766.4,234710466.5,178544435.2,0.419,0.7609999999999999,139731818.0,139639993.0,68616877.3,68525052.3,67499402.7,0.483,0.985,134550.0,134550.0,74161.6,74161.6,69226.9,0.515,0.9329999999999999
"ՀՀ կրթության, գիտության, մշակույթի և սպորտի նախարարություն",1146,1146,Հանրակրթության ծրագիր,Ապահովել անվճար և որակյալ հանրակրթություն,"Մտավոր, հոգևոր, ֆիզիկական և սոցիալական ունակությունների համակողմանի ու ներդաշնակ զարգացմամբ, հայրենասիրության, պետականության և մարդասիրության ոգով դաստիրակված, պատշաճ վարքով և վարվելակերպով անձի  ձևավորում",12012,«Տարվա լավագույնները» միջոցառման շրջանակում հանրակրթական ուսումնական հաստատությունների մանկավարժներին պարգևատրում,«Տարվա լավագույնները» մրցույթում հաղթող ճանաչված մանկավարժներին պարգևատրում,Տրանսֆերտների տրամադրում,419955810.3,426245569.0,226081766.4,234710466.5,178544435.2,0.419,0.7609999999999999,139731818.0,139639993.0,68616877.3,68525052.3,67499402.7,0.483,0.985,11000.0,11000.0,0.0,0.0,0.0,0.0,0.0
"ՀՀ կրթության, գիտության, մշակույթի և սպորտի նախարարություն",1146,1146,Հանրակրթության ծրագիր,Ապահովել անվճար և որակյալ հանրակրթություն,"Մտավոր, հոգևոր, ֆիզիկական և սոցիալական ունակությունների համակողմանի ու ներդաշնակ զարգացմամբ, հայրենասիրության, պետականության և մարդասիրության ոգով դաստիրակված, պատշաճ վարքով և վարվելակերպով անձի  ձևավորում",12015,ՀՀ  պետական հանրակրթական բոլոր ուսումնական հաստատություններում ԲՏՃՄ ոլորտի (բացառությամբ մաթեմատիկայի) դասավանդող ուսուցիչների համար վարձատրության բարձրացված հստակ չափաքանակի սահմանում,ՀՀ  պետական հանրակրթական բոլոր ուսումնական հաստատություններում ԲՏՃՄ ոլորտի (բացառությամբ մաթեմատիկայի) դասավանդող ուսուցիչներին հավելավճարի տրամադրում,,419955810.3,426245569.0,226081766.4,234710466.5,178544435.2,0.419,0.7609999999999999,139731818.0,139639993.0,68616877.3,68525052.3,67499402.7,0.483,0.985,2138722.4,2130715.0,978015.6,974172.7,901288.3,0.423,0.925
"ՀՀ կրթության, գիտության, մշակույթի և սպորտի նախարարություն",1146,1146,Հանրակրթության ծրագիր,Ապահովել անվճար և որակյալ հանրակրթություն,"Մտավոր, հոգևոր, ֆիզիկական և սոցիալական ունակությունների համակողմանի ու ներդաշնակ զարգացմամբ, հայրենասիրության, պետականության և մարդասիրության ոգով դաստիրակված, պատշաճ վարքով և վարվելակերպով անձի  ձևավորում",12016,ՀՀ գյուղական բնակավայրերում մինչև 100 աշակերտ ունեցող պետական ուսումնական հաստատություններում դասավանդող ուսուցիչներին հավելավճարի սահմանում,ՀՀ գյուղական բնակավայրերում մինչև 100 աշակերտ ունեցող պետական ուսումնական հաստատություններում դասավանդող ուսուցիչներին հավելավճարի տրամադրում,,419955810.3,426245569.0,226081766.4,234710466.5,178544435.2,0.419,0.7609999999999999,139731818.0,139639993.0,68616877.3,68525052.3,67499402.7,0.483,0.985,2000163.5,1834879.1,921742.3,856382.5,700136.0,0.382,0.818
"ՀՀ կրթության, գիտության, մշակույթի և սպորտի նախարարություն",1146,1146,Հանրակրթության ծրագիր,Ապահովել անվճար և որակյալ հանրակրթություն,"Մտավոր, հոգևոր, ֆիզիկական և սոցիալական ունակությունների համակողմանի ու ներդաշնակ զարգացմամբ, հայրենասիրության, պետականության և մարդասիրության ոգով դաստիրակված, պատշաճ վարքով և վարվելակերպով անձի  ձևավորում",12020,2023 թվականին  Ղարաբաղից բռնի տեղահանված ուսուցիչների օժանդակության ծրագիր,2023 թվականին Ղարաբաղից բռնի տեղահանված ուսուցիչների համար ՀՀ մարզերի դպրոցներում մասնագիտական աշխատանքի հնարավորությունների ստեղծում և լրավճարի տրամադրում,,419955810.3,426245569.0,226081766.4,234710466.5,178544435.2,0.419,0.7609999999999999,139731818.0,139639993.0,68616877.3,68525052.3,67499402.7,0.483,0.985,202766.2,120200.2,95724.0,67119.5,32046.8,0.267,0.47700000000000004
"ՀՀ կրթության, գիտության, մշակույթի և սպորտի նախարարություն",1148,1148,Արտադպրոցական դաստիարակության ծրագիր,"Նպաստել հանրակրթական ուսուցման համակարգում  ընդգրկված երեխաների ֆիզիկական, հոգևոր և գեղագիտական զարգացմանը, բնապահպանական և կիրառական գիտելիքների ձեռքբերմանը","Ստեղծել պայմաններ սովորողների ազատ ժամանացի  կազմակերպան միջոցով նրանց հետաքրքրությունների բացահայտման, ձևավորման  և զարգացման համար",11001,Արտադպրոցական դաստիարակություն,"Արվեստի, երաժշտության, սպորտի դասընթացներ մարզադպրոցներում , ստեղծագործական և արտադպրոցական դաստիարակության այլ կենտրոններում",Ծառայությունների մատուցում,419955810.3,426245569.0,226081766.4,234710466.5,178544435.2,0.419,0.7609999999999999,4008697.7,4016406.2,1753502.6,1761211.1,1697292.9,0.423,0.9640000000000001,2834389.8,2834389.8,1277203.0,1277203.0,1277203.0,0.451,1.0
"ՀՀ կրթության, գիտության, մշակույթի և սպորտի նախարարություն",1148,1148,Արտադպրոցական դաստիարակության ծրագիր,"Նպաստել հանրակրթական ուսուցման համակարգում  ընդգրկված երեխաների ֆիզիկական, հոգևոր և գեղագիտական զարգացմանը, բնապահպանական և կիրառական գիտելիքների ձեռքբերմանը","Ստեղծել պայմաններ սովորողների ազատ ժամանացի  կազմակերպան միջոցով նրանց հետաքրքրությունների բացահայտման, ձևավորման  և զարգացման համար",11005,Դպրոցականների ամառային հանգստի կազմակերպում և տրանսպորտային ծախսերի փոխհատուցում,"Զոհված, հաշմանդամ դարձած զինծառայողների և աշխարհազորայինների, ծնողազուրկ և սակավ ապահովված բազմազավակ ընտանիքների 7-13 տարեկան երեխաների ամառային հանգստի կազմակերպում և տրանսպորտային ծախսերի փոխհատուցում",Ծառայությունների մատուցում,419955810.3,426245569.0,226081766.4,234710466.5,178544435.2,0.419,0.7609999999999999,4008697.7,4016406.2,1753502.6,1761211.1,1697292.9,0.423,0.9640000000000001,228023.0,228023.0,0.0,0.0,0.0,0.0,0.0
"ՀՀ կրթության, գիտության, մշակույթի և սպորտի նախարարություն",1148,1148,Արտադպրոցական դաստիարակության ծրագիր,"Նպաստել հանրակրթական ուսուցման համակարգում  ընդգրկված երեխաների ֆիզիկական, հոգևոր և գեղագիտական զարգացմանը, բնապահպանական և կիրառական գիտելիքների ձեռքբերմանը","Ստեղծել պայմաններ սովորողների ազատ ժամանացի  կազմակերպան միջոցով նրանց հետաքրքրությունների բացահայտման, ձևավորման  և զարգացման համար",11006,Արտադպրոցական դաստիարակություն հասարակական կազմակերպությունների կողմից,Մարզական հասարակական  կազմակերպությունների կողմից մարզիկների պատրաստում և առաջնությունների անցկացում,Ծառայությունների մատուցում,419955810.3,426245569.0,226081766.4,234710466.5,178544435.2,0.419,0.7609999999999999,4008697.7,4016406.2,1753502.6,1761211.1,1697292.9,0.423,0.9640000000000001,544413.4,544413.4,272206.7,272206.7,272206.7,0.5,1.0
"ՀՀ կրթության, գիտության, մշակույթի և սպորտի նախարարություն",1148,1148,Արտադպրոցական դաստիարակության ծրագիր,"Նպաստել հանրակրթական ուսուցման համակարգում  ընդգրկված երեխաների ֆիզիկական, հոգևոր և գեղագիտական զարգացմանը, բնապահպանական և կիրառական գիտելիքների ձեռքբերմանը","Ստեղծել պայմաններ սովորողների ազատ ժամանացի  կազմակերպան միջոցով նրանց հետաքրքրությունների բացահայտման, ձևավորման  և զարգացման համար",11008,«Հակոբ Կոջոյան» կրթահամալիր» ՊՈԱԿ-ում արտադպրոցական դաստիարակության կազմակերպում,«Հակոբ Կոջոյան» կրթահամալիր» ՊՈԱԿ-ում արտադպրոցական դաստիարակության կազմակերպման նպատակով  պետության կողմից համայնքի ղեկավարներին պատվիրակված լիազորությունների  իրականացման ֆինանսավորում,Ծառայությունների մատուցում,419955810.3,426245569.0,226081766.4,234710466.5,178544435.2,0.419,0.7609999999999999,4008697.7,4016406.2,1753502.6,1761211.1,1697292.9,0.423,0.9640000000000001,6793.0,6793.0,3419.2,3419.2,3419.2,0.503,1.0
"ՀՀ կրթության, գիտության, մշակույթի և սպորտի նախարարություն",1148,1148,Արտադպրոցական դաստիարակության ծրագիր,"Նպաստել հանրակրթական ուսուցման համակարգում  ընդգրկված երեխաների ֆիզիկական, հոգևոր և գեղագիտական զարգացմանը, բնապահպանական և կիրառական գիտելիքների ձեռքբերմանը","Ստեղծել պայմաններ սովորողների ազատ ժամանացի  կազմակերպան միջոցով նրանց հետաքրքրությունների բացահայտման, ձևավորման  և զարգացման համար",11014,"ՀՀ դպրոցականների աշխարհի, Եվրոպայի և համաշխարհային գիմնազիադայի մասնակցության և ՀՀ տարածքում կազմակերպման ապահովում",Մարզիկ դպրոցականների մասնակցության ապահովում «Գիմնազիադա» համաշխարհային խաղերին,Ծառայությունների մատուցում,419955810.3,426245569.0,226081766.4,234710466.5,178544435.2,0.419,0.7609999999999999,4008697.7,4016406.2,1753502.6,1761211.1,1697292.9,0.423,0.9640000000000001,28700.0,28700.0,28700.0,28700.0,0.0,0.0,0.0
"ՀՀ կրթության, գիտության, մշակույթի և սպորտի նախարարություն",1148,1148,Արտադպրոցական դաստիարակության ծրագիր,"Նպաստել հանրակրթական ուսուցման համակարգում  ընդգրկված երեխաների ֆիզիկական, հոգևոր և գեղագիտական զարգացմանը, բնապահպանական և կիրառական գիտելիքների ձեռքբերմանը","Ստեղծել պայմաններ սովորողների ազատ ժամանացի  կազմակերպան միջոցով նրանց հետաքրքրությունների բացահայտման, ձևավորման  և զարգացման համար",12002,Կամավոր ատեստավորման նոր համակարգի ներդրում՛  ուղղված արտադպրոցական ուսումնական հաստատությունների մանկավարժական աշխատողների որակի բարձրացմանը,Արտադպրոցական հաստատություններում դասավանդող մանկավարժական աշխատողների կամավոր ատեստավորման համակարգի մշակում և ներդրում,Տրանսֆերտների տրամադրում,419955810.3,426245569.0,226081766.4,234710466.5,178544435.2,0.419,0.7609999999999999,4008697.7,4016406.2,1753502.6,1761211.1,1697292.9,0.423,0.9640000000000001,366378.5,366378.5,171973.7,171973.7,144464.0,0.39399999999999996,0.84
"ՀՀ կրթության, գիտության, մշակույթի և սպորտի նախարարություն",1148,1148,Արտադպրոցական դաստիարակության ծրագիր,"Նպաստել հանրակրթական ուսուցման համակարգում  ընդգրկված երեխաների ֆիզիկական, հոգևոր և գեղագիտական զարգացմանը, բնապահպանական և կիրառական գիտելիքների ձեռքբերմանը","Ստեղծել պայմաններ սովորողների ազատ ժամանացի  կազմակերպան միջոցով նրանց հետաքրքրությունների բացահայտման, ձևավորման  և զարգացման համար",32005,Արտադպրոցական դաստիարակություն իրականացնող կազմակերպությունների շենքային պայմանների բարելավում,Կառույցների տեխնիկական կարողությունների և աշխատանքային միջավայրի բարելավում,Ծառայությունների մատուցում,419955810.3,426245569.0,226081766.4,234710466.5,178544435.2,0.419,0.7609999999999999,4008697.7,4016406.2,1753502.6,1761211.1,1697292.9,0.423,0.9640000000000001,0.0,7708.5,0.0,7708.5,0.0,0.0,0.0
"ՀՀ կրթության, գիտության, մշակույթի և սպորտի նախարարություն",1162,1162,Գիտական և գիտատեխնիկական հետազոտությունների ծրագիր,"Գիտական և գիտատեխնիկական գործունեության հիմնարար, կիրառական և թեմատիկ հետազոտությունների իրականացում, ենթակառուցվածքի և ազգային արժեք ներկայացնող գիտական  օբյեկտների պահպանում և զարգացում, գիտական ներուժի վերարտադրության ապահովում£","Գիտության և տեխնիկայի զարգացման գերակա ուղղությունների հետազոտությունների իրականացում, գիտական ներուժի զարգացում, ազգային արժեք ներկայացնող գիտական օբյեկտների պահպանում",11001,"Բարձրագույն կրթության և գիտության բնագավառների պետական քաղաքականության մշակման, ծրագրերի համակարգման և մոնիտորինգի ծառայություններ","Բարձրագույն կրթության և գիտության բնագավառների պետական քաղաքականության մշակման, ծրագրերի համակարգման և մոնիտորինգի ծառայություններ",Ծառայությունների մատուցում,419955810.3,426245569.0,226081766.4,234710466.5,178544435.2,0.419,0.7609999999999999,29224285.0,30205446.3,14365407.3,15284471.3,14485707.7,0.48,0.948,449939.7,498039.7,204023.5,252123.5,213970.4,0.43,0.8490000000000001
"ՀՀ կրթության, գիտության, մշակույթի և սպորտի նախարարություն",1162,1162,Գիտական և գիտատեխնիկական հետազոտությունների ծրագիր,"Գիտական և գիտատեխնիկական գործունեության հիմնարար, կիրառական և թեմատիկ հետազոտությունների իրականացում, ենթակառուցվածքի և ազգային արժեք ներկայացնող գիտական  օբյեկտների պահպանում և զարգացում, գիտական ներուժի վերարտադրության ապահովում£","Գիտության և տեխնիկայի զարգացման գերակա ուղղությունների հետազոտությունների իրականացում, գիտական ներուժի զարգացում, ազգային արժեք ներկայացնող գիտական օբյեկտների պահպանում",11002,Գիտական ենթակառուցվածքի արդիականացում,"Գիտական կազմակերպությունների և բուհերի գիտական ստորաբաժանումների  զարգացում, ծրագրերի իրականացում, գիտական սարքավորումների արդիականացում, միջազգային համագործակցության աջակցություն",Ծառայությունների մատուցում,419955810.3,426245569.0,226081766.4,234710466.5,178544435.2,0.419,0.7609999999999999,29224285.0,30205446.3,14365407.3,15284471.3,14485707.7,0.48,0.948,14582613.2,15486148.4,6562175.9,7624711.1,7600986.4,0.491,0.997
"ՀՀ կրթության, գիտության, մշակույթի և սպորտի նախարարություն",1162,1162,Գիտական և գիտատեխնիկական հետազոտությունների ծրագիր,"Գիտական և գիտատեխնիկական գործունեության հիմնարար, կիրառական և թեմատիկ հետազոտությունների իրականացում, ենթակառուցվածքի և ազգային արժեք ներկայացնող գիտական  օբյեկտների պահպանում և զարգացում, գիտական ներուժի վերարտադրության ապահովում£","Գիտության և տեխնիկայի զարգացման գերակա ուղղությունների հետազոտությունների իրականացում, գիտական ներուժի զարգացում, ազգային արժեք ներկայացնող գիտական օբյեկտների պահպանում",11004,Ազգային արժեք ներկայացնող գիտական օբյեկտների պահպանություն,"Հին ձեռագրերի ինստիտուտի, ցեղասպանության թանգարանի, Բյուրականի աստղադիտարանի պահպանում",Ծառայությունների մատուցում,419955810.3,426245569.0,226081766.4,234710466.5,178544435.2,0.419,0.7609999999999999,29224285.0,30205446.3,14365407.3,15284471.3,14485707.7,0.48,0.948,962891.3,962891.3,433301.1,433301.1,433301.0,0.45,1.0
"ՀՀ կրթության, գիտության, մշակույթի և սպորտի նախարարություն",1162,1162,Գիտական և գիտատեխնիկական հետազոտությունների ծրագիր,"Գիտական և գիտատեխնիկական գործունեության հիմնարար, կիրառական և թեմատիկ հետազոտությունների իրականացում, ենթակառուցվածքի և ազգային արժեք ներկայացնող գիտական  օբյեկտների պահպանում և զարգացում, գիտական ներուժի վերարտադրության ապահովում£","Գիտության և տեխնիկայի զարգացման գերակա ուղղությունների հետազոտությունների իրականացում, գիտական ներուժի զարգացում, ազգային արժեք ներկայացնող գիտական օբյեկտների պահպանում",11005,Գիտական և գիտատեխնիկական գործունեության գիտական դրամաշնորհային հետազոտություններ,Գիտական և գիտատեխնիկական գործունեության գիտական դրամաշնորհային հետազոտություններ,Ծառայությունների մատուցում,419955810.3,426245569.0,226081766.4,234710466.5,178544435.2,0.419,0.7609999999999999,29224285.0,30205446.3,14365407.3,15284471.3,14485707.7,0.48,0.948,8471170.0,8471170.0,4235585.0,4001585.0,3999489.6,0.47200000000000003,0.9990000000000001
"ՀՀ կրթության, գիտության, մշակույթի և սպորտի նախարարություն",1162,1162,Գիտական և գիտատեխնիկական հետազոտությունների ծրագիր,"Գիտական և գիտատեխնիկական գործունեության հիմնարար, կիրառական և թեմատիկ հետազոտությունների իրականացում, ենթակառուցվածքի և ազգային արժեք ներկայացնող գիտական  օբյեկտների պահպանում և զարգացում, գիտական ներուժի վերարտադրության ապահովում£","Գիտության և տեխնիկայի զարգացման գերակա ուղղությունների հետազոտությունների իրականացում, գիտական ներուժի զարգացում, ազգային արժեք ներկայացնող գիտական օբյեկտների պահպանում",11006,Գիտական և գիտատեխնիկական նպատակային-ծրագրային հետազոտություններ,Գիտական և գիտատեխնիկական նպատակային-ծրագրային հետազոտություններ,Ծառայությունների մատուցում,419955810.3,426245569.0,226081766.4,234710466.5,178544435.2,0.419,0.7609999999999999,29224285.0,30205446.3,14365407.3,15284471.3,14485707.7,0.48,0.948,305766.0,305766.0,137594.7,137594.7,137594.6,0.45,1.0
"ՀՀ կրթության, գիտության, մշակույթի և սպորտի նախարարություն",1162,1162,Գիտական և գիտատեխնիկական հետազոտությունների ծրագիր,"Գիտական և գիտատեխնիկական գործունեության հիմնարար, կիրառական և թեմատիկ հետազոտությունների իրականացում, ենթակառուցվածքի և ազգային արժեք ներկայացնող գիտական  օբյեկտների պահպանում և զարգացում, գիտական ներուժի վերարտադրության ապահովում£","Գիտության և տեխնիկայի զարգացման գերակա ուղղությունների հետազոտությունների իրականացում, գիտական ներուժի զարգացում, ազգային արժեք ներկայացնող գիտական օբյեկտների պահպանում",11007,Գիտական ամսագրերի և մենագրությունների հրատարակում,Գիտական ամսագրերի և մենագրությունների հրատարակում,Ծառայությունների մատուցում,419955810.3,426245569.0,226081766.4,234710466.5,178544435.2,0.419,0.7609999999999999,29224285.0,30205446.3,14365407.3,15284471.3,14485707.7,0.48,0.948,95556.3,95556.3,43000.3,43000.3,43000.3,0.45,1.0
"ՀՀ կրթության, գիտության, մշակույթի և սպորտի նախարարություն",1162,1162,Գիտական և գիտատեխնիկական հետազոտությունների ծրագիր,"Գիտական և գիտատեխնիկական գործունեության հիմնարար, կիրառական և թեմատիկ հետազոտությունների իրականացում, ենթակառուցվածքի և ազգային արժեք ներկայացնող գիտական  օբյեկտների պահպանում և զարգացում, գիտական ներուժի վերարտադրության ապահովում£","Գիտության և տեխնիկայի զարգացման գերակա ուղղությունների հետազոտությունների իրականացում, գիտական ներուժի զարգացում, ազգային արժեք ներկայացնող գիտական օբյեկտների պահպանում",11008,Բարձր էներգիաների ֆիզիկայի բնագավառի ենթակառուցվածքների արդիականացում,Ֆիզիկայի բնագավառում գիտական և գիտատեխնիկական հետազոտությունների իրականացում,Ծառայությունների մատուցում,419955810.3,426245569.0,226081766.4,234710466.5,178544435.2,0.419,0.7609999999999999,29224285.0,30205446.3,14365407.3,15284471.3,14485707.7,0.48,0.948,1043171.3,1043171.3,469427.1,469427.1,469427.0,0.45,1.0
"ՀՀ կրթության, գիտության, մշակույթի և սպորտի նախարարություն",1162,1162,Գիտական և գիտատեխնիկական հետազոտությունների ծրագիր,"Գիտական և գիտատեխնիկական գործունեության հիմնարար, կիրառական և թեմատիկ հետազոտությունների իրականացում, ենթակառուցվածքի և ազգային արժեք ներկայացնող գիտական  օբյեկտների պահպանում և զարգացում, գիտական ներուժի վերարտադրության ապահովում£","Գիտության և տեխնիկայի զարգացման գերակա ուղղությունների հետազոտությունների իրականացում, գիտական ներուժի զարգացում, ազգային արժեք ներկայացնող գիտական օբյեկտների պահպանում",11009,Արագացուցչային տեխնոլոգիաների զարգացում,Արագացուցչային ֆիզիկայի և տեխնիկայի բնագավառում գիտական և գիտատեխնիկական հետազոտությունների իրականացում,Ծառայությունների մատուցում,419955810.3,426245569.0,226081766.4,234710466.5,178544435.2,0.419,0.7609999999999999,29224285.0,30205446.3,14365407.3,15284471.3,14485707.7,0.48,0.948,262520.2,262520.2,118134.1,118134.1,118134.0,0.45,1.0
"ՀՀ կրթության, գիտության, մշակույթի և սպորտի նախարարություն",1162,1162,Գիտական և գիտատեխնիկական հետազոտությունների ծրագիր,"Գիտական և գիտատեխնիկական գործունեության հիմնարար, կիրառական և թեմատիկ հետազոտությունների իրականացում, ենթակառուցվածքի և ազգային արժեք ներկայացնող գիտական  օբյեկտների պահպանում և զարգացում, գիտական ներուժի վերարտադրության ապահովում£","Գիտության և տեխնիկայի զարգացման գերակա ուղղությունների հետազոտությունների իրականացում, գիտական ներուժի զարգացում, ազգային արժեք ներկայացնող գիտական օբյեկտների պահպանում",11010,Անտենային էտալոնների պահպանում և զարգացում,ՀՀ ազգային անտենային էտալոնների պահպանում և զարգացում,Ծառայությունների մատուցում,419955810.3,426245569.0,226081766.4,234710466.5,178544435.2,0.419,0.7609999999999999,29224285.0,30205446.3,14365407.3,15284471.3,14485707.7,0.48,0.948,37400.0,37400.0,18700.0,18700.0,18700.0,0.5,1.0
"ՀՀ կրթության, գիտության, մշակույթի և սպորտի նախարարություն",1162,1162,Գիտական և գիտատեխնիկական հետազոտությունների ծրագիր,"Գիտական և գիտատեխնիկական գործունեության հիմնարար, կիրառական և թեմատիկ հետազոտությունների իրականացում, ենթակառուցվածքի և ազգային արժեք ներկայացնող գիտական  օբյեկտների պահպանում և զարգացում, գիտական ներուժի վերարտադրության ապահովում£","Գիտության և տեխնիկայի զարգացման գերակա ուղղությունների հետազոտությունների իրականացում, գիտական ներուժի զարգացում, ազգային արժեք ներկայացնող գիտական օբյեկտների պահպանում",11012,Գիտական գրադարանային ծառայություններ,"Գրադարանային հավաքածուների պահպանում և համալրում, ընթերցողների սպասարկում, գրադարանային միջոցառումների կազմակերպում",Ծառայությունների մատուցում,419955810.3,426245569.0,226081766.4,234710466.5,178544435.2,0.419,0.7609999999999999,29224285.0,30205446.3,14365407.3,15284471.3,14485707.7,0.48,0.948,150630.1,150630.1,67783.5,67783.5,67783.5,0.45,1.0
"ՀՀ կրթության, գիտության, մշակույթի և սպորտի նախարարություն",1162,1162,Գիտական և գիտատեխնիկական հետազոտությունների ծրագիր,"Գիտական և գիտատեխնիկական գործունեության հիմնարար, կիրառական և թեմատիկ հետազոտությունների իրականացում, ենթակառուցվածքի և ազգային արժեք ներկայացնող գիտական  օբյեկտների պահպանում և զարգացում, գիտական ներուժի վերարտադրության ապահովում£","Գիտության և տեխնիկայի զարգացման գերակա ուղղությունների հետազոտությունների իրականացում, գիտական ներուժի զարգացում, ազգային արժեք ներկայացնող գիտական օբյեկտների պահպանում",11019,Գիտական աստիճանաշնորհման և գիտամանկավարժական կոչումների շնորհում,"ՀՀ-ում գիտական որակավորման, գիտական աստիճանի և գիտական կոչման վկայագրերի հանձնման, միջազգային կապերի զարգացման, ատենախոսությունների թվայնացման և գիտնականների շտեմարանների ստեղծման ու շահագործման գործընթացների իրականացում",Ծառայությունների մատուցում,419955810.3,426245569.0,226081766.4,234710466.5,178544435.2,0.419,0.7609999999999999,29224285.0,30205446.3,14365407.3,15284471.3,14485707.7,0.48,0.948,52826.9,29367.5,23772.1,13215.4,11416.3,0.389,0.8640000000000001
"ՀՀ կրթության, գիտության, մշակույթի և սպորտի նախարարություն",1162,1162,Գիտական և գիտատեխնիկական հետազոտությունների ծրագիր,"Գիտական և գիտատեխնիկական գործունեության հիմնարար, կիրառական և թեմատիկ հետազոտությունների իրականացում, ենթակառուցվածքի և ազգային արժեք ներկայացնող գիտական  օբյեկտների պահպանում և զարգացում, գիտական ներուժի վերարտադրության ապահովում£","Գիտության և տեխնիկայի զարգացման գերակա ուղղությունների հետազոտությունների իրականացում, գիտական ներուժի զարգացում, ազգային արժեք ներկայացնող գիտական օբյեկտների պահպանում",12001,Գիտաշխատողներին գիտական աստիճանների համար տրվող հավելավճարներ,Պետական ծրագրերում ընդգրկված գիտական աստիճան ունեցող գիտաշխատողներին հավելավճարների տրամադրում,Տրանսֆերտների տրամադրում,419955810.3,426245569.0,226081766.4,234710466.5,178544435.2,0.419,0.7609999999999999,29224285.0,30205446.3,14365407.3,15284471.3,14485707.7,0.48,0.948,450000.0,450000.0,202500.0,202500.0,178769.8,0.397,0.883
"ՀՀ կրթության, գիտության, մշակույթի և սպորտի նախարարություն",1162,1162,Գիտական և գիտատեխնիկական հետազոտությունների ծրագիր,"Գիտական և գիտատեխնիկական գործունեության հիմնարար, կիրառական և թեմատիկ հետազոտությունների իրականացում, ենթակառուցվածքի և ազգային արժեք ներկայացնող գիտական  օբյեկտների պահպանում և զարգացում, գիտական ներուժի վերարտադրության ապահովում£","Գիտության և տեխնիկայի զարգացման գերակա ուղղությունների հետազոտությունների իրականացում, գիտական ներուժի զարգացում, ազգային արժեք ներկայացնող գիտական օբյեկտների պահպանում",12002,ՀՀ ԳԱԱ իսկական և թղթակից անդամների պատվովճարների տրամադրում,ՀՀ ԳԱԱ իսկական և թղթակից անդամների պատվովճարների տրամադրում,Տրանսֆերտների տրամադրում,419955810.3,426245569.0,226081766.4,234710466.5,178544435.2,0.419,0.7609999999999999,29224285.0,30205446.3,14365407.3,15284471.3,14485707.7,0.48,0.948,109800.0,109800.0,49410.0,49410.0,49410.0,0.45,1.0
"ՀՀ կրթության, գիտության, մշակույթի և սպորտի նախարարություն",1162,1162,Գիտական և գիտատեխնիկական հետազոտությունների ծրագիր,"Գիտական և գիտատեխնիկական գործունեության հիմնարար, կիրառական և թեմատիկ հետազոտությունների իրականացում, ենթակառուցվածքի և ազգային արժեք ներկայացնող գիտական  օբյեկտների պահպանում և զարգացում, գիտական ներուժի վերարտադրության ապահովում£","Գիտության և տեխնիկայի զարգացման գերակա ուղղությունների հետազոտությունների իրականացում, գիտական ներուժի զարգացում, ազգային արժեք ներկայացնող գիտական օբյեկտների պահպանում",32004,Գիտական կենտրոնները ժամանակակից սարքավորումներով վերազինում ու համատեղ օգտագործման գիտական սարքավորումների կենտրոնների ստեղծում,Գիտական կենտրոնները վերազինված են ոլորտային համալիր հետազոտությունների համար անհարժեշտ սարքավորումներով,Այլ պետական կազմակերպությունների կողմից օգտագործվող ոչ ֆինանսական ակտիվների հետ գործառնություններ,419955810.3,426245569.0,226081766.4,234710466.5,178544435.2,0.419,0.7609999999999999,29224285.0,30205446.3,14365407.3,15284471.3,14485707.7,0.48,0.948,2250000.0,2302985.5,1800000.0,1852985.5,1143724.9,0.49700000000000005,0.617
"ՀՀ կրթության, գիտության, մշակույթի և սպորտի նախարարություն",1163,1163,Մասսայական սպորտ,"Բնակչության շրջանում առողջ ապրելակերպի արմատավորում, անհատի բազմակողմանի ու ներդաշնակ զարգացման գործում ֆիզիկական կուլտուրայի և սպորտի դերի բարձրացում",Սպորտի նկատմամբ հետաքրքրվածության և մասնակցության ընդլայնում,11007,Հանրապետական ուսանողական մարզական խաղերի անցկացում,Հանրապետական ուսանողական մարզական խաղերի կազմակերպում և անցկացում,Ծառայությունների մատուցում,419955810.3,426245569.0,226081766.4,234710466.5,178544435.2,0.419,0.7609999999999999,5500693.5,6014797.8,2987576.8,3540879.9,1518661.1,0.252,0.429,5000.0,5000.0,3000.0,3000.0,2997.0,0.599,0.9990000000000001
"ՀՀ կրթության, գիտության, մշակույթի և սպորտի նախարարություն",1163,1163,Մասսայական սպորտ,"Բնակչության շրջանում առողջ ապրելակերպի արմատավորում, անհատի բազմակողմանի ու ներդաշնակ զարգացման գործում ֆիզիկական կուլտուրայի և սպորտի դերի բարձրացում",Սպորտի նկատմամբ հետաքրքրվածության և մասնակցության ընդլայնում,11017,Համաշխարհային ունիվերսիադային Հայաստանի ուսանողական մարզական պատվիրակության մասնակցության ապահովում,Համաշխարհային ունիվերսիադային Հայաստանի ուսանողական մարզական պատվիրակության մասնակցության ապահովում,Ծառայությունների մատուցում,419955810.3,426245569.0,226081766.4,234710466.5,178544435.2,0.419,0.7609999999999999,5500693.5,6014797.8,2987576.8,3540879.9,1518661.1,0.252,0.429,15500.0,15500.0,0.0,0.0,0.0,0.0,0.0
"ՀՀ կրթության, գիտության, մշակույթի և սպորտի նախարարություն",1163,1163,Մասսայական սպորտ,"Բնակչության շրջանում առողջ ապրելակերպի արմատավորում, անհատի բազմակողմանի ու ներդաշնակ զարգացման գործում ֆիզիկական կուլտուրայի և սպորտի դերի բարձրացում",Սպորտի նկատմամբ հետաքրքրվածության և մասնակցության ընդլայնում,11018,«Հայաստանի Հանրապետության Վարչապետի գավաթ» սիրողական խճուղային հեծանվավազքի մրցաշարի անցկացում,«Հայաստանի Հանրապետության Վարչապետի գավաթ» սիրողական խճուղային հեծանվավազքի մրցաշարի կազմակերպում և անցկացում,Ծառայությունների մատուցում,419955810.3,426245569.0,226081766.4,234710466.5,178544435.2,0.419,0.7609999999999999,5500693.5,6014797.8,2987576.8,3540879.9,1518661.1,0.252,0.429,40013.5,40013.5,40013.5,40013.5,31551.4,0.789,0.789
"ՀՀ կրթության, գիտության, մշակույթի և սպորտի նախարարություն",1163,1163,Մասսայական սպորտ,"Բնակչության շրջանում առողջ ապրելակերպի արմատավորում, անհատի բազմակողմանի ու ներդաշնակ զարգացման գործում ֆիզիկական կուլտուրայի և սպորտի դերի բարձրացում",Սպորտի նկատմամբ հետաքրքրվածության և մասնակցության ընդլայնում,11021,«Հայաստանի Հանրապետության Վարչապետի գավաթ» սիրողական սեղանի թենիսի մրցաշարի անցկացում,«Հայաստանի Հանրապետության Վարչապետի գավաթ»սիրողական սեղանի թենիսի մրցաշարի կազմակերպում և անցկացում,Ծառայությունների մատուցում,419955810.3,426245569.0,226081766.4,234710466.5,178544435.2,0.419,0.7609999999999999,5500693.5,6014797.8,2987576.8,3540879.9,1518661.1,0.252,0.429,48930.2,48930.2,48930.2,48930.2,39116.9,0.799,0.799
"ՀՀ կրթության, գիտության, մշակույթի և սպորտի նախարարություն",1163,1163,Մասսայական սպորտ,"Բնակչության շրջանում առողջ ապրելակերպի արմատավորում, անհատի բազմակողմանի ու ներդաշնակ զարգացման գործում ֆիզիկական կուլտուրայի և սպորտի դերի բարձրացում",Սպորտի նկատմամբ հետաքրքրվածության և մասնակցության ընդլայնում,11022,Մասսայական սպորտին առնչվող ծառայություններ,Մասսայական սպորտին ուղղված միջոցառումների շրջանակում բնակչության բոլոր տարիքային խմբերի ֆիզիկական դաստիարակության գործընթացների շարունակականության ապահովում,Ծառայությունների մատուցում,419955810.3,426245569.0,226081766.4,234710466.5,178544435.2,0.419,0.7609999999999999,5500693.5,6014797.8,2987576.8,3540879.9,1518661.1,0.252,0.429,50000.0,50000.0,15165.0,15165.0,15164.4,0.303,1.0
"ՀՀ կրթության, գիտության, մշակույթի և սպորտի նախարարություն",1163,1163,Մասսայական սպորտ,"Բնակչության շրջանում առողջ ապրելակերպի արմատավորում, անհատի բազմակողմանի ու ներդաշնակ զարգացման գործում ֆիզիկական կուլտուրայի և սպորտի դերի բարձրացում",Սպորտի նկատմամբ հետաքրքրվածության և մասնակցության ընդլայնում,11023,«Հայաստանի Հանրապետության Վարչապետի գավաթ» դպրոցականների թիմային խճուղավազքի անցկացում,«Հայաստանի Հանրապետության Վարչապետի գավաթ» դպրոցականների թիմային խճուղավազքի կազմակերպման և անցկացման ապահովում,Ծառայությունների մատուցում,419955810.3,426245569.0,226081766.4,234710466.5,178544435.2,0.419,0.7609999999999999,5500693.5,6014797.8,2987576.8,3540879.9,1518661.1,0.252,0.429,29274.9,29274.9,29274.9,29274.9,23311.5,0.7959999999999999,0.7959999999999999
"ՀՀ կրթության, գիտության, մշակույթի և սպորտի նախարարություն",1163,1163,Մասսայական սպորտ,"Բնակչության շրջանում առողջ ապրելակերպի արմատավորում, անհատի բազմակողմանի ու ներդաշնակ զարգացման գործում ֆիզիկական կուլտուրայի և սպորտի դերի բարձրացում",Սպորտի նկատմամբ հետաքրքրվածության և մասնակցության ընդլայնում,11024,Հայաստանի  Հանրապետության  վարչապետի  հովանու  ներքո   ուժային  կառույցների  միջև  անցկացվող  բանակային  խաղեր,"Ռազմակիրառական  մարզաձևերի  մասսայականացում, ֆիզիկական  պատրաստականության  դերի  ու  նշանակության բարձրացում,  ինչպես  նաև  կառույցների  միջև  մարզական առողջ  մթնոլորտի  ստեղծում",Ծառայությունների մատուցում,419955810.3,426245569.0,226081766.4,234710466.5,178544435.2,0.419,0.7609999999999999,5500693.5,6014797.8,2987576.8,3540879.9,1518661.1,0.252,0.429,54414.1,54414.1,54414.1,54414.1,0.0,0.0,0.0
"ՀՀ կրթության, գիտության, մշակույթի և սպորտի նախարարություն",1163,1163,Մասսայական սպորտ,"Բնակչության շրջանում առողջ ապրելակերպի արմատավորում, անհատի բազմակողմանի ու ներդաշնակ զարգացման գործում ֆիզիկական կուլտուրայի և սպորտի դերի բարձրացում",Սպորտի նկատմամբ հետաքրքրվածության և մասնակցության ընդլայնում,11025,Հայաստանի Հանրապետության մարզերում դպրոցահասակ երեխաների առողջ ապրելակերպի խրախուսում,Պետություն-մասնավոր գործըկերության շրջանակներում մասնավոր լողավազաններում դպրոցահասակ երեխաների լողի ուսուցման կազմակերպում ՀՀ մարզերում,Ծառայությունների մատուցում,419955810.3,426245569.0,226081766.4,234710466.5,178544435.2,0.419,0.7609999999999999,5500693.5,6014797.8,2987576.8,3540879.9,1518661.1,0.252,0.429,64152.0,64152.0,26928.0,26928.0,10296.0,0.16,0.382
"ՀՀ կրթության, գիտության, մշակույթի և սպորտի նախարարություն",1163,1163,Մասսայական սպորտ,"Բնակչության շրջանում առողջ ապրելակերպի արմատավորում, անհատի բազմակողմանի ու ներդաշնակ զարգացման գործում ֆիզիկական կուլտուրայի և սպորտի դերի բարձրացում",Սպորտի նկատմամբ հետաքրքրվածության և մասնակցության ընդլայնում,11027,Բասկետբոլի դպրոցականների լիգայի անցկացում,Բասկետբոլի դպրոցականների լիգայի կազմակերպման և անցկացման ապահովում,Ծառայությունների մատուցում,419955810.3,426245569.0,226081766.4,234710466.5,178544435.2,0.419,0.7609999999999999,5500693.5,6014797.8,2987576.8,3540879.9,1518661.1,0.252,0.429,99726.0,99726.0,99726.0,99726.0,71735.7,0.7190000000000001,0.7190000000000001
"ՀՀ կրթության, գիտության, մշակույթի և սպորտի նախարարություն",1163,1163,Մասսայական սպորտ,"Բնակչության շրջանում առողջ ապրելակերպի արմատավորում, անհատի բազմակողմանի ու ներդաշնակ զարգացման գործում ֆիզիկական կուլտուրայի և սպորտի դերի բարձրացում",Սպորտի նկատմամբ հետաքրքրվածության և մասնակցության ընդլայնում,11030,«Հայաստանի Հանրապետության Վարչապետի գավաթ» դպրոցականների լողի մրցաշարի անցկացում,«Հայաստանի Հանրապետության Վարչապետի գավաթ» դպրոցականների լողի մրցաշարի անցկացում,Ծառայությունների մատուցում,419955810.3,426245569.0,226081766.4,234710466.5,178544435.2,0.419,0.7609999999999999,5500693.5,6014797.8,2987576.8,3540879.9,1518661.1,0.252,0.429,60780.3,60780.3,0.0,0.0,0.0,0.0,0.0
"ՀՀ կրթության, գիտության, մշակույթի և սպորտի նախարարություն",1163,1163,Մասսայական սպորտ,"Բնակչության շրջանում առողջ ապրելակերպի արմատավորում, անհատի բազմակողմանի ու ներդաշնակ զարգացման գործում ֆիզիկական կուլտուրայի և սպորտի դերի բարձրացում",Սպորտի նկատմամբ հետաքրքրվածության և մասնակցության ընդլայնում,11031,Հայաստանի Հանրապետության վարչապետի հովանու ներքո անցկացվող «Դպրոցականների վոլեյբոլի լիգա» մարզական խաղերի անցկացում,Հայաստանի Հանրապետության վարչապետի հովանու ներքո անցկացվող «Դպրոցականների վոլեյբոլի լիգա» մարզական խաղերի անցկացում,Ծառայությունների մատուցում,419955810.3,426245569.0,226081766.4,234710466.5,178544435.2,0.419,0.7609999999999999,5500693.5,6014797.8,2987576.8,3540879.9,1518661.1,0.252,0.429,86144.6,86144.6,0.0,0.0,0.0,0.0,0.0
"ՀՀ կրթության, գիտության, մշակույթի և սպորտի նախարարություն",1163,1163,Մասսայական սպորտ,"Բնակչության շրջանում առողջ ապրելակերպի արմատավորում, անհատի բազմակողմանի ու ներդաշնակ զարգացման գործում ֆիզիկական կուլտուրայի և սպորտի դերի բարձրացում",Սպորտի նկատմամբ հետաքրքրվածության և մասնակցության ընդլայնում,12001,Աջակցություն համայնքներին մարզական հաստատությունների շենքային պայմանների բարելավման համար,Համայնքային ենթակայության մարզական հաստատությունների  վերանորոգում և կառուցում,Տրանսֆերտների տրամադրում,419955810.3,426245569.0,226081766.4,234710466.5,178544435.2,0.419,0.7609999999999999,5500693.5,6014797.8,2987576.8,3540879.9,1518661.1,0.252,0.429,2338651.4,2854875.4,1469325.8,1985549.8,919942.7,0.322,0.46299999999999997
"ՀՀ կրթության, գիտության, մշակույթի և սպորտի նախարարություն",1163,1163,Մասսայական սպորտ,"Բնակչության շրջանում առողջ ապրելակերպի արմատավորում, անհատի բազմակողմանի ու ներդաշնակ զարգացման գործում ֆիզիկական կուլտուրայի և սպորտի դերի բարձրացում",Սպորտի նկատմամբ հետաքրքրվածության և մասնակցության ընդլայնում,12002,Հանրության շրջանում առողջ ապրելակերպի խրախուսման և երթևեկության այլընտրանքային ձևերի խթանում,Հանրության շրջանում առողջ ապրելակերպի խրախուսման և երթևեկության այլընտրանքային ձևերի խթանման նպատակով հեծանիվների ձեռքբերման համաֆինանսավորում,Տրանսֆերտների տրամադրում,419955810.3,426245569.0,226081766.4,234710466.5,178544435.2,0.419,0.7609999999999999,5500693.5,6014797.8,2987576.8,3540879.9,1518661.1,0.252,0.429,40156.0,40156.0,40156.0,40156.0,0.0,0.0,0.0
"ՀՀ կրթության, գիտության, մշակույթի և սպորտի նախարարություն",1163,1163,Մասսայական սպորտ,"Բնակչության շրջանում առողջ ապրելակերպի արմատավորում, անհատի բազմակողմանի ու ներդաշնակ զարգացման գործում ֆիզիկական կուլտուրայի և սպորտի դերի բարձրացում",Սպորտի նկատմամբ հետաքրքրվածության և մասնակցության ընդլայնում,32001,Մարզական օբյեկտների շինարարություն,"Մարզական օբյեկտների շենքերի (մասնաշենքերի) կառուցում (համաշինարարական աշխատանքներ, ջեռուցման համակարգի իրականացում, ներքին հարդարում, տարածքի բարեկարգում) և նախագծում",,419955810.3,426245569.0,226081766.4,234710466.5,178544435.2,0.419,0.7609999999999999,5500693.5,6014797.8,2987576.8,3540879.9,1518661.1,0.252,0.429,1968753.1,1872161.4,848970.5,791577.6,330861.4,0.177,0.418
"ՀՀ կրթության, գիտության, մշակույթի և սպորտի նախարարություն",1163,1163,Մասսայական սպորտ,"Բնակչության շրջանում առողջ ապրելակերպի արմատավորում, անհատի բազմակողմանի ու ներդաշնակ զարգացման գործում ֆիզիկական կուլտուրայի և սպորտի դերի բարձրացում",Սպորտի նկատմամբ հետաքրքրվածության և մասնակցության ընդլայնում,32002,Մարզական օբյեկտների հիմնանորոգում,"Մարզական օբյեկտների շենքերի (մասնաշենքերի) հիմնանորոգում (համաշինարարական աշխատանքներ, ջեռուցման համակարգի իրականացում, ներքին հարդարում, տարածքի բարեկարգում) և նախագծում",Ծառայությունների մատուցում,419955810.3,426245569.0,226081766.4,234710466.5,178544435.2,0.419,0.7609999999999999,5500693.5,6014797.8,2987576.8,3540879.9,1518661.1,0.252,0.429,99197.4,149608.5,85793.8,136204.9,29942.4,0.2,0.22
"ՀՀ կրթության, գիտության, մշակույթի և սպորտի նախարարություն",1163,1163,Մասսայական սպորտ,"Բնակչության շրջանում առողջ ապրելակերպի արմատավորում, անհատի բազմակողմանի ու ներդաշնակ զարգացման գործում ֆիզիկական կուլտուրայի և սպորտի դերի բարձրացում",Սպորտի նկատմամբ հետաքրքրվածության և մասնակցության ընդլայնում,32006,Ֆուտբոլի ենթակառուցվածքների զարգացման նպատակով մարզադաշտերի և մարզադպրոցների կառուցում,Ֆուտբոլի դպրոցների և ՈՒԵՖԱ ստանդարտներով ֆուտբոլի մարզադաշտերի նախագծում և կառուցում,Հանրության կողմից անմիջականորեն օգտագործվող ակտիվների հետ կապված միջոցառումներ,419955810.3,426245569.0,226081766.4,234710466.5,178544435.2,0.419,0.7609999999999999,5500693.5,6014797.8,2987576.8,3540879.9,1518661.1,0.252,0.429,500000.0,544060.9,225879.0,269939.9,43741.6,0.08,0.162
"ՀՀ կրթության, գիտության, մշակույթի և սպորտի նախարարություն",1168,1168,Արվեստների ծրագիր,"Նպաստել ազգային հենքի վրա ժամանակակից թատերարվեստի, երաժշտարվեստի, կերպարվեստի և պարարվեստի զարգացմանը և հանրահռչակմանը","Մրցունակ արվեստային արտադրանքի ստեղծում, ստեղծագործական գործընթացների խթանում, արվեստի նոր նախագծերի ներդրում և մշակութային կյանքում հասարակության ներգրավում",11001,Օպերային և բալետային արվեստի ներկայացումներ,"Օպերային և բալետային արվեստի ներկայացումների բեմադրություն, թատրոնի գործունեության ապահովում, ազգային օպերային և բալետային արվեստի խթանում",Ծառայությունների մատուցում,419955810.3,426245569.0,226081766.4,234710466.5,178544435.2,0.419,0.7609999999999999,11309098.5,12824600.3,5276886.4,6812158.1,5892662.0,0.45899999999999996,0.865,2190000.0,2245973.3,1095000.0,1121754.3,1121754.3,0.499,1.0
"ՀՀ կրթության, գիտության, մշակույթի և սպորտի նախարարություն",1168,1168,Արվեստների ծրագիր,"Նպաստել ազգային հենքի վրա ժամանակակից թատերարվեստի, երաժշտարվեստի, կերպարվեստի և պարարվեստի զարգացմանը և հանրահռչակմանը","Մրցունակ արվեստային արտադրանքի ստեղծում, ստեղծագործական գործընթացների խթանում, արվեստի նոր նախագծերի ներդրում և մշակութային կյանքում հասարակության ներգրավում",11002,Ազգային ակադեմիական թատերարվեստի ներկայացումներ,"Ազգային թատերարվեստի ներկայացումների բեմադրության, թատրոնի գործունեության ապահովում, ազգային թատերավեստի խթանում",Ծառայությունների մատուցում,419955810.3,426245569.0,226081766.4,234710466.5,178544435.2,0.419,0.7609999999999999,11309098.5,12824600.3,5276886.4,6812158.1,5892662.0,0.45899999999999996,0.865,414905.6,370923.6,186707.5,166915.6,166915.6,0.45,1.0
"ՀՀ կրթության, գիտության, մշակույթի և սպորտի նախարարություն",1168,1168,Արվեստների ծրագիր,"Նպաստել ազգային հենքի վրա ժամանակակից թատերարվեստի, երաժշտարվեստի, կերպարվեստի և պարարվեստի զարգացմանը և հանրահռչակմանը","Մրցունակ արվեստային արտադրանքի ստեղծում, ստեղծագործական գործընթացների խթանում, արվեստի նոր նախագծերի ներդրում և մշակութային կյանքում հասարակության ներգրավում",11003,Թատերական ներկայացումներ,Թատերական ներկայացումների բեմադրություններ և թատրոնների գործունեության ապահովում,Ծառայությունների մատուցում,419955810.3,426245569.0,226081766.4,234710466.5,178544435.2,0.419,0.7609999999999999,11309098.5,12824600.3,5276886.4,6812158.1,5892662.0,0.45899999999999996,0.865,2427665.6,2431146.3,1092449.5,1092449.5,1085887.6,0.447,0.9940000000000001
"ՀՀ կրթության, գիտության, մշակույթի և սպորտի նախարարություն",1168,1168,Արվեստների ծրագիր,"Նպաստել ազգային հենքի վրա ժամանակակից թատերարվեստի, երաժշտարվեստի, կերպարվեստի և պարարվեստի զարգացմանը և հանրահռչակմանը","Մրցունակ արվեստային արտադրանքի ստեղծում, ստեղծագործական գործընթացների խթանում, արվեստի նոր նախագծերի ներդրում և մշակութային կյանքում հասարակության ներգրավում",11004,Երաժշտարվեստի և պարարվեստի համերգներ,"Երաժշտական, պարային, համերգային կազմակերպությունների գործունեության ապահովում և համերգային ծրագրերի իրականացում",Ծառայությունների մատուցում,419955810.3,426245569.0,226081766.4,234710466.5,178544435.2,0.419,0.7609999999999999,11309098.5,12824600.3,5276886.4,6812158.1,5892662.0,0.45899999999999996,0.865,3010792.7,3291785.2,1354856.7,1488403.4,1488403.4,0.452,1.0
"ՀՀ կրթության, գիտության, մշակույթի և սպորտի նախարարություն",1168,1168,Արվեստների ծրագիր,"Նպաստել ազգային հենքի վրա ժամանակակից թատերարվեստի, երաժշտարվեստի, կերպարվեստի և պարարվեստի զարգացմանը և հանրահռչակմանը","Մրցունակ արվեստային արտադրանքի ստեղծում, ստեղծագործական գործընթացների խթանում, արվեստի նոր նախագծերի ներդրում և մշակութային կյանքում հասարակության ներգրավում",11005,Մշակութային միջոցառումների իրականացում,"Արվեստի հանրահռչակում, տարածում, մատչելիության ապահովում",Ծառայությունների մատուցում,419955810.3,426245569.0,226081766.4,234710466.5,178544435.2,0.419,0.7609999999999999,11309098.5,12824600.3,5276886.4,6812158.1,5892662.0,0.45899999999999996,0.865,1216787.0,1542692.2,611037.0,1298533.0,987697.8,0.64,0.7609999999999999
"ՀՀ կրթության, գիտության, մշակույթի և սպորտի նախարարություն",1168,1168,Արվեստների ծրագիր,"Նպաստել ազգային հենքի վրա ժամանակակից թատերարվեստի, երաժշտարվեստի, կերպարվեստի և պարարվեստի զարգացմանը և հանրահռչակմանը","Մրցունակ արվեստային արտադրանքի ստեղծում, ստեղծագործական գործընթացների խթանում, արվեստի նոր նախագծերի ներդրում և մշակութային կյանքում հասարակության ներգրավում",11006,Ազգային ակադեմիական խմբերգային համերգներ,"Խմբերգային համերգների իրականացում, Ազգային ակադեմիական երգչախմբի գործունեության ապահովում",Ծառայությունների մատուցում,419955810.3,426245569.0,226081766.4,234710466.5,178544435.2,0.419,0.7609999999999999,11309098.5,12824600.3,5276886.4,6812158.1,5892662.0,0.45899999999999996,0.865,404616.6,404616.6,182077.5,182077.5,182077.5,0.45,1.0
"ՀՀ կրթության, գիտության, մշակույթի և սպորտի նախարարություն",1168,1168,Արվեստների ծրագիր,"Նպաստել ազգային հենքի վրա ժամանակակից թատերարվեստի, երաժշտարվեստի, կերպարվեստի և պարարվեստի զարգացմանը և հանրահռչակմանը","Մրցունակ արվեստային արտադրանքի ստեղծում, ստեղծագործական գործընթացների խթանում, արվեստի նոր նախագծերի ներդրում և մշակութային կյանքում հասարակության ներգրավում",11008,«Ժողովրդական» պատվավոր կոչման արժանացած անձանց ամենամսյա պատվովճարի վճարման ծառայություններ,"Համընդհանուր ճանաչում ունենալու, արվեuտի զարգացման գործում ունեցած մեծ և բացառիկ վաuտակի համար Ժողովրդական  պատվավոր կոչման արժանացած անձանց ամենամսյա պատվովճարի վճարման ծառայություններ",Ծառայությունների մատուցում,419955810.3,426245569.0,226081766.4,234710466.5,178544435.2,0.419,0.7609999999999999,11309098.5,12824600.3,5276886.4,6812158.1,5892662.0,0.45899999999999996,0.865,95.0,95.0,25.0,25.0,8.5,0.08900000000000001,0.33899999999999997
"ՀՀ կրթության, գիտության, մշակույթի և սպորտի նախարարություն",1168,1168,Արվեստների ծրագիր,"Նպաստել ազգային հենքի վրա ժամանակակից թատերարվեստի, երաժշտարվեստի, կերպարվեստի և պարարվեստի զարգացմանը և հանրահռչակմանը","Մրցունակ արվեստային արտադրանքի ստեղծում, ստեղծագործական գործընթացների խթանում, արվեստի նոր նախագծերի ներդրում և մշակութային կյանքում հասարակության ներգրավում",11025,Թատերահամերգային կազմակերպությունների ֆինանսավորման  փորձնական մոդելի ներդրում,"Կառավարման արդի մոդելների ներդրում, պետական միջոցների  նպատակային կառավարում, կազմակերպությունների գործունեության արդյունավետության բարձրացում, ֆինանսական ինքնավարության մակարդակի ապահովում, կառավարչական և կազմակերպչական կարողությունների խթանում",Ծառայությունների մատուցում,419955810.3,426245569.0,226081766.4,234710466.5,178544435.2,0.419,0.7609999999999999,11309098.5,12824600.3,5276886.4,6812158.1,5892662.0,0.45899999999999996,0.865,50000.0,0.0,22500.0,0.0,0.0,0.0,0.0
"ՀՀ կրթության, գիտության, մշակույթի և սպորտի նախարարություն",1168,1168,Արվեստների ծրագիր,"Նպաստել ազգային հենքի վրա ժամանակակից թատերարվեստի, երաժշտարվեստի, կերպարվեստի և պարարվեստի զարգացմանը և հանրահռչակմանը","Մրցունակ արվեստային արտադրանքի ստեղծում, ստեղծագործական գործընթացների խթանում, արվեստի նոր նախագծերի ներդրում և մշակութային կյանքում հասարակության ներգրավում",11053,Համաշխարհային աստղի հայաստանյան հյուրախաղեր,Համաշխարհային աստղի հայաստանյան հյուրախաղերի կազմակերպում,,419955810.3,426245569.0,226081766.4,234710466.5,178544435.2,0.419,0.7609999999999999,11309098.5,12824600.3,5276886.4,6812158.1,5892662.0,0.45899999999999996,0.865,500000.0,359000.0,500000.0,0.0,0.0,0.0,0.0
"ՀՀ կրթության, գիտության, մշակույթի և սպորտի նախարարություն",1168,1168,Արվեստների ծրագիր,"Նպաստել ազգային հենքի վրա ժամանակակից թատերարվեստի, երաժշտարվեստի, կերպարվեստի և պարարվեստի զարգացմանը և հանրահռչակմանը","Մրցունակ արվեստային արտադրանքի ստեղծում, ստեղծագործական գործընթացների խթանում, արվեստի նոր նախագծերի ներդրում և մշակութային կյանքում հասարակության ներգրավում",11054,«Պատանի երաժիշտների դասական Եվրատեսիլ» 22-րդ մրցույթ,Դասական երաժշտության հանրահռչակում և տարածում,Ծառայությունների մատուցում,419955810.3,426245569.0,226081766.4,234710466.5,178544435.2,0.419,0.7609999999999999,11309098.5,12824600.3,5276886.4,6812158.1,5892662.0,0.45899999999999996,0.865,0.0,665000.0,0.0,665000.0,532000.0,0.8,0.8
"ՀՀ կրթության, գիտության, մշակույթի և սպորտի նախարարություն",1168,1168,Արվեստների ծրագիր,"Նպաստել ազգային հենքի վրա ժամանակակից թատերարվեստի, երաժշտարվեստի, կերպարվեստի և պարարվեստի զարգացմանը և հանրահռչակմանը","Մրցունակ արվեստային արտադրանքի ստեղծում, ստեղծագործական գործընթացների խթանում, արվեստի նոր նախագծերի ներդրում և մշակութային կյանքում հասարակության ներգրավում",12001,«Ժողովրդական» պատվավոր կոչման արժանացած անձանց պատվովճար,"Համընդհանուր ճանաչում ունենալու, արվեuտի զարգացման գործում ունեցած մեծ և բացառիկ վաuտակի համար Ժողովրդական  պատվավոր կոչման արժանացած անձանց ամենամսյա պատվովճարի տրամադրում",Տրանսֆերտների տրամադրում,419955810.3,426245569.0,226081766.4,234710466.5,178544435.2,0.419,0.7609999999999999,11309098.5,12824600.3,5276886.4,6812158.1,5892662.0,0.45899999999999996,0.865,31440.0,31440.0,15720.0,15720.0,13640.0,0.434,0.868
"ՀՀ կրթության, գիտության, մշակույթի և սպորտի նախարարություն",1168,1168,Արվեստների ծրագիր,"Նպաստել ազգային հենքի վրա ժամանակակից թատերարվեստի, երաժշտարվեստի, կերպարվեստի և պարարվեստի զարգացմանը և հանրահռչակմանը","Մրցունակ արվեստային արտադրանքի ստեղծում, ստեղծագործական գործընթացների խթանում, արվեստի նոր նախագծերի ներդրում և մշակութային կյանքում հասարակության ներգրավում",12002,Մշակույթի ոլորտի միջազգային հեղինակավոր փառատոների մրցանակաբաշխություններին մասնակցած և մրցանակի արժանացած մշակույթի գործիչների դրամական խրախուսում,"Դրամական խրախուսման տրամադրում ՀՀ քաղաքացի հանդիսացող մշակույթի ոլորտի այն գործիչներին, ովքեր որպես ՀՀ ներկայացուցիչ մասնակցել են միջազգային հեղինակավոր փառատոներին և մրցանակաբաշխություններին և արժանացել են մրցանակի",,419955810.3,426245569.0,226081766.4,234710466.5,178544435.2,0.419,0.7609999999999999,11309098.5,12824600.3,5276886.4,6812158.1,5892662.0,0.45899999999999996,0.865,85800.0,85800.0,55800.1,55800.1,55791.1,0.65,1.0
"ՀՀ կրթության, գիտության, մշակույթի և սպորտի նախարարություն",1168,1168,Արվեստների ծրագիր,"Նպաստել ազգային հենքի վրա ժամանակակից թատերարվեստի, երաժշտարվեստի, կերպարվեստի և պարարվեստի զարգացմանը և հանրահռչակմանը","Մրցունակ արվեստային արտադրանքի ստեղծում, ստեղծագործական գործընթացների խթանում, արվեստի նոր նախագծերի ներդրում և մշակութային կյանքում հասարակության ներգրավում",32001,Ներդրումներ թատրոնների և համերգային կազմակերպությունների շենքերի կապիտալ վերանորոգման համար,"Թատրոնների և համերգային կազմակերպությունների շենքերի մասնաշենքերի հիմնանորոգում, համաշինարարական աշխատանքներ, ջեռուցման համակարգի իրականացում, ներքին հարդարում, տարածքի բարեկարգում և նախագծում",Այլ պետական կազմակերպությունների կողմից օգտագործվող ոչ ֆինանսական ակտիվների հետ գործառնություններ,419955810.3,426245569.0,226081766.4,234710466.5,178544435.2,0.419,0.7609999999999999,11309098.5,12824600.3,5276886.4,6812158.1,5892662.0,0.45899999999999996,0.865,332336.1,289933.6,99120.7,57497.7,2547.0,0.009000000000000001,0.044000000000000004
"ՀՀ կրթության, գիտության, մշակույթի և սպորտի նախարարություն",1168,1168,Արվեստների ծրագիր,"Նպաստել ազգային հենքի վրա ժամանակակից թատերարվեստի, երաժշտարվեստի, կերպարվեստի և պարարվեստի զարգացմանը և հանրահռչակմանը","Մրցունակ արվեստային արտադրանքի ստեղծում, ստեղծագործական գործընթացների խթանում, արվեստի նոր նախագծերի ներդրում և մշակութային կյանքում հասարակության ներգրավում",32002,Ներդրումներ թատրոնների շենքերի կառուցման համար,"Թատրոնների շենքերի (մասնաշենքերի) կառուցում (համաշինարարական աշխատանքներ, ջեռուցման համակարգի իրականացում, ներքին հարդարում, տարածքի բարեկարգում) և նախագծում",,419955810.3,426245569.0,226081766.4,234710466.5,178544435.2,0.419,0.7609999999999999,11309098.5,12824600.3,5276886.4,6812158.1,5892662.0,0.45899999999999996,0.865,206504.1,206504.1,61592.4,61592.4,0.0,0.0,0.0
"ՀՀ կրթության, գիտության, մշակույթի և սպորտի նախարարություն",1168,1168,Արվեստների ծրագիր,"Նպաստել ազգային հենքի վրա ժամանակակից թատերարվեստի, երաժշտարվեստի, կերպարվեստի և պարարվեստի զարգացմանը և հանրահռչակմանը","Մրցունակ արվեստային արտադրանքի ստեղծում, ստեղծագործական գործընթացների խթանում, արվեստի նոր նախագծերի ներդրում և մշակութային կյանքում հասարակության ներգրավում",32006,Կարեն Դեմիրճյանի անվան մարզահամերգային համալիրի կարողությունների զարգացում,"<<Կարեն Դեմիրճյանի անվան մարզահամերգային համալիր>> պետական ոչ առևտրային կազմակերպությանը անհրաժեշտ լուսադիոդային լուսատուներ, սահադաշտի վերազինման համար սառնարանային սարքերի կոմպրեսորներ ու սարքավորումներ և երաժշտական գործիքի (ռոյալ) ձեռքբերում:",Ծառայությունների մատուցում,419955810.3,426245569.0,226081766.4,234710466.5,178544435.2,0.419,0.7609999999999999,11309098.5,12824600.3,5276886.4,6812158.1,5892662.0,0.45899999999999996,0.865,0.0,350000.0,0.0,350000.0,0.0,0.0,0.0
"ՀՀ կրթության, գիտության, մշակույթի և սպորտի նախարարություն",1168,1168,Արվեստների ծրագիր,"Նպաստել ազգային հենքի վրա ժամանակակից թատերարվեստի, երաժշտարվեստի, կերպարվեստի և պարարվեստի զարգացմանը և հանրահռչակմանը","Մրցունակ արվեստային արտադրանքի ստեղծում, ստեղծագործական գործընթացների խթանում, արվեստի նոր նախագծերի ներդրում և մշակութային կյանքում հասարակության ներգրավում",32007,Թատերահամերգային կազմակերպությունների նյութատեխնիկական բազայի  համալրում,Թատերահամերգային կազմակերպությունների համար անհրաժեշտ տեխնիկայի և սարքավորումների ձեռքբերում,Այլ պետական կազմակերպությունների կողմից օգտագործվող ոչ ֆինանսական ակտիվների հետ գործառնություններ,419955810.3,426245569.0,226081766.4,234710466.5,178544435.2,0.419,0.7609999999999999,11309098.5,12824600.3,5276886.4,6812158.1,5892662.0,0.45899999999999996,0.865,293300.8,549690.4,0.0,256389.6,255939.3,0.466,0.998
"ՀՀ կրթության, գիտության, մշակույթի և սպորտի նախարարություն",1168,1168,Արվեստների ծրագիր,"Նպաստել ազգային հենքի վրա ժամանակակից թատերարվեստի, երաժշտարվեստի, կերպարվեստի և պարարվեստի զարգացմանը և հանրահռչակմանը","Մրցունակ արվեստային արտադրանքի ստեղծում, ստեղծագործական գործընթացների խթանում, արվեստի նոր նախագծերի ներդրում և մշակութային կյանքում հասարակության ներգրավում",32008,Երաժշտական գործիքների ձեռքբերում,Թատերահամերգային կազմակերպությունների երաժշտական գործիքներով ապահովում,Այլ պետական կազմակերպությունների կողմից օգտագործվող ոչ ֆինանսական ակտիվների հետ գործառնություններ,419955810.3,426245569.0,226081766.4,234710466.5,178544435.2,0.419,0.7609999999999999,11309098.5,12824600.3,5276886.4,6812158.1,5892662.0,0.45899999999999996,0.865,144855.0,0.0,0.0,0.0,0.0,0.0,0.0
"ՀՀ կրթության, գիտության, մշակույթի և սպորտի նախարարություն",1183,1183,Ապահով դպրոց,"Դպրոցներին սպառնացող աղետների ռիսկի կառավարման կարողությունների հզորացում, դպրոցի անձնակազմի և աշակերտների անվտանգության ապահովման մակարդակի բարձրացում՛ կիրառելով ներառական և երեխայակենտրոն մոտեցում",Դպրոցական միջավայրի բարելավում,11002,Աջակցություն դպրոցներին «Արագ արձագանքման ֆոնդի» շրջանակում՛ հրատապ խնդիրների լուծման համար,Դպրոցներում արտակարգ իրավիճակների և չնախատեսված հանգամանքների հետևանքով առաջացած խնդիրների լուծման նպատակով ընթացիկ աշխատանքների իրականացում,Ծառայությունների մատուցում,419955810.3,426245569.0,226081766.4,234710466.5,178544435.2,0.419,0.7609999999999999,836658.8,922958.5,280782.6,362036.2,58015.4,0.063,0.16,80000.0,80000.0,50000.0,50000.0,25535.4,0.319,0.511
"ՀՀ կրթության, գիտության, մշակույթի և սպորտի նախարարություն",1183,1183,Ապահով դպրոց,"Դպրոցներին սպառնացող աղետների ռիսկի կառավարման կարողությունների հզորացում, դպրոցի անձնակազմի և աշակերտների անվտանգության ապահովման մակարդակի բարձրացում՛ կիրառելով ներառական և երեխայակենտրոն մոտեցում",Դպրոցական միջավայրի բարելավում,32002,Կրթական օբյեկտների շենքային ապահովվածության բարելավում,"Կրթական օբյեկտների շենքերի (մասնաշենքերի) կառուցում (համաշինարարական աշխատանքներ, ջեռուցման համակարգի իրականացում, ներքին հարդարում, տարածքի բարեկարգում) և նախագծում",,419955810.3,426245569.0,226081766.4,234710466.5,178544435.2,0.419,0.7609999999999999,836658.8,922958.5,280782.6,362036.2,58015.4,0.063,0.16,0.0,42434.2,0.0,42434.2,0.0,0.0,0.0
"ՀՀ կրթության, գիտության, մշակույթի և սպորտի նախարարություն",1183,1183,Ապահով դպրոց,"Դպրոցներին սպառնացող աղետների ռիսկի կառավարման կարողությունների հզորացում, դպրոցի անձնակազմի և աշակերտների անվտանգության ապահովման մակարդակի բարձրացում՛ կիրառելով ներառական և երեխայակենտրոն մոտեցում",Դպրոցական միջավայրի բարելավում,32007,Հանրակրթական կրթություն իրականացնող ուսումնական հաստատությունների նոր մարզադահլիճների կառուցում,Հանրակրթական ուսուցում իրականացնող ուսումնական հաստատությունների նոր մարզադահլիճների կառուցման նախագծանախահաշվային փաստաթղթերի մշակում,Այլ պետական կազմակերպությունների կողմից օգտագործվող ոչ ֆինանսական ակտիվների հետ գործառնություններ,419955810.3,426245569.0,226081766.4,234710466.5,178544435.2,0.419,0.7609999999999999,836658.8,922958.5,280782.6,362036.2,58015.4,0.063,0.16,253142.7,295568.2,80553.3,117932.7,32000.0,0.10800000000000001,0.271
"ՀՀ կրթության, գիտության, մշակույթի և սպորտի նախարարություն",1183,1183,Ապահով դպրոց,"Դպրոցներին սպառնացող աղետների ռիսկի կառավարման կարողությունների հզորացում, դպրոցի անձնակազմի և աշակերտների անվտանգության ապահովման մակարդակի բարձրացում՛ կիրառելով ներառական և երեխայակենտրոն մոտեցում",Դպրոցական միջավայրի բարելավում,32009,Հանրակրթական կրթություն իրականացնող ուսումնական հաստատությունների մարզադահլիճների վերակառուցում,Հանրակրթական ուսուցում իրականացնող ուսումնական հաստատությունների մարզադահլիճների վերակառուցման նախագծանախահաշվային փաստաթղթերի մշակում,,419955810.3,426245569.0,226081766.4,234710466.5,178544435.2,0.419,0.7609999999999999,836658.8,922958.5,280782.6,362036.2,58015.4,0.063,0.16,503516.1,504956.1,150229.3,151669.3,480.0,0.001,0.003
"ՀՀ կրթության, գիտության, մշակույթի և սպորտի նախարարություն",1189,1189,Դպրոցների սեյսմիկ անվտանգության մակարդակի բարձրացման ծրագիր,"Նպաստել երկրի սեյսմակայունության ապահովմանը, անհատական և հասարակական անվտանգության մակարդակի բարձրացմանը",Դպրոցական շենքերի սեյսմակայունության մակարդակի բարձրացում,11002,Ասիական զարգացման բանկի աջակցությամբ իրականացվող դպրոցների սեյսմիկ պաշտպանության ծրագրի լրացուցիչ ֆինանսավորման կառավարում,Դպրոցների սեյսմիկ պաշտպանության լրացուցիչ ֆինանսավորման  ծրագիր ՀՀ դպրոցների սեյսմիկ անվտանգության բարելավման նպատակով,Ծառայությունների մատուցում,419955810.3,426245569.0,226081766.4,234710466.5,178544435.2,0.419,0.7609999999999999,8574812.5,12874812.5,7498028.1,10498028.1,5609093.5,0.436,0.534,334202.3,334202.3,144074.1,144074.1,82216.1,0.24600000000000002,0.5710000000000001
"ՀՀ կրթության, գիտության, մշակույթի և սպորտի նախարարություն",1189,1189,Դպրոցների սեյսմիկ անվտանգության մակարդակի բարձրացման ծրագիր,"Նպաստել երկրի սեյսմակայունության ապահովմանը, անհատական և հասարակական անվտանգության մակարդակի բարձրացմանը",Դպրոցական շենքերի սեյսմակայունության մակարդակի բարձրացում,12001,Ասիական զարգացման բանկի աջակցությամբ իրականացվող դպրոցների սեյսմիկ պաշտպանության ծրագրի շրջանակներում ՀՀ դպրոցների սեյսմիկ անվտանգության բարելավմանն ուղղված միջոցառումներ,"Դպրոցների շենքերի ամրացման շինարարական աշխատանքներ, շինարարական ստանդարտների արդիականացում, արտակարգ իրավիճակներին արձագանքման ծրագրի մշակում, սեյսմիկ մոնիտորինգի դիտակետերի սարքավորումների արդիականացում:",Տրանսֆերտների տրամադրում,419955810.3,426245569.0,226081766.4,234710466.5,178544435.2,0.419,0.7609999999999999,8574812.5,12874812.5,7498028.1,10498028.1,5609093.5,0.436,0.534,443954.0,443954.0,443954.0,443954.0,428890.3,0.966,0.966
"ՀՀ կրթության, գիտության, մշակույթի և սպորտի նախարարություն",1189,1189,Դպրոցների սեյսմիկ անվտանգության մակարդակի բարձրացման ծրագիր,"Նպաստել երկրի սեյսմակայունության ապահովմանը, անհատական և հասարակական անվտանգության մակարդակի բարձրացմանը",Դպրոցական շենքերի սեյսմակայունության մակարդակի բարձրացում,12003,Ասիական զարգացման բանկի աջակցությամբ իրականացվող դպրոցների սեյսմիկ պաշտպանության ծրագրի լրացուցիչ ֆինանսավորման շրջանակներում ՀՀ դպրոցների սեյսմիկ անվտանգության բարելավմանն ուղղված միջոցառումներ,"Դպրոցների սեյսմիկ պաշտպանության լրացուցիչ ֆինանսավորման  ծրագիր, դպրոցների շենքերի կառուցման, ամրացման շինարարական աշխատանքներ, շինարարական ստանդարտների արդիականացում, արտակարգ իրավիճակներին արձագանքման ծրագրի մշակում",Տրանսֆերտների տրամադրում,419955810.3,426245569.0,226081766.4,234710466.5,178544435.2,0.419,0.7609999999999999,8574812.5,12874812.5,7498028.1,10498028.1,5609093.5,0.436,0.534,6939132.1,11239132.1,6410000.0,9410000.0,5097987.1,0.45399999999999996,0.542
"ՀՀ կրթության, գիտության, մշակույթի և սպորտի նախարարություն",1189,1189,Դպրոցների սեյսմիկ անվտանգության մակարդակի բարձրացման ծրագիր,"Նպաստել երկրի սեյսմակայունության ապահովմանը, անհատական և հասարակական անվտանգության մակարդակի բարձրացմանը",Դպրոցական շենքերի սեյսմակայունության մակարդակի բարձրացում,12004,Ճապոնիայի հիմնադրամի աջակցությամբ բարգավաճ և դիմակայուն Ասիայի և Խաղաղ օվկիանոսի դպրոցների շենքային ապահովվածության բարելավում,"Ճապոնիայի հիմնադրամի աջակցությամբ «Սեյսմիկ անվտանգության բարելավման» ծրագրի շրջանակներում բարգավաճ և դիմակայուն Ասիայի և Խաղաղ օվկիանոսի դպրոցների նոր շենքերի կառուցում, առկա շենքերի վերակառուցում, հիմնանորոգում",Տրանսֆերտների տրամադրում,419955810.3,426245569.0,226081766.4,234710466.5,178544435.2,0.419,0.7609999999999999,8574812.5,12874812.5,7498028.1,10498028.1,5609093.5,0.436,0.534,857524.1,857524.1,500000.0,500000.0,0.0,0.0,0.0
"ՀՀ կրթության, գիտության, մշակույթի և սպորտի նախարարություն",1192,1192,Կրթության որակի ապահովում,"Ընթացիկ աշխատանքների, բարեփոխումների և նոր նախաձեռնությունների միջոցով ֆորմալ և ոչ-ֆորմալ կրթության ոլորտում իրականացվող միջոցառումների, մատուցվող ծառայությունների բովանդակության և կազմակերպման որակի շարունակական բարելավում","Նախադպրոցականից մինչև հետբուհական կրթության որակի, այն է սովորողների, միջավայրի, ծրագրերի և ուսումնական նյութերի բովանդակության, գործընթացների, ինչպես նաև վերջնարդյունքների որակի բարելավում ըստ ներպետական և միջազգային ցուցիչների",11001,Մասնագիտական կրթության և ուսուցման (ՄԿՈՒ) բարեփոխումներ,"Մասնագիտական կրթության չափորոշիչների մշակման, վերանայման, ինչպես նաև դասախոսների վերապատրաստման միջոցով ՄԿՈւ կրթության որակի բարելավում",Ծառայությունների մատուցում,419955810.3,426245569.0,226081766.4,234710466.5,178544435.2,0.419,0.7609999999999999,19532676.2,20793352.7,10879464.7,11540141.2,8273781.4,0.39799999999999996,0.7170000000000001,206676.6,206676.6,128139.5,128139.5,128139.5,0.62,1.0
"ՀՀ կրթության, գիտության, մշակույթի և սպորտի նախարարություն",1192,1192,Կրթության որակի ապահովում,"Ընթացիկ աշխատանքների, բարեփոխումների և նոր նախաձեռնությունների միջոցով ֆորմալ և ոչ-ֆորմալ կրթության ոլորտում իրականացվող միջոցառումների, մատուցվող ծառայությունների բովանդակության և կազմակերպման որակի շարունակական բարելավում","Նախադպրոցականից մինչև հետբուհական կրթության որակի, այն է սովորողների, միջավայրի, ծրագրերի և ուսումնական նյութերի բովանդակության, գործընթացների, ինչպես նաև վերջնարդյունքների որակի բարելավում ըստ ներպետական և միջազգային ցուցիչների",11006,Կրթության բովանդակային և մեթոդական սպասարկում,"Հանրակրթության պետական կրթական չափորոշիչների մշակում, վերանայում",Ծառայությունների մատուցում,419955810.3,426245569.0,226081766.4,234710466.5,178544435.2,0.419,0.7609999999999999,19532676.2,20793352.7,10879464.7,11540141.2,8273781.4,0.39799999999999996,0.7170000000000001,543186.4,543186.4,287888.8,287888.8,287888.8,0.53,1.0
"ՀՀ կրթության, գիտության, մշակույթի և սպորտի նախարարություն",1192,1192,Կրթության որակի ապահովում,"Ընթացիկ աշխատանքների, բարեփոխումների և նոր նախաձեռնությունների միջոցով ֆորմալ և ոչ-ֆորմալ կրթության ոլորտում իրականացվող միջոցառումների, մատուցվող ծառայությունների բովանդակության և կազմակերպման որակի շարունակական բարելավում","Նախադպրոցականից մինչև հետբուհական կրթության որակի, այն է սովորողների, միջավայրի, ծրագրերի և ուսումնական նյութերի բովանդակության, գործընթացների, ինչպես նաև վերջնարդյունքների որակի բարելավում ըստ ներպետական և միջազգային ցուցիչների",11010,Կամավոր ատեստավորման համակարգի ներդրում՛ ուղղված ուսուցիչների որակի բարձրացմանը,Հանրակրթական դպրոցներում դասավանդող ուսուցիչների կամավոր ատեստավորման համակարգի գործարկում,Ծառայությունների մատուցում,419955810.3,426245569.0,226081766.4,234710466.5,178544435.2,0.419,0.7609999999999999,19532676.2,20793352.7,10879464.7,11540141.2,8273781.4,0.39799999999999996,0.7170000000000001,15022650.6,15022650.6,6938877.5,6938877.5,6674920.4,0.444,0.9620000000000001
"ՀՀ կրթության, գիտության, մշակույթի և սպորտի նախարարություն",1192,1192,Կրթության որակի ապահովում,"Ընթացիկ աշխատանքների, բարեփոխումների և նոր նախաձեռնությունների միջոցով ֆորմալ և ոչ-ֆորմալ կրթության ոլորտում իրականացվող միջոցառումների, մատուցվող ծառայությունների բովանդակության և կազմակերպման որակի շարունակական բարելավում","Նախադպրոցականից մինչև հետբուհական կրթության որակի, այն է սովորողների, միջավայրի, ծրագրերի և ուսումնական նյութերի բովանդակության, գործընթացների, ինչպես նաև վերջնարդյունքների որակի բարելավում ըստ ներպետական և միջազգային ցուցիչների",11022,Հանրակրթական հիմնական ծրագրեր իրականացնող ուսումնական հաստատությունների ատեստավորման ենթակա ուսուցչի և մանկավարժի վերապատրաստում,"Հանրակրթական ուսումնական հաստատությունների հերթական, ինչպես նաև կամավոր ատեստավորման արդյունքում 0-59 տոկոս արդյունք ցուցաբերած ուսուցիչների վերապատրաստում",,419955810.3,426245569.0,226081766.4,234710466.5,178544435.2,0.419,0.7609999999999999,19532676.2,20793352.7,10879464.7,11540141.2,8273781.4,0.39799999999999996,0.7170000000000001,144515.3,144515.3,0.0,0.0,0.0,0.0,0.0
"ՀՀ կրթության, գիտության, մշակույթի և սպորտի նախարարություն",1192,1192,Կրթության որակի ապահովում,"Ընթացիկ աշխատանքների, բարեփոխումների և նոր նախաձեռնությունների միջոցով ֆորմալ և ոչ-ֆորմալ կրթության ոլորտում իրականացվող միջոցառումների, մատուցվող ծառայությունների բովանդակության և կազմակերպման որակի շարունակական բարելավում","Նախադպրոցականից մինչև հետբուհական կրթության որակի, այն է սովորողների, միջավայրի, ծրագրերի և ուսումնական նյութերի բովանդակության, գործընթացների, ինչպես նաև վերջնարդյունքների որակի բարելավում ըստ ներպետական և միջազգային ցուցիչների",11023,Համաշխարհային բանկի աջակցությամբ իրականացվող «Կրթության բարելավման ծրագրի լրացուցիչ ֆինանսավորում» վարկային ծրագիր,"Հանրակրթության որակի բարելավում, աջակցություն Նորարարությունների մրցակցային հիմնադրամի զարգացմանը, ծրագրի համակարգում և կառավարում",Ծառայությունների մատուցում,419955810.3,426245569.0,226081766.4,234710466.5,178544435.2,0.419,0.7609999999999999,19532676.2,20793352.7,10879464.7,11540141.2,8273781.4,0.39799999999999996,0.7170000000000001,182573.4,195249.9,179573.4,192249.9,114768.9,0.588,0.597
"ՀՀ կրթության, գիտության, մշակույթի և սպորտի նախարարություն",1192,1192,Կրթության որակի ապահովում,"Ընթացիկ աշխատանքների, բարեփոխումների և նոր նախաձեռնությունների միջոցով ֆորմալ և ոչ-ֆորմալ կրթության ոլորտում իրականացվող միջոցառումների, մատուցվող ծառայությունների բովանդակության և կազմակերպման որակի շարունակական բարելավում","Նախադպրոցականից մինչև հետբուհական կրթության որակի, այն է սովորողների, միջավայրի, ծրագրերի և ուսումնական նյութերի բովանդակության, գործընթացների, ինչպես նաև վերջնարդյունքների որակի բարելավում ըստ ներպետական և միջազգային ցուցիչների",11024,ՀՀ պետական դպրոցների ԳՏՃՄ առարկաներ դասավանդող ուսուցիչների վերապատրաստում`  նոր ստանդարտներին համապատասխան,Աջակցություն ԳՏՃՄ առարկաների դասավանդման և ուսուցման որակը բարելավելու համար,Ծառայությունների մատուցում,419955810.3,426245569.0,226081766.4,234710466.5,178544435.2,0.419,0.7609999999999999,19532676.2,20793352.7,10879464.7,11540141.2,8273781.4,0.39799999999999996,0.7170000000000001,294510.0,294510.0,195020.0,195020.0,38421.6,0.13,0.19699999999999998
"ՀՀ կրթության, գիտության, մշակույթի և սպորտի նախարարություն",1192,1192,Կրթության որակի ապահովում,"Ընթացիկ աշխատանքների, բարեփոխումների և նոր նախաձեռնությունների միջոցով ֆորմալ և ոչ-ֆորմալ կրթության ոլորտում իրականացվող միջոցառումների, մատուցվող ծառայությունների բովանդակության և կազմակերպման որակի շարունակական բարելավում","Նախադպրոցականից մինչև հետբուհական կրթության որակի, այն է սովորողների, միջավայրի, ծրագրերի և ուսումնական նյութերի բովանդակության, գործընթացների, ինչպես նաև վերջնարդյունքների որակի բարելավում ըստ ներպետական և միջազգային ցուցիչների",32006,Համաշխարհային բանկի աջակցությամբ իրականացվող «Կրթության բարելավման  ծրագրի լրացուցիչ ֆինանսավորում» վարկային ծրագրի շրջանակներում կապիտալ ներդրումներ  հանրակրթական ուսումնական հաստատություններում,"Կապիտալ ներդրումներ ավագ, միջնակարգ և հիմնական դպրոցներում",Այլ պետական կազմակերպությունների կողմից օգտագործվող ոչ ֆինանսական ակտիվների հետ գործառնություններ,419955810.3,426245569.0,226081766.4,234710466.5,178544435.2,0.419,0.7609999999999999,19532676.2,20793352.7,10879464.7,11540141.2,8273781.4,0.39799999999999996,0.7170000000000001,591245.1,1839245.1,1191245.1,1839245.1,916296.7,0.498,0.498
"ՀՀ կրթության, գիտության, մշակույթի և սպորտի նախարարություն",1192,1192,Կրթության որակի ապահովում,"Ընթացիկ աշխատանքների, բարեփոխումների և նոր նախաձեռնությունների միջոցով ֆորմալ և ոչ-ֆորմալ կրթության ոլորտում իրականացվող միջոցառումների, մատուցվող ծառայությունների բովանդակության և կազմակերպման որակի շարունակական բարելավում","Նախադպրոցականից մինչև հետբուհական կրթության որակի, այն է սովորողների, միջավայրի, ծրագրերի և ուսումնական նյութերի բովանդակության, գործընթացների, ինչպես նաև վերջնարդյունքների որակի բարելավում ըստ ներպետական և միջազգային ցուցիչների",32007,ՀՀ պետական դպրոցների` ԳՏՃՄ լաբորատորիաներով ապահովում,ՀՀ պետական դպրոցների համար ԳՏՃՄ առարկաների լաբորատոր սարքավարումների և կահույքի ձեռքբերում,Այլ պետական կազմակերպությունների կողմից օգտագործվող ոչ ֆինանսական ակտիվների հետ գործառնություններ,419955810.3,426245569.0,226081766.4,234710466.5,178544435.2,0.419,0.7609999999999999,19532676.2,20793352.7,10879464.7,11540141.2,8273781.4,0.39799999999999996,0.7170000000000001,2547318.8,2547318.8,1958720.4,1958720.4,113345.5,0.044000000000000004,0.057999999999999996
"ՀՀ կրթության, գիտության, մշակույթի և սպորտի նախարարություն",1193,1193,Համընդհանուր ներառական կրթության համակարգի ներդրում,"Յուրաքանչյուր երեխայի համար կրթության մատչելիության, հավասար մասնակցության հնարավորության և որակի ապահովում՛ զարգացման առանձնահատկություններին համապատասխան և անհրաժեշտ պայմանների ստեղծման միջոցով",Խոցելի խմբերի երեխաների ընդգրկվածության ապահովում հանրակրթական հաստատություններում,11001,Մանկավարժահոգեբանական աջակցության ծառայություններ և  կրթության առանձնահատուկ պայմանների կարիք ունեցող երեխաների կրթության կազմակերպմանն օժանդակող միջոցառումներ,"Երեխաների կրթության առանձնահատուկ պայմանների կարիքի բացահայտում և գնահատում, կրթության աջակցության ծառայությունների իրականացում և կրթության կազմակերպման համար նախատեսված  ծրագրերի,  ձեռնարկների, ուսումնական այլ նյութերի մշակում,  հրատարակում և ձեռքբերում",Ծառայությունների մատուցում,419955810.3,426245569.0,226081766.4,234710466.5,178544435.2,0.419,0.7609999999999999,4045313.2,4045313.2,1820391.0,1820391.0,1802285.1,0.446,0.99,3885609.5,3885609.5,1748524.3,1748524.3,1748524.3,0.45,1.0
"ՀՀ կրթության, գիտության, մշակույթի և սպորտի նախարարություն",1193,1193,Համընդհանուր ներառական կրթության համակարգի ներդրում,"Յուրաքանչյուր երեխայի համար կրթության մատչելիության, հավասար մասնակցության հնարավորության և որակի ապահովում՛ զարգացման առանձնահատկություններին համապատասխան և անհրաժեշտ պայմանների ստեղծման միջոցով",Խոցելի խմբերի երեխաների ընդգրկվածության ապահովում հանրակրթական հաստատություններում,11002,Աուտիզմ և զարգացման խանգարումներ ունեցող երեխաներին մանկավարժահոգեբանական աջակցության  ծառայությունների տրամադրում,Աուտիզմ և զարգացման խանգարումներ ունեցող երեխաների համար անհրաժեշտ պայմանների ստեղծում,Ծառայությունների մատուցում,419955810.3,426245569.0,226081766.4,234710466.5,178544435.2,0.419,0.7609999999999999,4045313.2,4045313.2,1820391.0,1820391.0,1802285.1,0.446,0.99,82099.8,82099.8,36944.9,36944.9,36944.9,0.45,1.0
"ՀՀ կրթության, գիտության, մշակույթի և սպորտի նախարարություն",1193,1193,Համընդհանուր ներառական կրթության համակարգի ներդրում,"Յուրաքանչյուր երեխայի համար կրթության մատչելիության, հավասար մասնակցության հնարավորության և որակի ապահովում՛ զարգացման առանձնահատկություններին համապատասխան և անհրաժեշտ պայմանների ստեղծման միջոցով",Խոցելի խմբերի երեխաների ընդգրկվածության ապահովում հանրակրթական հաստատություններում,12018,Մանկավարժահոգեբանական աջակցության ծառայություններ մատուցող մասնագետների  ատեստավորման համակարգի ներդրում,"Մանկավարժահոգեբանական աջակցության ծառայություններ մատուցող մասնագետների մասնագիտական առաջխաղացման, ներառյալ ատեստավորման գործընթացի ապահովում",,419955810.3,426245569.0,226081766.4,234710466.5,178544435.2,0.419,0.7609999999999999,4045313.2,4045313.2,1820391.0,1820391.0,1802285.1,0.446,0.99,77603.9,77603.9,34921.8,34921.8,16815.9,0.217,0.48200000000000004
"ՀՀ կրթության, գիտության, մշակույթի և սպորտի նախարարություն",1196,1196,Մարզերի մշակութային զարգացման ծրագիր,Մարզերում մշակութային կյանքի և մշակութաստեղծ գործունեության ակտիվացում,Համայնքներում մշակույթի հասանելիության և մշակութային կյանքին մարզային բնակչության ընդգրկվածության ընդլայնում,11001,Մշակութային միջոցառումների իրականացում ՀՀ մարզերում,Մարզի տարածքում մշակութային միջոցառումների կազմակերպում և իրականացում,Ծառայությունների մատուցում,419955810.3,426245569.0,226081766.4,234710466.5,178544435.2,0.419,0.7609999999999999,509765.5,803832.6,312079.8,475053.7,126580.5,0.157,0.266,310884.9,310884.9,200000.0,200000.0,104584.2,0.336,0.523
"ՀՀ կրթության, գիտության, մշակույթի և սպորտի նախարարություն",1196,1196,Մարզերի մշակութային զարգացման ծրագիր,Մարզերում մշակութային կյանքի և մշակութաստեղծ գործունեության ակտիվացում,Համայնքներում մշակույթի հասանելիության և մշակութային կյանքին մարզային բնակչության ընդգրկվածության ընդլայնում,11002,Համայնքային մշակույթի և ազատ ժամանցի կազմակերպում,"Համայնքային մշակույթի և ազատ ժամանցի կազմակերպում մշակույթի կենտրոնում, տարածքային մշակութային միջոցառումների իրականացում",Ծառայությունների մատուցում,419955810.3,426245569.0,226081766.4,234710466.5,178544435.2,0.419,0.7609999999999999,509765.5,803832.6,312079.8,475053.7,126580.5,0.157,0.266,48880.6,48880.6,21996.3,21996.3,21996.3,0.45,1.0
"ՀՀ կրթության, գիտության, մշակույթի և սպորտի նախարարություն",1196,1196,Մարզերի մշակութային զարգացման ծրագիր,Մարզերում մշակութային կյանքի և մշակութաստեղծ գործունեության ակտիվացում,Համայնքներում մշակույթի հասանելիության և մշակութային կյանքին մարզային բնակչության ընդգրկվածության ընդլայնում,12001,Աջակցություն համայնքներին մշակութային հաստատությունների շենքային պայմանների բարելավման համար,"Համայնքային ենթակայության մշակույթի տների, ակումբների և կենտրոնների հիմնանորոգում, կառուցում և նախագծում",Տրանսֆերտների տրամադրում,419955810.3,426245569.0,226081766.4,234710466.5,178544435.2,0.419,0.7609999999999999,509765.5,803832.6,312079.8,475053.7,126580.5,0.157,0.266,0.0,284228.9,37583.5,234899.8,0.0,0.0,0.0
"ՀՀ կրթության, գիտության, մշակույթի և սպորտի նախարարություն",1196,1196,Մարզերի մշակութային զարգացման ծրագիր,Մարզերում մշակութային կյանքի և մշակութաստեղծ գործունեության ակտիվացում,Համայնքներում մշակույթի հասանելիության և մշակութային կյանքին մարզային բնակչության ընդգրկվածության ընդլայնում,12002,Համայնքային մշակութային-ժամանցային կենտրոնի ստեղծում,"Համայնքի մշակութային կյանքի ակտիվացում, հանրային ընթերցանության, գեղագիտական կրթության զարգացում, համայնքի բնակչության որակյալ և բովանդակալից ժամանցի կազմակերպում",Տրանսֆերտների տրամադրում,419955810.3,426245569.0,226081766.4,234710466.5,178544435.2,0.419,0.7609999999999999,509765.5,803832.6,312079.8,475053.7,126580.5,0.157,0.266,150000.0,159838.2,52500.0,18157.6,0.0,0.0,0.0
"ՀՀ կրթության, գիտության, մշակույթի և սպորտի նախարարություն",1198,1198,Մշակութային և գեղագիտական դաստիարակության ծրագիր,Երեխաների հոգևոր և գեղագիտական ընդունակությունների բացահայտում և զարգացում,Ստեղծագործական ունակությունների ձևավորում և զարգացում,11001,"Երաժշտական, արվեստի, գեղարվեստի և պարարվեստի դպրոցներում ուսումնամեթոդական աշխատանքներ","Երաժշտական, արվեստի, գեղարվեստի և պարարվեստի դպրոցներում ուսումնամեթոդական աշխատանքների կազմակերպում աշակերտների և դասատուների համար",Ծառայությունների մատուցում,419955810.3,426245569.0,226081766.4,234710466.5,178544435.2,0.419,0.7609999999999999,677625.9,597625.9,356395.2,310445.2,272821.0,0.457,0.879,38000.0,38000.0,24000.0,24000.0,24000.0,0.632,1.0
"ՀՀ կրթության, գիտության, մշակույթի և սպորտի նախարարություն",1198,1198,Մշակութային և գեղագիտական դաստիարակության ծրագիր,Երեխաների հոգևոր և գեղագիտական ընդունակությունների բացահայտում և զարգացում,Ստեղծագործական ունակությունների ձևավորում և զարգացում,11002,Երաժշտական և արվեստի դպրոցների համար ուսումնամեթոդական գրականության մշակում և հրատարակում,"Գեղարվեստական կրթություն իրականացնող հենակետային դպրոցների և դրանց բազայի վրա ստեղծված մեթոդական կենտրոնների գործունեության ապահովում, դասավանդման գիտապրակտիկ մեթոդների ներդրում և նոր ուսումնամեթոդական ձեռնարկների և ուղեցույցերի ապահովում",Ծառայությունների մատուցում,419955810.3,426245569.0,226081766.4,234710466.5,178544435.2,0.419,0.7609999999999999,677625.9,597625.9,356395.2,310445.2,272821.0,0.457,0.879,14250.0,14250.0,0.0,0.0,0.0,0.0,0.0
"ՀՀ կրթության, գիտության, մշակույթի և սպորտի նախարարություն",1198,1198,Մշակութային և գեղագիտական դաստիարակության ծրագիր,Երեխաների հոգևոր և գեղագիտական ընդունակությունների բացահայտում և զարգացում,Ստեղծագործական ունակությունների ձևավորում և զարգացում,11003,Երաժշտական և արվեստի դպրոցների համար երաժշտական գործիքների ձեռքբերում,"Ազգային, փողային և լարային գործիքների ձեռքբերում",Ծառայությունների մատուցում,419955810.3,426245569.0,226081766.4,234710466.5,178544435.2,0.419,0.7609999999999999,677625.9,597625.9,356395.2,310445.2,272821.0,0.457,0.879,12805.0,12805.0,0.0,0.0,0.0,0.0,0.0
"ՀՀ կրթության, գիտության, մշակույթի և սպորտի նախարարություն",1198,1198,Մշակութային և գեղագիտական դաստիարակության ծրագիր,Երեխաների հոգևոր և գեղագիտական ընդունակությունների բացահայտում և զարգացում,Ստեղծագործական ունակությունների ձևավորում և զարգացում,11004,Աջակցություն շնորհալի պատանի երաժիշտ կատարողների մասնագիտական կարողությունների զարգացմանը և կատարելագործմանը,Տաղանդավոր պատանի երաժիշտ-կատարողների զարգացման և կատարելագործման նպատակային ծրագիր,Ծառայությունների մատուցում,419955810.3,426245569.0,226081766.4,234710466.5,178544435.2,0.419,0.7609999999999999,677625.9,597625.9,356395.2,310445.2,272821.0,0.457,0.879,12000.0,12000.0,6000.0,6000.0,6000.0,0.5,1.0
"ՀՀ կրթության, գիտության, մշակույթի և սպորտի նախարարություն",1198,1198,Մշակութային և գեղագիտական դաստիարակության ծրագիր,Երեխաների հոգևոր և գեղագիտական ընդունակությունների բացահայտում և զարգացում,Ստեղծագործական ունակությունների ձևավորում և զարգացում,11005,"Ազգային, փողային և լարային նվագարանների գծով ուսուցում","Երաժշտական և արվեստի դպրոցներում ազգային, փողային և լարային  նվագարանների գծով ուսուցման կազմակերպում",Ծառայությունների մատուցում,419955810.3,426245569.0,226081766.4,234710466.5,178544435.2,0.419,0.7609999999999999,677625.9,597625.9,356395.2,310445.2,272821.0,0.457,0.879,257317.6,257317.6,121395.2,121395.2,120214.7,0.467,0.99
"ՀՀ կրթության, գիտության, մշակույթի և սպորտի նախարարություն",1198,1198,Մշակութային և գեղագիտական դաստիարակության ծրագիր,Երեխաների հոգևոր և գեղագիտական ընդունակությունների բացահայտում և զարգացում,Ստեղծագործական ունակությունների ձևավորում և զարգացում,11008,Ստեղծագործական կրթամշակութային մանկապատանեկան ծրագրեր և նախագծեր,"Արվեստի հանրահռչակում, տարածում, մատչելիության ապահովում մանկապատանեկան ստեղծագործական միջոցառումների միջոցով",Ծառայությունների մատուցում,419955810.3,426245569.0,226081766.4,234710466.5,178544435.2,0.419,0.7609999999999999,677625.9,597625.9,356395.2,310445.2,272821.0,0.457,0.879,64703.7,64703.7,45000.0,45000.0,43393.8,0.6709999999999999,0.9640000000000001
"ՀՀ կրթության, գիտության, մշակույթի և սպորտի նախարարություն",1198,1198,Մշակութային և գեղագիտական դաստիարակության ծրագիր,Երեխաների հոգևոր և գեղագիտական ընդունակությունների բացահայտում և զարգացում,Ստեղծագործական ունակությունների ձևավորում և զարգացում,11009,Դպրոցական բաժանորդային համակարգի ծրագրի իրականացում,"Մշակութային միջոցառումներին աշակերտների ներգրավվածության բարձրացում, մշակութային հաստատություն այցելելու ավանդույթի, գեղարվեստական ճաշակի և լայն աշխարհայացքի ձևավորում",Ծառայությունների մատուցում,419955810.3,426245569.0,226081766.4,234710466.5,178544435.2,0.419,0.7609999999999999,677625.9,597625.9,356395.2,310445.2,272821.0,0.457,0.879,278549.6,198549.6,160000.0,114050.0,79212.5,0.39899999999999997,0.695
"ՀՀ կրթության, գիտության, մշակույթի և սպորտի նախարարություն",1215,1215,"Կրթության, մշակույթի և սպորտի ոլորտներում միջազգային և սփյուռքի հետ համագործակցության զարգացում","Կրթության, մշակույթի և սպորտի ոլորտներում միջազգային համագործակցության ընդլայնում, սփյուռքում և օտարերկրյա պետություններում հայկական կրթական կարողությունների հզորացում","Սփյուռքի ուսուցիչների կարողությունների բարելավում, հայագիտական առարկաների դասավանդման հիմքերի ամրապնդում, համահայկական միջոցառումների կազմակերպում, միջազգային համաձայնագրերով և հուշագրերով անդամակցությունների գործընթացի ապահովում",11002,Սփյուռքի կրթօջախների ուսուցիչների կարողությունների հզորացում,Սփյուռքի ուսուցիչների վերապատրաստում Հայաստանում մասնագիտական առանձին ուղղություններով,Ծառայությունների մատուցում,419955810.3,426245569.0,226081766.4,234710466.5,178544435.2,0.419,0.7609999999999999,513744.5,513744.5,448744.5,448744.5,426362.9,0.83,0.95,33000.0,33000.0,0.0,0.0,0.0,0.0,0.0
"ՀՀ կրթության, գիտության, մշակույթի և սպորտի նախարարություն",1215,1215,"Կրթության, մշակույթի և սպորտի ոլորտներում միջազգային և սփյուռքի հետ համագործակցության զարգացում","Կրթության, մշակույթի և սպորտի ոլորտներում միջազգային համագործակցության ընդլայնում, սփյուռքում և օտարերկրյա պետություններում հայկական կրթական կարողությունների հզորացում","Սփյուռքի ուսուցիչների կարողությունների բարելավում, հայագիտական առարկաների դասավանդման հիմքերի ամրապնդում, համահայկական միջոցառումների կազմակերպում, միջազգային համաձայնագրերով և հուշագրերով անդամակցությունների գործընթացի ապահովում",11003,"Սփյուռքի կրթօջախների համար դասագրքերի և այլ ուսումնական նյութերի մշակում, ձեռքբերում և տրամադրում","Սփյուռքի կրթօջախների համար դասագրքերի և այլ ուսումնական նյութերի մշակում, բաշխում և առաքում",Ծառայությունների մատուցում,419955810.3,426245569.0,226081766.4,234710466.5,178544435.2,0.419,0.7609999999999999,513744.5,513744.5,448744.5,448744.5,426362.9,0.83,0.95,90000.0,90000.0,60000.0,60000.0,58775.0,0.653,0.98
"ՀՀ կրթության, գիտության, մշակույթի և սպորտի նախարարություն",1215,1215,"Կրթության, մշակույթի և սպորտի ոլորտներում միջազգային և սփյուռքի հետ համագործակցության զարգացում","Կրթության, մշակույթի և սպորտի ոլորտներում միջազգային համագործակցության ընդլայնում, սփյուռքում և օտարերկրյա պետություններում հայկական կրթական կարողությունների հզորացում","Սփյուռքի ուսուցիչների կարողությունների բարելավում, հայագիտական առարկաների դասավանդման հիմքերի ամրապնդում, համահայկական միջոցառումների կազմակերպում, միջազգային համաձայնագրերով և հուշագրերով անդամակցությունների գործընթացի ապահովում",11007,«Մեղրին՛ 2026 թ. ԱՊՀ մշակութային մայրաքաղաք» միջոցառում,2026 թվականին «Մեղրին՛ 2026 թ. ԱՊՀ մշակութային մայրաքաղաք» միջոցառման կազմակերպում,,419955810.3,426245569.0,226081766.4,234710466.5,178544435.2,0.419,0.7609999999999999,513744.5,513744.5,448744.5,448744.5,426362.9,0.83,0.95,105000.0,105000.0,105000.0,105000.0,88285.3,0.841,0.841
"ՀՀ կրթության, գիտության, մշակույթի և սպորտի նախարարություն",1215,1215,"Կրթության, մշակույթի և սպորտի ոլորտներում միջազգային և սփյուռքի հետ համագործակցության զարգացում","Կրթության, մշակույթի և սպորտի ոլորտներում միջազգային համագործակցության ընդլայնում, սփյուռքում և օտարերկրյա պետություններում հայկական կրթական կարողությունների հզորացում","Սփյուռքի ուսուցիչների կարողությունների բարելավում, հայագիտական առարկաների դասավանդման հիմքերի ամրապնդում, համահայկական միջոցառումների կազմակերպում, միջազգային համաձայնագրերով և հուշագրերով անդամակցությունների գործընթացի ապահովում",12001,Օտարերկրյա պետություններում հայերենի և հայագիտական առարկաների դասավանդում,"Օտաերկրյա համալսարաններում, թանգարան-ինստիտուտներում և կենտրոններում  հայագիտության դասավանդում, աջակցություն գիտական խորհրդաժողովների կազմակերպմանը և հայագիտական հետազոտությունների իրականացմանը",Տրանսֆերտների տրամադրում,419955810.3,426245569.0,226081766.4,234710466.5,178544435.2,0.419,0.7609999999999999,513744.5,513744.5,448744.5,448744.5,426362.9,0.83,0.95,141720.0,141720.0,141720.0,141720.0,141720.0,1.0,1.0
"ՀՀ կրթության, գիտության, մշակույթի և սպորտի նախարարություն",1215,1215,"Կրթության, մշակույթի և սպորտի ոլորտներում միջազգային և սփյուռքի հետ համագործակցության զարգացում","Կրթության, մշակույթի և սպորտի ոլորտներում միջազգային համագործակցության ընդլայնում, սփյուռքում և օտարերկրյա պետություններում հայկական կրթական կարողությունների հզորացում","Սփյուռքի ուսուցիչների կարողությունների բարելավում, հայագիտական առարկաների դասավանդման հիմքերի ամրապնդում, համահայկական միջոցառումների կազմակերպում, միջազգային համաձայնագրերով և հուշագրերով անդամակցությունների գործընթացի ապահովում",12005,Միջազգային կազմակերպություններին անդամակցում,"Կրթության, գիտության, մշակույթի և սպորտի ոլորտներում միջազգային համաձայնագրերով և հուշագրերով անդամակցությունների անդամավճարների հատկացում",Տրանսֆերտների տրամադրում,419955810.3,426245569.0,226081766.4,234710466.5,178544435.2,0.419,0.7609999999999999,513744.5,513744.5,448744.5,448744.5,426362.9,0.83,0.95,122024.5,122024.5,122024.5,122024.5,121182.6,0.993,0.993
"ՀՀ կրթության, գիտության, մշակույթի և սպորտի նախարարություն",1215,1215,"Կրթության, մշակույթի և սպորտի ոլորտներում միջազգային և սփյուռքի հետ համագործակցության զարգացում","Կրթության, մշակույթի և սպորտի ոլորտներում միջազգային համագործակցության ընդլայնում, սփյուռքում և օտարերկրյա պետություններում հայկական կրթական կարողությունների հզորացում","Սփյուռքի ուսուցիչների կարողությունների բարելավում, հայագիտական առարկաների դասավանդման հիմքերի ամրապնդում, համահայկական միջոցառումների կազմակերպում, միջազգային համաձայնագրերով և հուշագրերով անդամակցությունների գործընթացի ապահովում",12006,Աջակցություն օտարերկրյա պետություններում հայալեզու թատերական ներկայացումներին,Մասնակի աջակցություն Թբիլիսիի Պ. Ադամյանի անվան թատրոնին,Տրանսֆերտների տրամադրում,419955810.3,426245569.0,226081766.4,234710466.5,178544435.2,0.419,0.7609999999999999,513744.5,513744.5,448744.5,448744.5,426362.9,0.83,0.95,18000.0,18000.0,18000.0,18000.0,14400.0,0.8,0.8
"ՀՀ կրթության, գիտության, մշակույթի և սպորտի նախարարություն",1215,1215,"Կրթության, մշակույթի և սպորտի ոլորտներում միջազգային և սփյուռքի հետ համագործակցության զարգացում","Կրթության, մշակույթի և սպորտի ոլորտներում միջազգային համագործակցության ընդլայնում, սփյուռքում և օտարերկրյա պետություններում հայկական կրթական կարողությունների հզորացում","Սփյուռքի ուսուցիչների կարողությունների բարելավում, հայագիտական առարկաների դասավանդման հիմքերի ամրապնդում, համահայկական միջոցառումների կազմակերպում, միջազգային համաձայնագրերով և հուշագրերով անդամակցությունների գործընթացի ապահովում",12007,Աջակցություն Թբիլիսիում գտնվող հայ գրողների պանթեոնի պահպանմանը,Թբիլիսիի հայ գրողների պանթեոնի պահպանում,,419955810.3,426245569.0,226081766.4,234710466.5,178544435.2,0.419,0.7609999999999999,513744.5,513744.5,448744.5,448744.5,426362.9,0.83,0.95,4000.0,4000.0,2000.0,2000.0,2000.0,0.5,1.0
"ՀՀ կրթության, գիտության, մշակույթի և սպորտի նախարարություն",1227,1227,Կրթության ոլորտում տեղեկատվական և հաղորդակցական տեխնոլոգիաների ներդրում,"Կրթության կազմակերպման և կառավարման գործընթացներում թվային գործիքների ներդրում, տեղեկատվական և հաղորդակցական տեխնոլոգիաների կիրառելության ընդլայնում","Կրթության կազմակերպման և կառավարման համակարգերի թվայնացման ու ճկուն գործիքների ներդրմամբ՛ կրթական ծառայությունների մատուցման այլընտրանքային ձևերի ապահովում, ՏՀՏ հմտությունների զարգացում",11001,Էլեկտրոնային կառավարում,"ՀՀ կրթական ցանցի մշտադիտարկում, կենտրոնական հանգույցի սերվերների սպասարկում, կրթության կառավարման տեղեկատվական համակարգի ամբողջականացում",Ծառայությունների մատուցում,419955810.3,426245569.0,226081766.4,234710466.5,178544435.2,0.419,0.7609999999999999,932016.1,955475.5,466348.2,476904.9,476904.9,0.499,1.0,331581.8,355041.2,165791.0,176347.7,176347.7,0.49700000000000005,1.0
"ՀՀ կրթության, գիտության, մշակույթի և սպորտի նախարարություն",1227,1227,Կրթության ոլորտում տեղեկատվական և հաղորդակցական տեխնոլոգիաների ներդրում,"Կրթության կազմակերպման և կառավարման գործընթացներում թվային գործիքների ներդրում, տեղեկատվական և հաղորդակցական տեխնոլոգիաների կիրառելության ընդլայնում","Կրթության կազմակերպման և կառավարման համակարգերի թվայնացման ու ճկուն գործիքների ներդրմամբ՛ կրթական ծառայությունների մատուցման այլընտրանքային ձևերի ապահովում, ՏՀՏ հմտությունների զարգացում",11002,ՏՀՏ բովանդակություն և հեռավար ուսուցում,"«Հայկական կրթական միջավայր» պորտալի և ենթակայքերի սպասարկում, հեռավար դասընթացների կազմակերպում, կրթության ոլորտում ՏՀՏ բնագավառի ծրագրերի համակարգում",Ծառայությունների մատուցում,419955810.3,426245569.0,226081766.4,234710466.5,178544435.2,0.419,0.7609999999999999,932016.1,955475.5,466348.2,476904.9,476904.9,0.499,1.0,263114.3,263114.3,131557.2,131557.2,131557.2,0.5,1.0
"ՀՀ կրթության, գիտության, մշակույթի և սպորտի նախարարություն",1227,1227,Կրթության ոլորտում տեղեկատվական և հաղորդակցական տեխնոլոգիաների ներդրում,"Կրթության կազմակերպման և կառավարման գործընթացներում թվային գործիքների ներդրում, տեղեկատվական և հաղորդակցական տեխնոլոգիաների կիրառելության ընդլայնում","Կրթության կազմակերպման և կառավարման համակարգերի թվայնացման ու ճկուն գործիքների ներդրմամբ՛ կրթական ծառայությունների մատուցման այլընտրանքային ձևերի ապահովում, ՏՀՏ հմտությունների զարգացում",11003,Տեղեկատվական և հաղորդակցական տեխնոլոգիաների (ՏՀՏ) ենթակառուցվածքների ապահովում և սպասարկում,"Հայաստանի կրթական ցանցում ընդգրկված ուսումնական հաստատություններին ինտերնետի մատակարարման, հաստատությունների ներքին համակարգչային ցանցերի, աշխատող համակարգիչների ծրագրային ու տեխնիկական սպասարկում",Ծառայությունների մատուցում,419955810.3,426245569.0,226081766.4,234710466.5,178544435.2,0.419,0.7609999999999999,932016.1,955475.5,466348.2,476904.9,476904.9,0.499,1.0,282000.0,282000.0,141000.0,141000.0,141000.0,0.5,1.0
"ՀՀ կրթության, գիտության, մշակույթի և սպորտի նախարարություն",1227,1227,Կրթության ոլորտում տեղեկատվական և հաղորդակցական տեխնոլոգիաների ներդրում,"Կրթության կազմակերպման և կառավարման գործընթացներում թվային գործիքների ներդրում, տեղեկատվական և հաղորդակցական տեխնոլոգիաների կիրառելության ընդլայնում","Կրթության կազմակերպման և կառավարման համակարգերի թվայնացման ու ճկուն գործիքների ներդրմամբ՛ կրթական ծառայությունների մատուցման այլընտրանքային ձևերի ապահովում, ՏՀՏ հմտությունների զարգացում",11004,Հայերենի ստուգման և գնահատման համակարգի ստեղծում,"Հայերենի առանձնահատկություններից բխող, միջազգայնորեն ճանաչված, իմացությունը ստուգող և գնահատող համակարգի ստեղծման և գործարկման ապահովում",Ծառայությունների մատուցում,419955810.3,426245569.0,226081766.4,234710466.5,178544435.2,0.419,0.7609999999999999,932016.1,955475.5,466348.2,476904.9,476904.9,0.499,1.0,55320.0,55320.0,28000.0,28000.0,28000.0,0.506,1.0
"ՀՀ կրթության, գիտության, մշակույթի և սպորտի նախարարություն",1236,1236,"Հանրակրթական և նախադպրոցական հաստատությունների հիմնում, կառուցում, բարելավում","Առնվազն 300 դպրոցի և 500 մանկապարտեզի կառուցման, վերակառուցման, հիմնանորոգման ծրագրերի իրականացում ՀՀ պետական բյուջեի միջոցների շրջանակներում",Կրթական միջավայրի բարելավում,11001,"Հանրակրթական և նախադպրոցական հաստատությունների  կառուցման, վերակառուցման, հիմնանորոգման ծրագրերի  համակարգման և մոնիտորինգի ծառայություններ","Հանրակրթական և նախադպրոցական հաստատությունների  կառուցման, վերակառուցման, հիմնանորոգման ծրագրերի  համակարգման և մոնիտորինգի ծառայությունների ապահովում",,419955810.3,426245569.0,226081766.4,234710466.5,178544435.2,0.419,0.7609999999999999,137140723.9,133869461.3,84853981.1,85428421.7,47334916.8,0.354,0.5539999999999999,2323054.2,2832179.1,1181137.1,1560262.0,895258.6,0.316,0.574
"ՀՀ կրթության, գիտության, մշակույթի և սպորտի նախարարություն",1236,1236,"Հանրակրթական և նախադպրոցական հաստատությունների հիմնում, կառուցում, բարելավում","Առնվազն 300 դպրոցի և 500 մանկապարտեզի կառուցման, վերակառուցման, հիմնանորոգման ծրագրերի իրականացում ՀՀ պետական բյուջեի միջոցների շրջանակներում",Կրթական միջավայրի բարելավում,31001,"Հանրակրթական և նախադպրոցական հաստատությունների   կառուցման, վերակառուցման, հիմնանորոգման ծրագրերի   համակարգման շրջանակներում Հայաստանի տարածքային   զարգացման հիմնադրամի կարողությունների զարգացում և   տեխնիկական հագեցվածության ապահովում",Հայաստանի տարածքային զարգացման հիմնադրամի  աշխատանքային պայմանների բարելավման համար վարչական   սարքավորումների ձեռքբերում,,419955810.3,426245569.0,226081766.4,234710466.5,178544435.2,0.419,0.7609999999999999,137140723.9,133869461.3,84853981.1,85428421.7,47334916.8,0.354,0.5539999999999999,0.0,13848.0,0.0,13848.0,13074.0,0.9440000000000001,0.9440000000000001
"ՀՀ կրթության, գիտության, մշակույթի և սպորտի նախարարություն",1236,1236,"Հանրակրթական և նախադպրոցական հաստատությունների հիմնում, կառուցում, բարելավում","Առնվազն 300 դպրոցի և 500 մանկապարտեզի կառուցման, վերակառուցման, հիմնանորոգման ծրագրերի իրականացում ՀՀ պետական բյուջեի միջոցների շրջանակներում",Կրթական միջավայրի բարելավում,32001,Մանկապարտեզների նոր շենքերի կառուցում,"Նախադպրոցական կրթության հասանելիության ապահովման նպատակով մանկապարտեզների հիմնում,  նոր շենքերի (մասնաշենքերի), ներառյալ, Մոդուլայինե տիպի շենքերի կառուցում և նախագծում",Այլ պետական կազմակերպությունների կողմից օգտագործվող ոչ ֆինանսական ակտիվների հետ գործառնություններ,419955810.3,426245569.0,226081766.4,234710466.5,178544435.2,0.419,0.7609999999999999,137140723.9,133869461.3,84853981.1,85428421.7,47334916.8,0.354,0.5539999999999999,3376049.5,8275142.1,2062764.5,4988600.8,1453256.8,0.17600000000000002,0.29100000000000004
"ՀՀ կրթության, գիտության, մշակույթի և սպորտի նախարարություն",1236,1236,"Հանրակրթական և նախադպրոցական հաստատությունների հիմնում, կառուցում, բարելավում","Առնվազն 300 դպրոցի և 500 մանկապարտեզի կառուցման, վերակառուցման, հիմնանորոգման ծրագրերի իրականացում ՀՀ պետական բյուջեի միջոցների շրջանակներում",Կրթական միջավայրի բարելավում,32002,"Մանկապարտեզների շենքերի վերակառուցում, հիմնանորոգում","Նախադպրոցական կրթության հասանելիության ապահովման նպատակով մանկապարտեզների շենքերի (մասնաշենքերի), վերակառուցում, հիմնանորոգում և նախագծում",Ծառայությունների մատուցում,419955810.3,426245569.0,226081766.4,234710466.5,178544435.2,0.419,0.7609999999999999,137140723.9,133869461.3,84853981.1,85428421.7,47334916.8,0.354,0.5539999999999999,4238942.1,3642310.5,1091682.6,2096842.9,1157307.0,0.318,0.552
"ՀՀ կրթության, գիտության, մշակույթի և սպորտի նախարարություն",1236,1236,"Հանրակրթական և նախադպրոցական հաստատությունների հիմնում, կառուցում, բարելավում","Առնվազն 300 դպրոցի և 500 մանկապարտեզի կառուցման, վերակառուցման, հիմնանորոգման ծրագրերի իրականացում ՀՀ պետական բյուջեի միջոցների շրջանակներում",Կրթական միջավայրի բարելավում,32003,Հանրակրթական դպրոցների նոր շենքերի կառուցում,ՀՀ մարզերում կրթական որակյալ ծառայությունների հասանելիության ապահովման ծրագրի շրջանակներում հանրակրթական և նախադպրոցական կրթության հասանելիության ապահովման նպատակով կրթական կենտրոնների կառուցում,Տրանսֆերտների տրամադրում,419955810.3,426245569.0,226081766.4,234710466.5,178544435.2,0.419,0.7609999999999999,137140723.9,133869461.3,84853981.1,85428421.7,47334916.8,0.354,0.5539999999999999,50781876.9,47255680.9,34186817.4,32110621.4,18469834.6,0.391,0.575
"ՀՀ կրթության, գիտության, մշակույթի և սպորտի նախարարություն",1236,1236,"Հանրակրթական և նախադպրոցական հաստատությունների հիմնում, կառուցում, բարելավում","Առնվազն 300 դպրոցի և 500 մանկապարտեզի կառուցման, վերակառուցման, հիմնանորոգման ծրագրերի իրականացում ՀՀ պետական բյուջեի միջոցների շրջանակներում",Կրթական միջավայրի բարելավում,32004,"Հանրակրթական դպրոցների շենքերի վերակառուցում, հիմնանորոգում","Դպրոցական պարտադիր կրթության հասանելիության ապահովման նպատակով՛ հանրակրթական դպրոցների շենքերի (մասնաշենքերի), վերակառուցում, հիմնանորոգում և նախագծում",Այլ պետական կազմակերպությունների կողմից օգտագործվող ոչ ֆինանսական ակտիվների հետ գործառնություններ,419955810.3,426245569.0,226081766.4,234710466.5,178544435.2,0.419,0.7609999999999999,137140723.9,133869461.3,84853981.1,85428421.7,47334916.8,0.354,0.5539999999999999,37458000.0,34817121.1,20466458.9,19255235.0,10054369.2,0.289,0.522
"ՀՀ կրթության, գիտության, մշակույթի և սպորտի նախարարություն",1236,1236,"Հանրակրթական և նախադպրոցական հաստատությունների հիմնում, կառուցում, բարելավում","Առնվազն 300 դպրոցի և 500 մանկապարտեզի կառուցման, վերակառուցման, հիմնանորոգման ծրագրերի իրականացում ՀՀ պետական բյուջեի միջոցների շրջանակներում",Կրթական միջավայրի բարելավում,32005,Կրթահամալիրների կառուցում,ՀՀ մարզերում կրթական որակյալ ծառայությունների հասանելիության ապահովման ծրագրի շրջանակներում հանրակրթական և նախադպրոցական կրթության հասանելիության ապահովման նպատակով կրթական կենտրոնների կառուցում,Տրանսֆերտների տրամադրում,419955810.3,426245569.0,226081766.4,234710466.5,178544435.2,0.419,0.7609999999999999,137140723.9,133869461.3,84853981.1,85428421.7,47334916.8,0.354,0.5539999999999999,29539600.0,27546600.0,21745840.1,20252840.1,12588574.2,0.457,0.622
"ՀՀ կրթության, գիտության, մշակույթի և սպորտի նախարարություն",1236,1236,"Հանրակրթական և նախադպրոցական հաստատությունների հիմնում, կառուցում, բարելավում","Առնվազն 300 դպրոցի և 500 մանկապարտեզի կառուցման, վերակառուցման, հիմնանորոգման ծրագրերի իրականացում ՀՀ պետական բյուջեի միջոցների շրջանակներում",Կրթական միջավայրի բարելավում,32006,"Հանրակրթական դպրոցների, մանկապարտեզների և կրթահամալիրների գույքով և տեխնիկայով ապահովում",Կրթական ժամանակակից նորմերին և կրթական չափորոշիչներին համապատասխան ուսուցման ծրագրերն իրականացնելու նպատակով հանրակրթական և նախադպրոցական հաստատությունների համար գույքի և տեխնիկայի ձեռքբերում,Այլ պետական կազմակերպությունների կողմից օգտագործվող ոչ ֆինանսական ակտիվների հետ գործառնություններ,419955810.3,426245569.0,226081766.4,234710466.5,178544435.2,0.419,0.7609999999999999,137140723.9,133869461.3,84853981.1,85428421.7,47334916.8,0.354,0.5539999999999999,9423201.2,9486579.6,4119280.5,5150171.5,2703242.4,0.285,0.525
"ՀՀ կրթության, գիտության, մշակույթի և սպորտի նախարարություն",1238,1238,Նախադպրոցական կրթություն,Ապահովել հասանելի և որակյալ նախադպրոցական կրթություն,Բոլոր երեխաներն ունեն հավասար հասանելիություն նախադպրոցական կրթության և զարգացման որակյալ ծառայություններին,11001,Նախադպրոցական կրթության հասանելիության և որակի ապահովում,Նախադպրոցական կրթութան մակարդակում սաների ընդգրկվածության` զարգացման բարձր մակարդակի ապահովում` 5-6 տարեկան երեխաների նախապատրաստում տարրական դպրոցին,Ծառայությունների մատուցում,419955810.3,426245569.0,226081766.4,234710466.5,178544435.2,0.419,0.7609999999999999,1883715.5,1883715.5,840370.6,840370.6,711425.6,0.37799999999999995,0.847,789211.0,781959.8,364076.0,363662.4,329775.7,0.42200000000000004,0.907
"ՀՀ կրթության, գիտության, մշակույթի և սպորտի նախարարություն",1238,1238,Նախադպրոցական կրթություն,Ապահովել հասանելի և որակյալ նախադպրոցական կրթություն,Բոլոր երեխաներն ունեն հավասար հասանելիություն նախադպրոցական կրթության և զարգացման որակյալ ծառայություններին,11002,Նախադպրոցական ծրագրեր իրականացնող ուսումնական հաստատությունների մանկավարժների վերապատրաստում,Նախադպրոցական ծրագրեր իրականացնող ուսումնական հաստատությունների մանկավարժների վերապատրաստման գործընթացի կազմակերպում և իրականացում,Ծառայությունների մատուցում,419955810.3,426245569.0,226081766.4,234710466.5,178544435.2,0.419,0.7609999999999999,1883715.5,1883715.5,840370.6,840370.6,711425.6,0.37799999999999995,0.847,36072.0,36072.0,0.0,0.0,0.0,0.0,0.0
"ՀՀ կրթության, գիտության, մշակույթի և սպորտի նախարարություն",1238,1238,Նախադպրոցական կրթություն,Ապահովել հասանելի և որակյալ նախադպրոցական կրթություն,Բոլոր երեխաներն ունեն հավասար հասանելիություն նախադպրոցական կրթության և զարգացման որակյալ ծառայություններին,12001,Սոցիալական որոշ խմբերի  մինչև 5 տարեկան երեխաների նախադպրոցական կրթության ապահովում,Նախադպրոցական ծառայություններում երեխաների ընդգրկվածության մեծացման և մատչելիության ապահովման նպատակով` պետական բյուջեից ֆինանսական միջոցների հատկացում սոցիալական որոշ խմբերի երեխաներ համար,Տրանսֆերտների տրամադրում,419955810.3,426245569.0,226081766.4,234710466.5,178544435.2,0.419,0.7609999999999999,1883715.5,1883715.5,840370.6,840370.6,711425.6,0.37799999999999995,0.847,1034309.1,1031158.7,465439.0,462729.9,371027.0,0.36,0.802
"ՀՀ կրթության, գիտության, մշակույթի և սպորտի նախարարություն",1238,1238,Նախադպրոցական կրթություն,Ապահովել հասանելի և որակյալ նախադպրոցական կրթություն,Բոլոր երեխաներն ունեն հավասար հասանելիություն նախադպրոցական կրթության և զարգացման որակյալ ծառայություններին,12002,Մասնագիտական զարգացման և վարձատրության  փոխկապակցված համակարգի ներդրում՛  նախադպրոցական հաստատությունների  մանկավարժներին տարակարգի շնորհման գործընթացի  միջոցով,Նախադպրոցական ծառայությունների որակի  շարունակական բարձրացման նախադրյալների  ապահովում,Տրանսֆերտների տրամադրում,419955810.3,426245569.0,226081766.4,234710466.5,178544435.2,0.419,0.7609999999999999,1883715.5,1883715.5,840370.6,840370.6,711425.6,0.37799999999999995,0.847,24123.4,34525.0,10855.6,13978.3,10622.9,0.308,0.76
"ՀՀ կրթության, գիտության, մշակույթի և սպորտի նախարարություն",1240,1240,Ակադեմիական քաղաքի ստեղծում,Որակյալ բարձրագույն կրթության և հետազոտության համար արդիական կրթական միջավայրի ապահովման կամպուսային կլաստերների համախումբ,«ՀՀ կրթության մինչև 2030 թվականի զարգացման պետական ծրագիրը հաստատելու մասին» ՀՀ օրենքի համաձայն նախատեսված է ակադեմիական քաղաքի ստեղծում,11001,Ակադեմիական քաղաքի  ծրագրի համակարգման և մոնիտորինգի ծառայություններ,ՀՀ կառավարության 2023 թվականի ապրիլի 21-ի N 585-Ա որոշմամբ հաստատված <Ակադեմիական քաղաք> հիմնադրամի կանոնադրությամբ նախատեսված գործառույթների իրականացում,Ծառայությունների մատուցում,419955810.3,426245569.0,226081766.4,234710466.5,178544435.2,0.419,0.7609999999999999,4966395.7,4966395.7,2138846.3,2213846.3,754710.5,0.152,0.341,214880.0,257856.0,107440.0,128940.0,128940.0,0.5,1.0
"ՀՀ կրթության, գիտության, մշակույթի և սպորտի նախարարություն",1240,1240,Ակադեմիական քաղաքի ստեղծում,Որակյալ բարձրագույն կրթության և հետազոտության համար արդիական կրթական միջավայրի ապահովման կամպուսային կլաստերների համախումբ,«ՀՀ կրթության մինչև 2030 թվականի զարգացման պետական ծրագիրը հաստատելու մասին» ՀՀ օրենքի համաձայն նախատեսված է ակադեմիական քաղաքի ստեղծում,11002,Ակադեմիական քաղաք ծրագրի իրականացման համար միջազգային խորհրդատվական ծառայությունների ձեռքբերում և պայմանագրերի սպասարկում,Ակադեմիական քաղաք ծրագրի իրականացման համար միջազգային խորհրդատվական ծառայությունների ձեռքբերում և պայմանագրերի սպասարկում,Ծառայությունների մատուցում,419955810.3,426245569.0,226081766.4,234710466.5,178544435.2,0.419,0.7609999999999999,4966395.7,4966395.7,2138846.3,2213846.3,754710.5,0.152,0.341,1523000.0,1480024.0,740000.0,793500.0,483720.5,0.327,0.61
"ՀՀ կրթության, գիտության, մշակույթի և սպորտի նախարարություն",1240,1240,Ակադեմիական քաղաքի ստեղծում,Որակյալ բարձրագույն կրթության և հետազոտության համար արդիական կրթական միջավայրի ապահովման կամպուսային կլաստերների համախումբ,«ՀՀ կրթության մինչև 2030 թվականի զարգացման պետական ծրագիրը հաստատելու մասին» ՀՀ օրենքի համաձայն նախատեսված է ակադեմիական քաղաքի ստեղծում,11003,«Ակադեմիական քաղաք» ծրագրի շրջանակներում Արագածոտնի մարզի Աշտարակ համայնքում գույքերի գնահատման գործընթացների ապահովում,«Ակադեմիական քաղաք» ծրագրի շրջանակներում Արագածոտնի մարզի Աշտարակ համայնքի Սասունիկ բնակավայրի վարչական սահմաններում գույքերի գնահատման գործընթացների իրականացում,Ծառայությունների մատուցում,419955810.3,426245569.0,226081766.4,234710466.5,178544435.2,0.419,0.7609999999999999,4966395.7,4966395.7,2138846.3,2213846.3,754710.5,0.152,0.341,0.0,720.0,0.0,720.0,0.0,0.0,0.0
"ՀՀ կրթության, գիտության, մշակույթի և սպորտի նախարարություն",1240,1240,Ակադեմիական քաղաքի ստեղծում,Որակյալ բարձրագույն կրթության և հետազոտության համար արդիական կրթական միջավայրի ապահովման կամպուսային կլաստերների համախումբ,«ՀՀ կրթության մինչև 2030 թվականի զարգացման պետական ծրագիրը հաստատելու մասին» ՀՀ օրենքի համաձայն նախատեսված է ակադեմիական քաղաքի ստեղծում,32001,"Ակադեմիական քաղաքի նախագծման, կառուցման և բովանդակային գործընթացների ապահովում",Չորս ակադեմիական կլաստերներից բաղկացած քաղաքի համապատասխան ենթակառուցվածքների ապահովման նպատակով նախագծանախահաշվային փաստաթղթերի կազմում և շինարարական աշխատանքների իրականացում,Այլ պետական կազմակերպությունների կողմից օգտագործվող ոչ ֆինանսական ակտիվների հետ գործառնություններ,419955810.3,426245569.0,226081766.4,234710466.5,178544435.2,0.419,0.7609999999999999,4966395.7,4966395.7,2138846.3,2213846.3,754710.5,0.152,0.341,3228515.7,3227795.7,1291406.3,1290686.3,142050.0,0.044000000000000004,0.11
ՀՀ պաշտպանության նախարարություն,1125,1125,Ռազմական ուսուցում և վերապատրաստում,ՀՀ ԶՈւ պատրաստության մակարդակի բարձրացում,"ՀՀ ԶՈւ-ում զինծառայողների, ստորաբաժանումների և կառավարման մարմինների պատրաստության մակարդակի բարձրացում",11001,Ռազմաուսումնական հաստատություններում նեղ մասնագետների պատրաստում և վերապատրաստում,"Ուսուցում արտերկրների ռազմական ուսումնական հաստատությունենրում, ակադեմիաներում, դասընթացներում վերապատրաստում",Ծառայությունների մատուցում,563119182.7,563708574.9,273407964.9,273834223.1,231644970.4,0.41100000000000003,0.846,387341.1,387341.1,174198.4,174198.4,121963.3,0.315,0.7,387341.1,387341.1,174198.4,174198.4,121963.3,0.315,0.7
ՀՀ պաշտպանության նախարարություն,1169,1169,ՀՀ պաշտպանության ապահովում,"ՀՀ ԶՈւ ռազմավարական ծավալումն ապահովող մարտական պատրաստականության պահպանում, արտաքին թշնամուց ՀՀ պետական սահմանների պաշտպանության ապահովում",ՀՀ ԶՈւ ռազմավարական ծավալումն ապահովող մարտական պատրաստականության պահպանում,11001,Ռազմական կարիքների բավարարում,Ընթացիկ գործունեության ապահովման գործողություններ,,563119182.7,563708574.9,273407964.9,273834223.1,231644970.4,0.41100000000000003,0.846,560098211.3,560683646.1,272221288.3,272595605.1,230758200.8,0.41200000000000003,0.847,256697781.6,256297781.7,116449899.7,116049899.8,104205428.8,0.40700000000000003,0.898
ՀՀ պաշտպանության նախարարություն,1169,1169,ՀՀ պաշտպանության ապահովում,"ՀՀ ԶՈւ ռազմավարական ծավալումն ապահովող մարտական պատրաստականության պահպանում, արտաքին թշնամուց ՀՀ պետական սահմանների պաշտպանության ապահովում",ՀՀ ԶՈւ ռազմավարական ծավալումն ապահովող մարտական պատրաստականության պահպանում,11002,ՀՀ օդանավակայաններում ՌԴ զորամիավորումների օդանավերի սպասարկման ծառայություններ,ՀՀ օդանավակայաններում ՌԴ զորամիավորումների օդանավերի սպասարկման և ծառայությունների ծախսերի փոխհատուցում,Ծառայությունների մատուցում,563119182.7,563708574.9,273407964.9,273834223.1,231644970.4,0.41100000000000003,0.846,560098211.3,560683646.1,272221288.3,272595605.1,230758200.8,0.41200000000000003,0.847,49893.3,49893.3,24946.6,24946.6,22452.0,0.45,0.9
ՀՀ պաշտպանության նախարարություն,1169,1169,ՀՀ պաշտպանության ապահովում,"ՀՀ ԶՈւ ռազմավարական ծավալումն ապահովող մարտական պատրաստականության պահպանում, արտաքին թշնամուց ՀՀ պետական սահմանների պաշտպանության ապահովում",ՀՀ ԶՈւ ռազմավարական ծավալումն ապահովող մարտական պատրաստականության պահպանում,11004,"ՀՀ պետական կառավարման մարմինների կողմից  դիմումներ, հայցադիմումներ, դատարանի վճիռների  և որոշումների դեմ վերաքննիչ և վճռաբեկ բողոքներ ներկայացնելիս` «Պետական տուրքի մասին» ՀՀ օրենքով սահմանված վճարումներ","ՀՀ պետական կառավարման մարմինների կողմից  դիմումներ, հայցադիմումներ, դատարանի վճիռների  և որոշումների դեմ վերաքննիչ և վճռաբեկ բողոքներ ներկայացնելիս` «Պետական տուրքի մասին» ՀՀ օրենքով սահմանված վճարումներ",Ծառայությունների մատուցում,563119182.7,563708574.9,273407964.9,273834223.1,231644970.4,0.41100000000000003,0.846,560098211.3,560683646.1,272221288.3,272595605.1,230758200.8,0.41200000000000003,0.847,0.0,37964.1,0.0,37964.1,37964.1,1.0,1.0
ՀՀ պաշտպանության նախարարություն,1169,1169,ՀՀ պաշտպանության ապահովում,"ՀՀ ԶՈւ ռազմավարական ծավալումն ապահովող մարտական պատրաստականության պահպանում, արտաքին թշնամուց ՀՀ պետական սահմանների պաշտպանության ապահովում",ՀՀ ԶՈւ ռազմավարական ծավալումն ապահովող մարտական պատրաստականության պահպանում,11007,Երկրապահ կամավորականների գործունեության ապահովում,Երկրապահ կամավորականների 2026թ. գործունեության ապահովում,,563119182.7,563708574.9,273407964.9,273834223.1,231644970.4,0.41100000000000003,0.846,560098211.3,560683646.1,272221288.3,272595605.1,230758200.8,0.41200000000000003,0.847,0.0,271890.0,0.0,108756.0,108756.0,0.4,1.0
ՀՀ պաշտպանության նախարարություն,1169,1169,ՀՀ պաշտպանության ապահովում,"ՀՀ ԶՈւ ռազմավարական ծավալումն ապահովող մարտական պատրաստականության պահպանում, արտաքին թշնամուց ՀՀ պետական սահմանների պաշտպանության ապահովում",ՀՀ ԶՈւ ռազմավարական ծավալումն ապահովող մարտական պատրաստականության պահպանում,11011,Պետական կառավարման  մարմինների կատարողականի գնահատում և խրախուսում,"Պետական մարմնի գործունեության առաջնահերթությունների սահմանում, կատարողականի գնահատման հիման վրա՛ խրախուսման միջոցով արդյունավետության բարձրացում",Ծառայությունների մատուցում,563119182.7,563708574.9,273407964.9,273834223.1,231644970.4,0.41100000000000003,0.846,560098211.3,560683646.1,272221288.3,272595605.1,230758200.8,0.41200000000000003,0.847,0.0,275529.4,0.0,275529.4,251293.5,0.912,0.912
ՀՀ պաշտպանության նախարարություն,1169,1169,ՀՀ պաշտպանության ապահովում,"ՀՀ ԶՈւ ռազմավարական ծավալումն ապահովող մարտական պատրաստականության պահպանում, արտաքին թշնամուց ՀՀ պետական սահմանների պաշտպանության ապահովում",ՀՀ ԶՈւ ռազմավարական ծավալումն ապահովող մարտական պատրաստականության պահպանում,31001,ՀՀ պաշտպանության նախարարության շենքային պայմանների բարելավում,"Պաշտպանության կարիքների համար բնակելի, գրասենյակային և այլ նշանակության շենքերի և շինությունների կառուցում",,563119182.7,563708574.9,273407964.9,273834223.1,231644970.4,0.41100000000000003,0.846,560098211.3,560683646.1,272221288.3,272595605.1,230758200.8,0.41200000000000003,0.847,303350536.4,303750587.6,155746442.0,156098509.2,126132306.5,0.415,0.8079999999999999
ՀՀ պաշտպանության նախարարություն,1177,1177,Հումանիտար ականազերծման և փորձագիտական ծառայություններ,"Նվազեցնել ականների և պատերազմի պայթուցիկ մնացորդների տարածման սոցիալական, տնտեսական և բնապահպանական վտանգավոր ազդեցությունը մարդու և հասարակության կենսագոյության վրա",Ականների և ՊՊՄ-ների ռիսկերի կրճատում մինչև նվազագույն մակարդակ: Կասկածելի ականապատված տարածքների և դրա հետ փոխկապակցված զոհերի նվազեցում,11001,Հումանիտար ականազերծման և փորձագիտական ծառայությունների կազմակերպում,"Հակաականային գործողությունների ենթակա տարածքի հետազննում, քարտեզագրում, նախատեսվող ծավալի աշխատանքների հստակեցում և իրականացվող միջոցառումների պլանավորում",Ծառայությունների մատուցում,563119182.7,563708574.9,273407964.9,273834223.1,231644970.4,0.41100000000000003,0.846,306676.9,306676.9,138006.0,138006.0,138006.0,0.45,1.0,306676.9,306676.9,138006.0,138006.0,138006.0,0.45,1.0
ՀՀ պաշտպանության նախարարություն,1197,1197,Միջազգային ռազմական համագործակցություն,"Միջազգային կայուն և բազմակողմ ռազմաքաղաքական հարաբերությունների ամրապնդում, փորձի փոխանակում և ռազմական բարեփոխումներին աջակցության ընդլայնում",Միազգային ռազմական համագործակցության ընդլայնում և արդյունավետության աճ,11001,ՀՀ ռազմական կցորդների և ներկայացուցիչների պահպանում,"Օտարերկրյա պետություններում ՀՀ ռազմական կցորդների և միջազգային կազմակերպություններում (ՄԱԿ, ԵԱՀԿ, ՀԱՊԿ, ՆԱՏՕ) ռազմաքաղաքական և ռազմական ներկայացուցիչների պահպանում",,563119182.7,563708574.9,273407964.9,273834223.1,231644970.4,0.41100000000000003,0.846,937118.2,937118.2,421703.2,421703.2,359237.2,0.38299999999999995,0.852,937118.2,937118.2,421703.2,421703.2,359237.2,0.38299999999999995,0.852
ՀՀ պաշտպանության նախարարություն,1204,1204,Ռազմաբժշկական սպասարկում և առողջապահական ծառայություններ,"Զինծառայողների, ինչպես նաև նրանց ընտանիքների անդամների առողջության պահպանում, որակյալ բժշկական ծառայություններով ապահովում",Ծառայողական պարտականությունների արդյունավետ կատարմանը խոչընդոտող հիվանդությունների կանխարգելում և առողջական խնդիրների լուծում,11001,"Զինծառայողներին, ինչպես նաև նրանց ընտանիքի անդամներին բժշկական օգնության ծառայություններ",ՊՆ համակարգում վերականգնողական մասնագիտացված բուժօգնության գծով ծառայությունների տրամադրում,,563119182.7,563708574.9,273407964.9,273834223.1,231644970.4,0.41100000000000003,0.846,1389835.2,1393792.6,452769.0,504710.4,267563.1,0.192,0.53,59955.0,59955.0,30250.0,30250.0,0.0,0.0,0.0
ՀՀ պաշտպանության նախարարություն,1204,1204,Ռազմաբժշկական սպասարկում և առողջապահական ծառայություններ,"Զինծառայողների, ինչպես նաև նրանց ընտանիքների անդամների առողջության պահպանում, որակյալ բժշկական ծառայություններով ապահովում",Ծառայողական պարտականությունների արդյունավետ կատարմանը խոչընդոտող հիվանդությունների կանխարգելում և առողջական խնդիրների լուծում,11002,Հիգիենիկ և համաճարակային փորձագիտական ծառայություններ,ՀՀ զինված ուժերում անձնակազմի գործունեության կենսամիջավայրի նկատմամբ վերահսկողության և համաճարակային միջոցառումների կազմակերպում,Ծառայությունների մատուցում,563119182.7,563708574.9,273407964.9,273834223.1,231644970.4,0.41100000000000003,0.846,1389835.2,1393792.6,452769.0,504710.4,267563.1,0.192,0.53,11470.0,21926.2,3823.3,14279.5,2870.8,0.131,0.201
ՀՀ պաշտպանության նախարարություն,1204,1204,Ռազմաբժշկական սպասարկում և առողջապահական ծառայություններ,"Զինծառայողների, ինչպես նաև նրանց ընտանիքների անդամների առողջության պահպանում, որակյալ բժշկական ծառայություններով ապահովում",Ծառայողական պարտականությունների արդյունավետ կատարմանը խոչընդոտող հիվանդությունների կանխարգելում և առողջական խնդիրների լուծում,11003,Հոսպիտալների և բուժկետերի բժշկական սարքավորումների պահպանման ծառայություններ,Զինվորական հոսպիտալների և բժշկական կետերի  սարքավորումների ընթացիկ վերանորոգման և տեխնիկական սպասարկման ծառայություններ,Ծառայությունների մատուցում,563119182.7,563708574.9,273407964.9,273834223.1,231644970.4,0.41100000000000003,0.846,1389835.2,1393792.6,452769.0,504710.4,267563.1,0.192,0.53,37480.0,37480.0,11244.0,11244.0,0.0,0.0,0.0
ՀՀ պաշտպանության նախարարություն,1204,1204,Ռազմաբժշկական սպասարկում և առողջապահական ծառայություններ,"Զինծառայողների, ինչպես նաև նրանց ընտանիքների անդամների առողջության պահպանում, որակյալ բժշկական ծառայություններով ապահովում",Ծառայողական պարտականությունների արդյունավետ կատարմանը խոչընդոտող հիվանդությունների կանխարգելում և առողջական խնդիրների լուծում,11004,Դեղորայքի տրամադրում զորամասային և հոսպիտալային օղակներում բուժօգնություն ստացողներին,Կենտրոնացված կարգով դեղորայքի ձեռք բերում ամբուլատոր-պոլիկլինիկական և հոսպիտալային բուժօգնություն ստացողներին տրամադրելու նպատակով,,563119182.7,563708574.9,273407964.9,273834223.1,231644970.4,0.41100000000000003,0.846,1389835.2,1393792.6,452769.0,504710.4,267563.1,0.192,0.53,890680.2,880172.7,407451.7,396944.2,213308.8,0.242,0.537
ՀՀ պաշտպանության նախարարություն,1204,1204,Ռազմաբժշկական սպասարկում և առողջապահական ծառայություններ,"Զինծառայողների, ինչպես նաև նրանց ընտանիքների անդամների առողջության պահպանում, որակյալ բժշկական ծառայություններով ապահովում",Ծառայողական պարտականությունների արդյունավետ կատարմանը խոչընդոտող հիվանդությունների կանխարգելում և առողջական խնդիրների լուծում,12001,Հայաստանի Հանրապետությունից դուրս զինծառայողի բժշկական օգնության ծառայություններ,Հայաստանի Հանրապետության տարածքում գործող՛ բժշկական օգնություն և սպասարկում իրականացնող կազմակերպություններում բուժման (հետազոտության) անհնարինության դեպքում օտարերկրյա պետությունում զինծառայողի բժշկական օգնության իրականացում,,563119182.7,563708574.9,273407964.9,273834223.1,231644970.4,0.41100000000000003,0.846,1389835.2,1393792.6,452769.0,504710.4,267563.1,0.192,0.53,0.0,4008.7,0.0,4008.7,4008.7,1.0,1.0
ՀՀ պաշտպանության նախարարություն,1204,1204,Ռազմաբժշկական սպասարկում և առողջապահական ծառայություններ,"Զինծառայողների, ինչպես նաև նրանց ընտանիքների անդամների առողջության պահպանում, որակյալ բժշկական ծառայություններով ապահովում",Ծառայողական պարտականությունների արդյունավետ կատարմանը խոչընդոտող հիվանդությունների կանխարգելում և առողջական խնդիրների լուծում,31001,Հոսպիտալների և բուժկետերի բժշկական սարքավորումներով համալրում,Զորամասային և հոսպիտալային օղակներում բժշկական հետազոտությունների համար անհրաժեշտ սարքավորումների և գույքի ձեռքբերում,,563119182.7,563708574.9,273407964.9,273834223.1,231644970.4,0.41100000000000003,0.846,1389835.2,1393792.6,452769.0,504710.4,267563.1,0.192,0.53,390250.0,390250.0,0.0,47984.0,47374.8,0.121,0.987
ՀՀ աշխատանքի և սոցիալական հարցերի նախարարություն,1005,1005,Պարգևավճարներ և պատվովճարներ,"Պետական հոգածության դրսևորում, առանձին կատեգորիայի քաղաքացիներին և նրանց ընտանիքներին սոցիալական երաշխիքների տրամադրում",Առանձին կատեգորիայի քաղաքացիներին և նրանց ընտանիքի անդամների սոցիալական պաշտպանվածության մակարդակի բարձրացում,12001,"Զինծառայողներին,  ՀՄՊ մասնակիցներին, այլ պետություններում մարտական գործողությունների մասնակիցներին, զոհված (մահացած) զինծառայողի ընտանիքի անդամներին, ընտանիքներին տրվող պարգևավճարներ","Զինծառայողներին,  ՀՄՊ մասնակիցներին, այլ պետություններում մարտական գործողությունների մասնակիցներին, զոհված (մահացած) զինծառայողի ընտանիքի անդամներին, ընտանիքներին, պարգևավճարների տրամադրում",Տրանսֆերտների տրամադրում,993017619.4,1012476378.5,516930060.4,528388819.5,469481819.2,0.46399999999999997,0.889,10500200.0,10500200.0,5459936.0,5459936.0,5030787.7,0.479,0.9209999999999999,10415000.0,10415000.0,5415800.0,5415800.0,4997812.7,0.48,0.9229999999999999
ՀՀ աշխատանքի և սոցիալական հարցերի նախարարություն,1005,1005,Պարգևավճարներ և պատվովճարներ,"Պետական հոգածության դրսևորում, առանձին կատեգորիայի քաղաքացիներին և նրանց ընտանիքներին սոցիալական երաշխիքների տրամադրում",Առանձին կատեգորիայի քաղաքացիներին և նրանց ընտանիքի անդամների սոցիալական պաշտպանվածության մակարդակի բարձրացում,12002,Վետերանների պատվովճարներ,ՀՄՊ վետերաններին պատվովճարի տրամադրում,Տրանսֆերտների տրամադրում,993017619.4,1012476378.5,516930060.4,528388819.5,469481819.2,0.46399999999999997,0.889,10500200.0,10500200.0,5459936.0,5459936.0,5030787.7,0.479,0.9209999999999999,76800.0,76800.0,39936.0,39936.0,28775.0,0.375,0.721
ՀՀ աշխատանքի և սոցիալական հարցերի նախարարություն,1005,1005,Պարգևավճարներ և պատվովճարներ,"Պետական հոգածության դրսևորում, առանձին կատեգորիայի քաղաքացիներին և նրանց ընտանիքներին սոցիալական երաշխիքների տրամադրում",Առանձին կատեգորիայի քաղաքացիներին և նրանց ընտանիքի անդամների սոցիալական պաշտպանվածության մակարդակի բարձրացում,12005,Ծնողական փառքի մեդալով պարգևատրված անձանց ամենամսյա պատվովճար,Ծնողական փառքի մեդալով պարգևատրված անձանց ամենամսյա պատվովճար,Տրանսֆերտների տրամադրում,993017619.4,1012476378.5,516930060.4,528388819.5,469481819.2,0.46399999999999997,0.889,10500200.0,10500200.0,5459936.0,5459936.0,5030787.7,0.479,0.9209999999999999,8400.0,8400.0,4200.0,4200.0,4200.0,0.5,1.0
ՀՀ աշխատանքի և սոցիալական հարցերի նախարարություն,1011,1011,Անապահով և կյանքի դժվարին իրավիճակում սոցիալական խմբերին աջակցություն,Օժանդակել անապահով ընտանիքների կենսամակարդակի բարձրացմանը,Աղքատության մեղմում և ծայրահեղ աղքատության կրճատում,11001,Ընտանիքի կենսամակարդակի բարձրացմանն ուղղված նպաստների իրականացման ապահովում,"Ընտանիքների անապահովության գնահատման համակարգում հաշվառված, ընդգրկված անապահով ճանաչված ընտանիքներին նպաստի, սոցիալական նպաստի և հրատապ օգնության վճարման ծառայությունների ձեռքբերում",,993017619.4,1012476378.5,516930060.4,528388819.5,469481819.2,0.46399999999999997,0.889,25307015.1,25306555.3,12653507.7,12353047.9,9130185.4,0.361,0.7390000000000001,34253.0,34253.0,17126.5,17126.5,4219.1,0.12300000000000001,0.24600000000000002
ՀՀ աշխատանքի և սոցիալական հարցերի նախարարություն,1011,1011,Անապահով և կյանքի դժվարին իրավիճակում սոցիալական խմբերին աջակցություն,Օժանդակել անապահով ընտանիքների կենսամակարդակի բարձրացմանը,Աղքատության մեղմում և ծայրահեղ աղքատության կրճատում,11003,Սոցիալական դեպքի վարման ծառայության ձեռք բերում,"Ընտանիքի, դրա յուրաքանչյուր անդամի, սոցիալական գնահատման իրականացում  անապահով սոցիալական խմբերին հայտնաբերելու համար  սոցիալական աջակցության տարածքային մարմինների սոցիալական աշխատողների կողմից տնային այցելությունների միջոցով",Ծառայությունների մատուցում,993017619.4,1012476378.5,516930060.4,528388819.5,469481819.2,0.46399999999999997,0.889,25307015.1,25306555.3,12653507.7,12353047.9,9130185.4,0.361,0.7390000000000001,78750.0,78750.0,39375.0,39375.0,24194.0,0.307,0.614
ՀՀ աշխատանքի և սոցիալական հարցերի նախարարություն,1011,1011,Անապահով և կյանքի դժվարին իրավիճակում սոցիալական խմբերին աջակցություն,Օժանդակել անապահով ընտանիքների կենսամակարդակի բարձրացմանը,Աղքատության մեղմում և ծայրահեղ աղքատության կրճատում,11005,Սոցիալական շտապ օգնություն,Արագ արձագանքման ապահովում,Ծառայությունների մատուցում,993017619.4,1012476378.5,516930060.4,528388819.5,469481819.2,0.46399999999999997,0.889,25307015.1,25306555.3,12653507.7,12353047.9,9130185.4,0.361,0.7390000000000001,34093.2,34093.2,17046.6,17046.6,9393.5,0.276,0.551
ՀՀ աշխատանքի և սոցիալական հարցերի նախարարություն,1011,1011,Անապահով և կյանքի դժվարին իրավիճակում սոցիալական խմբերին աջակցություն,Օժանդակել անապահով ընտանիքների կենսամակարդակի բարձրացմանը,Աղքատության մեղմում և ծայրահեղ աղքատության կրճատում,11007,Սոցիալական բնակարանային ֆոնդի սպասարկման ծառայությունների տրամադրում,"Սոցբնակ. ֆոնդի շենք. բնակ. իրավունք ունեցող անձանց  սոցաջակց. ծրագր. շրջանակ. օրենսդր. սահմանվ. ծառ. մատուցում բազմաբն. սոց.բնակ. ֆոնդի շենքերի պահպան., տեխ. սպասարկ. և սոցաջակց. ծրագր. նախատեսվ. բնաիր. օգնութ. պահպան. և բաշխման աշխատ. կազմում",Ծառայությունների մատուցում,993017619.4,1012476378.5,516930060.4,528388819.5,469481819.2,0.46399999999999997,0.889,25307015.1,25306555.3,12653507.7,12353047.9,9130185.4,0.361,0.7390000000000001,96513.3,126313.3,48256.7,58143.1,47601.6,0.377,0.8190000000000001
ՀՀ աշխատանքի և սոցիալական հարցերի նախարարություն,1011,1011,Անապահով և կյանքի դժվարին իրավիճակում սոցիալական խմբերին աջակցություն,Օժանդակել անապահով ընտանիքների կենսամակարդակի բարձրացմանը,Աղքատության մեղմում և ծայրահեղ աղքատության կրճատում,11008,Ժամանակավոր կացարաններում բնակվող փախստականների կենցաղային խնդիրների լուծման միջոցառումների իրականացում,"Կացարաններում սանիտարահիգիենիկ պայմանների, ընդհանուր օգտագործման էլեկտրաէներգիայի, ջրմուղ-կոյուղու ծախսերի փոխհատուցում, ինչպես նաև այդ կացարանների պահպանման աշխատանքերի կազմակերպում",Ծառայությունների մատուցում,993017619.4,1012476378.5,516930060.4,528388819.5,469481819.2,0.46399999999999997,0.889,25307015.1,25306555.3,12653507.7,12353047.9,9130185.4,0.361,0.7390000000000001,39827.2,10027.2,19913.6,10027.2,8593.4,0.857,0.857
ՀՀ աշխատանքի և սոցիալական հարցերի նախարարություն,1011,1011,Անապահով և կյանքի դժվարին իրավիճակում սոցիալական խմբերին աջակցություն,Օժանդակել անապահով ընտանիքների կենսամակարդակի բարձրացմանը,Աղքատության մեղմում և ծայրահեղ աղքատության կրճատում,11009,Անօթևան անձանց կացարանով ապահովում,"Անօթևան անձանց կացարանով ապահովում ժամանակավոր օթևաններում՛ ընդհանուր տիպի, հատուկ (մասնագիտացված), ընդունիչ-ախտորոշիչ կենտրոնում, ճգնաժամային կենտրոններում",Ծառայությունների մատուցում,993017619.4,1012476378.5,516930060.4,528388819.5,469481819.2,0.46399999999999997,0.889,25307015.1,25306555.3,12653507.7,12353047.9,9130185.4,0.361,0.7390000000000001,73668.5,73668.5,36834.3,36834.3,28631.2,0.389,0.777
ՀՀ աշխատանքի և սոցիալական հարցերի նախարարություն,1011,1011,Անապահով և կյանքի դժվարին իրավիճակում սոցիալական խմբերին աջակցություն,Օժանդակել անապահով ընտանիքների կենսամակարդակի բարձրացմանը,Աղքատության մեղմում և ծայրահեղ աղքատության կրճատում,11010,Սոցիալապես անապահով անձանց սննդի կազմակերպում,ՀՀ մարզերում և Երևան քաղաքում սոցիալապես անապահով անձանց սննդի կազմակերպման ծառայության տրամադրում,Ծառայությունների մատուցում,993017619.4,1012476378.5,516930060.4,528388819.5,469481819.2,0.46399999999999997,0.889,25307015.1,25306555.3,12653507.7,12353047.9,9130185.4,0.361,0.7390000000000001,179529.0,179529.0,89764.5,89764.5,74762.2,0.41600000000000004,0.833
ՀՀ աշխատանքի և սոցիալական հարցերի նախարարություն,1011,1011,Անապահով և կյանքի դժվարին իրավիճակում սոցիալական խմբերին աջակցություն,Օժանդակել անապահով ընտանիքների կենսամակարդակի բարձրացմանը,Աղքատության մեղմում և ծայրահեղ աղքատության կրճատում,11011,Սոցիալական բնակարանային ֆոնդի շենքային պայմանների բարելավում,Արտաշատ քաղաքում գտնվող սոցիալական բնակարանային ֆոնդի շենքի կապիտալ վերանորոգման նախագծանախահաշվային փաստաթղթերի ձեռքբերում,Ծառայությունների մատուցում,993017619.4,1012476378.5,516930060.4,528388819.5,469481819.2,0.46399999999999997,0.889,25307015.1,25306555.3,12653507.7,12353047.9,9130185.4,0.361,0.7390000000000001,0.0,14840.2,0.0,14840.2,0.0,0.0,0.0
ՀՀ աշխատանքի և սոցիալական հարցերի նախարարություն,1011,1011,Անապահով և կյանքի դժվարին իրավիճակում սոցիալական խմբերին աջակցություն,Օժանդակել անապահով ընտանիքների կենսամակարդակի բարձրացմանը,Աղքատության մեղմում և ծայրահեղ աղքատության կրճատում,12001,Ընտանիքի կենսամակարդակի բարձրացմանն ուղղված նպաստներ,"Ընտանիքների անապահովության գնահատման համակարգում հաշվառված, անապահով ճանաչված ընտանիքներին նպաստի, սոցիալական նպաստի և հրատապ օգնության տրամադրում",Տրանսֆերտների տրամադրում,993017619.4,1012476378.5,516930060.4,528388819.5,469481819.2,0.46399999999999997,0.889,25307015.1,25306555.3,12653507.7,12353047.9,9130185.4,0.361,0.7390000000000001,24466413.8,24451113.8,12233206.9,11917906.9,8910806.4,0.364,0.748
ՀՀ աշխատանքի և սոցիալական հարցերի նախարարություն,1011,1011,Անապահով և կյանքի դժվարին իրավիճակում սոցիալական խմբերին աջակցություն,Օժանդակել անապահով ընտանիքների կենսամակարդակի բարձրացմանը,Աղքատության մեղմում և ծայրահեղ աղքատության կրճատում,12007,"Սոցիալական բնակարանային ֆոնդի կացարաններում բնակվող միայնակ կենսաթոշակառուներին սպառած բնական գազի, էլեկտրական էներգիայի և ջրամատակարարման վարձավճարների փոխհատուցում",Սոց. բնակ. ֆոնդի  կացարաններում բնակվող միայնակ կենսաթոշակառուներին  տարեցներին կամ հաշմանդամություն ունեցող սոց. անապահով խմբերի կոմունալ ծախսերի դիմաց դրամական փոխհատուցում ծառայություն տրամադրող կազմակերպություններին:,Տրանսֆերտների տրամադրում,993017619.4,1012476378.5,516930060.4,528388819.5,469481819.2,0.46399999999999997,0.889,25307015.1,25306555.3,12653507.7,12353047.9,9130185.4,0.361,0.7390000000000001,21600.0,21600.0,10800.0,10800.0,8279.0,0.38299999999999995,0.767
ՀՀ աշխատանքի և սոցիալական հարցերի նախարարություն,1011,1011,Անապահով և կյանքի դժվարին իրավիճակում սոցիալական խմբերին աջակցություն,Օժանդակել անապահով ընտանիքների կենսամակարդակի բարձրացմանը,Աղքատության մեղմում և ծայրահեղ աղքատության կրճատում,12008,Բնակչության սոցիալական պաշտպանության պետական և պետության կողմից ուղղորդմամբ հաստատությունների (մանկատների) շրջանավարտներին դրամական աջակցություն,ՀՀ-ում  գործող երեխաներին շուրջօրյա խնամք տրամադրող բն. սոց. պաշտպանության պետական հաստատությունների (մանկատների) 18 տարին լրացած և հաստատությունից դուրս գրված շրջանավարտների դրամական աջակցության տրամադրում  նվազագույն ամսական աշխատավարձի չափով:,Տրանսֆերտների տրամադրում,993017619.4,1012476378.5,516930060.4,528388819.5,469481819.2,0.46399999999999997,0.889,25307015.1,25306555.3,12653507.7,12353047.9,9130185.4,0.361,0.7390000000000001,22500.0,22500.0,11250.0,11250.0,2700.0,0.12,0.24
ՀՀ աշխատանքի և սոցիալական հարցերի նախարարություն,1011,1011,Անապահով և կյանքի դժվարին իրավիճակում սոցիալական խմբերին աջակցություն,Օժանդակել անապահով ընտանիքների կենսամակարդակի բարձրացմանը,Աղքատության մեղմում և ծայրահեղ աղքատության կրճատում,12009,Բնակչության սոցիալական պաշտպանության պետական և պետության կողմից ուղղորդմամբ հաստատությունների (մանկատների) շրջանավարտներին բնակելի տարածության վարձավճարի հատուցում:,ՀՀ-ում  գործող երեխաներին շուրջօրյա խնամք տրամադրող բն. սոց. պաշտպանության պետական հաստատությունների (մանկատների) 18 տարին լրացած և հաստատությունից դուրս գրված շրջանավարտների բնակելի տարածության վարձավճարի հատուցման տրամադրում:,Տրանսֆերտների տրամադրում,993017619.4,1012476378.5,516930060.4,528388819.5,469481819.2,0.46399999999999997,0.889,25307015.1,25306555.3,12653507.7,12353047.9,9130185.4,0.361,0.7390000000000001,30000.0,30000.0,15000.0,15000.0,2400.0,0.08,0.16
ՀՀ աշխատանքի և սոցիալական հարցերի նախարարություն,1011,1011,Անապահով և կյանքի դժվարին իրավիճակում սոցիալական խմբերին աջակցություն,Օժանդակել անապահով ընտանիքների կենսամակարդակի բարձրացմանը,Աղքատության մեղմում և ծայրահեղ աղքատության կրճատում,12010,ՀՀ-ում փախստական ճանաչված և ապաստան ստացած անձանց վարձակալությամբ բնակարանների ձեռքբերման ծախսերի փոխհատուցման տրամադրում,"ՀՀ-ում փախստական ճանաչված և ապաստան ստացած անձանց բնակարաններ վարձակալելու համար փոխատուցման տրամադրում   առավելագույնը 6 ամիս ժամկետով, յուրաքանչյուր ամսվա համար 60000 ՀՀ դրամի չափով",,993017619.4,1012476378.5,516930060.4,528388819.5,469481819.2,0.46399999999999997,0.889,25307015.1,25306555.3,12653507.7,12353047.9,9130185.4,0.361,0.7390000000000001,13680.0,13680.0,6840.0,6840.0,6660.0,0.48700000000000004,0.9740000000000001
ՀՀ աշխատանքի և սոցիալական հարցերի նախարարություն,1011,1011,Անապահով և կյանքի դժվարին իրավիճակում սոցիալական խմբերին աջակցություն,Օժանդակել անապահով ընտանիքների կենսամակարդակի բարձրացմանը,Աղքատության մեղմում և ծայրահեղ աղքատության կրճատում,12011,ՀՀ վերադարձող քաղաքացիների վերաինտեգրմանն ուղղված առաջնային ծրագիր,"ՀՀ-ում փախստական ճանաչված և ապաստան ստացած անձանց բնակարաններ վարձակալելու համար փոխատուցման տրամադրում  առավելագույնը 6 ամիս ժամկետով, յուրաքանչյուր ամսվա համար 60000 ՀՀ դրամի չափով:",,993017619.4,1012476378.5,516930060.4,528388819.5,469481819.2,0.46399999999999997,0.889,25307015.1,25306555.3,12653507.7,12353047.9,9130185.4,0.361,0.7390000000000001,10080.0,10080.0,5040.0,5040.0,900.0,0.08900000000000001,0.179
ՀՀ աշխատանքի և սոցիալական հարցերի նախարարություն,1011,1011,Անապահով և կյանքի դժվարին իրավիճակում սոցիալական խմբերին աջակցություն,Օժանդակել անապահով ընտանիքների կենսամակարդակի բարձրացմանը,Աղքատության մեղմում և ծայրահեղ աղքատության կրճատում,32001,Սոցիալական բնակարանային ֆոնդի շենքերի վերանորոգում,Սոցիալական բնակարանային ֆոնդի շենքերի թվով 4 շենքների վերանորոգում` սոցիալական բնակարանային ֆոնդի շահառուներին սպասարկելու համար,Այլ պետական կազմակերպությունների կողմից օգտագործվող ոչ ֆինանսական ակտիվների հետ գործառնություններ,993017619.4,1012476378.5,516930060.4,528388819.5,469481819.2,0.46399999999999997,0.889,25307015.1,25306555.3,12653507.7,12353047.9,9130185.4,0.361,0.7390000000000001,206107.1,206107.1,103053.6,103053.6,1045.0,0.005,0.01
ՀՀ աշխատանքի և սոցիալական հարցերի նախարարություն,1015,1015,Սոցիալական փաթեթների ապահովում,Պետական հիմնարկների և կազմակերպությունների աշխատողների սոցիալական երաշխիքների ապահովում և աշխատանքային մոտիվացիայի բարձրացում,Պետական մարմինների աշխատակիցների կյանքի որակի բարելավում,12001,Պետական հիմնարկների և կազմակերպությունների աշխատողների սոցիալական փաթեթով ապահովում,"Հիպոթեքային վարկի կամ ուսանող-ն վարկի ամսական վճարի, ուսման վճարի, հանգստի ապահովման գծով կամ մարզա-առողջ. և սպորտ. համալիրների, լողավազանների և այլ սպորտ. Կազմակերպ-ի, ինչպես նաև առողջապահական փաթեթի մեջ չներառված լրացուցիչ ծառայութ-ի վճարի փոխհատուցում",Տրանսֆերտների տրամադրում,993017619.4,1012476378.5,516930060.4,528388819.5,469481819.2,0.46399999999999997,0.889,9600000.0,9600000.0,4000020.0,4000020.0,3768366.9,0.39299999999999996,0.9420000000000001,9600000.0,9600000.0,4000020.0,4000020.0,3768366.9,0.39299999999999996,0.9420000000000001
ՀՀ աշխատանքի և սոցիալական հարցերի նախարարություն,1032,1032,Տարեց և (կամ) հաշմանդամություն ունեցող անձանց աջակցություն,Տարեց և (կամ) հաշմանդամություն ունեցող անձանց խնամքի տրամադրում,Տարեց և (կամ) հաշմանդամություն ունեցող անձանց խնամքի ծառայությունների որակի բարելավում,11001,Տարեց և (կամ) հաշմանդամություն ունեցող անձանց շուրջօրյա խնամքի ծառայություններ,Բնակչության սոցիալական պաշտպանության հաստատություններում տարեց և (կամ) հաշմանդամություն ունեցող անձանց շուրջօրյա խնամքի տրամադրման ծառայություն,Ծառայությունների մատուցում,993017619.4,1012476378.5,516930060.4,528388819.5,469481819.2,0.46399999999999997,0.889,5736910.0,5354761.7,2868955.0,2692246.9,1966228.1,0.36700000000000005,0.73,3808625.2,3808625.2,1904312.6,1904312.6,1722105.3,0.452,0.904
ՀՀ աշխատանքի և սոցիալական հարցերի նախարարություն,1032,1032,Տարեց և (կամ) հաշմանդամություն ունեցող անձանց աջակցություն,Տարեց և (կամ) հաշմանդամություն ունեցող անձանց խնամքի տրամադրում,Տարեց և (կամ) հաշմանդամություն ունեցող անձանց խնամքի ծառայությունների որակի բարելավում,11002,Տարեց և (կամ) հաշմանդամություն ունեցող անձանց տնային պայմաններում խնամքի ծառայություններ,Տարեցներին (կամ) հաշմանդամություն ունեցող անձանց խնամքի տրամադրման ծառայություն տնային պայմաններում,Ծառայությունների մատուցում,993017619.4,1012476378.5,516930060.4,528388819.5,469481819.2,0.46399999999999997,0.889,5736910.0,5354761.7,2868955.0,2692246.9,1966228.1,0.36700000000000005,0.73,265574.4,265574.4,132787.2,132787.2,108915.8,0.41,0.82
ՀՀ աշխատանքի և սոցիալական հարցերի նախարարություն,1032,1032,Տարեց և (կամ) հաշմանդամություն ունեցող անձանց աջակցություն,Տարեց և (կամ) հաշմանդամություն ունեցող անձանց խնամքի տրամադրում,Տարեց և (կամ) հաշմանդամություն ունեցող անձանց խնամքի ծառայությունների որակի բարելավում,11003,Տարեց և (կամ) հաշմանդամություն ունեցող անձանց ցերեկային խնամքի ծառայություններ,Տարեց և (կամ) հաշմանդամություն ունեցող անձանց խնամքի տրամադրման ծառայություն սոցիալական հոգածության ցերեկային կենտրոններում,Ծառայությունների մատուցում,993017619.4,1012476378.5,516930060.4,528388819.5,469481819.2,0.46399999999999997,0.889,5736910.0,5354761.7,2868955.0,2692246.9,1966228.1,0.36700000000000005,0.73,141476.1,141476.1,70738.0,70738.0,57997.0,0.41,0.82
ՀՀ աշխատանքի և սոցիալական հարցերի նախարարություն,1032,1032,Տարեց և (կամ) հաշմանդամություն ունեցող անձանց աջակցություն,Տարեց և (կամ) հաշմանդամություն ունեցող անձանց խնամքի տրամադրում,Տարեց և (կամ) հաշմանդամություն ունեցող անձանց խնամքի ծառայությունների որակի բարելավում,12002,ԱՊՀ տարածքում Հայրենական մեծ պատերազմի հաշմանդամների և մասնակիցների օդային տրանսպորտով մատուցվող ծառայությունների դիմաց փոխհատուցում,ԱՊՀ տարածքում Հայրենական մեծ պատերազմի հաշմանդամների և մասնակիցների օդային տրանսպորտով մատուցվող ծառայությունների դիմաց չստացված եկամուտների փոխհատուցում,Տրանսֆերտների տրամադրում,993017619.4,1012476378.5,516930060.4,528388819.5,469481819.2,0.46399999999999997,0.889,5736910.0,5354761.7,2868955.0,2692246.9,1966228.1,0.36700000000000005,0.73,2000.0,2000.0,1500.0,1500.0,0.0,0.0,0.0
ՀՀ աշխատանքի և սոցիալական հարցերի նախարարություն,1032,1032,Տարեց և (կամ) հաշմանդամություն ունեցող անձանց աջակցություն,Տարեց և (կամ) հաշմանդամություն ունեցող անձանց խնամքի տրամադրում,Տարեց և (կամ) հաշմանդամություն ունեցող անձանց խնամքի ծառայությունների որակի բարելավում,12003,Աջակցություն «ՀՀ մարշալ Բաղրամյանի անվան վետերանների միավորում» հասարակական կազմակերպությանը,"Աջակցության տրամադրում՛ վետերանների նյութական, կենցաղային պայմանների բարելավման, բժշկական սպասարկման, հուղարկավորության ծախսերի, հուշատախտակների ու հուշարձանների խնամքի իրականացման համար",,993017619.4,1012476378.5,516930060.4,528388819.5,469481819.2,0.46399999999999997,0.889,5736910.0,5354761.7,2868955.0,2692246.9,1966228.1,0.36700000000000005,0.73,20000.0,20000.0,10000.0,10000.0,8315.4,0.41600000000000004,0.8320000000000001
ՀՀ աշխատանքի և սոցիալական հարցերի նախարարություն,1032,1032,Տարեց և (կամ) հաշմանդամություն ունեցող անձանց աջակցություն,Տարեց և (կամ) հաշմանդամություն ունեցող անձանց խնամքի տրամադրում,Տարեց և (կամ) հաշմանդամություն ունեցող անձանց խնամքի ծառայությունների որակի բարելավում,32007,Տարեց և (կամ) հաշմանդամություն ունեցող անձանց շուրջօրյա խնամքի  պետական ոչ առևտրային կազմակերպությունների շենքային պայմանների բարելավում,"Տարեց և (կամ) հաշմանդամություն ունեցող անձանց շուրջօրյա խնամք մատուցող ՊՈԱԿ-ների վերանորոգման և շինարարության համար անհրաժեշտ նախագծանախահաշվային փաթեթների կազմում և փորձաքննության անցկացում, վերանորոգման և շինարարական աշխատանքների իրականացում",Այլ պետական կազմակերպությունների կողմից օգտագործվող ոչ ֆինանսական ակտիվների հետ գործառնություններ,993017619.4,1012476378.5,516930060.4,528388819.5,469481819.2,0.46399999999999997,0.889,5736910.0,5354761.7,2868955.0,2692246.9,1966228.1,0.36700000000000005,0.73,1499234.3,1117086.0,749617.2,572909.1,68894.7,0.062,0.12
ՀՀ աշխատանքի և սոցիալական հարցերի նախարարություն,1068,1068,Ժողովրդագրական վիճակի բարելավում,Խթանել ժողովրդագրական վիճակի բարելավումը,Ժողովրդագրական վիճակի բարելավում և բազմազավակության աճ,11001,Մինչև 2 տարեկան երեխայի խնամքի նպաստի տրամադրման ապահովում,Մինչև 2 տարեկան երեխայի խնամքի նպաստի վճարման ծառայությունների ձեռքբերում,,993017619.4,1012476378.5,516930060.4,528388819.5,469481819.2,0.46399999999999997,0.889,83042759.3,83042759.3,43116337.7,43416337.7,38794670.0,0.467,0.894,710.0,710.0,710.0,710.0,102.8,0.145,0.145
ՀՀ աշխատանքի և սոցիալական հարցերի նախարարություն,1068,1068,Ժողովրդագրական վիճակի բարելավում,Խթանել ժողովրդագրական վիճակի բարելավումը,Ժողովրդագրական վիճակի բարելավում և բազմազավակության աճ,12001,Մինչև 2 տարեկան երեխայի խնամքի նպաստի տրամադրում,Մինչև 2 տարեկան երեխայի խնամքի նպաստի տրամադրում,Տրանսֆերտների տրամադրում,993017619.4,1012476378.5,516930060.4,528388819.5,469481819.2,0.46399999999999997,0.889,83042759.3,83042759.3,43116337.7,43416337.7,38794670.0,0.467,0.894,28845168.0,28845168.0,14999487.7,14999487.7,13741020.7,0.47600000000000003,0.9159999999999999
ՀՀ աշխատանքի և սոցիալական հարցերի նախարարություն,1068,1068,Ժողովրդագրական վիճակի բարելավում,Խթանել ժողովրդագրական վիճակի բարելավումը,Ժողովրդագրական վիճակի բարելավում և բազմազավակության աճ,12002,Երեխայի ծննդյան միանվագ նպաստ,Երեխայի ծննդյան կապակցությամբ միանվագ նպաստի տրամադրում,Տրանսֆերտների տրամադրում,993017619.4,1012476378.5,516930060.4,528388819.5,469481819.2,0.46399999999999997,0.889,83042759.3,83042759.3,43116337.7,43416337.7,38794670.0,0.467,0.894,18796041.3,18796041.3,9757280.0,9757280.0,8479920.0,0.451,0.8690000000000001
ՀՀ աշխատանքի և սոցիալական հարցերի նախարարություն,1068,1068,Ժողովրդագրական վիճակի բարելավում,Խթանել ժողովրդագրական վիճակի բարելավումը,Ժողովրդագրական վիճակի բարելավում և բազմազավակության աճ,12003,Երեխա ունեցող ընտանիքների բնակարանային ապահովման աջակցություն,Երեխա ունեցող ընտանիքների բնակարանային ապահովման աջակցության տրամադրում,,993017619.4,1012476378.5,516930060.4,528388819.5,469481819.2,0.46399999999999997,0.889,83042759.3,83042759.3,43116337.7,43416337.7,38794670.0,0.467,0.894,2396300.0,2396300.0,1198150.0,1498150.0,1498121.1,0.625,1.0
ՀՀ աշխատանքի և սոցիալական հարցերի նախարարություն,1068,1068,Ժողովրդագրական վիճակի բարելավում,Խթանել ժողովրդագրական վիճակի բարելավումը,Ժողովրդագրական վիճակի բարելավում և բազմազավակության աճ,12004,Դրամական աջակցություն ընտանիքում 3 և ավելի երեխա ունեցող ընտանիքներին,"Ընտանիքում 3-րդ և յուրաքանչյուր հաջորդ երեխայի ծնվելու կապակցությամբ նոր ծնված երեխային նշանակել և վճարել դրամական աջակցություն՛ ամսական 50000 դրամի չափով, մինչև երեխայի 6 տարեկանը լրանալը",,993017619.4,1012476378.5,516930060.4,528388819.5,469481819.2,0.46399999999999997,0.889,83042759.3,83042759.3,43116337.7,43416337.7,38794670.0,0.467,0.894,32922000.0,32922000.0,17119440.0,17119440.0,15053905.4,0.457,0.879
ՀՀ աշխատանքի և սոցիալական հարցերի նախարարություն,1068,1068,Ժողովրդագրական վիճակի բարելավում,Խթանել ժողովրդագրական վիճակի բարելավումը,Ժողովրդագրական վիճակի բարելավում և բազմազավակության աճ,12005,Զոհված զինծառայողների ծնողների՛ վերարտադրողականության օժանդակ տեխնոլոգիաների կիրառմամբ բժշկական օգնության ևսպասարկման որոշ ծախսերի մասնակի փոխհատուցման տրամադրում,Զոհված զինծառայողների ծնողների վերարտադրողական առողջությաննաջակցելու նպատակով վերարտադրողականության օժանդակ տեխնոլոգիաների կիրառմամբ բժշկական օգնության և սպասարկման որոշ ծախսերիմասնակի փոխհատուցման տրամադրում,,993017619.4,1012476378.5,516930060.4,528388819.5,469481819.2,0.46399999999999997,0.889,83042759.3,83042759.3,43116337.7,43416337.7,38794670.0,0.467,0.894,82540.0,82540.0,41270.0,41270.0,21600.0,0.262,0.523
ՀՀ աշխատանքի և սոցիալական հարցերի նախարարություն,1082,1082,Սոցիալական աջակցություն անաշխատունակության դեպքում,Կորցրած եկամուտների մասնակի փոխհատուցում,Անաշխատունակության հետևանքով եկամտի կորստի մասնակի փոխհատուցման ապահովում,11001,Ժամանակավոր անաշխատունակության թերթիկների տպագրություն,Ժամանակավոր անաշխատունակության և մայրության նպաստների նշանակման համար բժշկական  հաuտատության կողմից տրվող ժամանակավոր անաշխատունակության ձևաթղթերի տպագրության ծառայությունների ձեռքբերում,,993017619.4,1012476378.5,516930060.4,528388819.5,469481819.2,0.46399999999999997,0.889,25987044.0,25987044.0,13253857.5,13253857.5,13012203.9,0.501,0.982,3500.0,3500.0,3500.0,3500.0,0.0,0.0,0.0
ՀՀ աշխատանքի և սոցիալական հարցերի նախարարություն,1082,1082,Սոցիալական աջակցություն անաշխատունակության դեպքում,Կորցրած եկամուտների մասնակի փոխհատուցում,Անաշխատունակության հետևանքով եկամտի կորստի մասնակի փոխհատուցման ապահովում,12001,Ժամանակավոր անաշխատունակության դեպքում նպաստ,"ժամանակավոր անաշխատունակության դեպքում  (հիվանդության, ընտանիքի հիվանդ անդամի խնամքի և օրենքով սահմանված այլ պատճ. առաջացած) վարձու աշխատողներին, նոտարներին և անհատ ձեռնարկատերերին ժամանակավոր անաշխատունակության նպաստի վճարում",,993017619.4,1012476378.5,516930060.4,528388819.5,469481819.2,0.46399999999999997,0.889,25987044.0,25987044.0,13253857.5,13253857.5,13012203.9,0.501,0.982,7010400.0,7010400.0,3575304.0,3575304.0,3421604.9,0.488,0.9570000000000001
ՀՀ աշխատանքի և սոցիալական հարցերի նախարարություն,1082,1082,Սոցիալական աջակցություն անաշխատունակության դեպքում,Կորցրած եկամուտների մասնակի փոխհատուցում,Անաշխատունակության հետևանքով եկամտի կորստի մասնակի փոխհատուցման ապահովում,12002,Մայրության նպաստ,Մայրության նպաստի տրամադրում աշխատող և չաշխատող անձանց,Տրանսֆերտների տրամադրում,993017619.4,1012476378.5,516930060.4,528388819.5,469481819.2,0.46399999999999997,0.889,25987044.0,25987044.0,13253857.5,13253857.5,13012203.9,0.501,0.982,18848146.0,18848146.0,9612554.5,9612554.5,9538663.0,0.506,0.992
ՀՀ աշխատանքի և սոցիալական հարցերի նախարարություն,1082,1082,Սոցիալական աջակցություն անաշխատունակության դեպքում,Կորցրած եկամուտների մասնակի փոխհատուցում,Անաշխատունակության հետևանքով եկամտի կորստի մասնակի փոխհատուցման ապահովում,12003,"Աշխատողների աշխատանքային պարտականությունների կատարման հետ կապված խեղման, մասնագիտական հիվանդության և առողջության այլ վնասման հետևանքով պատճառված վնասի փոխհատուցում","Աշխատողների աշխատանքային պարտականությունների կատարման հետ կապված խեղման, մասնագիտական հիվանդության և առողջության այլ վնասման հետևանքով պատճառված վնասի փոխհատուցման տրամադրում",Տրանսֆերտների տրամադրում,993017619.4,1012476378.5,516930060.4,528388819.5,469481819.2,0.46399999999999997,0.889,25987044.0,25987044.0,13253857.5,13253857.5,13012203.9,0.501,0.982,124998.0,124998.0,62499.0,62499.0,51936.0,0.415,0.831
ՀՀ աշխատանքի և սոցիալական հարցերի նախարարություն,1088,1088,Զբաղվածության ծրագիր,Բնակչության կայուն և ժամանակավոր զբաղվածության ապահովմանը միտված պայմանների ստեղծում,Կայուն և ժամանակավոր զբաղվածների թվաքանակի աճ,11010,Ղարաբաղից տեղահանված անձանց ինքնազբաղվածության խթանում,Նպաստել Ղարաբաղից տեղահանված անձանց տնտեսական կայունացմանը`  խթանելով ձեռնարկատիրական գործունեությունը,Ծառայությունների մատուցում,993017619.4,1012476378.5,516930060.4,528388819.5,469481819.2,0.46399999999999997,0.889,11425977.1,10774652.5,4849801.0,4434774.9,1348210.9,0.125,0.304,0.0,216000.0,0.0,93000.0,5693.4,0.026000000000000002,0.061
ՀՀ աշխատանքի և սոցիալական հարցերի նախարարություն,1088,1088,Զբաղվածության ծրագիր,Բնակչության կայուն և ժամանակավոր զբաղվածության ապահովմանը միտված պայմանների ստեղծում,Կայուն և ժամանակավոր զբաղվածների թվաքանակի աճ,12018,"Ադրբեջանի կողմից 2016, 2020  և 2022 թթ. սանձազերծված ռազմական գործողություններին մասնակցած, ինչպես նաև 2020 թ. հետո ժամկետային պարտադիր զինվորական ծառայությունից զորացրված  գործազուրկ անձանց մասնագիտական ուսուցման կազմակերպման և զբաղվածության ապահովում","Զբաղվածության ապահովում Ադրբեջանի կողմից 2016, 2020 և 2022 թվականներին սանձազերծված ռազմական գործողություններին մասնակցած գործազուրկ անձանց համար",Տրանսֆերտների տրամադրում,993017619.4,1012476378.5,516930060.4,528388819.5,469481819.2,0.46399999999999997,0.889,11425977.1,10774652.5,4849801.0,4434774.9,1348210.9,0.125,0.304,370625.0,305000.0,185312.5,150863.3,39471.8,0.129,0.262
ՀՀ աշխատանքի և սոցիալական հարցերի նախարարություն,1088,1088,Զբաղվածության ծրագիր,Բնակչության կայուն և ժամանակավոր զբաղվածության ապահովմանը միտված պայմանների ստեղծում,Կայուն և ժամանակավոր զբաղվածների թվաքանակի աճ,12022,2023 թ. Ղարաբաղից տեղահանված  անձանց համար կարճաժամկետ ուսուցման դասընթացի կազմակերպման և աշխատանքային փորձ ձեռք բերելու համար աջակցության տրամադրում,"Աջակցել 2023 թ.Ղարաբաղից բռնի տեղ-ծ անձանց ձեռք բերելու գործատ-ի կողմից ներկ-ծ պահ-ն հմպտ. մասնագիտ. հմտ-ր, կարող-ր և աշխ. փորձ՛  թափուր աշխ-ը համալրելու համար:",Տրանսֆերտների տրամադրում,993017619.4,1012476378.5,516930060.4,528388819.5,469481819.2,0.46399999999999997,0.889,11425977.1,10774652.5,4849801.0,4434774.9,1348210.9,0.125,0.304,873150.0,593702.2,523890.0,449564.9,179466.8,0.302,0.39899999999999997
ՀՀ աշխատանքի և սոցիալական հարցերի նախարարություն,1088,1088,Զբաղվածության ծրագիր,Բնակչության կայուն և ժամանակավոր զբաղվածության ապահովմանը միտված պայմանների ստեղծում,Կայուն և ժամանակավոր զբաղվածների թվաքանակի աճ,12024,Անհուսալի վարկային դասով դասակարգված վարկային պարտավորություն(ներ) ունեցող աշխատաշուկայից (ֆորմալ զբաղվածությունից) դուրս մնացած կամ մասնակի ֆորմալ զբաղվածություն ունեցող անձանց աջակցություն,"Աջակցել աշխատաշուկայից դուրս մնացածներին կամ մասնակի ֆորմալ զբաղվածություն ունեցողներին, որոնք ունեն անհուսալի վարկային դասով դասակարգված վարկային պարտավորություն(ներ)՛ վերականգնելու իրենց տնտեսական ակտիվությունն աշխատաշուկա վերադառնալու միջոցով",Տրանսֆերտների տրամադրում,993017619.4,1012476378.5,516930060.4,528388819.5,469481819.2,0.46399999999999997,0.889,11425977.1,10774652.5,4849801.0,4434774.9,1348210.9,0.125,0.304,9505025.1,8982773.3,3802010.0,3402758.2,1098508.3,0.122,0.32299999999999995
ՀՀ աշխատանքի և սոցիալական հարցերի նախարարություն,1088,1088,Զբաղվածության ծրագիր,Բնակչության կայուն և ժամանակավոր զբաղվածության ապահովմանը միտված պայմանների ստեղծում,Կայուն և ժամանակավոր զբաղվածների թվաքանակի աճ,12025,"Անապահովության գնահատման համ-ով անապահով  ճանաչված ընտանիքի աշխատունակ անձանց համար կարճաժամկետ ուսուցման դասընթացի կազմ-ն,  աշխատանք. փորձ ձեռք բերելու համար աջակցության և զբաղված-ն ապահովման տրամադրում","Անապա-ն գնահատ. հմկգ-ով ան. ճանաչված ընտանիքի աշխ-ակ անձանց տնտես. ակտիվա-ցում, գործ-ի պահանջ-ն համ. մասնագիտ. հմտություն., կարող. և աշխ-ն փորձ ձեռք բերելուն աջակ., գործ-ի թափուր աշխատ. համալր. համար շահառ-ի ուս.,  գործատ-ն աշխ-ձի մասնակի փոխհ. տրամ-ում",Տրանսֆերտների տրամադրում,993017619.4,1012476378.5,516930060.4,528388819.5,469481819.2,0.46399999999999997,0.889,11425977.1,10774652.5,4849801.0,4434774.9,1348210.9,0.125,0.304,411695.0,411695.0,205847.5,205847.5,24398.6,0.059000000000000004,0.11900000000000001
ՀՀ աշխատանքի և սոցիալական հարցերի նախարարություն,1088,1088,Զբաղվածության ծրագիր,Բնակչության կայուն և ժամանակավոր զբաղվածության ապահովմանը միտված պայմանների ստեղծում,Կայուն և ժամանակավոր զբաղվածների թվաքանակի աճ,12026,Անապահովության գնահատման համակարգով անապահովճանաչված ընտանիքների աշխատունակ անձանց վարձատրվողհասարակական աշխատանքի դիմաց աջակցության տրամադրում,"Անապահ-ն գնահատ- հմկգ-ով անապահով ճանաչված ընտանիք-ի աշխատ-կ անձանց եկամտով ապահովում, աշխ-ի շուկա մուտքի և զբաղված-ն հասնելի-ան հնարավորութ-ի մեծացում, զբաղված-ն ունենալու նկատ-մբ վերաբեր-ի փոփ-ուն, համայնք-ին ենթակառ-ի զարգացում, սոցիալ. լարված-ն նվազ.",Տրանսֆերտների տրամադրում,993017619.4,1012476378.5,516930060.4,528388819.5,469481819.2,0.46399999999999997,0.889,11425977.1,10774652.5,4849801.0,4434774.9,1348210.9,0.125,0.304,265482.0,265482.0,132741.0,132741.0,672.0,0.003,0.005
ՀՀ աշխատանքի և սոցիալական հարցերի նախարարություն,1098,1098,Բնակարանային ապահովում,Հանրապետությունում մշտական բնակության վայր չունեցող անօթևան անձանց բնակարանային ապահովմանն աջակցություն,Հանրապետությունում մշտական բնակության վայր չունեցող անօթևան անձանց բնակարանային ապահովվածության բարելավում,12001,Երկրաշարժի հետևանքով անօթևան մնացած ընտանիքների բնակարանային ապահովում,Բնակության վայր չունեցող անօթևան անձանց բնակարանային ապահովման աջակցություն,,993017619.4,1012476378.5,516930060.4,528388819.5,469481819.2,0.46399999999999997,0.889,15625389.0,15648534.1,8520191.8,8543336.9,7336252.2,0.469,0.8590000000000001,107754.5,130644.5,53877.3,76767.3,0.0,0.0,0.0
ՀՀ աշխատանքի և սոցիալական հարցերի նախարարություն,1098,1098,Բնակարանային ապահովում,Հանրապետությունում մշտական բնակության վայր չունեցող անօթևան անձանց բնակարանային ապահովմանն աջակցություն,Հանրապետությունում մշտական բնակության վայր չունեցող անօթևան անձանց բնակարանային ապահովվածության բարելավում,12002,"Զոհված (մահացած) առաջին, երկրորդ և երրորդ խմբի հաշմանդամ զինծառայողների անօթևան ընտանիքներին բնակարանով ապահովում և բնակարանային պայմանների բարելավում","Գնահատման չափանիշների համաձայն բնակարանի բարելավման կարիք ունեցող կարիքավորների ճանաչում, հաշվառում և նրանց անհատույց ֆինասական աջակցության տրամադրման եղանակով բնակարանային խնդիրների լուծում",Տրանսֆերտների տրամադրում,993017619.4,1012476378.5,516930060.4,528388819.5,469481819.2,0.46399999999999997,0.889,15625389.0,15648534.1,8520191.8,8543336.9,7336252.2,0.469,0.8590000000000001,494000.0,494000.0,494000.0,494000.0,69043.0,0.14,0.14
ՀՀ աշխատանքի և սոցիալական հարցերի նախարարություն,1098,1098,Բնակարանային ապահովում,Հանրապետությունում մշտական բնակության վայր չունեցող անօթևան անձանց բնակարանային ապահովմանն աջակցություն,Հանրապետությունում մշտական բնակության վայր չունեցող անօթևան անձանց բնակարանային ապահովվածության բարելավում,12006,"ՀՀ ՊՆ համակարգի` բնակարանային պայմանների բարելավման կարիք ունեցող զինծառայողներին, նրանց հավասարեցված անձանց և նրանց ընտանիքների անդամներին բնակարան ձեռք բերելու նպատակով անհատույց պետական ֆինանսական աջակցության տրամադրում",Գնահատման չափանիշների համաձայն բնակարանի բարելավման կարիք ունեցող կարիքավորների ճանաչում` հաշվառում և նրանց անհատույց ֆինանսական աջակցության տրամադրման եղանակով բնակարանային խնդիրների լուծում,Տրանսֆերտների տրամադրում,993017619.4,1012476378.5,516930060.4,528388819.5,469481819.2,0.46399999999999997,0.889,15625389.0,15648534.1,8520191.8,8543336.9,7336252.2,0.469,0.8590000000000001,920994.5,920994.5,920994.5,920994.5,918091.0,0.997,0.997
ՀՀ աշխատանքի և սոցիալական հարցերի նախարարություն,1098,1098,Բնակարանային ապահովում,Հանրապետությունում մշտական բնակության վայր չունեցող անօթևան անձանց բնակարանային ապահովմանն աջակցություն,Հանրապետությունում մշտական բնակության վայր չունեցող անօթևան անձանց բնակարանային ապահովվածության բարելավում,12007,Ղարաբաղի առանձին շրջաններից  տեղահանված ընտանիքների համար բնակարանային մատչելիության ապահովման պետական աջակցության տրամադրում,Ղարաբաղի առանձին շրջաններից  տեղահանված ընտանիքների համար բնակարանային մատչելիության ապահովման պետական աջակցության տրամադրում,Տրանսֆերտների տրամադրում,993017619.4,1012476378.5,516930060.4,528388819.5,469481819.2,0.46399999999999997,0.889,15625389.0,15648534.1,8520191.8,8543336.9,7336252.2,0.469,0.8590000000000001,7686600.0,6289052.5,3843300.0,3743300.0,3099423.9,0.493,0.828
ՀՀ աշխատանքի և սոցիալական հարցերի նախարարություն,1098,1098,Բնակարանային ապահովում,Հանրապետությունում մշտական բնակության վայր չունեցող անօթևան անձանց բնակարանային ապահովմանն աջակցություն,Հանրապետությունում մշտական բնակության վայր չունեցող անօթևան անձանց բնակարանային ապահովվածության բարելավում,12008,Սահմանամերձ բնակավայրերում ընտանիքների բնակարանային մատչելիության ապահովման պետական աջակցություն,ՀՀ սահմանամերձ գյուղական բնակավայրում անհատական բնակելի տուն կառուցելու նպատակով գործընկեր կազմակերպությունների կողմից տրամադրված հիփոթեքային վարկ ստացած շահառուին աջակցություն,Տրանսֆերտների տրամադրում,993017619.4,1012476378.5,516930060.4,528388819.5,469481819.2,0.46399999999999997,0.889,15625389.0,15648534.1,8520191.8,8543336.9,7336252.2,0.469,0.8590000000000001,6414240.0,7811787.5,3207120.0,3307120.0,3249439.6,0.41600000000000004,0.983
ՀՀ աշխատանքի և սոցիալական հարցերի նախարարություն,1098,1098,Բնակարանային ապահովում,Հանրապետությունում մշտական բնակության վայր չունեցող անօթևան անձանց բնակարանային ապահովմանն աջակցություն,Հանրապետությունում մշտական բնակության վայր չունեցող անօթևան անձանց բնակարանային ապահովվածության բարելավում,12009,Բնակարանի վարձակալության վարձավճարի հատուցում,Անապահով ընտանիքներին և խոցելի այլ խմբերին ժամանակավոր կացարաններով ապահովելու նպատակով բնակարանի վարձակալության վարձավճարի հատուցման տրամադրում՛ 6 ամիս ժամկետով,Տրանսֆերտների տրամադրում,993017619.4,1012476378.5,516930060.4,528388819.5,469481819.2,0.46399999999999997,0.889,15625389.0,15648534.1,8520191.8,8543336.9,7336252.2,0.469,0.8590000000000001,1800.0,1800.0,900.0,900.0,0.0,0.0,0.0
ՀՀ աշխատանքի և սոցիալական հարցերի նախարարություն,1098,1098,Բնակարանային ապահովում,Հանրապետությունում մշտական բնակության վայր չունեցող անօթևան անձանց բնակարանային ապահովմանն աջակցություն,Հանրապետությունում մշտական բնակության վայր չունեցող անօթևան անձանց բնակարանային ապահովվածության բարելավում,21001,Բնակարանային շինարարություն,"Բազմաբնակարան բնակելի շենքերի (մասնաշենքերի) կառուցում, (տեխնիկական և հեղինակային հսկողություն) նախագծահետազոտական փաստաթղթերի ձեռքբերում",,993017619.4,1012476378.5,516930060.4,528388819.5,469481819.2,0.46399999999999997,0.889,15625389.0,15648534.1,8520191.8,8543336.9,7336252.2,0.469,0.8590000000000001,0.0,255.1,0.0,255.1,254.8,0.9990000000000001,0.9990000000000001
ՀՀ աշխատանքի և սոցիալական հարցերի նախարարություն,1102,1102,Կենսաթոշակային ապահովություն,Կենսաթոշակի իրավունքի իրացում,Կենսաթոշակների նշանակման և վճարման գործընթացի ապահովում,11001,Կենսաթոշակների և այլ դրամական վճարների տրամադրման տեղեկատվական միասնական համակարգերի սպասարկում և շահագործում,"Կենսաթոշակների և այլ դրամական վճարների տրամադրման տեղեկատվական համակարգի վարման, սպասարկման և տեղեկատվության տրամադրման ծառայություններ",,993017619.4,1012476378.5,516930060.4,528388819.5,469481819.2,0.46399999999999997,0.889,590765100.0,602858300.0,307485988.0,319579188.0,294533810.1,0.489,0.922,72400.0,72400.0,36200.0,36200.0,29396.8,0.406,0.812
ՀՀ աշխատանքի և սոցիալական հարցերի նախարարություն,1102,1102,Կենսաթոշակային ապահովություն,Կենսաթոշակի իրավունքի իրացում,Կենսաթոշակների նշանակման և վճարման գործընթացի ապահովում,11002,Կենսաթոշակների և այլ դրամական վճարների իրականացման ապահովում,Կենսաթոշակների և այլ դրամական վճարների վճարման ծառայությունների ձեռքբերում,,993017619.4,1012476378.5,516930060.4,528388819.5,469481819.2,0.46399999999999997,0.889,590765100.0,602858300.0,307485988.0,319579188.0,294533810.1,0.489,0.922,603300.0,603300.0,603300.0,603300.0,95844.9,0.159,0.159
ՀՀ աշխատանքի և սոցիալական հարցերի նախարարություն,1102,1102,Կենսաթոշակային ապահովություն,Կենսաթոշակի իրավունքի իրացում,Կենսաթոշակների նշանակման և վճարման գործընթացի ապահովում,12001,Սպայական անձնակազմի և նրանց ընտանիքների անդամների կենսաթոշակներ,"Սպայական անձնակազմի զինծառայողներին երկարամյա ծառայության, հաշմանդամության և զինծառայողի մահվան դեպքում նրա ընտանիքի անդամներին կերակրողին կորցնելու դեպքում զինվորական կենսաթոշակների տրամադրում",Տրանսֆերտների տրամադրում,993017619.4,1012476378.5,516930060.4,528388819.5,469481819.2,0.46399999999999997,0.889,590765100.0,602858300.0,307485988.0,319579188.0,294533810.1,0.489,0.922,45750000.0,46632230.0,23790000.0,24672230.0,23412692.7,0.502,0.9490000000000001
ՀՀ աշխատանքի և սոցիալական հարցերի նախարարություն,1102,1102,Կենսաթոշակային ապահովություն,Կենսաթոշակի իրավունքի իրացում,Կենսաթոշակների նշանակման և վճարման գործընթացի ապահովում,12002,Շարքային զինծառայողների և նրանց ընտանիքների անդամների զինվորական կենսաթոշակներ,"ԽՍՀՄ զինված ուժերի շարքային կազմի զինծառայողներին հաշմանդամության, նրանց մահվան դեպքում ընտանիքների անդամներին կերակրողին կորցնելու դեպքում զինվորական կենսաթոշակների տրամադրում",Տրանսֆերտների տրամադրում,993017619.4,1012476378.5,516930060.4,528388819.5,469481819.2,0.46399999999999997,0.889,590765100.0,602858300.0,307485988.0,319579188.0,294533810.1,0.489,0.922,687200.0,725570.0,357344.0,395714.0,384997.1,0.531,0.973
ՀՀ աշխատանքի և սոցիալական հարցերի նախարարություն,1102,1102,Կենսաթոշակային ապահովություն,Կենսաթոշակի իրավունքի իրացում,Կենսաթոշակների նշանակման և վճարման գործընթացի ապահովում,12003,Աշխատանքային կենսաթոշակներ,"Աշխատանքային կենսաթոշակների (տարիքային, հաշմանդամության, արտոնյալ պայմաններով, երկարամյա ծառայության, մասնակի, կերակրողին կորցնելու դեպքում կենսաթոշակների) տրամադրում",Տրանսֆերտների տրամադրում,993017619.4,1012476378.5,516930060.4,528388819.5,469481819.2,0.46399999999999997,0.889,590765100.0,602858300.0,307485988.0,319579188.0,294533810.1,0.489,0.922,295438000.0,306610600.0,153627760.0,164800360.0,159538219.0,0.52,0.968
ՀՀ աշխատանքի և սոցիալական հարցերի նախարարություն,1102,1102,Կենսաթոշակային ապահովություն,Կենսաթոշակի իրավունքի իրացում,Կենսաթոշակների նշանակման և վճարման գործընթացի ապահովում,12004,ՀՀ օրենքով նշանակված կենսաթոշակներ,"«Պաշտոնատար անձանց գործունեության ապահովման, սպասարկման և սոցիալական երաշխիքների մասին» ՀՀ օրենքով սահմանված պաշտոններում պաշտոնավարած անձանց կենսաթոշակի տրամադրում",Տրանսֆերտների տրամադրում,993017619.4,1012476378.5,516930060.4,528388819.5,469481819.2,0.46399999999999997,0.889,590765100.0,602858300.0,307485988.0,319579188.0,294533810.1,0.489,0.922,4214200.0,4214200.0,2191384.0,2191384.0,1792972.9,0.425,0.818
ՀՀ աշխատանքի և սոցիալական հարցերի նախարարություն,1102,1102,Կենսաթոշակային ապահովություն,Կենսաթոշակի իրավունքի իրացում,Կենսաթոշակների նշանակման և վճարման գործընթացի ապահովում,12005,Կուտակային հատկացումներ մասնակցի կենսաթոշակային հաշվին,«Կուտակային կենսաթոշակների մասին» ՀՀ օրենքով սահմանված կարգով մասնակցի կենսաթոշակային հաշվին կուտակային հատկացումների կատարում,Տրանսֆերտների տրամադրում,993017619.4,1012476378.5,516930060.4,528388819.5,469481819.2,0.46399999999999997,0.889,590765100.0,602858300.0,307485988.0,319579188.0,294533810.1,0.489,0.922,244000000.0,244000000.0,126880000.0,126880000.0,109279686.8,0.44799999999999995,0.861
ՀՀ աշխատանքի և սոցիալական հարցերի նախարարություն,1117,1117,"Սոցիալական պաշտպանության բնագավառում պետական քաղաքականության մշակում, ծրագրերի համակարգում և մոնիթորինգ","Աղքատության մեղմման և անհավասարության նվազեցման, աշխատաշուկայի պահանջարկի և գործազրկության անհմպ. կրճատման, զբաղվածության աճի, ժողովրդագրական իրավիճակի բարելավման և քաղաքացիների սոց.իրավունքի  իրացմանն ուղղված քաղաքականության մշակմ. և իրականացմ. ապահովու",Առողջության պահպանման որակյալ ծառայությունների տրամադրում,11001,"Սոցիալական պաշտպանության բնագավառի պետական քաղաքականության մշակման, ծրագրերի համակարգման և մոնիթորինգի ծառայություններ","Սոցիալական պաշտպանության բնագավառի պետական քաղաքականության մշակման, ծրագրերի համակարգման և մոնիտորինգի ծառայություններ",Ծառայությունների մատուցում,993017619.4,1012476378.5,516930060.4,528388819.5,469481819.2,0.46399999999999997,0.889,8244198.9,8670115.4,3642658.6,4068575.1,3979368.8,0.45899999999999996,0.978,1102878.9,1102878.9,551439.5,484003.5,442996.7,0.402,0.915
ՀՀ աշխատանքի և սոցիալական հարցերի նախարարություն,1117,1117,"Սոցիալական պաշտպանության բնագավառում պետական քաղաքականության մշակում, ծրագրերի համակարգում և մոնիթորինգ","Աղքատության մեղմման և անհավասարության նվազեցման, աշխատաշուկայի պահանջարկի և գործազրկության անհմպ. կրճատման, զբաղվածության աճի, ժողովրդագրական իրավիճակի բարելավման և քաղաքացիների սոց.իրավունքի  իրացմանն ուղղված քաղաքականության մշակմ. և իրականացմ. ապահովու",Առողջության պահպանման որակյալ ծառայությունների տրամադրում,11002,Սոցիալական պաշտպանության առանձին  ծրագրերի իրականացման ապահովում,Պետական կենսաթոշակային ապահովության բնագավառում քաղաքականության իրականացում,Ծառայությունների մատուցում,993017619.4,1012476378.5,516930060.4,528388819.5,469481819.2,0.46399999999999997,0.889,8244198.9,8670115.4,3642658.6,4068575.1,3979368.8,0.45899999999999996,0.978,6808773.5,6808773.5,2923523.1,2923523.1,2886564.2,0.424,0.987
ՀՀ աշխատանքի և սոցիալական հարցերի նախարարություն,1117,1117,"Սոցիալական պաշտպանության բնագավառում պետական քաղաքականության մշակում, ծրագրերի համակարգում և մոնիթորինգ","Աղքատության մեղմման և անհավասարության նվազեցման, աշխատաշուկայի պահանջարկի և գործազրկության անհմպ. կրճատման, զբաղվածության աճի, ժողովրդագրական իրավիճակի բարելավման և քաղաքացիների սոց.իրավունքի  իրացմանն ուղղված քաղաքականության մշակմ. և իրականացմ. ապահովու",Առողջության պահպանման որակյալ ծառայությունների տրամադրում,11003,Հանրային իրազեկման միջոցառումների իրականացում,"Սոց. պաշտպ. ոլորտի վերաբերյալ տեսահոլովակների պատրաստում, ԶԼՄ-ներով իրադարձային աշխատանքների լուսաբանում, բուկլետների և գրքույկների տպագրում և տարածում (այդ թվում` թրաֆիքինգի դեմ պայքարի, տրամադրվող սոցիալական աջակցության, զբաղվածության և այլ հարցեր)",,993017619.4,1012476378.5,516930060.4,528388819.5,469481819.2,0.46399999999999997,0.889,8244198.9,8670115.4,3642658.6,4068575.1,3979368.8,0.45899999999999996,0.978,21327.0,21327.0,10663.7,10663.7,3378.0,0.158,0.317
ՀՀ աշխատանքի և սոցիալական հարցերի նախարարություն,1117,1117,"Սոցիալական պաշտպանության բնագավառում պետական քաղաքականության մշակում, ծրագրերի համակարգում և մոնիթորինգ","Աղքատության մեղմման և անհավասարության նվազեցման, աշխատաշուկայի պահանջարկի և գործազրկության անհմպ. կրճատման, զբաղվածության աճի, ժողովրդագրական իրավիճակի բարելավման և քաղաքացիների սոց.իրավունքի  իրացմանն ուղղված քաղաքականության մշակմ. և իրականացմ. ապահովու",Առողջության պահպանման որակյալ ծառայությունների տրամադրում,11004,"Սոցիալական պաշտպանության ոլորտի տեղեկատվական համակարգի սպասարկման (կատարելագործման), շահագործման և տեղեկատվության տրամադրման ծառայություններ",Սոցիալական պաշտպանության ոլորտի տեղեկատվական բազաների  սպասարկում և շահագործում,,993017619.4,1012476378.5,516930060.4,528388819.5,469481819.2,0.46399999999999997,0.889,8244198.9,8670115.4,3642658.6,4068575.1,3979368.8,0.45899999999999996,0.978,311219.5,557681.3,157032.3,470930.1,470930.0,0.8440000000000001,1.0
ՀՀ աշխատանքի և սոցիալական հարցերի նախարարություն,1117,1117,"Սոցիալական պաշտպանության բնագավառում պետական քաղաքականության մշակում, ծրագրերի համակարգում և մոնիթորինգ","Աղքատության մեղմման և անհավասարության նվազեցման, աշխատաշուկայի պահանջարկի և գործազրկության անհմպ. կրճատման, զբաղվածության աճի, ժողովրդագրական իրավիճակի բարելավման և քաղաքացիների սոց.իրավունքի  իրացմանն ուղղված քաղաքականության մշակմ. և իրականացմ. ապահովու",Առողջության պահպանման որակյալ ծառայությունների տրամադրում,11006,"ՀՀ պետական կառավարման մարմինների կողմից  դիմումներ, հայցադիմումներ, դատարանի վճիռների  և որոշումների դեմ վերաքննիչ և վճռաբեկ բողոքներ ներկայացնելիս` «Պետական տուրքի մասին» ՀՀ օրենքով սահմանված վճարումներ","ՀՀ պետական կառավարման մարմինների կողմից  դիմումներ, հայցադիմումներ, դատարանի վճիռների  և որոշումների դեմ վերաքննիչ և վճռաբեկ բողոքներ ներկայացնելիս` «Պետական տուրքի մասին» ՀՀ օրենքով սահմանված վճարումներ",Ծառայությունների մատուցում,993017619.4,1012476378.5,516930060.4,528388819.5,469481819.2,0.46399999999999997,0.889,8244198.9,8670115.4,3642658.6,4068575.1,3979368.8,0.45899999999999996,0.978,0.0,50.0,0.0,50.0,50.0,1.0,1.0
ՀՀ աշխատանքի և սոցիալական հարցերի նախարարություն,1117,1117,"Սոցիալական պաշտպանության բնագավառում պետական քաղաքականության մշակում, ծրագրերի համակարգում և մոնիթորինգ","Աղքատության մեղմման և անհավասարության նվազեցման, աշխատաշուկայի պահանջարկի և գործազրկության անհմպ. կրճատման, զբաղվածության աճի, ժողովրդագրական իրավիճակի բարելավման և քաղաքացիների սոց.իրավունքի  իրացմանն ուղղված քաղաքականության մշակմ. և իրականացմ. ապահովու",Առողջության պահպանման որակյալ ծառայությունների տրամադրում,11007,"ՀՀ պետական կառավարման մարմինների կողմից  դիմումներ, հայցադիմումներ, դատարանի վճիռների  և որոշումների դեմ վերաքննիչ և վճռաբեկ բողոքներ ներկայացնելիս` «Պետական տուրքի մասին» ՀՀ օրենքով սահմանված վճարումներ","ՀՀ պետական կառավարման մարմինների կողմից  դիմումներ, հայցադիմումներ, դատարանի վճիռների  և որոշումների դեմ վերաքննիչ և վճռաբեկ բողոքներ ներկայացնելիս` «Պետական տուրքի մասին» ՀՀ օրենքով սահմանված վճարումներ",Ծառայությունների մատուցում,993017619.4,1012476378.5,516930060.4,528388819.5,469481819.2,0.46399999999999997,0.889,8244198.9,8670115.4,3642658.6,4068575.1,3979368.8,0.45899999999999996,0.978,0.0,2866.6,0.0,2866.6,2866.6,1.0,1.0
ՀՀ աշխատանքի և սոցիալական հարցերի նախարարություն,1117,1117,"Սոցիալական պաշտպանության բնագավառում պետական քաղաքականության մշակում, ծրագրերի համակարգում և մոնիթորինգ","Աղքատության մեղմման և անհավասարության նվազեցման, աշխատաշուկայի պահանջարկի և գործազրկության անհմպ. կրճատման, զբաղվածության աճի, ժողովրդագրական իրավիճակի բարելավման և քաղաքացիների սոց.իրավունքի  իրացմանն ուղղված քաղաքականության մշակմ. և իրականացմ. ապահովու",Առողջության պահպանման որակյալ ծառայությունների տրամադրում,11013,Պետական կառավարման  մարմինների կատարողականի գնահատում և խրախուսում,"Պետական մարմնի գործունեության առաջնահերթությունների սահմանում, կատարողականի գնահատման հիման վրա՛ խրախուսման միջոցով արդյունավետության բարձրացում",Ծառայությունների մատուցում,993017619.4,1012476378.5,516930060.4,528388819.5,469481819.2,0.46399999999999997,0.889,8244198.9,8670115.4,3642658.6,4068575.1,3979368.8,0.45899999999999996,0.978,0.0,176538.1,0.0,176538.1,172583.3,0.978,0.978
ՀՀ աշխատանքի և սոցիալական հարցերի նախարարություն,1141,1141,Երեխաների հիմնահարցեր,Կյանքի դժվարին իրավիճակում հայտնված երեխաների հիմնական պահանջմունքների և սոցիալական կարիքների բավարարում և ինտեգրում հասարակություն,Երեխաներին մատուցվող սոցիալական ծառայությունների և դրանց հասցեականության բարելավումե կյանքի դժվարին իրավիճակում հայտնված երեխաների ինտեգրում հասարկություն,11001,Երեխաների շուրջօրյա խնամքի ծառայություններ,"Մինչև 18 տարեկան առանց ծնողական խնամքի մնացած երեխաների շուրջօրյա խնամքի, դաստիարակության, ուսման, ֆիզիկական և մտավոր զարգացմանը նպաստող պայմանների ապահովում, երեխաների իրավունքների և շահերի պաշտպանություն",Ծառայությունների մատուցում,993017619.4,1012476378.5,516930060.4,528388819.5,469481819.2,0.46399999999999997,0.889,5864173.7,6276173.7,2950678.6,3103418.4,2427631.2,0.387,0.782,2651256.7,2876166.2,1325500.0,1385500.0,1256992.1,0.43700000000000006,0.907
ՀՀ աշխատանքի և սոցիալական հարցերի նախարարություն,1141,1141,Երեխաների հիմնահարցեր,Կյանքի դժվարին իրավիճակում հայտնված երեխաների հիմնական պահանջմունքների և սոցիալական կարիքների բավարարում և ինտեգրում հասարակություն,Երեխաներին մատուցվող սոցիալական ծառայությունների և դրանց հասցեականության բարելավումե կյանքի դժվարին իրավիճակում հայտնված երեխաների ինտեգրում հասարկություն,11007,Կյանքի դժվարին իրավիճակում հայտնված երեխաներին` երեխայի և ընտանիքի աջակցության կենտրոններում ծառայությունների տրամադրում,Կյանքի դժվարին իրավիճակում հայտնված երեխաներին  շուրջօրյա խնամքի և ցերեկային ծառայություննեի  տրամադրում,Ծառայությունների մատուցում,993017619.4,1012476378.5,516930060.4,528388819.5,469481819.2,0.46399999999999997,0.889,5864173.7,6276173.7,2950678.6,3103418.4,2427631.2,0.387,0.782,1043732.4,818822.9,521866.2,461866.2,295363.9,0.361,0.64
ՀՀ աշխատանքի և սոցիալական հարցերի նախարարություն,1141,1141,Երեխաների հիմնահարցեր,Կյանքի դժվարին իրավիճակում հայտնված երեխաների հիմնական պահանջմունքների և սոցիալական կարիքների բավարարում և ինտեգրում հասարակություն,Երեխաներին մատուցվող սոցիալական ծառայությունների և դրանց հասցեականության բարելավումե կյանքի դժվարին իրավիճակում հայտնված երեխաների ինտեգրում հասարկություն,11009,Երեխաների և ընտանիքների աջակցության տրամադրման ծառայություններ,"Կյանքի դժվարին իրավիճակում հայտնված կամ հաշմանդամություն ունեցող 2-18 տարեկան երեխաների ցերեկային խնամքի, դաստիարակության, ուսման, ֆիզիկական և մտավոր զարգացմանը նպաստող պայմանների ապահովում, ինչպես նաև ընտանեկան բռնության ենթարկված անձանց աջակցություն",Ծառայությունների մատուցում,993017619.4,1012476378.5,516930060.4,528388819.5,469481819.2,0.46399999999999997,0.889,5864173.7,6276173.7,2950678.6,3103418.4,2427631.2,0.387,0.782,453194.3,453194.3,226597.2,226597.2,162572.5,0.359,0.7170000000000001
ՀՀ աշխատանքի և սոցիալական հարցերի նախարարություն,1141,1141,Երեխաների հիմնահարցեր,Կյանքի դժվարին իրավիճակում հայտնված երեխաների հիմնական պահանջմունքների և սոցիալական կարիքների բավարարում և ինտեգրում հասարակություն,Երեխաներին մատուցվող սոցիալական ծառայությունների և դրանց հասցեականության բարելավումե կյանքի դժվարին իրավիճակում հայտնված երեխաների ինտեգրում հասարկություն,11018,Երեխաների խնամքի ցերեկային ծառայությունների տրամադրում,"Կյանքի դժվար. իրավ. հայտնված և հաշմ. ունեցող երեխ. ցերեկ. խնամքի ծառ. տրամադր.է, հասարակ. ներառելը`  մատչելի սոց-հոգեբան., մանկավարժ. վերականգնող. ծառ. տրամադրման, կրթ. կարողութ. զարգացման, ինչպես նաև երեխ. շուրջօրյա հաստատ. մուտքի կանխարգ. միջոցով",,993017619.4,1012476378.5,516930060.4,528388819.5,469481819.2,0.46399999999999997,0.889,5864173.7,6276173.7,2950678.6,3103418.4,2427631.2,0.387,0.782,593561.3,593561.3,296780.7,296780.7,235592.4,0.397,0.794
ՀՀ աշխատանքի և սոցիալական հարցերի նախարարություն,1141,1141,Երեխաների հիմնահարցեր,Կյանքի դժվարին իրավիճակում հայտնված երեխաների հիմնական պահանջմունքների և սոցիալական կարիքների բավարարում և ինտեգրում հասարակություն,Երեխաներին մատուցվող սոցիալական ծառայությունների և դրանց հասցեականության բարելավումե կյանքի դժվարին իրավիճակում հայտնված երեխաների ինտեգրում հասարկություն,11020,Հաշմանդամություն ունեցող երեխայի տնային խնամքի ծառայություններ,"Աջակցություն հաշմանդամություն ունեցող անձանց անկախ ապրելու, կանխարգելելով մուտքը խնամքի հաստատություններ",,993017619.4,1012476378.5,516930060.4,528388819.5,469481819.2,0.46399999999999997,0.889,5864173.7,6276173.7,2950678.6,3103418.4,2427631.2,0.387,0.782,100534.6,100534.6,50267.3,50267.3,41887.0,0.41700000000000004,0.833
ՀՀ աշխատանքի և սոցիալական հարցերի նախարարություն,1141,1141,Երեխաների հիմնահարցեր,Կյանքի դժվարին իրավիճակում հայտնված երեխաների հիմնական պահանջմունքների և սոցիալական կարիքների բավարարում և ինտեգրում հասարակություն,Երեխաներին մատուցվող սոցիալական ծառայությունների և դրանց հասցեականության բարելավումե կյանքի դժվարին իրավիճակում հայտնված երեխաների ինտեգրում հասարկություն,11021,Առանց ծնողական խնամքի մնացած երեխաների խնամքի ապահովումը ընտանեկան միջավայրին առավել մոտ սոցիալ-կենցաղային պայմաններում,Առանց ծնողական խնամքի մնացած երեխաների խնամքի ապահովումը ընտանեկան միջավայրին առավել մոտ սոցիալ կենցաղային պայմաններում,,993017619.4,1012476378.5,516930060.4,528388819.5,469481819.2,0.46399999999999997,0.889,5864173.7,6276173.7,2950678.6,3103418.4,2427631.2,0.387,0.782,417192.0,417192.0,208596.0,208596.0,162745.8,0.39,0.78
ՀՀ աշխատանքի և սոցիալական հարցերի նախարարություն,1141,1141,Երեխաների հիմնահարցեր,Կյանքի դժվարին իրավիճակում հայտնված երեխաների հիմնական պահանջմունքների և սոցիալական կարիքների բավարարում և ինտեգրում հասարակություն,Երեխաներին մատուցվող սոցիալական ծառայությունների և դրանց հասցեականության բարելավումե կյանքի դժվարին իրավիճակում հայտնված երեխաների ինտեգրում հասարկություն,12001,Երեխաների շուրջօրյա խնամքի բնակչության սոցիալական պաշտպանության հաստատություններում խնամվող դպրոցում սովորող երեխաներին դրամական աջակցության տրամադրում,ՀՀ աշխատանքի և սոցիալական հարցերի նախարարության ենթակայության երեխաների շուրջօրյա խնամքի բնակչության սոցիալական պաշտպանության հաստատություններում խնամվող և դպրոցում սովորող երեխաների համար անձնական մանր ծախսերի համար դրամական միջոցների տրամադրում,Տրանսֆերտների տրամադրում,993017619.4,1012476378.5,516930060.4,528388819.5,469481819.2,0.46399999999999997,0.889,5864173.7,6276173.7,2950678.6,3103418.4,2427631.2,0.387,0.782,31392.0,31392.0,15696.0,15696.0,8695.8,0.27699999999999997,0.5539999999999999
ՀՀ աշխատանքի և սոցիալական հարցերի նախարարություն,1141,1141,Երեխաների հիմնահարցեր,Կյանքի դժվարին իրավիճակում հայտնված երեխաների հիմնական պահանջմունքների և սոցիալական կարիքների բավարարում և ինտեգրում հասարակություն,Երեխաներին մատուցվող սոցիալական ծառայությունների և դրանց հասցեականության բարելավումե կյանքի դժվարին իրավիճակում հայտնված երեխաների ինտեգրում հասարկություն,12004,Խնամատար ընտանիքում երեխայի խնամքի և դաստիարակության աջակցության տրամադրում,Երեխաների շուրջօրյա խնամքի բնակչության սոցիալական պաշտպանության հաստատություններում խնամվող առանց ծնողական խնամքի մնացած երեխաների խնամքի և դաստիարակության բարենպաստ պայմանների ստեղծում` նրանց խնամատար ընտանիքներ տեղավորելու միջոցով,Տրանսֆերտների տրամադրում,993017619.4,1012476378.5,516930060.4,528388819.5,469481819.2,0.46399999999999997,0.889,5864173.7,6276173.7,2950678.6,3103418.4,2427631.2,0.387,0.782,448510.4,448510.4,224255.2,224255.2,174630.7,0.389,0.779
ՀՀ աշխատանքի և սոցիալական հարցերի նախարարություն,1141,1141,Երեխաների հիմնահարցեր,Կյանքի դժվարին իրավիճակում հայտնված երեխաների հիմնական պահանջմունքների և սոցիալական կարիքների բավարարում և ինտեգրում հասարակություն,Երեխաներին մատուցվող սոցիալական ծառայությունների և դրանց հասցեականության բարելավումե կյանքի դժվարին իրավիճակում հայտնված երեխաների ինտեգրում հասարկություն,12008,Անհայտ բացակայող կամ մահացած ճանաչված զինծառայողների ծնողներին մինչև երեք տարեկան երեխայի խնամքի կազմակերպման համար պետական աջակցության տրամադրում,Անհայտ բացակայող կամ մահացած ճանաչված զինծառայողների ծնողներին մինչև երեք տարեկան երեխայի խնամքի կազմակերպման համար պետական աջակցության տրամադրում,,993017619.4,1012476378.5,516930060.4,528388819.5,469481819.2,0.46399999999999997,0.889,5864173.7,6276173.7,2950678.6,3103418.4,2427631.2,0.387,0.782,124800.0,180500.0,81120.0,83000.0,62959.3,0.349,0.759
ՀՀ աշխատանքի և սոցիալական հարցերի նախարարություն,1141,1141,Երեխաների հիմնահարցեր,Կյանքի դժվարին իրավիճակում հայտնված երեխաների հիմնական պահանջմունքների և սոցիալական կարիքների բավարարում և ինտեգրում հասարակություն,Երեխաներին մատուցվող սոցիալական ծառայությունների և դրանց հասցեականության բարելավումե կյանքի դժվարին իրավիճակում հայտնված երեխաների ինտեգրում հասարկություն,31001,Երեխաներին շուրջօրյա և ցերեկային խնամքի ծառայություններ մատուցող պետական ոչ առևտրային կազմակերպությունների շենքային պայմաններների բարելավում,Երեխաներին շուրջօրյա և ցերեկային խնամքի ծառայություններ մատուցող պետական ոչ առևտրային կազմակերպությունների շենքային պայմաններների բարելավում,Պետական մարմինների կողմից օգտագործվող ոչ ֆինանսական ակտիվների հետ գործառնություններ,993017619.4,1012476378.5,516930060.4,528388819.5,469481819.2,0.46399999999999997,0.889,5864173.7,6276173.7,2950678.6,3103418.4,2427631.2,0.387,0.782,0.0,356300.0,0.0,150859.8,26191.7,0.07400000000000001,0.174
ՀՀ աշխատանքի և սոցիալական հարցերի նախարարություն,1145,1145,"Կանանց հիմնահարցեր, ընտանեկան և կենցաղային բռնության և մարդկանց թրաֆիքինգի զոհերին աջակացություն","Խոցելի խմբերին պատկանող կանանց, ինչպես նաև ընտանիքում բռնության, թրաֆիքինգի և շահագործման, սեռական բռնության ենթարկված անձանց  կաիրքահեն սոցիական աջակցությունների տրամադրում",նպաստել  խտրականության և անհավասարության հաղթահարմանը,11001,"Թրաֆիքինգի և շահագործման, սեռական բռնության ենթարկված անձանց սոցիալ- հոգեբանական վերականգնողական ծառայություններ","Թրաֆիքինգի և շահագործման, սեռական բռնության ենթարկված անձանց պաշտպանություն և նրանց մատչելի, բազմակողմանի ու օպերատիվ աջակցության կազմակերպում",,993017619.4,1012476378.5,516930060.4,528388819.5,469481819.2,0.46399999999999997,0.889,177876.7,177876.7,88507.1,88507.1,63340.2,0.35600000000000004,0.716,32105.0,32105.0,18052.5,18052.5,12280.2,0.38299999999999995,0.68
ՀՀ աշխատանքի և սոցիալական հարցերի նախարարություն,1145,1145,"Կանանց հիմնահարցեր, ընտանեկան և կենցաղային բռնության և մարդկանց թրաֆիքինգի զոհերին աջակացություն","Խոցելի խմբերին պատկանող կանանց, ինչպես նաև ընտանիքում բռնության, թրաֆիքինգի և շահագործման, սեռական բռնության ենթարկված անձանց  կաիրքահեն սոցիական աջակցությունների տրամադրում",նպաստել  խտրականության և անհավասարության հաղթահարմանը,11002,Ընտանեկան և կենցաղային բռնության ենթարկված անձանց ապաստարանի ծառայություններ,"Ընտանիքում բռն. ենթարկված անձանց, անհրաժեշտության դեպքում նրանց խնամքի տակ գտնվող երեխաներին  անհատույց ապահով բնակելի տարածքով, սննդով և հագուստով ապահովում, հոգեբանական և իրավ. օգն. տրամադրում, ինչպես նաև օրենսդրությամբ սահմնանված սոց. աջակցություն",,993017619.4,1012476378.5,516930060.4,528388819.5,469481819.2,0.46399999999999997,0.889,177876.7,177876.7,88507.1,88507.1,63340.2,0.35600000000000004,0.716,18337.5,18337.5,8112.5,8112.5,6885.4,0.375,0.8490000000000001
ՀՀ աշխատանքի և սոցիալական հարցերի նախարարություն,1145,1145,"Կանանց հիմնահարցեր, ընտանեկան և կենցաղային բռնության և մարդկանց թրաֆիքինգի զոհերին աջակացություն","Խոցելի խմբերին պատկանող կանանց, ինչպես նաև ընտանիքում բռնության, թրաֆիքինգի և շահագործման, սեռական բռնության ենթարկված անձանց  կաիրքահեն սոցիական աջակցությունների տրամադրում",նպաստել  խտրականության և անհավասարության հաղթահարմանը,11003,Ընտանեկան և կենցաղային բռնության ենթարկված անձանց աջակցության կենտրոնների  ծառայություններ,"Ընտանիքում բռն. ենթարկված անձանց /կին տղամարդ/ ,Ընտանիքում բռն. կանխարգելման, ընտանիքում բռն. ենթարկված անձանց պաշտպանության և ընտանիքում համերաշխության վերականգնման մասինե  ՀՀ օրենքի 19-րդ հոդվածի պահանջներին համապատասխան ծառայությունների տրամադրում",,993017619.4,1012476378.5,516930060.4,528388819.5,469481819.2,0.46399999999999997,0.889,177876.7,177876.7,88507.1,88507.1,63340.2,0.35600000000000004,0.716,96684.2,96684.2,48342.1,48342.1,31616.8,0.327,0.654
ՀՀ աշխատանքի և սոցիալական հարցերի նախարարություն,1145,1145,"Կանանց հիմնահարցեր, ընտանեկան և կենցաղային բռնության և մարդկանց թրաֆիքինգի զոհերին աջակացություն","Խոցելի խմբերին պատկանող կանանց, ինչպես նաև ընտանիքում բռնության, թրաֆիքինգի և շահագործման, սեռական բռնության ենթարկված անձանց  կաիրքահեն սոցիական աջակցությունների տրամադրում",նպաստել  խտրականության և անհավասարության հաղթահարմանը,11004,Ընտանեկան և կենցաղային բռնություն գործադրած անձանց ռեաբիլիտացման ծրագրի շրջանակում տրամադրվող ծառայութուններ,"Ընտանեկան և կենցաղային բռնություն գործադրած անձանց ռեաբիլիտացման ծրագրի շրջանակում տրամադրվող ծառայութուններ՛ ուղղված բռնություն գործադրած անձին հոգեբանական և սոց. աջակց-ն տրամադրման, առողջության վերականգնման, վնասակար սովորույթներից ձերբազատման միջոցով",,993017619.4,1012476378.5,516930060.4,528388819.5,469481819.2,0.46399999999999997,0.889,177876.7,177876.7,88507.1,88507.1,63340.2,0.35600000000000004,0.716,14000.0,14000.0,6000.0,6000.0,5372.8,0.384,0.895
ՀՀ աշխատանքի և սոցիալական հարցերի նախարարություն,1145,1145,"Կանանց հիմնահարցեր, ընտանեկան և կենցաղային բռնության և մարդկանց թրաֆիքինգի զոհերին աջակացություն","Խոցելի խմբերին պատկանող կանանց, ինչպես նաև ընտանիքում բռնության, թրաֆիքինգի և շահագործման, սեռական բռնության ենթարկված անձանց  կաիրքահեն սոցիական աջակցությունների տրամադրում",նպաստել  խտրականության և անհավասարության հաղթահարմանը,12001,Մարդկանց թրաֆիքինգի (և/կամ) շահագործման զոհերին միանվագ դրամական փոխհատուցման տրամադրում,Մարդկանց թրաֆիքինգի և շահագործման ենթարկվելու ընթացքում անձի կրած վնասների մասնակի փոխհատուցման նպատակով դրամական փոխհատուցման տրամադրում,,993017619.4,1012476378.5,516930060.4,528388819.5,469481819.2,0.46399999999999997,0.889,177876.7,177876.7,88507.1,88507.1,63340.2,0.35600000000000004,0.716,1750.0,1750.0,1000.0,1000.0,250.0,0.14300000000000002,0.25
ՀՀ աշխատանքի և սոցիալական հարցերի նախարարություն,1145,1145,"Կանանց հիմնահարցեր, ընտանեկան և կենցաղային բռնության և մարդկանց թրաֆիքինգի զոհերին աջակացություն","Խոցելի խմբերին պատկանող կանանց, ինչպես նաև ընտանիքում բռնության, թրաֆիքինգի և շահագործման, սեռական բռնության ենթարկված անձանց  կաիրքահեն սոցիական աջակցությունների տրամադրում",նպաստել  խտրականության և անհավասարության հաղթահարմանը,12002,Ընտանեկան և կենցաղային բռնության ենթարկվածներին ժամանակավոր աջակցություն,"Ընտանիքում բռնության ենթարկված անձանց ֆինանսական աջակցության տրամադրում ՀՀ կառավարության 2019 թվականի մարտի 29-ի N333-Ն որոշմամբ սահմանված դրույթների պահանջներին համապատասխան է ոչ ավելի, քան 150.0 հազ. դրամի չափով",,993017619.4,1012476378.5,516930060.4,528388819.5,469481819.2,0.46399999999999997,0.889,177876.7,177876.7,88507.1,88507.1,63340.2,0.35600000000000004,0.716,15000.0,15000.0,7000.0,7000.0,6935.0,0.462,0.991
ՀՀ աշխատանքի և սոցիալական հարցերի նախարարություն,1153,1153,Սոցիալական պաշտպանության ոլորտի զարգացման ծրագիր,"Սոցիալական պաշտպանության ոլորտի քաղաքականության, ծրագրերի, գիտահետազոտական և մասնագիտական կապիտալի զարգացման ապահովում","Սոցիալական պաշտպանության ոլորտի հիմնախնդիրների լուծումների առաջադրում, բարեփոխեւմներին ուղղված սոցիալական ինովացիաների մշակում, ինչպես նաև ոլորտի մասնագետների շարունակական կրթության ապահովում, գիտելիքների և կարողությունների զարգացում",11001,"Մեթոդաբանական ձեռնարկների մշակում, հետազոտությունների անցկացում և սոցիալական ապահովության ոլորտի կադրերի վերապատրաստում","Սոցիալական պաշտպանության բնագավառում կիրառվող մեթոդաբանական ձեռնարկների մշակման, գիտահետազոտական աշխատանքների իրականացման և բնագավառի կադրերի վերապատրաստման ծառայությունների մատուցում",,993017619.4,1012476378.5,516930060.4,528388819.5,469481819.2,0.46399999999999997,0.889,181563.7,181563.7,90781.9,90781.9,78677.5,0.433,0.867,149701.7,149701.7,74850.9,74850.9,65955.8,0.441,0.8809999999999999
ՀՀ աշխատանքի և սոցիալական հարցերի նախարարություն,1153,1153,Սոցիալական պաշտպանության ոլորտի զարգացման ծրագիր,"Սոցիալական պաշտպանության ոլորտի քաղաքականության, ծրագրերի, գիտահետազոտական և մասնագիտական կապիտալի զարգացման ապահովում","Սոցիալական պաշտպանության ոլորտի հիմնախնդիրների լուծումների առաջադրում, բարեփոխեւմներին ուղղված սոցիալական ինովացիաների մշակում, ինչպես նաև ոլորտի մասնագետների շարունակական կրթության ապահովում, գիտելիքների և կարողությունների զարգացում",11002,"Մասնագիտական կողմնորոշման, համակարգի մեթոդաբանության ապահովման և կադրերի վերապատրաստման ծառայություններ","Հանրության լայն շրջանակներում իրազեկում տնտեսության մեջ տեղի ունեցող զարգացումների, աշխատաշուկայում պահանջվող նոր մասնագիտությունների, թափուր աշխատատեղերի մասին, ինչպես նաև գործատուի և աշխատանք փնտրողի միջև ուղղակի կապի ստեղծում",Ծառայությունների մատուցում,993017619.4,1012476378.5,516930060.4,528388819.5,469481819.2,0.46399999999999997,0.889,181563.7,181563.7,90781.9,90781.9,78677.5,0.433,0.867,31862.0,31862.0,15931.0,15931.0,12721.7,0.39899999999999997,0.799
ՀՀ աշխատանքի և սոցիալական հարցերի նախարարություն,1160,1160,Հաշմանդամություն ունեցող անձանց սոցիալական ներառում,Հաշմանդամություն ունեցող անձանց հիմնական պահանջմունքների և սոցիալական կարիքների բավարարում և սոցիալական ներառում հասարակություն,Հաշմանդամություն ունեցող անձանց մատուցվող սոցիալական ծառայությունների հասցեականության և արդյունավետության բարձրացում,11009,Տեսողության խնդիրներ ունեցող անձանց սոցիալ-հոգեբանական վերականգնում,Չտեսնող անձանց համապատասխան հմտությունների ուսուցում` տարածության մեջ սպիտակ ձեռնափայտերի օգնությամբ ինքնուրույն տեղաշարժվելու և հասարակության մեջ ներառվելու համար,Ծառայությունների մատուցում,993017619.4,1012476378.5,516930060.4,528388819.5,469481819.2,0.46399999999999997,0.889,4497549.8,4938108.4,2626585.7,2884665.8,1675362.5,0.33899999999999997,0.581,11561.6,11561.6,5780.8,5780.8,4816.5,0.41700000000000004,0.833
ՀՀ աշխատանքի և սոցիալական հարցերի նախարարություն,1160,1160,Հաշմանդամություն ունեցող անձանց սոցիալական ներառում,Հաշմանդամություն ունեցող անձանց հիմնական պահանջմունքների և սոցիալական կարիքների բավարարում և սոցիալական ներառում հասարակություն,Հաշմանդամություն ունեցող անձանց մատուցվող սոցիալական ծառայությունների հասցեականության և արդյունավետության բարձրացում,11012,Հաշմանդամություն ունեցող անձանց սոցիալ- վերականգնողական ծառայություններ ցերեկային կենտրոնում,Մտավոր և հոգեկան խնդիրներ ունեցող անձանց սոցիալ-վերականգնողական ծառայությունների մատուցում ցերեկային կենտրոնում,Ծառայությունների մատուցում,993017619.4,1012476378.5,516930060.4,528388819.5,469481819.2,0.46399999999999997,0.889,4497549.8,4938108.4,2626585.7,2884665.8,1675362.5,0.33899999999999997,0.581,218640.1,218640.1,109320.1,109320.1,91335.4,0.418,0.835
ՀՀ աշխատանքի և սոցիալական հարցերի նախարարություն,1160,1160,Հաշմանդամություն ունեցող անձանց սոցիալական ներառում,Հաշմանդամություն ունեցող անձանց հիմնական պահանջմունքների և սոցիալական կարիքների բավարարում և սոցիալական ներառում հասարակություն,Հաշմանդամություն ունեցող անձանց մատուցվող սոցիալական ծառայությունների հասցեականության և արդյունավետության բարձրացում,11013,Հաշմանդամություն ունեցող անձանց շուրջօրյա  խնամքի  ծառայություներ համայնքահենք փոքր խմբային տներում,Հաշմանդամություն ունեցող անձանց շուրջօրյա  խնամքի  ծառայություներ համայնքահենք փոքր խմբային տներում,Ծառայությունների մատուցում,993017619.4,1012476378.5,516930060.4,528388819.5,469481819.2,0.46399999999999997,0.889,4497549.8,4938108.4,2626585.7,2884665.8,1675362.5,0.33899999999999997,0.581,243601.0,243601.0,174000.7,164000.7,76860.1,0.316,0.469
ՀՀ աշխատանքի և սոցիալական հարցերի նախարարություն,1160,1160,Հաշմանդամություն ունեցող անձանց սոցիալական ներառում,Հաշմանդամություն ունեցող անձանց հիմնական պահանջմունքների և սոցիալական կարիքների բավարարում և սոցիալական ներառում հասարակություն,Հաշմանդամություն ունեցող անձանց մատուցվող սոցիալական ծառայությունների հասցեականության և արդյունավետության բարձրացում,11016,Անձնական օգնականի ծառայություն,Աջակցություն հաշմանդամություն ունեցող անձանց անկախ ապրելուն,Այլ պետական կազմակերպությունների կողմից օգտագործվող ոչ ֆինանսական ակտիվների հետ գործառնություններ,993017619.4,1012476378.5,516930060.4,528388819.5,469481819.2,0.46399999999999997,0.889,4497549.8,4938108.4,2626585.7,2884665.8,1675362.5,0.33899999999999997,0.581,335916.0,625288.8,167958.0,284852.3,177838.0,0.284,0.624
ՀՀ աշխատանքի և սոցիալական հարցերի նախարարություն,1160,1160,Հաշմանդամություն ունեցող անձանց սոցիալական ներառում,Հաշմանդամություն ունեցող անձանց հիմնական պահանջմունքների և սոցիալական կարիքների բավարարում և սոցիալական ներառում հասարակություն,Հաշմանդամություն ունեցող անձանց մատուցվող սոցիալական ծառայությունների հասցեականության և արդյունավետության բարձրացում,12001,Պետական հավաստագրերով աջակցող միջոցների տրամադրում և դրանց վերանորոգում,Հաշմանդամություն ունեցող անձանց աջակցող միջոցների տրամադրում պետական հավաստագրերի միջոցով և աջակցող միջոցների վերանորոգում,Տրանսֆերտների տրամադրում,993017619.4,1012476378.5,516930060.4,528388819.5,469481819.2,0.46399999999999997,0.889,4497549.8,4938108.4,2626585.7,2884665.8,1675362.5,0.33899999999999997,0.581,3036610.1,3036610.1,1518305.1,1518305.1,1141780.9,0.376,0.752
ՀՀ աշխատանքի և սոցիալական հարցերի նախարարություն,1160,1160,Հաշմանդամություն ունեցող անձանց սոցիալական ներառում,Հաշմանդամություն ունեցող անձանց հիմնական պահանջմունքների և սոցիալական կարիքների բավարարում և սոցիալական ներառում հասարակություն,Հաշմանդամություն ունեցող անձանց մատուցվող սոցիալական ծառայությունների հասցեականության և արդյունավետության բարձրացում,31002,Համայնքահեն փոքր խմբակային տների կազմակերպում,Համայնքահեն փոքր խմբակային տների կազմակերպում,Պետական մարմինների կողմից օգտագործվող ոչ ֆինանսական ակտիվների հետ գործառնություններ,993017619.4,1012476378.5,516930060.4,528388819.5,469481819.2,0.46399999999999997,0.889,4497549.8,4938108.4,2626585.7,2884665.8,1675362.5,0.33899999999999997,0.581,0.0,11008.1,0.0,11008.1,8080.8,0.7340000000000001,0.7340000000000001
ՀՀ աշխատանքի և սոցիալական հարցերի նախարարություն,1160,1160,Հաշմանդամություն ունեցող անձանց սոցիալական ներառում,Հաշմանդամություն ունեցող անձանց հիմնական պահանջմունքների և սոցիալական կարիքների բավարարում և սոցիալական ներառում հասարակություն,Հաշմանդամություն ունեցող անձանց մատուցվող սոցիալական ծառայությունների հասցեականության և արդյունավետության բարձրացում,32001,Մեծամորում հաշմանդամություն ունեցող անձանց համար անկախ կյանքի կենտրոնի կառուցում,"Հաշմանդամություն ունեցող անձանց սոցիալական, մասնագիտական ծառայությունների զարգացման և տրամադրման, կենցաղավարման ծրագրերի, տարբեր թերապիաների միջոցով անկախ կյանքի ծառայություններ մատուցելու նպատակով անկախ կյանքի կենտրոնի կառուցում",Այլ պետական կազմակերպությունների կողմից օգտագործվող ոչ ֆինանսական ակտիվների հետ գործառնություններ,993017619.4,1012476378.5,516930060.4,528388819.5,469481819.2,0.46399999999999997,0.889,4497549.8,4938108.4,2626585.7,2884665.8,1675362.5,0.33899999999999997,0.581,651221.0,791398.7,651221.0,791398.7,174650.8,0.221,0.221
ՀՀ աշխատանքի և սոցիալական հարցերի նախարարություն,1184,1184,Ավանդների և այլ փոխհատուցումներ,«ՎՏԲ-Հայաստան» ՓԲԸ-ում ավանդատու հանդիսացող և նախկին ԽՍՀՄ Խնայբանկի ՀԽՍՀ հանրապետական բանկում մինչև 1993 թվականի հունիսի 10-ը ներդրված դրամական ավանդների փոխհատուցում և անավարտ շինարարության բնակարանաշինարարական կոոպերատիվների փայատերերի կողմից Խորհրդային,"Արդի մարտահրավերներին դիմակայող, պետական և հասարակական պահանջարկը բավարարող, թափանցիկ, բարևարք, հաշվետվողական գործունեության ապահովում",11001,Մինչև 1993 թվականի հունիսի 10-ը ներդրված ավանդների դիմաց փոխհատուցման միջոցառման իրականացման ապահովում,«ՎՏԲ-Հայաստան» ՓԲԸ-ում ավանդատու հանդիսացող և նախկին ԽՍՀՄ Խնայբանկի ՀԽՍՀ հանրապետական բանկում մինչև 1993 թվականի հունիսի 10-ը ավանդներ ներդրած քաղաքացիների փոխհատուցման վճարման ծառայությունների ձեռքբերում,,993017619.4,1012476378.5,516930060.4,528388819.5,469481819.2,0.46399999999999997,0.889,1010000.0,1010000.0,505000.0,505000.0,386159.3,0.382,0.765,10000.0,10000.0,5000.0,5000.0,423.5,0.042,0.085
ՀՀ աշխատանքի և սոցիալական հարցերի նախարարություն,1184,1184,Ավանդների և այլ փոխհատուցումներ,«ՎՏԲ-Հայաստան» ՓԲԸ-ում ավանդատու հանդիսացող և նախկին ԽՍՀՄ Խնայբանկի ՀԽՍՀ հանրապետական բանկում մինչև 1993 թվականի հունիսի 10-ը ներդրված դրամական ավանդների փոխհատուցում և անավարտ շինարարության բնակարանաշինարարական կոոպերատիվների փայատերերի կողմից Խորհրդային,"Արդի մարտահրավերներին դիմակայող, պետական և հասարակական պահանջարկը բավարարող, թափանցիկ, բարևարք, հաշվետվողական գործունեության ապահովում",12001,"«ՎՏԲ- Հայաստան» ՓԲԸ-ում ավանդատու հանդիսացող քաղաքացիների, որպես նախկին ԽՍՀՄ Խնայբանկի ՀԽՍՀ հանրապետական բանկում մինչև 1993 թվականի հունիսի 10-ը ներդրված դրամական ավանդների դիմաց փոխհատուցում",«ՎՏԲ-Հայաստան» ՓԲԸ-ում ավանդատու հանդիսացող քաղաքացիների՛ որպես նախկին ԽՍՀՄ Խնայբանկի ՀԽՍՀ հանրապետական բանկում մինչև 1993 թվականի հունիսի 10-ը ներդրված ավանդների դիմաց փոխհատուցման տրամադրում,Տրանսֆերտների տրամադրում,993017619.4,1012476378.5,516930060.4,528388819.5,469481819.2,0.46399999999999997,0.889,1010000.0,1010000.0,505000.0,505000.0,386159.3,0.382,0.765,1000000.0,1000000.0,500000.0,500000.0,385735.9,0.386,0.7709999999999999
ՀՀ աշխատանքի և սոցիալական հարցերի նախարարություն,1205,1205,Սոցիալական ապահովություն,Սոցիալական ապահովության իրավունքի իրականացման ապահովում,Սոցիալական ապահովության իրավունքի իրականացում,12001,"Ծերության, հաշմանդամության, կերակրողին կորցնելու դեպքում նպաստներ","Ծերության, հաշմանդամության, կերակրողին կորցնելու դեպքում սոցիալական նպաստների տրամադրում",Տրանսֆերտների տրամադրում,993017619.4,1012476378.5,516930060.4,528388819.5,469481819.2,0.46399999999999997,0.889,140051862.1,147149733.7,77317253.8,76415125.4,71342493.9,0.485,0.934,59307000.0,62213800.0,30839640.0,33746440.0,31403804.3,0.505,0.9309999999999999
ՀՀ աշխատանքի և սոցիալական հարցերի նախարարություն,1205,1205,Սոցիալական ապահովություն,Սոցիալական ապահովության իրավունքի իրականացման ապահովում,Սոցիալական ապահովության իրավունքի իրականացում,12002,"Կենսաթոշակ, ծերության նպաստ, կերակրողին կորցնելու դեպքում նպաստ կամ հաշմանդամության նպաստ ստանալու իրավունք ունեցող անձանց մահվան դեպքում տրվող թաղման նպաստ","Կենսաթոշակ, ծերության նպաստ, կերակրողին կորցնելու դեպքում նպաստ կամ հաշմանդամության նպաստ ստանալու իրավունք ունեցող անձանց մահվան դեպքում տրվող թաղման նպաստի տրամադրում",Տրանսֆերտների տրամադրում,993017619.4,1012476378.5,516930060.4,528388819.5,469481819.2,0.46399999999999997,0.889,140051862.1,147149733.7,77317253.8,76415125.4,71342493.9,0.485,0.934,4400000.0,4400000.0,2295652.2,2295652.2,2139232.0,0.486,0.932
ՀՀ աշխատանքի և սոցիալական հարցերի նախարարություն,1205,1205,Սոցիալական ապահովություն,Սոցիալական ապահովության իրավունքի իրականացման ապահովում,Սոցիալական ապահովության իրավունքի իրականացում,12003,ՀՀ քաղաքացիական գործերով վերաքննիչ դատարանի վճիռների համաձայն կերակրողը կորցրած անձանց կրած վնասի փոխհատուցում,ՀՀ քաղաքացիական գործերով վերաքննիչ դատարանի 2010թ. Ապրիի 2-ի NԵԱՆԴ1676/02/09 և 2009թ. Մայիսի 8-ի NԵԱՔԴ1538/02/08 վճիռների համաձայն կերակրողը կորցրած անձանց պատճառված վնասի փոխհատուցում,Տրանսֆերտների տրամադրում,993017619.4,1012476378.5,516930060.4,528388819.5,469481819.2,0.46399999999999997,0.889,140051862.1,147149733.7,77317253.8,76415125.4,71342493.9,0.485,0.934,9679.2,9679.2,4840.0,4840.0,4840.0,0.5,1.0
ՀՀ աշխատանքի և սոցիալական հարցերի նախարարություն,1205,1205,Սոցիալական ապահովություն,Սոցիալական ապահովության իրավունքի իրականացման ապահովում,Սոցիալական ապահովության իրավունքի իրականացում,12004,Աջակցություն հաշմանդամ դարձած զինծառայողներին և զոհվածների ընտանիքներին,"Միանվագ սոցիալական ապահովագրության վճարներ ՀՀ պաշտպանության, փրկարարական ծառայության և ՀՀ քննչական կոմիտեում ծառայության ժամանակ հաշմանդամ  դարձած զինծառայողներին և  զոհված (մահացած) զինծառայողների ու փրկարար ծառայողների  ընտանիքներին",Տրանսֆերտների տրամադրում,993017619.4,1012476378.5,516930060.4,528388819.5,469481819.2,0.46399999999999997,0.889,140051862.1,147149733.7,77317253.8,76415125.4,71342493.9,0.485,0.934,0.0,35700.0,0.0,35700.0,35450.0,0.993,0.993
ՀՀ աշխատանքի և սոցիալական հարցերի նախարարություն,1205,1205,Սոցիալական ապահովություն,Սոցիալական ապահովության իրավունքի իրականացման ապահովում,Սոցիալական ապահովության իրավունքի իրականացում,12005,Աջակցություն զոհվածների ընտանիքներին,"Վարժական հավաքների և զինծառայության և փրկարարական ծառայության ընթացքում մահացած (զոհված) զինծառայողների  ու  փրկարար  ծառայողների հուղարկավորության, գերեզմանների բարեկարգման, տապանաքարերի պատրաստմանև տեղադրման հետ կապված ծախսերի փոխհատուցում",Ծառայությունների մատուցում,993017619.4,1012476378.5,516930060.4,528388819.5,469481819.2,0.46399999999999997,0.889,140051862.1,147149733.7,77317253.8,76415125.4,71342493.9,0.485,0.934,0.0,138859.3,0.0,138859.3,138334.3,0.996,0.996
ՀՀ աշխատանքի և սոցիալական հարցերի նախարարություն,1205,1205,Սոցիալական ապահովություն,Սոցիալական ապահովության իրավունքի իրականացման ապահովում,Սոցիալական ապահովության իրավունքի իրականացում,12006,Վնասի փոխհատուցում կերակրողը կորցրած անձանց,"ՀՀ քաղաք. գործերով վերաքննիչ դատարանի 05-1680 գործով 15.07.2005թ և 07-3832 գործով 03.11.2007թ, ինչպես նաև Կենտրոն և Նորք Մարաշ վարչ. շրջանների ընդհ. իրավասության 1-ին ատյանի դատարանի 08.06.2012թ NԵԴԿ/1247/02/10/ վճիռների համաձայն կրած վնասի փոխհատուցում",Տրանսֆերտների տրամադրում,993017619.4,1012476378.5,516930060.4,528388819.5,469481819.2,0.46399999999999997,0.889,140051862.1,147149733.7,77317253.8,76415125.4,71342493.9,0.485,0.934,3063.6,3063.6,1531.8,1531.8,1531.8,0.5,1.0
ՀՀ աշխատանքի և սոցիալական հարցերի նախարարություն,1205,1205,Սոցիալական ապահովություն,Սոցիալական ապահովության իրավունքի իրականացման ապահովում,Սոցիալական ապահովության իրավունքի իրականացում,12007,"ՀՀ ՊՆ, ՀՀ ԿԱ ԱԱԾ կրտսեր, միջին, ավագ և ՀՀ ԿԱ ՀՀ ոստիկանության միջին, ավագ, գլխավոր սպայական անձնակազմին սոցիալական աջակցություն","ՀՀ ՊՆ, ՀՀ ԿԱ ԱԱԾ կրտսեր, միջին, ավագ և ՀՀ ԿԱ ՀՀ ոստիկանության միջին, ավագ և գլխավոր սպայական անձնակազմին տրամադրաված սպառողական վարկերի տոկոսագումարների մասնակի փոխհատուցում",Տրանսֆերտների տրամադրում,993017619.4,1012476378.5,516930060.4,528388819.5,469481819.2,0.46399999999999997,0.889,140051862.1,147149733.7,77317253.8,76415125.4,71342493.9,0.485,0.934,299.7,299.7,149.8,149.8,4.0,0.013000000000000001,0.027000000000000003
ՀՀ աշխատանքի և սոցիալական հարցերի նախարարություն,1205,1205,Սոցիալական ապահովություն,Սոցիալական ապահովության իրավունքի իրականացման ապահովում,Սոցիալական ապահովության իրավունքի իրականացում,12009,Հայաստանի Հանրապետության պաշտպանության ժամանակ զինծառայողների կյանքին կամ առողջությանը պատճառված վնասների հատուցում,Հայաստանի Հանրապետության պաշտպանության ժամանակ զինծառայողների կյանքին կամ առողջությանը պատճառված վնասների հատուցում,,993017619.4,1012476378.5,516930060.4,528388819.5,469481819.2,0.46399999999999997,0.889,140051862.1,147149733.7,77317253.8,76415125.4,71342493.9,0.485,0.934,56300000.0,45264312.3,28150000.0,17114312.3,17114312.3,0.37799999999999995,1.0
ՀՀ աշխատանքի և սոցիալական հարցերի նախարարություն,1205,1205,Սոցիալական ապահովություն,Սոցիալական ապահովության իրավունքի իրականացման ապահովում,Սոցիալական ապահովության իրավունքի իրականացում,12012,ՀՀ ՊՆ զինվորական կոչում ունեցող անձնակազմին   սոցիալական աջակցություն,ՀՀ ՊՆ զինվորական կոչում ունեցող անձնակազմին տրամադրված սպառողական վարկերի տոկոսագումարների մասնակի փոխհատուցում,,993017619.4,1012476378.5,516930060.4,528388819.5,469481819.2,0.46399999999999997,0.889,140051862.1,147149733.7,77317253.8,76415125.4,71342493.9,0.485,0.934,19.6,19.6,0.0,0.0,0.0,0.0,0.0
ՀՀ աշխատանքի և սոցիալական հարցերի նախարարություն,1205,1205,Սոցիալական ապահովություն,Սոցիալական ապահովության իրավունքի իրականացման ապահովում,Սոցիալական ապահովության իրավունքի իրականացում,12018,Ռազմական դրությամբ պայմանավորված՛ դրամական աջակցություն անհայտ կորած զինծառայողների ընտանիքներին,Ադրբեջանի կողմից 2020 թվականի սեպտեմբերի 27-ին սանձազերծված ռազմական գործողությունների հետեւանքով անհայտ կորած զինծառայողների ընտանիքներին դրամական օժանդակության տրամադրում,,993017619.4,1012476378.5,516930060.4,528388819.5,469481819.2,0.46399999999999997,0.889,140051862.1,147149733.7,77317253.8,76415125.4,71342493.9,0.485,0.934,0.0,36900.0,0.0,36900.0,36900.0,1.0,1.0
ՀՀ աշխատանքի և սոցիալական հարցերի նախարարություն,1205,1205,Սոցիալական ապահովություն,Սոցիալական ապահովության իրավունքի իրականացման ապահովում,Սոցիալական ապահովության իրավունքի իրականացում,12020,Ռազմական դրությամբ պայմանավորված՛ դրամական  աջակցություն քաղաքացիական անձանց շրջանում  անհայտ կորածների ընտանիքներին,ԱդրբեջանիՀանրապետության կողմից Արցախի Հանրապետությանուղղությամբ սկսված պատերազմական գործողությունների հետևանքով քաղաքացիական անձանց շրջանումզոհերի ընտանիքներին և հաշմանդամություն ձեռքբերածանձանց սոցիալական աջակցության տրամադրում,,993017619.4,1012476378.5,516930060.4,528388819.5,469481819.2,0.46399999999999997,0.889,140051862.1,147149733.7,77317253.8,76415125.4,71342493.9,0.485,0.934,0.0,15300.0,0.0,15300.0,15300.0,1.0,1.0
ՀՀ աշխատանքի և սոցիալական հարցերի նախարարություն,1205,1205,Սոցիալական ապահովություն,Սոցիալական ապահովության իրավունքի իրականացման ապահովում,Սոցիալական ապահովության իրավունքի իրականացում,12029,Անկանխիկ եղանակով վճարումներից կենսաթոշակառուներին հետվճարի տրամադրում,Անկանխիկ եղանակով վճարումներից կենսաթոշակառուներին հետվճարի տրամադրում՛ պետություն-մասնավոր սոցիալական փոխգործակցության միջոցառման շրջանակում,Տրանսֆերտների տրամադրում,993017619.4,1012476378.5,516930060.4,528388819.5,469481819.2,0.46399999999999997,0.889,140051862.1,147149733.7,77317253.8,76415125.4,71342493.9,0.485,0.934,20031800.0,35031800.0,16025440.0,23025440.0,20452785.3,0.584,0.888
ՀՀ աշխատանքի և սոցիալական հարցերի նախարարություն,1225,1225,Ճգնաժամերի հակազդման և արտակարգ իրավիճակների հետևանքների նվազեցման և վերացման նպատակով՛ առանձին սոցիալական խմբերին տրվող սոցիալական աջակցություն,Օժանդակել ճգնաժամերի հակազդման և արտակարգ իրավիճակների հետևանքով ընտանիքների առջև ծառացած սոցիալական խնդիրների բացասական հետևանքների մեղմմանը,Ճգնաժամերի հակազդման և արտակարգ իրավիճակների առաջացրած սոցիալական խնդիրների բացասական հետևանքները մեղմելու նպատակով ընտանիքներին դրամական աջակցության տրամադրում,11001,Ղարաբաղից տեղահանվածներին աջակցելու բարեփոխումներին ուղղված խորհրդատվական և այլ ծառայությունների ձեռքբերում,Ղարաբաղիցտեղահանվածներինաջակցելուբարեփոխումներին ուղղվածխորհրդատվական և այլծառայություններիձեռքբերում,Ծառայությունների մատուցում,993017619.4,1012476378.5,516930060.4,528388819.5,469481819.2,0.46399999999999997,0.889,55000000.0,55000000.0,27500000.0,27500000.0,14608070.6,0.266,0.531,0.0,80048.0,0.0,24762.0,0.0,0.0,0.0
ՀՀ աշխատանքի և սոցիալական հարցերի նախարարություն,1225,1225,Ճգնաժամերի հակազդման և արտակարգ իրավիճակների հետևանքների նվազեցման և վերացման նպատակով՛ առանձին սոցիալական խմբերին տրվող սոցիալական աջակցություն,Օժանդակել ճգնաժամերի հակազդման և արտակարգ իրավիճակների հետևանքով ընտանիքների առջև ծառացած սոցիալական խնդիրների բացասական հետևանքների մեղմմանը,Ճգնաժամերի հակազդման և արտակարգ իրավիճակների առաջացրած սոցիալական խնդիրների բացասական հետևանքները մեղմելու նպատակով ընտանիքներին դրամական աջակցության տրամադրում,12018,Ղարաբաղից  տեղահանվածներին օժանդակելու համար աջակցություն,Ղարաբաղից տեղահանվածներին  սոցիալական աջակցության տրամադրում և բնակարանային ապահովության խնդրի լուծում,,993017619.4,1012476378.5,516930060.4,528388819.5,469481819.2,0.46399999999999997,0.889,55000000.0,55000000.0,27500000.0,27500000.0,14608070.6,0.266,0.531,55000000.0,54919952.0,27500000.0,27475238.0,14608070.6,0.266,0.532
ՀՀ բարձր տեխնոլոգիական արդյունաբերության նախարարություն,1043,1043,Բարձր տեխնոլոգիական արդյունաբերության էկոհամակարգի և շուկայի զարգացման ծրագիր,Բարձր տեխնոլոգիաների ենթակառուցվածքների բարելավում,Բարձր տեխնոլոգիաների ոլորտի աճ,11004,Տեխնոլոգիական կարողությունների և հմտությունների զարգացում,"Տեխնոլոգիական դասընթացների միջոցով ՀՀ մարզերում մասսայական ուսուցում, աջակցություն ուսանողների և շահագրգիռ կողմերի գործնական հմտությունների կատերելագործմանը, տեխնոլոգիական ընկերությունների կարողությունների և հմտությունների զարգացմանը:",Ծառայությունների մատուցում,37351927.2,36122776.6,17978173.1,16884057.5,5628086.9,0.156,0.33299999999999996,22010859.2,20292413.2,9809010.0,8191081.5,3092438.3,0.152,0.37799999999999995,213000.0,213000.0,169000.0,169000.0,51785.4,0.243,0.306
ՀՀ բարձր տեխնոլոգիական արդյունաբերության նախարարություն,1043,1043,Բարձր տեխնոլոգիական արդյունաբերության էկոհամակարգի և շուկայի զարգացման ծրագիր,Բարձր տեխնոլոգիաների ենթակառուցվածքների բարելավում,Բարձր տեխնոլոգիաների ոլորտի աճ,11007,Շուկաների զարգացում և միջազգային համագործակցություն,Հայկական ընկերությունների հետ համատեղ միջազգային և երկկողմ բիզնես ֆորումների կազմակերպում՛ ապրանքների և ծառայությունների թիրախավորված վաճառքի խթանման նպատակով,Ծառայությունների մատուցում,37351927.2,36122776.6,17978173.1,16884057.5,5628086.9,0.156,0.33299999999999996,22010859.2,20292413.2,9809010.0,8191081.5,3092438.3,0.152,0.37799999999999995,344956.0,344956.0,251250.0,251250.0,66387.8,0.192,0.264
ՀՀ բարձր տեխնոլոգիական արդյունաբերության նախարարություն,1043,1043,Բարձր տեխնոլոգիական արդյունաբերության էկոհամակարգի և շուկայի զարգացման ծրագիր,Բարձր տեխնոլոգիաների ենթակառուցվածքների բարելավում,Բարձր տեխնոլոգիաների ոլորտի աճ,11009,Ձեռներեցության տեխնոլոգիական էկոհամակարգ,"Ձեռնարկատիրական (գիտական և տեխնոլոգիական հիմքով) կրթության բարելավման, ստարտափերի զարգացման համար անհրաժեշտ ենթակառուցվածքների, ինչպես նաև դեպի հայաստանյան տեխնոլոգիական համակարգ գիտելիքի ներհոսքի ապահովման ծառայություններ",Ծառայությունների մատուցում,37351927.2,36122776.6,17978173.1,16884057.5,5628086.9,0.156,0.33299999999999996,22010859.2,20292413.2,9809010.0,8191081.5,3092438.3,0.152,0.37799999999999995,968000.0,968000.0,480000.0,480000.0,379998.0,0.39299999999999996,0.792
ՀՀ բարձր տեխնոլոգիական արդյունաբերության նախարարություն,1043,1043,Բարձր տեխնոլոգիական արդյունաբերության էկոհամակարգի և շուկայի զարգացման ծրագիր,Բարձր տեխնոլոգիաների ենթակառուցվածքների բարելավում,Բարձր տեխնոլոգիաների ոլորտի աճ,11018,Պետական աջակցություն տեղեկատվական տեխնոլոգիաների ոլորտում գործունեություն իրականացնող առևտրային կազմակերպություններին և անհատ ձեռնարկատերերին,Տեղեկատվական տեխնոլոգիաների ոլորտում գործունեություն իրականացնող առևտրային կազմակերպություններին և անհատ ձեռնարկատերերին պետական աջակցության տրամադրում,Ծառայությունների մատուցում,37351927.2,36122776.6,17978173.1,16884057.5,5628086.9,0.156,0.33299999999999996,22010859.2,20292413.2,9809010.0,8191081.5,3092438.3,0.152,0.37799999999999995,19470500.0,17350864.8,8470000.0,6730882.3,2246488.0,0.129,0.33399999999999996
ՀՀ բարձր տեխնոլոգիական արդյունաբերության նախարարություն,1043,1043,Բարձր տեխնոլոգիական արդյունաբերության էկոհամակարգի և շուկայի զարգացման ծրագիր,Բարձր տեխնոլոգիաների ենթակառուցվածքների բարելավում,Բարձր տեխնոլոգիաների ոլորտի աճ,11020,Թվային ծառայությունների ձեռքբերում,Պետական գերատեսչությունների համար միասնական թվային ծառայությունների ձեռքբերում,Ծառայությունների մատուցում,37351927.2,36122776.6,17978173.1,16884057.5,5628086.9,0.156,0.33299999999999996,22010859.2,20292413.2,9809010.0,8191081.5,3092438.3,0.152,0.37799999999999995,702000.0,702000.0,370000.0,370000.0,327830.0,0.467,0.8859999999999999
ՀՀ բարձր տեխնոլոգիական արդյունաբերության նախարարություն,1043,1043,Բարձր տեխնոլոգիական արդյունաբերության էկոհամակարգի և շուկայի զարգացման ծրագիր,Բարձր տեխնոլոգիաների ենթակառուցվածքների բարելավում,Բարձր տեխնոլոգիաների ոլորտի աճ,11021,Երկրի հեռակա դիտարկման տեխնոլոգիաների զարգացման ապահովման նպատակով  արբանյակի սպասարկման և այլ ծառայություններ,"Արբանյակի և երկրային կառավարման կենտրոնի ծրագրային ապահովման նպատակով թարմացման ծառայությունների ձեռքբերում, արտերկրի ընդունիչ կայանների միջոցով ՀՀ արբանյակից տվյալներ ստանալու ծառայությունների ձեռք բերում",Ծառայությունների մատուցում,37351927.2,36122776.6,17978173.1,16884057.5,5628086.9,0.156,0.33299999999999996,22010859.2,20292413.2,9809010.0,8191081.5,3092438.3,0.152,0.37799999999999995,193643.2,193643.2,0.0,0.0,0.0,0.0,0.0
ՀՀ բարձր տեխնոլոգիական արդյունաբերության նախարարություն,1043,1043,Բարձր տեխնոլոգիական արդյունաբերության էկոհամակարգի և շուկայի զարգացման ծրագիր,Բարձր տեխնոլոգիաների ենթակառուցվածքների բարելավում,Բարձր տեխնոլոգիաների ոլորտի աճ,11024,Հայաստանի բարձր տեխնոլոգիաների ոլորտի զարգացման ռազմավարական ծրագրի մշակում,Հաշվի առնելով ընտրված տեխնոլոգիական ուղղությունները՛ բարձր տեխնոլոգիաների ոլորտի զարգացման երկարաժամկետ տեսլականի և ռազմավարական նպատակների սահմանում,Ծառայությունների մատուցում,37351927.2,36122776.6,17978173.1,16884057.5,5628086.9,0.156,0.33299999999999996,22010859.2,20292413.2,9809010.0,8191081.5,3092438.3,0.152,0.37799999999999995,18760.0,18760.0,18760.0,18760.0,18760.0,1.0,1.0
ՀՀ բարձր տեխնոլոգիական արդյունաբերության նախարարություն,1043,1043,Բարձր տեխնոլոգիական արդյունաբերության էկոհամակարգի և շուկայի զարգացման ծրագիր,Բարձր տեխնոլոգիաների ենթակառուցվածքների բարելավում,Բարձր տեխնոլոգիաների ոլորտի աճ,11025,Հայաստանի նորորարական էկոհամակարգի զարգացման ծառայություններ,Աջակցություն Հայաստանի նորորարական էկոհամակարգի զարգացմանը,Ծառայությունների մատուցում,37351927.2,36122776.6,17978173.1,16884057.5,5628086.9,0.156,0.33299999999999996,22010859.2,20292413.2,9809010.0,8191081.5,3092438.3,0.152,0.37799999999999995,100000.0,100000.0,50000.0,50000.0,0.0,0.0,0.0
ՀՀ բարձր տեխնոլոգիական արդյունաբերության նախարարություն,1043,1043,Բարձր տեխնոլոգիական արդյունաբերության էկոհամակարգի և շուկայի զարգացման ծրագիր,Բարձր տեխնոլոգիաների ենթակառուցվածքների բարելավում,Բարձր տեխնոլոգիաների ոլորտի աճ,12001,Արհեստական բանականության ոլորտում բարձր արտադրողականությամբ հաշվողական ռեսուրսներին հասանելիության ապահովման նպատակով պետական աջակցության տրամադրում,"Ընկերությունների հետ կնքված պայմանագրերի համաձայն, օգտագործած հաշվողական ռեսուրսների դիմաց փոխհատուցման տրամադրում",Տրանսֆերտների տրամադրում,37351927.2,36122776.6,17978173.1,16884057.5,5628086.9,0.156,0.33299999999999996,22010859.2,20292413.2,9809010.0,8191081.5,3092438.3,0.152,0.37799999999999995,0.0,400000.0,0.0,120000.0,0.0,0.0,0.0
ՀՀ բարձր տեխնոլոգիական արդյունաբերության նախարարություն,1043,1043,Բարձր տեխնոլոգիական արդյունաբերության էկոհամակարգի և շուկայի զարգացման ծրագիր,Բարձր տեխնոլոգիաների ենթակառուցվածքների բարելավում,Բարձր տեխնոլոգիաների ոլորտի աճ,21001,Ինժեներական բիզնես աքսելերատորի շենքի կառուցման և կահավորման շարունակականության ապահովում,"Ինժեներական բիզնես աքսելերատորի շենքի կառուցման շարունակականության ապահովման նպատակով շինարարական աշխատանքների իրականացում, ավտոկայանատեղիների կառուցում, տարածքի բարեկարգում և սարքավորումների ձեռքբերում",,37351927.2,36122776.6,17978173.1,16884057.5,5628086.9,0.156,0.33299999999999996,22010859.2,20292413.2,9809010.0,8191081.5,3092438.3,0.152,0.37799999999999995,0.0,1189.2,0.0,1189.2,1189.2,1.0,1.0
ՀՀ բարձր տեխնոլոգիական արդյունաբերության նախարարություն,1100,1100,"Բարձր տեխնոլոգիական արդյունաբերության բնագավառում պետական քաղաքականության մշակում, ծրագրերի համակարգում և մոնիտորինգ","Բարձր տեխնոլոգիական ոլորտում պետական քաղաքականության մշակում, ծրագրերի համակարգում",Բարձր տեխնոլոգիական արդյունաբերության բնագավառում  իրականացվող ծրագրերի ազդեցության և արդյունավետության բարելավում,11001,"Բարձր տեխնոլոգիաների, ռազմարդյունաբերության, թվայնացման, կիբեռանվտանգության, ինովացիոն տեխնոլոգիաների, կապի, փոստի, համացանցի և տիեզերական  բնագավառներում պետական քաղաքականության մշակում,  ծրագրերի համակարգում և մոնիտորինգ","Բարձր տխնոլոգիաների, ռազմարդյունաբերության, թվայնացման, կիբ.անվտանգության, ինովացիոն տեխ-ների, կապի, փոստի, համացանցի և տիեզերական  բնագավառներում պետական քաղաքականության մշակում, մոնիտորինգի և աջակց. ծառայություններ, ծրագրերի համակարգում",Ծառայությունների մատուցում,37351927.2,36122776.6,17978173.1,16884057.5,5628086.9,0.156,0.33299999999999996,1320934.1,1584079.9,607814.0,788265.8,687157.5,0.434,0.872,1050631.8,1195125.8,485474.3,547274.3,470988.1,0.39399999999999996,0.861
ՀՀ բարձր տեխնոլոգիական արդյունաբերության նախարարություն,1100,1100,"Բարձր տեխնոլոգիական արդյունաբերության բնագավառում պետական քաղաքականության մշակում, ծրագրերի համակարգում և մոնիտորինգ","Բարձր տեխնոլոգիական ոլորտում պետական քաղաքականության մշակում, ծրագրերի համակարգում",Բարձր տեխնոլոգիական արդյունաբերության բնագավառում  իրականացվող ծրագրերի ազդեցության և արդյունավետության բարելավում,11004,"ՀՀ պետական կառավարման մարմինների կողմից  դիմումներ, հայցադիմումներ, դատարանի վճիռների  և որոշումների դեմ վերաքննիչ և վճռաբեկ բողոքներ ներկայացնելիս` «Պետական տուրքի մասին» ՀՀ օրենքով սահմանված վճարումներ","ՀՀ պետական կառավարման մարմինների կողմից  դիմումներ, հայցադիմումներ, դատարանի վճիռների  և որոշումների դեմ վերաքննիչ և վճռաբեկ բողոքներ ներկայացնելիս` «Պետական տուրքի մասին» ՀՀ օրենքով սահմանված վճարումներ",,37351927.2,36122776.6,17978173.1,16884057.5,5628086.9,0.156,0.33299999999999996,1320934.1,1584079.9,607814.0,788265.8,687157.5,0.434,0.872,0.0,30.0,0.0,30.0,30.0,1.0,1.0
ՀՀ բարձր տեխնոլոգիական արդյունաբերության նախարարություն,1100,1100,"Բարձր տեխնոլոգիական արդյունաբերության բնագավառում պետական քաղաքականության մշակում, ծրագրերի համակարգում և մոնիտորինգ","Բարձր տեխնոլոգիական ոլորտում պետական քաղաքականության մշակում, ծրագրերի համակարգում",Բարձր տեխնոլոգիական արդյունաբերության բնագավառում  իրականացվող ծրագրերի ազդեցության և արդյունավետության բարելավում,11005,"Ռազմարդյունաբերության բնագավառում պետական քաղաքականության մշակում խորհրդատվական, մոնիտորինգի և աջակցության ծառայություններ, ծրագրերի համակարգում","Ոլորտի քաղաքականության, խորհրդատվության, մոնիտորինգի, գնման և աջակցության ծառայություններ",,37351927.2,36122776.6,17978173.1,16884057.5,5628086.9,0.156,0.33299999999999996,1320934.1,1584079.9,607814.0,788265.8,687157.5,0.434,0.872,270302.3,270302.3,122339.7,122339.7,97629.7,0.361,0.7979999999999999
ՀՀ բարձր տեխնոլոգիական արդյունաբերության նախարարություն,1100,1100,"Բարձր տեխնոլոգիական արդյունաբերության բնագավառում պետական քաղաքականության մշակում, ծրագրերի համակարգում և մոնիտորինգ","Բարձր տեխնոլոգիական ոլորտում պետական քաղաքականության մշակում, ծրագրերի համակարգում",Բարձր տեխնոլոգիական արդյունաբերության բնագավառում  իրականացվող ծրագրերի ազդեցության և արդյունավետության բարելավում,11007,Պետական կառավարման  մարմինների կատարողականի գնահատում և խրախուսում,"Պետական մարմնի գործունեության առաջնահերթությունների սահմանում, կատարողականի գնահատման հիման վրա՛ խրախուսման միջոցով արդյունավետության բարձրացում",Ծառայությունների մատուցում,37351927.2,36122776.6,17978173.1,16884057.5,5628086.9,0.156,0.33299999999999996,1320934.1,1584079.9,607814.0,788265.8,687157.5,0.434,0.872,0.0,116961.8,0.0,116961.8,116909.6,1.0,1.0
ՀՀ բարձր տեխնոլոգիական արդյունաբերության նախարարություն,1100,1100,"Բարձր տեխնոլոգիական արդյունաբերության բնագավառում պետական քաղաքականության մշակում, ծրագրերի համակարգում և մոնիտորինգ","Բարձր տեխնոլոգիական ոլորտում պետական քաղաքականության մշակում, ծրագրերի համակարգում",Բարձր տեխնոլոգիական արդյունաբերության բնագավառում  իրականացվող ծրագրերի ազդեցության և արդյունավետության բարելավում,31001,ՀՀ բարձր տեխնոլոգիական արդյունաբերության նախարարության կարողությունների զարգացում և տեխնիկական հագեցվածության ապահովում,ՀՀ բարձր տեխնոլոգիական արդյունաբերության  նախարարության աշխատանքային պայմանների բարելավման համար վարչական սարքավորումների ձեռք բերում,Պետական մարմինների կողմից օգտագործվող ոչ ֆինանսական ակտիվների հետ գործառնություններ,37351927.2,36122776.6,17978173.1,16884057.5,5628086.9,0.156,0.33299999999999996,1320934.1,1584079.9,607814.0,788265.8,687157.5,0.434,0.872,0.0,1660.0,0.0,1660.0,1600.0,0.9640000000000001,0.9640000000000001
ՀՀ բարձր տեխնոլոգիական արդյունաբերության նախարարություն,1164,1164,Հեռահաղորդակցության ապահովում,"Անխափան ռադիոկապի, հեռախոսային կապի և հեռուստառադիոհեռարձակման ապահովում","Ռադիոկապի, հեռախոսային կապի և հեռուստառադիոհեռարձակման որակի բարելավում",11001,Հեռահաղորդակցության և կապի կանոնակարգում,"ՀՀ հաճախությունների բաշխումների աղյուսակի կազմում, ՌԷՄ-ի և ԲՀՍ-ի տեղադրման, փորձաքննության և չափումների անցկացում,  եթերի խանգարման աղբյուրների հայտնաբերում և վերացում",Ծառայությունների մատուցում,37351927.2,36122776.6,17978173.1,16884057.5,5628086.9,0.156,0.33299999999999996,963369.9,963369.9,444450.0,444450.0,428306.8,0.445,0.9640000000000001,492864.0,492864.0,224450.0,224450.0,220240.0,0.447,0.981
ՀՀ բարձր տեխնոլոգիական արդյունաբերության նախարարություն,1164,1164,Հեռահաղորդակցության ապահովում,"Անխափան ռադիոկապի, հեռախոսային կապի և հեռուստառադիոհեռարձակման ապահովում","Ռադիոկապի, հեռախոսային կապի և հեռուստառադիոհեռարձակման որակի բարելավում",11002,Թվային հեռուստահեռարձակման ապահովման ծառայություններ,Հայաստանի Հանրապետությունում թվային հեռուստահեռարձակման ապահովման շրջանակներում հանրապետական սփռման մուլտիպլեքսի արբանյակային տարածման համար արբանյակային ունակության վարձակալում,Ծառայությունների մատուցում,37351927.2,36122776.6,17978173.1,16884057.5,5628086.9,0.156,0.33299999999999996,963369.9,963369.9,444450.0,444450.0,428306.8,0.445,0.9640000000000001,79545.9,79545.9,34000.0,34000.0,33144.1,0.41700000000000004,0.975
ՀՀ բարձր տեխնոլոգիական արդյունաբերության նախարարություն,1164,1164,Հեռահաղորդակցության ապահովում,"Անխափան ռադիոկապի, հեռախոսային կապի և հեռուստառադիոհեռարձակման ապահովում","Ռադիոկապի, հեռախոսային կապի և հեռուստառադիոհեռարձակման որակի բարելավում",11004,Տվյալների փոխանակման միջգերատեսչական կապի ապահովում,Հայաստանի Հանրապետությունում պետական մարմինների  տվյալների փոխանակման կապի ապահովում և սպասարկում,Ծառայությունների մատուցում,37351927.2,36122776.6,17978173.1,16884057.5,5628086.9,0.156,0.33299999999999996,963369.9,963369.9,444450.0,444450.0,428306.8,0.445,0.9640000000000001,140960.0,140960.0,63500.0,63500.0,52422.7,0.37200000000000005,0.826
ՀՀ բարձր տեխնոլոգիական արդյունաբերության նախարարություն,1164,1164,Հեռահաղորդակցության ապահովում,"Անխափան ռադիոկապի, հեռախոսային կապի և հեռուստառադիոհեռարձակման ապահովում","Ռադիոկապի, հեռախոսային կապի և հեռուստառադիոհեռարձակման որակի բարելավում",11005,Տեսալսողական մեդիա ոլորտի կարգավորում,"Տեսալսողական մեդիա ոլորտի ուսումնասիրություն՛ առկա բովանդակության, խոսույթների և խնդիրների վերլուծություն, տեսալսողական հաղորդումների արդյունավետության մշտադիտարկում",Ծառայությունների մատուցում,37351927.2,36122776.6,17978173.1,16884057.5,5628086.9,0.156,0.33299999999999996,963369.9,963369.9,444450.0,444450.0,428306.8,0.445,0.9640000000000001,250000.0,250000.0,122500.0,122500.0,122500.0,0.49,1.0
ՀՀ բարձր տեխնոլոգիական արդյունաբերության նախարարություն,1220,1220,Ռազմարդյունաբերության համալիրի զարգացում,"Նոր արտադրությունների հիմնում, ներկրման և արտադրության  մեխանիզմի ստեղծում",Ռազմարդյունաբերության համալիրի զարգացում,11001,Ռազմական նշանակության հատուկ գիտահետազոտական և փորձակոնստրուկտորական աշխատանքներ,ՀՀ պաշտպանության և անվտանգության համակարգերի ապահովման և նոր նմուշների ստեղծման նպատակով գիտահետազոտական և փորձակոնստրուկտորական աշխատանքների իրականացում,Ծառայությունների մատուցում,37351927.2,36122776.6,17978173.1,16884057.5,5628086.9,0.156,0.33299999999999996,4974639.9,4974639.9,2426159.8,2426159.8,51890.7,0.01,0.021,3561878.9,3561878.9,1726159.8,1726159.8,428.8,0.0,0.0
ՀՀ բարձր տեխնոլոգիական արդյունաբերության նախարարություն,1220,1220,Ռազմարդյունաբերության համալիրի զարգացում,"Նոր արտադրությունների հիմնում, ներկրման և արտադրության  մեխանիզմի ստեղծում",Ռազմարդյունաբերության համալիրի զարգացում,11003,Փորձանմուշների արտադրություն,"Զորային և պետական փորձարկումների համար նախատեսված ռազմարդյունաբերական փորձանմուշների համար անհրաժեշտ հումքի, նյութերի, բաղկացուցիչների արտադրության կազմակերպում",Ծառայությունների մատուցում,37351927.2,36122776.6,17978173.1,16884057.5,5628086.9,0.156,0.33299999999999996,4974639.9,4974639.9,2426159.8,2426159.8,51890.7,0.01,0.021,1287761.0,1287761.0,600000.0,600000.0,0.0,0.0,0.0
ՀՀ բարձր տեխնոլոգիական արդյունաբերության նախարարություն,1220,1220,Ռազմարդյունաբերության համալիրի զարգացում,"Նոր արտադրությունների հիմնում, ներկրման և արտադրության  մեխանիզմի ստեղծում",Ռազմարդյունաբերության համալիրի զարգացում,11004,Ռազմարդյունաբերության ոլորտի մասնագիտական կադրերի ուսուցում և վերապատրաստում,Ռազմարդյունաբերության ոլորտի մասնագիտական կադրերի որակավորման բարձրացում,Ծառայությունների մատուցում,37351927.2,36122776.6,17978173.1,16884057.5,5628086.9,0.156,0.33299999999999996,4974639.9,4974639.9,2426159.8,2426159.8,51890.7,0.01,0.021,25000.0,25000.0,0.0,0.0,0.0,0.0,0.0
ՀՀ բարձր տեխնոլոգիական արդյունաբերության նախարարություն,1220,1220,Ռազմարդյունաբերության համալիրի զարգացում,"Նոր արտադրությունների հիմնում, ներկրման և արտադրության  մեխանիզմի ստեղծում",Ռազմարդյունաբերության համալիրի զարգացում,11005,Պաշտպանական արդյունաբերության միջազգային ցուցահանդեսների կազմակերպում և իրականացում,"Պաշտպանական արդյունաբերության ոլորտում միջազգայինցուցահանդեսների կազմակերպմամբ ոլորտի զարգացման նպաստում, միջազգային համագործակցության խորացում ևհայկական արտադրանքիներկայացում",Ծառայությունների մատուցում,37351927.2,36122776.6,17978173.1,16884057.5,5628086.9,0.156,0.33299999999999996,4974639.9,4974639.9,2426159.8,2426159.8,51890.7,0.01,0.021,100000.0,100000.0,100000.0,100000.0,51461.9,0.515,0.515
ՀՀ բարձր տեխնոլոգիական արդյունաբերության նախարարություն,1235,1235,Թվային փոխակերպման գործընթացի իրականացում,Պետական մարմինների կողմից իրականացվող թվային փոխակերպման միջոցառումների ֆինանսավորում,Թվային ծառայությունների և համակարգերի ներդրում,11001,"Տեղեկատվական անվտանգության, Էլեկտրոնային կառավարման համակարգի ներդրման և զարգացման ոլորտներում քաղաքականության իրականացում","Հանրապետության պետական մարմինների կողմից կիրառվող էլեկտրոնային կառավարման համակարգերի և տեղեկատվության փոխանակման գործընթացների արդյունավետության և անվտանգության ապահովում, առաջնահերթությունների և նպատակների ձևավորման աջակցություն",Ծառայությունների մատուցում,37351927.2,36122776.6,17978173.1,16884057.5,5628086.9,0.156,0.33299999999999996,8082124.1,8308273.7,4690739.3,5034100.4,1368293.6,0.165,0.272,1014382.0,772382.0,455000.0,324200.0,202000.0,0.262,0.623
ՀՀ բարձր տեխնոլոգիական արդյունաբերության նախարարություն,1235,1235,Թվային փոխակերպման գործընթացի իրականացում,Պետական մարմինների կողմից իրականացվող թվային փոխակերպման միջոցառումների ֆինանսավորում,Թվային ծառայությունների և համակարգերի ներդրում,11007,Կայունացման և զարգացման եվրասիական հիմնադրամի աջակցությամբ իրականացվող «ՀՀ հանրային հատվածի ֆինանսական հաշվետվությունների որակի բարձրացում» դրամաշնորհային ծրագրի համակարգում և կառավարում,"«ՀՀ հանրային հատվածի ֆինանսական հաշվետվությունների որակի բարձրացում» դրամաշնորհային ծրագրի նախագծման, մշակման գործընթացի կառավարում",Ծառայությունների մատուցում,37351927.2,36122776.6,17978173.1,16884057.5,5628086.9,0.156,0.33299999999999996,8082124.1,8308273.7,4690739.3,5034100.4,1368293.6,0.165,0.272,53059.7,53059.7,26929.9,26929.9,25073.8,0.473,0.9309999999999999
ՀՀ բարձր տեխնոլոգիական արդյունաբերության նախարարություն,1235,1235,Թվային փոխակերպման գործընթացի իրականացում,Պետական մարմինների կողմից իրականացվող թվային փոխակերպման միջոցառումների ֆինանսավորում,Թվային ծառայությունների և համակարգերի ներդրում,11008,Թվային գործիքների ստեղծում,Թվային փոխակերպման գործընթացի շրջանակներում թվայնացման համակարգերի ներդրում և կայքերի արդիականացում,Ծառայությունների մատուցում,37351927.2,36122776.6,17978173.1,16884057.5,5628086.9,0.156,0.33299999999999996,8082124.1,8308273.7,4690739.3,5034100.4,1368293.6,0.165,0.272,0.0,500000.0,0.0,500000.0,0.0,0.0,0.0
ՀՀ բարձր տեխնոլոգիական արդյունաբերության նախարարություն,1235,1235,Թվային փոխակերպման գործընթացի իրականացում,Պետական մարմինների կողմից իրականացվող թվային փոխակերպման միջոցառումների ֆինանսավորում,Թվային ծառայությունների և համակարգերի ներդրում,31001,Միասնական թվային միջավայրի ձևավորում,Թվային փոխակերպման գործընթացի շրջանակներում թվայնացման համակարգերի ներդրում և կայքերի արդիականացում,,37351927.2,36122776.6,17978173.1,16884057.5,5628086.9,0.156,0.33299999999999996,8082124.1,8308273.7,4690739.3,5034100.4,1368293.6,0.165,0.272,5000000.0,4968149.6,3000000.0,2974161.1,1141219.8,0.23,0.384
ՀՀ բարձր տեխնոլոգիական արդյունաբերության նախարարություն,1235,1235,Թվային փոխակերպման գործընթացի իրականացում,Պետական մարմինների կողմից իրականացվող թվային փոխակերպման միջոցառումների ֆինանսավորում,Թվային ծառայությունների և համակարգերի ներդրում,31002,Կայունացման և զարգացման եվրասիական հիմնադրամի  աջակցությամբ իրականացվող «ՀՀ հանրային հատվածի ֆինանսական հաշվետվությունների որակի բարձրացում» դրամաշնորհային ծրագրի շրջանակներում հանրային հատվածի հաշվապահական մոդուլի մշակում,«ՀՀ հանրային հատվածի ֆինանսական հաշվետվությունների որակի բարձրացում» դրամաշնորհային ծրագրի շրջանակներում հանրային հատվածի հաշվապահական մոդուլի մշակում,Պետական մարմինների կողմից օգտագործվող ոչ ֆինանսական ակտիվների հետ գործառնություններ,37351927.2,36122776.6,17978173.1,16884057.5,5628086.9,0.156,0.33299999999999996,8082124.1,8308273.7,4690739.3,5034100.4,1368293.6,0.165,0.272,502096.9,502096.9,301258.1,301258.1,0.0,0.0,0.0
ՀՀ բարձր տեխնոլոգիական արդյունաբերության նախարարություն,1235,1235,Թվային փոխակերպման գործընթացի իրականացում,Պետական մարմինների կողմից իրականացվող թվային փոխակերպման միջոցառումների ֆինանսավորում,Թվային ծառայությունների և համակարգերի ներդրում,32001,Ռուսաստանի Դաշնության կողմից Հայաստանի Հանրապետությանն անհատույց ֆինանսական օգնության դրամաշնորհային ծրագիր շրջանակներում ԿՖԿՏՀ ներդրում,ՀՀ ֆինանսների նախարարության և ՌԴ ֆինանսների նախարարության միջև` Ռուսաստանի Դաշնության կողմից ՀՀ անհատույց ֆինանսական օգնության դրամաշնորհային ծրագրի շրջանակներում Կառավարության ֆինանսական կառավարման տեղեկատվական համակարգերի ներդրում,Այլ պետական կազմակերպությունների կողմից օգտագործվող ոչ ֆինանսական ակտիվների հետ գործառնություններ,37351927.2,36122776.6,17978173.1,16884057.5,5628086.9,0.156,0.33299999999999996,8082124.1,8308273.7,4690739.3,5034100.4,1368293.6,0.165,0.272,1512585.5,1512585.5,907551.3,907551.3,0.0,0.0,0.0
ՀՀ ֆինանսների նախարարություն,1006,1006,Պետական պարտքի կառավարում,Կառավարության ֆինանսական կարիքների բավարարման մշտական հնարավորության ապահովումը` երկարաժամկետ հատվածում նվազեցնելով պարտքի սպասարկման մեծությունը,Կառավարության պարտքի օպտիմալ կառուցվածքի ձևավորում՛ հաշվի առնելով պոտենցիալ ռիսկերը,11002,Արտարժութային պետական պարտատոմսերի թողարկմանն առնչվող ծախսեր,"Պարտատոմսերի տեղաբաշխումների կազմակերպման, իրավասպասարկման, վարկանշման, ցուցակման ծառայությունների և իրավաբանական անձի նույնականիշի ձեռքբերման, պարտատոմսերի սեփականատիրոջ, իրավակարգավորման դաշտի, պահառուի փոփոխության գծով գործարքների դիմաց վճարումներ",Ծառայությունների մատուցում,438206441.7,419044161.6,212223529.9,203055631.9,189396373.9,0.452,0.9329999999999999,419962320.9,400625394.1,204060364.8,194735648.1,182272038.4,0.455,0.9359999999999999,5222.2,5016.0,2508.0,2508.0,1250.2,0.249,0.498
ՀՀ ֆինանսների նախարարություն,1006,1006,Պետական պարտքի կառավարում,Կառավարության ֆինանսական կարիքների բավարարման մշտական հնարավորության ապահովումը` երկարաժամկետ հատվածում նվազեցնելով պարտքի սպասարկման մեծությունը,Կառավարության պարտքի օպտիմալ կառուցվածքի ձևավորում՛ հաշվի առնելով պոտենցիալ ռիսկերը,11004,Պարտքի կառավարմանն առնչվող տեղեկատվական համակարգերի և ծրագրերի սպասարկում,Բլումբերգ և Ռոյթերս տեղեկատվական համակարգերի առևտրային տերմինալների սպասարկման ու պարտքի գրանցման և կառավարման DMFAS 6.0 համակարգի տեխնիկական սպասարկման ծառայությունների դիմաց վճարումներ,Ծառայությունների մատուցում,438206441.7,419044161.6,212223529.9,203055631.9,189396373.9,0.452,0.9329999999999999,419962320.9,400625394.1,204060364.8,194735648.1,182272038.4,0.455,0.9359999999999999,37993.2,36493.3,21246.7,21246.7,10837.0,0.297,0.51
ՀՀ ֆինանսների նախարարություն,1006,1006,Պետական պարտքի կառավարում,Կառավարության ֆինանսական կարիքների բավարարման մշտական հնարավորության ապահովումը` երկարաժամկետ հատվածում նվազեցնելով պարտքի սպասարկման մեծությունը,Կառավարության պարտքի օպտիմալ կառուցվածքի ձևավորում՛ հաշվի առնելով պոտենցիալ ռիսկերը,13001,Կառավարության պարտքի սպասարկում,Կառավարության պարտքի սպասարկում (տոկոսավճարներ),,438206441.7,419044161.6,212223529.9,203055631.9,189396373.9,0.452,0.9329999999999999,419962320.9,400625394.1,204060364.8,194735648.1,182272038.4,0.455,0.9359999999999999,419919105.5,400583884.8,204036610.1,194711893.4,182259951.2,0.455,0.9359999999999999
ՀՀ ֆինանսների նախարարություն,1031,1031,Հանրային հատվածի ֆինանսական ոլորտի մասնագետների վերապատրաստում,"Հանրային հատվածի ֆինանսական ոլորտի մասնագետների աշխատանքի  արդյունավետության բարելավում, հանրային ֆինանսների կառավարման նոր գիտելիքների և փորձի յուրացում",Հանրային հատվածի ֆինանսական ոլորտի մասնագետների գիտելիքների և կարողությունների բարելավում,11001,Հանրային հատվածի ֆինանսական ոլորտի մասնագետների վերապատրաստում,"Հանրային հատվածի որակավորված գնումների համակարգողների և ներքին աուդիտորների շարունակական մասնագիտական վերապատրաստում, հանրային ծրագրերի ֆինանսական և ծրագրային պատասխանատուների ԾԲ կարողությունների բարելավման դասընթացների կազմակերպում",Ծառայությունների մատուցում,438206441.7,419044161.6,212223529.9,203055631.9,189396373.9,0.452,0.9329999999999999,36483.7,44311.7,38831.7,38831.7,0.0,0.0,0.0,10960.0,10960.0,5480.0,5480.0,0.0,0.0,0.0
ՀՀ ֆինանսների նախարարություն,1031,1031,Հանրային հատվածի ֆինանսական ոլորտի մասնագետների վերապատրաստում,"Հանրային հատվածի ֆինանսական ոլորտի մասնագետների աշխատանքի  արդյունավետության բարելավում, հանրային ֆինանսների կառավարման նոր գիտելիքների և փորձի յուրացում",Հանրային հատվածի ֆինանսական ոլորտի մասնագետների գիտելիքների և կարողությունների բարելավում,11002,Եվրասիական զարգացման բանկի աջակցությամբ իրականացվող տեխնիկական աջակցության ծրագիր,ՀՀ ֆինանսների նախարարության ղեկավար կազմի կոմպետենցիաների զարգացում և առաջնորդական  հմտությունների ուսուցում,Ծառայությունների մատուցում,438206441.7,419044161.6,212223529.9,203055631.9,189396373.9,0.452,0.9329999999999999,36483.7,44311.7,38831.7,38831.7,0.0,0.0,0.0,25523.7,33351.7,33351.7,33351.7,0.0,0.0,0.0
ՀՀ ֆինանսների նախարարություն,1108,1108,"Հանրային ֆինանսների կառավարման բնագավառում պետական քաղաքականության մշակում, ծրագրերի համակարգում և մոնիտորինգ","Հարկաբյուջետային քաղաքականության մշակում և իրականացման ապահովում, հանրային ֆինանսների արդյունավետ կառավարում","Հանրային ֆինանսների ձևավորման, բաշխման և օգտագործման արդյունավետության աճ, ֆինանսական կարգապահության բարելավում",11001,"Պլանավորում, բյուջետավորում, գանձապետական ծառայություններ, պետական պարտքի կառավարում, տնտեսական և հարկաբյուջետային քաղաքականության մշակում և մոնիտորինգ","Քաղաքականության մշակման և դրա կատարման համակարգման, պետական ծրագրերի պլանավորման, մշակման, իրականացման և մոնիտորինգի (վերահսկման) ծառայություններ",,438206441.7,419044161.6,212223529.9,203055631.9,189396373.9,0.452,0.9329999999999999,4588337.1,4755155.8,1989683.4,2146502.1,1539567.8,0.324,0.7170000000000001,2779287.3,2816208.4,1203206.1,1230127.2,1037446.8,0.368,0.843
ՀՀ ֆինանսների նախարարություն,1108,1108,"Հանրային ֆինանսների կառավարման բնագավառում պետական քաղաքականության մշակում, ծրագրերի համակարգում և մոնիտորինգ","Հարկաբյուջետային քաղաքականության մշակում և իրականացման ապահովում, հանրային ֆինանսների արդյունավետ կառավարում","Հանրային ֆինանսների ձևավորման, բաշխման և օգտագործման արդյունավետության աճ, ֆինանսական կարգապահության բարելավում",11002,Ֆինանսական կառավարման համակարգի վճարահաշվարկային ծառայություններ,"Ֆինանսական կառավարման համակարգի վճարահաշվարկային գործառույթներն ապահովող համակարգերի սպասարկում, այդ թվում՛ «LSFinance (ԳԳՕ)», «Client Treasury», «LSBudget», e-payments, ներքին աուդիտի միասնական կառավարման տեղեկ. համակարգ, բանկային ծառայություններ:",,438206441.7,419044161.6,212223529.9,203055631.9,189396373.9,0.452,0.9329999999999999,4588337.1,4755155.8,1989683.4,2146502.1,1539567.8,0.324,0.7170000000000001,541200.0,541200.0,243540.0,243540.0,195435.4,0.361,0.802
ՀՀ ֆինանսների նախարարություն,1108,1108,"Հանրային ֆինանսների կառավարման բնագավառում պետական քաղաքականության մշակում, ծրագրերի համակարգում և մոնիտորինգ","Հարկաբյուջետային քաղաքականության մշակում և իրականացման ապահովում, հանրային ֆինանսների արդյունավետ կառավարում","Հանրային ֆինանսների ձևավորման, բաշխման և օգտագործման արդյունավետության աճ, ֆինանսական կարգապահության բարելավում",11003,ՀՀ միջազգային վարկանիշի տրամադրում,"ՀՀ տնտեսական, քաղաքական և ֆինանսական ցուցանիշների գնահատման, գնահատականների  հիման վրա վարկանիշի շնորհման նպատակով համագործակցություն վարկանիշ շնորհող հեղինակավոր միջազգային ընկերությունների հետ",Ծառայությունների մատուցում,438206441.7,419044161.6,212223529.9,203055631.9,189396373.9,0.452,0.9329999999999999,4588337.1,4755155.8,1989683.4,2146502.1,1539567.8,0.324,0.7170000000000001,105089.2,105089.2,105089.2,105089.2,36652.1,0.349,0.349
ՀՀ ֆինանսների նախարարություն,1108,1108,"Հանրային ֆինանսների կառավարման բնագավառում պետական քաղաքականության մշակում, ծրագրերի համակարգում և մոնիտորինգ","Հարկաբյուջետային քաղաքականության մշակում և իրականացման ապահովում, հանրային ֆինանսների արդյունավետ կառավարում","Հանրային ֆինանսների ձևավորման, բաշխման և օգտագործման արդյունավետության աճ, ֆինանսական կարգապահության բարելավում",11005,"ՀՀ պետական կառավարման մարմինների կողմից  դիմումներ, հայցադիմումներ, դատարանի վճիռների  և որոշումների դեմ վերաքննիչ և վճռաբեկ բողոքներ ներկայացնելիս` «Պետական տուրքի մասին» ՀՀ օրենքով սահմանված վճարումներ","ՀՀ պետական կառավարման մարմինների կողմից  դիմումներ, հայցադիմումներ, դատարանի վճիռների  և որոշումների դեմ վերաքննիչ և վճռաբեկ բողոքներ ներկայացնելիս` «Պետական տուրքի մասին» ՀՀ օրենքով սահմանված վճարումներ",,438206441.7,419044161.6,212223529.9,203055631.9,189396373.9,0.452,0.9329999999999999,4588337.1,4755155.8,1989683.4,2146502.1,1539567.8,0.324,0.7170000000000001,0.0,40144.9,0.0,40144.9,40144.9,1.0,1.0
ՀՀ ֆինանսների նախարարություն,1108,1108,"Հանրային ֆինանսների կառավարման բնագավառում պետական քաղաքականության մշակում, ծրագրերի համակարգում և մոնիտորինգ","Հարկաբյուջետային քաղաքականության մշակում և իրականացման ապահովում, հանրային ֆինանսների արդյունավետ կառավարում","Հանրային ֆինանսների ձևավորման, բաշխման և օգտագործման արդյունավետության աճ, ֆինանսական կարգապահության բարելավում",11011,Պետական բյուջետային ծրագրերի գնահատում,"Իրականացնել  բյուջետային ծրագրերի վերլուծություն, գնահատում, աուդիտ՛ հրապարակելով արդյունքները",Ծառայությունների մատուցում,438206441.7,419044161.6,212223529.9,203055631.9,189396373.9,0.452,0.9329999999999999,4588337.1,4755155.8,1989683.4,2146502.1,1539567.8,0.324,0.7170000000000001,150000.0,150000.0,77250.0,77250.0,0.0,0.0,0.0
ՀՀ ֆինանսների նախարարություն,1108,1108,"Հանրային ֆինանսների կառավարման բնագավառում պետական քաղաքականության մշակում, ծրագրերի համակարգում և մոնիտորինգ","Հարկաբյուջետային քաղաքականության մշակում և իրականացման ապահովում, հանրային ֆինանսների արդյունավետ կառավարում","Հանրային ֆինանսների ձևավորման, բաշխման և օգտագործման արդյունավետության աճ, ֆինանսական կարգապահության բարելավում",11012,«Կառավարության ֆինանսների կառավարման տեղեկատվական համակարգի (ԿՖԿՏՀ)» ներդրման ծրագրի շրջանակներում ծրագրի կառավարման խորհրդատվական ծառայությունների ձեռքբերում,«Կառավարության ֆինանսների կառավարման տեղեկատվական համակարգի (ԿՖԿՏՀ)» ներդրման ծրագրի շրջանակներում ծրագրի կառավարման խորհրդատվական ծառայությունների ձեռքբերում,,438206441.7,419044161.6,212223529.9,203055631.9,189396373.9,0.452,0.9329999999999999,4588337.1,4755155.8,1989683.4,2146502.1,1539567.8,0.324,0.7170000000000001,447994.8,447994.8,93332.3,93332.3,0.0,0.0,0.0
ՀՀ ֆինանսների նախարարություն,1108,1108,"Հանրային ֆինանսների կառավարման բնագավառում պետական քաղաքականության մշակում, ծրագրերի համակարգում և մոնիտորինգ","Հարկաբյուջետային քաղաքականության մշակում և իրականացման ապահովում, հանրային ֆինանսների արդյունավետ կառավարում","Հանրային ֆինանսների ձևավորման, բաշխման և օգտագործման արդյունավետության աճ, ֆինանսական կարգապահության բարելավում",11013,Հանրային ներդրումային ծրագրերի նախագծերի տեխնիկատնտեսական ուսումնասիրություն,"Հանրային ներդրումային ծրագրերի տեխնիկատնտեսական ուսումնասիրություն, մասնավորապես  ծրագրերին առնչվող էական նշանակություն ունեցող բոլոր հարցերի վերաբերյալ կատարված նախնական ուսումնասիրություն",,438206441.7,419044161.6,212223529.9,203055631.9,189396373.9,0.452,0.9329999999999999,4588337.1,4755155.8,1989683.4,2146502.1,1539567.8,0.324,0.7170000000000001,250000.0,250000.0,62500.0,62500.0,0.0,0.0,0.0
ՀՀ ֆինանսների նախարարություն,1108,1108,"Հանրային ֆինանսների կառավարման բնագավառում պետական քաղաքականության մշակում, ծրագրերի համակարգում և մոնիտորինգ","Հարկաբյուջետային քաղաքականության մշակում և իրականացման ապահովում, հանրային ֆինանսների արդյունավետ կառավարում","Հանրային ֆինանսների ձևավորման, բաշխման և օգտագործման արդյունավետության աճ, ֆինանսական կարգապահության բարելավում",11014,ԵԶԲ աջակցությամբ ՀՀ ֆինանսների նախարարության համար պետական-մասնավոր գործընկերության ոլորտի ինստիտուցիոնալ կարողությունների ամրապնդում,Պետական և մասնավոր հատվածների գործընկերության (ՊՄԳ)  կենտրոնի տարածքային զարգացում,Ծառայությունների մատուցում,438206441.7,419044161.6,212223529.9,203055631.9,189396373.9,0.452,0.9329999999999999,4588337.1,4755155.8,1989683.4,2146502.1,1539567.8,0.324,0.7170000000000001,77765.2,73071.3,77765.2,73071.3,27448.5,0.376,0.376
ՀՀ ֆինանսների նախարարություն,1108,1108,"Հանրային ֆինանսների կառավարման բնագավառում պետական քաղաքականության մշակում, ծրագրերի համակարգում և մոնիտորինգ","Հարկաբյուջետային քաղաքականության մշակում և իրականացման ապահովում, հանրային ֆինանսների արդյունավետ կառավարում","Հանրային ֆինանսների ձևավորման, բաշխման և օգտագործման արդյունավետության աճ, ֆինանսական կարգապահության բարելավում",11015,Պետական կառավարման  մարմինների կատարողականի գնահատում և խրախուսում,"Պետական մարմնի գործունեության առաջնահերթությունների սահմանում, կատարողականի գնահատման հիման վրա՛ խրախուսման միջոցով արդյունավետության բարձրացում",Ծառայությունների մատուցում,438206441.7,419044161.6,212223529.9,203055631.9,189396373.9,0.452,0.9329999999999999,4588337.1,4755155.8,1989683.4,2146502.1,1539567.8,0.324,0.7170000000000001,0.0,89752.8,0.0,89752.8,82282.1,0.917,0.917
ՀՀ ֆինանսների նախարարություն,1108,1108,"Հանրային ֆինանսների կառավարման բնագավառում պետական քաղաքականության մշակում, ծրագրերի համակարգում և մոնիտորինգ","Հարկաբյուջետային քաղաքականության մշակում և իրականացման ապահովում, հանրային ֆինանսների արդյունավետ կառավարում","Հանրային ֆինանսների ձևավորման, բաշխման և օգտագործման արդյունավետության աճ, ֆինանսական կարգապահության բարելավում",12001,Դատական ակտերի հիման վրա ՀՀ պետական բյուջեից բռնագանձման ենթակա գումարների վճարում,Դատական ակտերի հիման վրա ՀՀ պետական բյուջեից բռնագանձման ենթակա գումարների վճարում,Տրանսֆերտների տրամադրում,438206441.7,419044161.6,212223529.9,203055631.9,189396373.9,0.452,0.9329999999999999,4588337.1,4755155.8,1989683.4,2146502.1,1539567.8,0.324,0.7170000000000001,200000.0,200000.0,90000.0,90000.0,78840.7,0.39399999999999996,0.8759999999999999
ՀՀ ֆինանսների նախարարություն,1108,1108,"Հանրային ֆինանսների կառավարման բնագավառում պետական քաղաքականության մշակում, ծրագրերի համակարգում և մոնիտորինգ","Հարկաբյուջետային քաղաքականության մշակում և իրականացման ապահովում, հանրային ֆինանսների արդյունավետ կառավարում","Հանրային ֆինանսների ձևավորման, բաշխման և օգտագործման արդյունավետության աճ, ֆինանսական կարգապահության բարելավում",31003,ԵԶԲ աջակցությամբ «ՀՀ ֆինանսների նախարարության համար պետական-մասնավոր գործընկերության ոլորտի ինստիտուցիոնալ կարողությունների ամրապնդմանն ուղղված տեխնիկական աջակցության տրամադրման մասին» դրամաշնորհային ծրագրի իրականացում,Տեխնիկական հագեցվածության ապահովում,Պետական մարմինների կողմից օգտագործվող ոչ ֆինանսական ակտիվների հետ գործառնություններ,438206441.7,419044161.6,212223529.9,203055631.9,189396373.9,0.452,0.9329999999999999,4588337.1,4755155.8,1989683.4,2146502.1,1539567.8,0.324,0.7170000000000001,37000.6,41694.5,37000.6,41694.5,41317.3,0.991,0.991
ՀՀ ֆինանսների նախարարություն,1137,1137,Գնումների գործընթացի կարգավորում և համակարգում,Հանրային միջոցների ծախսման արդյունավետության բարձրացում և կոռուպցիոն ռիսկերի նվազեցում,"Պետական գնումների գործընթացի թափանցիկության, հրապարակայնությն և մրցակցության աստիճանի բարձրացում",11001,Էլեկտրոնային գնումների համակարգի տեխնիկական սպասարկում,«LSFinance (ԳԳՕ)» էլեկտրոնային գնումների համակարգի սպասարկում,Ծառայությունների մատուցում,438206441.7,419044161.6,212223529.9,203055631.9,189396373.9,0.452,0.9329999999999999,119300.0,119300.0,59650.0,59650.0,48714.2,0.408,0.8170000000000001,19700.0,19700.0,9850.0,9850.0,8044.2,0.408,0.8170000000000001
ՀՀ ֆինանսների նախարարություն,1137,1137,Գնումների գործընթացի կարգավորում և համակարգում,Հանրային միջոցների ծախսման արդյունավետության բարձրացում և կոռուպցիոն ռիսկերի նվազեցում,"Պետական գնումների գործընթացի թափանցիկության, հրապարակայնությն և մրցակցության աստիճանի բարձրացում",11003,"Գնումների պլանների կազմման, էլեկտրոնային մրցույթների անցկացման, պայմանագրերի կատարման և գնումների հաշվետվողականության` միմյանց ինտեգրված մոդուլների տեխնիկական սպասարկում",Armeps.am և Armeps.am/ppcm գնումների համակարգերի սպասարկում:,,438206441.7,419044161.6,212223529.9,203055631.9,189396373.9,0.452,0.9329999999999999,119300.0,119300.0,59650.0,59650.0,48714.2,0.408,0.8170000000000001,99600.0,99600.0,49800.0,49800.0,40670.0,0.408,0.8170000000000001
ՀՀ ֆինանսների նախարարություն,1242,1242,Հայկական վճարահաշվային համակարգի լավարկում,Arca ազգային վճարահաշվային համակարգի կատարելագործում,Arca ազգային վճարահաշվային համակարգի կիրառման շրջանակի ընդլայնում,12001,Arca ազգային վճարահաշվային համակարգով անկանխիկ վճարումներից հետվճարի տրամադրում,Arca ազգային վճարահաշվային համակարգով անկանխիկ վճարումներից հետվճարի տրամադրում,Տրանսֆերտների տրամադրում,438206441.7,419044161.6,212223529.9,203055631.9,189396373.9,0.452,0.9329999999999999,3500000.0,3500000.0,1575000.0,1575000.0,1036053.6,0.29600000000000004,0.6579999999999999,3500000.0,3500000.0,1575000.0,1575000.0,1036053.6,0.29600000000000004,0.6579999999999999
ՀՀ ֆինանսների նախարարություն,1243,1243,Սոցիալական ծախսերի փոխհատուցման ապահովում,Եկամուտների հայտարարագրման համակարգի շրջանակում սոցիալական ծախսերի փոխհատուցում,"Սոցիալական ծախսերի փոխհատուցման համակարգի  ժամանակին, անխափան և թափանցիկ գործարկում",12001,Հայտարարատու համարվող անձանց` օրենսդրությամբ սահմանված սոցիալական ծախսերի ուղղություններով կատարված ծախսերի փոխհատուցում,Օրեսդրությամբ սահմանված ուղղություններով անկանխիկ եղանակով սոցիալական ծախսեր կատարած` հայտարարատու համարվող ֆիզիկական անձանց ծախսերի փոխհատուցում,Տրանսֆերտների տրամադրում,438206441.7,419044161.6,212223529.9,203055631.9,189396373.9,0.452,0.9329999999999999,10000000.0,10000000.0,4500000.0,4500000.0,4500000.0,0.45,1.0,10000000.0,10000000.0,4500000.0,4500000.0,4500000.0,0.45,1.0
ՀՀ ներքին գործերի նախարարություն,1028,1028,Տեխնիկական անվտանգության կանոնակարգում,Արտադրական վտանգավոր օբյեկտների շահագործմամբ պայմանավորված տեխնածին վթարների և դրանց հետևանքով հասարակությանը և տնտեսությանը պատճառվող վնասների ռիսկերի նվազեցում,"Տեխնածին վթարների կանխարգելում,  տեխնածին վթարներից մահացու կամ ծանր ելքերով դեպքերի կրճատում",11002,«Նաիրիտ գործարան» ՓԲԸ-ի անվտանգության ապահովում,"«Նաիրիտ գործարան» ՓԲԸ-ի տեխնոլոգիական համակարգերում, տարողություններում և սարքավորումներում առկա քիմիական նյութերի և սարքավորումների անվտանգ պահպանություն",Ծառայությունների մատուցում,102644447.2,105178858.4,50706347.8,53193998.3,50057425.8,0.47600000000000003,0.941,276000.0,276000.0,138000.0,138000.0,138000.0,0.5,1.0,276000.0,276000.0,138000.0,138000.0,138000.0,0.5,1.0
ՀՀ ներքին գործերի նախարարություն,1089,1089,Սեյսմիկ պաշտպանություն,Սեյսմիկ ռիսկերի գնահատում և նվազեցում,Սեյսմիկ վտանգի և ռիսկերի պատշաճ գնահատում և սեյսմիկ խոցելիության և սեյսմիկ ռիսկերի նվազեցում,11001,Սեյսմիկ պաշտպանության ոլորտում ծառայությունների տրամադրում,"Սեյսմիկ վտանգի մոնիտորինգի ապահովում, դրա հետ կապված այլ երկրորդային վտանգների գնահատում, ՀՀ տարածքում և տարածաշրջանում տեղի ունեցող երկրաշարժների գրանցում, մշակում և դրանց մասին հաղորդագրությունների տրամադրում",Ծառայությունների մատուցում,102644447.2,105178858.4,50706347.8,53193998.3,50057425.8,0.47600000000000003,0.941,747956.2,747956.2,373978.0,373978.0,324402.8,0.434,0.867,648805.8,648805.8,324402.8,324402.8,324402.8,0.5,1.0
ՀՀ ներքին գործերի նախարարություն,1089,1089,Սեյսմիկ պաշտպանություն,Սեյսմիկ ռիսկերի գնահատում և նվազեցում,Սեյսմիկ վտանգի և ռիսկերի պատշաճ գնահատում և սեյսմիկ խոցելիության և սեյսմիկ ռիսկերի նվազեցում,31001,Սեյսմիկ պաշտպանության համակարգի ազգային դիտացանցի արդիականացում,"Սեյսմիկ վտանգի գնահատում, երկրաշարժերի և դրա հետ կապված երկրորդային  սեյսմիկ վտանգների ազգային մոնիթորինգային դիտացանցի արդիականացում և ընդլայնում նոր GPS  կայաններով",,102644447.2,105178858.4,50706347.8,53193998.3,50057425.8,0.47600000000000003,0.941,747956.2,747956.2,373978.0,373978.0,324402.8,0.434,0.867,99150.4,99150.4,49575.2,49575.2,0.0,0.0,0.0
ՀՀ ներքին գործերի նախարարություն,1090,1090,Փրկարարական ծառայություններ,Արտակարգ իրավիճակների արդյունավետ արձագանք,"Արտակարգ իրավիճակների հնարավոր դեպքերի կանխում, դրանց ժամանակին արձագանքում, հետևանքների նվազեցում և բնակչության պաշտպանություն",11001,Փրկարարական ծառայություններ,"Հրդեհաշիջման, հակահրդեհային քարոզչության, բնական և տեխնածին աղետների ժամանակ բնակչության և կառույցների պաշտպանություն",Ծառայությունների մատուցում,102644447.2,105178858.4,50706347.8,53193998.3,50057425.8,0.47600000000000003,0.941,14070326.5,14114246.5,6939774.3,6983694.3,6084053.1,0.431,0.871,13639803.1,13639803.1,6763929.2,6763929.2,6065874.9,0.445,0.897
ՀՀ ներքին գործերի նախարարություն,1090,1090,Փրկարարական ծառայություններ,Արտակարգ իրավիճակների արդյունավետ արձագանք,"Արտակարգ իրավիճակների հնարավոր դեպքերի կանխում, դրանց ժամանակին արձագանքում, հետևանքների նվազեցում և բնակչության պաշտպանություն",11003,Արտակարգ իրավիճակներում մարդասիրական աջակցության կազմակերպում,"ՀՀ, ՌԴ և երրորդ երկրների տարածքում արտակարգ իրավիճակների կանխարգելման աշխատանքների մասնակցություն և արտակարգ իրավիճակներից տուժած բնակչությանը մարդասիրական օգնության ցուցաբերում",Ծառայությունների մատուցում,102644447.2,105178858.4,50706347.8,53193998.3,50057425.8,0.47600000000000003,0.941,14070326.5,14114246.5,6939774.3,6983694.3,6084053.1,0.431,0.871,36356.7,36356.7,18178.4,18178.4,18178.2,0.5,1.0
ՀՀ ներքին գործերի նախարարություն,1090,1090,Փրկարարական ծառայություններ,Արտակարգ իրավիճակների արդյունավետ արձագանք,"Արտակարգ իրավիճակների հնարավոր դեպքերի կանխում, դրանց ժամանակին արձագանքում, հետևանքների նվազեցում և բնակչության պաշտպանություն",31001,Փրկարարական ծառայության տեխնիկական հագեցվածության բարելավում,Փրկարարական ծառայության աշխատակազմի աշխատանքային պայմանների բարելավման համար վարչական սարքավորումների ձեռքբերում,Պետական մարմինների կողմից օգտագործվող ոչ ֆինանսական ակտիվների հետ գործառնություններ,102644447.2,105178858.4,50706347.8,53193998.3,50057425.8,0.47600000000000003,0.941,14070326.5,14114246.5,6939774.3,6983694.3,6084053.1,0.431,0.871,0.0,43920.0,0.0,43920.0,0.0,0.0,0.0
ՀՀ ներքին գործերի նախարարություն,1090,1090,Փրկարարական ծառայություններ,Արտակարգ իրավիճակների արդյունավետ արձագանք,"Արտակարգ իրավիճակների հնարավոր դեպքերի կանխում, դրանց ժամանակին արձագանքում, հետևանքների նվազեցում և բնակչության պաշտպանություն",31002,ՆԳՆ փրկարար ծառայության հրշեջ-փրկարարական գույքի բարելավմանե ներդրումային ծրագրի իրականացում,"ՀՀ ՆԳՆ փրկարար ծառայության հրշեջ փրկարարական գույքի բարելավման ծրագիր շրջանակներում Արմավիրի, Կոտայքի,Արարատի  և Արագածոտնի մարզերում հրդեհներին, արտակարգ դեպքերին  և պատահարներին արագ արձագանքելու համար փրկարարական, հրդեհաշիջման մեքենաների ձեռքերում:",Պետական մարմինների կողմից օգտագործվող ոչ ֆինանսական ակտիվների հետ գործառնություններ,102644447.2,105178858.4,50706347.8,53193998.3,50057425.8,0.47600000000000003,0.941,14070326.5,14114246.5,6939774.3,6983694.3,6084053.1,0.431,0.871,394166.7,394166.7,157666.7,157666.7,0.0,0.0,0.0
ՀՀ ներքին գործերի նախարարություն,1101,1101,ՀՀ ՆԳՆ կրթական ծառայություններ,Ոստիկանության ծառայողների մասնագիտական գիտելիքների և գործնական  հմտությունների ձևավորում,Ոստիկանության ծառայողների մասնագիտական կարողությունների ապահովում,11001,Բարձրագույն մասնագիտական կրթության ծառայություն,Ոստիկանության ծառայողների բարձրագույն մասնագիտական կրթության ծառայություններ,Ծառայությունների մատուցում,102644447.2,105178858.4,50706347.8,53193998.3,50057425.8,0.47600000000000003,0.941,1554654.0,1648178.7,777327.2,824091.2,824061.2,0.5,1.0,784346.3,784346.3,392173.2,392173.2,392173.2,0.5,1.0
ՀՀ ներքին գործերի նախարարություն,1101,1101,ՀՀ ՆԳՆ կրթական ծառայություններ,Ոստիկանության ծառայողների մասնագիտական գիտելիքների և գործնական  հմտությունների ձևավորում,Ոստիկանության ծառայողների մասնագիտական կարողությունների ապահովում,11002,Միջին մասնագիտական կրթության ծառայություն,Ոստիկանության ծառայողների միջին մասնագիտական կրթական ծառայություններ,Ծառայությունների մատուցում,102644447.2,105178858.4,50706347.8,53193998.3,50057425.8,0.47600000000000003,0.941,1554654.0,1648178.7,777327.2,824091.2,824061.2,0.5,1.0,387451.2,480975.9,193725.6,240489.6,240489.6,0.5,1.0
ՀՀ ներքին գործերի նախարարություն,1101,1101,ՀՀ ՆԳՆ կրթական ծառայություններ,Ոստիկանության ծառայողների մասնագիտական գիտելիքների և գործնական  հմտությունների ձևավորում,Ոստիկանության ծառայողների մասնագիտական կարողությունների ապահովում,11003,Նախնական մասնագիտական կրթության ծառայություն,Ոստիկանության ծառայողների նախնական մասնագիտական կրթության ծառայություններ,,102644447.2,105178858.4,50706347.8,53193998.3,50057425.8,0.47600000000000003,0.941,1554654.0,1648178.7,777327.2,824091.2,824061.2,0.5,1.0,261831.8,261831.8,130916.0,130916.0,130916.0,0.5,1.0
ՀՀ ներքին գործերի նախարարություն,1101,1101,ՀՀ ՆԳՆ կրթական ծառայություններ,Ոստիկանության ծառայողների մասնագիտական գիտելիքների և գործնական  հմտությունների ձևավորում,Ոստիկանության ծառայողների մասնագիտական կարողությունների ապահովում,11004,Պետական և տեղական ինքնակառավարման մարմինների ղեկավար անձնակազմի և մասնագետների վերապատրաստման կազմակերպում,"Պետական և տեղական ինքնակառավարման մարմինների ղեկավար անձնակազմի և մասնագետների վերապատրաստում,  բնակչության ուսուցում, անվտանգության կանոնների կառուցում",Ծառայությունների մատուցում,102644447.2,105178858.4,50706347.8,53193998.3,50057425.8,0.47600000000000003,0.941,1554654.0,1648178.7,777327.2,824091.2,824061.2,0.5,1.0,121024.7,121024.7,60512.4,60512.4,60482.4,0.5,1.0
ՀՀ ներքին գործերի նախարարություն,1107,1107,Ռազմավարական նշանակության պաշարների կառավարում,Արտակարգ իրավիճակներում ռազմավարական նշանակության պաշարներով ապահովում,"Ռազմավարական նշանակության  պահուստների կուտակում, պահպանում և պետական պահուստների համակարգի կառավարում",11002,Նյութական ռեսուրսների ՀՀ պետական պահուստի ձևավորում և պահպանում,Նյութական ռեսուրսների ՀՀ պետական պահուստի ձևավորում և պահպանում,Ծառայությունների մատուցում,102644447.2,105178858.4,50706347.8,53193998.3,50057425.8,0.47600000000000003,0.941,29949.3,29949.3,14974.6,14974.6,0.0,0.0,0.0,29949.3,29949.3,14974.6,14974.6,0.0,0.0,0.0
ՀՀ ներքին գործերի նախարարություն,1234,1234,"Ներքին գործերի նախարարության ոլորտի քաղաքականության մշակում, կառավարում, կենտրոնացված միջոցառումներ, մոնիտորինգ և վերահսկողություն","Ներքին գործերի համակարգի՛ ոստիկանության, փրկարարծառայության և քաղաքացիական ծառայությանկազմակերպաիրավական կատարելագործում, դրանցգործունեության նկատմամբ հասարակական կարծիքիբարելավում և վստահության բարձրացում","Արդի մարտահրավերներին դիմակայող, պետական ևհասարակական պահանջարկը բավարարող, թափանցիկ,բարեվարք, հաշվետվողական գործունեության ապահովում",11001,"Ներքին գործերի նախարարության ոլորտի քաղաքականության մշակում, կառավարում, կենտրոնացված միջոցառումներ, մոնիտորինգ և վերահսկողություն","Ներքին գործերի նախարարության  բնագավառում պետական քաղաքականության մշակման և դրա կատարման համակարգման, պետական ծրագրերի մշակման, իրականացման, մոնիտորինգի, խորհրդատվության և աջակցության ծառայություններ",Ծառայությունների մատուցում,102644447.2,105178858.4,50706347.8,53193998.3,50057425.8,0.47600000000000003,0.941,85965561.2,88362527.7,42462293.7,44859260.2,42686908.8,0.483,0.9520000000000001,20130828.0,21230191.0,9843854.2,11837046.9,11040735.4,0.52,0.9329999999999999
ՀՀ ներքին գործերի նախարարություն,1234,1234,"Ներքին գործերի նախարարության ոլորտի քաղաքականության մշակում, կառավարում, կենտրոնացված միջոցառումներ, մոնիտորինգ և վերահսկողություն","Ներքին գործերի համակարգի՛ ոստիկանության, փրկարարծառայության և քաղաքացիական ծառայությանկազմակերպաիրավական կատարելագործում, դրանցգործունեության նկատմամբ հասարակական կարծիքիբարելավում և վստահության բարձրացում","Արդի մարտահրավերներին դիմակայող, պետական ևհասարակական պահանջարկը բավարարող, թափանցիկ,բարեվարք, հաշվետվողական գործունեության ապահովում",11006,"Անձի անհատական տվյալների, քաղաքացիության և հաշվառման վերաբերյալ տեղեկությունների ստացման, տրամադրման և փոխանակման ծառայությունների մատուցում, ճամփորդական փաստաթղթերում կենսաչափական տեխնոլոգիաների ներդրում, միգրացիոն քաղաքականության մշակում և իրականացում","ՀՀ քաղաքացու անձնագրի ձևակերպում, ՀՀ քաղաքացիություն ձեռք բերելու, դադարեցնելու, փախստականի կարգավիճակ ստացած, ՀՀ -ում մշտապես բնակվող քաղաքացիություն չունեցող անձանց, մուտքի վիզաների տրամադրում, միգրացիոն պետական քաղաքականության իրականացում",Ծառայությունների մատուցում,102644447.2,105178858.4,50706347.8,53193998.3,50057425.8,0.47600000000000003,0.941,85965561.2,88362527.7,42462293.7,44859260.2,42686908.8,0.483,0.9520000000000001,3287072.3,3148434.2,1556503.9,1433680.6,1219871.0,0.387,0.851
ՀՀ ներքին գործերի նախարարություն,1234,1234,"Ներքին գործերի նախարարության ոլորտի քաղաքականության մշակում, կառավարում, կենտրոնացված միջոցառումներ, մոնիտորինգ և վերահսկողություն","Ներքին գործերի համակարգի՛ ոստիկանության, փրկարարծառայության և քաղաքացիական ծառայությանկազմակերպաիրավական կատարելագործում, դրանցգործունեության նկատմամբ հասարակական կարծիքիբարելավում և վստահության բարձրացում","Արդի մարտահրավերներին դիմակայող, պետական ևհասարակական պահանջարկը բավարարող, թափանցիկ,բարեվարք, հաշվետվողական գործունեության ապահովում",11007,Առողջապահական ծառայությունների տրամադրում,"ՀՀ ՆԳՆ ոստիկանության բժշկական ծառայություններից օգտվելու իրավունք ունեցող անձանց ամբուլատոր-պոլիկլինիկական բուժապահովում, հակահամաճարակային միջոցառումների ծրագրավորում և իրականացում, բժշկական փորձաքննություն և ծառայողական պիտանելիության որոշում",Ծառայությունների մատուցում,102644447.2,105178858.4,50706347.8,53193998.3,50057425.8,0.47600000000000003,0.941,85965561.2,88362527.7,42462293.7,44859260.2,42686908.8,0.483,0.9520000000000001,480679.6,482036.3,238063.1,225612.5,180145.1,0.374,0.7979999999999999
ՀՀ ներքին գործերի նախարարություն,1234,1234,"Ներքին գործերի նախարարության ոլորտի քաղաքականության մշակում, կառավարում, կենտրոնացված միջոցառումներ, մոնիտորինգ և վերահսկողություն","Ներքին գործերի համակարգի՛ ոստիկանության, փրկարարծառայության և քաղաքացիական ծառայությանկազմակերպաիրավական կատարելագործում, դրանցգործունեության նկատմամբ հասարակական կարծիքիբարելավում և վստահության բարձրացում","Արդի մարտահրավերներին դիմակայող, պետական ևհասարակական պահանջարկը բավարարող, թափանցիկ,բարեվարք, հաշվետվողական գործունեության ապահովում",11008,Դեղորայքի տրամադրում ՀՀ ՆԳՆ ոստիկանության բժշկական վարչության ծառայություններից օգտվելու իրավունք ունեցող բուժօգնություն ստացողներին և հատուկ խմբերում ընդգրկված ֆիզիկական անձանց,"""Դեղորայքի տրամադրում ՀՀ ՆԳՆ ոստիկանության բժշկական վարչության ծառայություններից օգտվելու իրավունք ունեցող ամբուլատոր պոլիկլինիկական բուժօգնություն ստացողներին և հատուկ խմբերում ընդգրկված ֆիզիկական անձանց    """,,102644447.2,105178858.4,50706347.8,53193998.3,50057425.8,0.47600000000000003,0.941,85965561.2,88362527.7,42462293.7,44859260.2,42686908.8,0.483,0.9520000000000001,38742.5,38742.5,15497.0,15497.0,10734.9,0.27699999999999997,0.693
ՀՀ ներքին գործերի նախարարություն,1234,1234,"Ներքին գործերի նախարարության ոլորտի քաղաքականության մշակում, կառավարում, կենտրոնացված միջոցառումներ, մոնիտորինգ և վերահսկողություն","Ներքին գործերի համակարգի՛ ոստիկանության, փրկարարծառայության և քաղաքացիական ծառայությանկազմակերպաիրավական կատարելագործում, դրանցգործունեության նկատմամբ հասարակական կարծիքիբարելավում և վստահության բարձրացում","Արդի մարտահրավերներին դիմակայող, պետական ևհասարակական պահանջարկը բավարարող, թափանցիկ,բարեվարք, հաշվետվողական գործունեության ապահովում",11009,"Ոստիկանության Գվարդիայի կողմից հասարակական կարգի պահպանություն և հասարակական  անվտագության ապահովում, պետական պահպանության ենթակա կարևորագույն նշանակության օբյեկտների պահպանություն","Հասարակական կարգի պահպանության, անվտանգության ապահովման, պետական պահպանության ենթակա կարևորագույն նշանակության օբյեկտների պահպանության, հատուկ բեռների տեղափոխման անվտանգության և քրեական վարույթ իրականացնող մարմինների օժանդակման  աշխատանքների իրականացում",Ծառայությունների մատուցում,102644447.2,105178858.4,50706347.8,53193998.3,50057425.8,0.47600000000000003,0.941,85965561.2,88362527.7,42462293.7,44859260.2,42686908.8,0.483,0.9520000000000001,23495595.8,23276107.1,11532657.7,9721531.9,9376986.6,0.40299999999999997,0.965
ՀՀ ներքին գործերի նախարարություն,1234,1234,"Ներքին գործերի նախարարության ոլորտի քաղաքականության մշակում, կառավարում, կենտրոնացված միջոցառումներ, մոնիտորինգ և վերահսկողություն","Ներքին գործերի համակարգի՛ ոստիկանության, փրկարարծառայության և քաղաքացիական ծառայությանկազմակերպաիրավական կատարելագործում, դրանցգործունեության նկատմամբ հասարակական կարծիքիբարելավում և վստահության բարձրացում","Արդի մարտահրավերներին դիմակայող, պետական ևհասարակական պահանջարկը բավարարող, թափանցիկ,բարեվարք, հաշվետվողական գործունեության ապահովում",11017,"ՀՀ պետական կառավարման մարմինների կողմից  դիմումներ, հայցադիմումներ, դատարանի վճիռների  և որոշումների դեմ վերաքննիչ և վճռաբեկ բողոքներ ներկայացնելիս` «Պետական տուրքի մասին» ՀՀ օրենքով սահմանված վճարումներ","ՀՀ պետական կառավարման մարմինների կողմից  դիմումներ, հայցադիմումներ, դատարանի վճիռների  և որոշումների դեմ վերաքննիչ և վճռաբեկ բողոքներ ներկայացնելիս` «Պետական տուրքի մասին» ՀՀ օրենքով սահմանված վճարումներ",,102644447.2,105178858.4,50706347.8,53193998.3,50057425.8,0.47600000000000003,0.941,85965561.2,88362527.7,42462293.7,44859260.2,42686908.8,0.483,0.9520000000000001,0.0,21885.4,0.0,21885.4,21885.4,1.0,1.0
ՀՀ ներքին գործերի նախարարություն,1234,1234,"Ներքին գործերի նախարարության ոլորտի քաղաքականության մշակում, կառավարում, կենտրոնացված միջոցառումներ, մոնիտորինգ և վերահսկողություն","Ներքին գործերի համակարգի՛ ոստիկանության, փրկարարծառայության և քաղաքացիական ծառայությանկազմակերպաիրավական կատարելագործում, դրանցգործունեության նկատմամբ հասարակական կարծիքիբարելավում և վստահության բարձրացում","Արդի մարտահրավերներին դիմակայող, պետական ևհասարակական պահանջարկը բավարարող, թափանցիկ,բարեվարք, հաշվետվողական գործունեության ապահովում",11018,Ծանր և առանձնապես ծանր հանցագործությունների դեմ պայքար,"Ծանր և առանձնապես ծանր հանցագործությունների նախականխման, կանխման, խափանման, հայտնաբերման և բացահայտման ծառայություններ",Ծառայությունների մատուցում,102644447.2,105178858.4,50706347.8,53193998.3,50057425.8,0.47600000000000003,0.941,85965561.2,88362527.7,42462293.7,44859260.2,42686908.8,0.483,0.9520000000000001,4513614.7,4563341.3,2243075.2,2842894.8,2795147.8,0.613,0.983
ՀՀ ներքին գործերի նախարարություն,1234,1234,"Ներքին գործերի նախարարության ոլորտի քաղաքականության մշակում, կառավարում, կենտրոնացված միջոցառումներ, մոնիտորինգ և վերահսկողություն","Ներքին գործերի համակարգի՛ ոստիկանության, փրկարարծառայության և քաղաքացիական ծառայությանկազմակերպաիրավական կատարելագործում, դրանցգործունեության նկատմամբ հասարակական կարծիքիբարելավում և վստահության բարձրացում","Արդի մարտահրավերներին դիմակայող, պետական ևհասարակական պահանջարկը բավարարող, թափանցիկ,բարեվարք, հաշվետվողական գործունեության ապահովում",11019,Ոչ մեծ և միջին ծանրության հանցագործությունների դեմ պայքար,"Ոչ մեծ և միջին ծանրության հանցագործությունների  և այլ իրավախախտումների նախականխման, կանխման, խափանման, հայտնաբերման և բացահայտման ծառայություններ",Ծառայությունների մատուցում,102644447.2,105178858.4,50706347.8,53193998.3,50057425.8,0.47600000000000003,0.941,85965561.2,88362527.7,42462293.7,44859260.2,42686908.8,0.483,0.9520000000000001,14428820.1,14285569.6,7214410.0,7926108.4,7763811.8,0.5429999999999999,0.98
ՀՀ ներքին գործերի նախարարություն,1234,1234,"Ներքին գործերի նախարարության ոլորտի քաղաքականության մշակում, կառավարում, կենտրոնացված միջոցառումներ, մոնիտորինգ և վերահսկողություն","Ներքին գործերի համակարգի՛ ոստիկանության, փրկարարծառայության և քաղաքացիական ծառայությանկազմակերպաիրավական կատարելագործում, դրանցգործունեության նկատմամբ հասարակական կարծիքիբարելավում և վստահության բարձրացում","Արդի մարտահրավերներին դիմակայող, պետական ևհասարակական պահանջարկը բավարարող, թափանցիկ,բարեվարք, հաշվետվողական գործունեության ապահովում",11020,"Պարեկային ծառայության կողմից հասարակական կարգի պահպանություն, հասարակական անվտանգության և ճանապարհային երթևեկության անվտանգության  ապահովում","Պարեկային ծառայության կողմից հաս. կարգի պահպանության և անվտանգ., հանցագործ-ի և վարչ. իրավախախ-ի նախականխման, կանխման, խափանման, հայտնաբերման, բացահայտման և  ճան. երթ. անվտանգ. ապահովման ու ճանապարհատրանս-ն պատահար-ի կանխարգելման ծառայություններ",Ծառայությունների մատուցում,102644447.2,105178858.4,50706347.8,53193998.3,50057425.8,0.47600000000000003,0.941,85965561.2,88362527.7,42462293.7,44859260.2,42686908.8,0.483,0.9520000000000001,15714605.0,15900536.1,7845431.2,7321620.2,7188254.4,0.452,0.982
ՀՀ ներքին գործերի նախարարություն,1234,1234,"Ներքին գործերի նախարարության ոլորտի քաղաքականության մշակում, կառավարում, կենտրոնացված միջոցառումներ, մոնիտորինգ և վերահսկողություն","Ներքին գործերի համակարգի՛ ոստիկանության, փրկարարծառայության և քաղաքացիական ծառայությանկազմակերպաիրավական կատարելագործում, դրանցգործունեության նկատմամբ հասարակական կարծիքիբարելավում և վստահության բարձրացում","Արդի մարտահրավերներին դիմակայող, պետական ևհասարակական պահանջարկը բավարարող, թափանցիկ,բարեվարք, հաշվետվողական գործունեության ապահովում",11021,Տեխնիկական միջոցների օգտագործմամբ հանցագործությունների և վարչական իրավախախտումների հայտնաբերում,"Տեխնիկական միջոցների տեղադրման աշխ-ի իրականացում, շահագործում, սպասարկում, դրանց օգտագործ-բ հանցագործ-ր և վարչ. իրավախ-ի ամրագրում, ճան-ն երթևեկությանանվտանգ-ն ապահովման բնագավառի վարչ. իրավախախտումների գործերով վարույթի նախապատ. աշխ-ի իրականացում:",Ծառայությունների մատուցում,102644447.2,105178858.4,50706347.8,53193998.3,50057425.8,0.47600000000000003,0.941,85965561.2,88362527.7,42462293.7,44859260.2,42686908.8,0.483,0.9520000000000001,3082000.0,3082000.0,1541000.0,1541000.0,1500000.0,0.48700000000000004,0.973
ՀՀ ներքին գործերի նախարարություն,1234,1234,"Ներքին գործերի նախարարության ոլորտի քաղաքականության մշակում, կառավարում, կենտրոնացված միջոցառումներ, մոնիտորինգ և վերահսկողություն","Ներքին գործերի համակարգի՛ ոստիկանության, փրկարարծառայության և քաղաքացիական ծառայությանկազմակերպաիրավական կատարելագործում, դրանցգործունեության նկատմամբ հասարակական կարծիքիբարելավում և վստահության բարձրացում","Արդի մարտահրավերներին դիմակայող, պետական ևհասարակական պահանջարկը բավարարող, թափանցիկ,բարեվարք, հաշվետվողական գործունեության ապահովում",11022,Ապաստան հայցողների կեցության խնդիրների լուծման միջոցառումների իրականացում,"Ապաստան հայցողներին և նրանց ընտանիքներին ժամանակավոր կացարանի,  իրավաբանական խորհրդատվական անվճար ծառայությունների մատուցում",Ծառայությունների մատուցում,102644447.2,105178858.4,50706347.8,53193998.3,50057425.8,0.47600000000000003,0.941,85965561.2,88362527.7,42462293.7,44859260.2,42686908.8,0.483,0.9520000000000001,87738.2,87738.2,43869.0,43869.0,43869.0,0.5,1.0
ՀՀ ներքին գործերի նախարարություն,1234,1234,"Ներքին գործերի նախարարության ոլորտի քաղաքականության մշակում, կառավարում, կենտրոնացված միջոցառումներ, մոնիտորինգ և վերահսկողություն","Ներքին գործերի համակարգի՛ ոստիկանության, փրկարարծառայության և քաղաքացիական ծառայությանկազմակերպաիրավական կատարելագործում, դրանցգործունեության նկատմամբ հասարակական կարծիքիբարելավում և վստահության բարձրացում","Արդի մարտահրավերներին դիմակայող, պետական ևհասարակական պահանջարկը բավարարող, թափանցիկ,բարեվարք, հաշվետվողական գործունեության ապահովում",11023,Պետական կառավարման  մարմինների կատարողականի գնահատում և խրախուսում,"Պետական մարմնի գործունեության առաջնահերթությունների սահմանում, կատարողականի գնահատման հիման վրա՛ խրախուսման միջոցով արդյունավետության բարձրացում",Ծառայությունների մատուցում,102644447.2,105178858.4,50706347.8,53193998.3,50057425.8,0.47600000000000003,0.941,85965561.2,88362527.7,42462293.7,44859260.2,42686908.8,0.483,0.9520000000000001,0.0,252196.0,0.0,252196.0,251439.0,0.997,0.997
ՀՀ ներքին գործերի նախարարություն,1234,1234,"Ներքին գործերի նախարարության ոլորտի քաղաքականության մշակում, կառավարում, կենտրոնացված միջոցառումներ, մոնիտորինգ և վերահսկողություն","Ներքին գործերի համակարգի՛ ոստիկանության, փրկարարծառայության և քաղաքացիական ծառայությանկազմակերպաիրավական կատարելագործում, դրանցգործունեության նկատմամբ հասարակական կարծիքիբարելավում և վստահության բարձրացում","Արդի մարտահրավերներին դիմակայող, պետական ևհասարակական պահանջարկը բավարարող, թափանցիկ,բարեվարք, հաշվետվողական գործունեության ապահովում",12001,Ժամանակավոր տեղավորման կենտրոնում չտեղավորված ապաստան հայցողներին դրամական օգնության տրամադրում,Ժամանակավոր տեղավորման կենտրոնում տեղավորման անհնարինության դեպքում կենսապահովման կարիքները հոգալու հնարավորություն չունեցող ապաստան հայցողներին դրամական օգնության տրամադրում,Տրանսֆերտների տրամադրում,102644447.2,105178858.4,50706347.8,53193998.3,50057425.8,0.47600000000000003,0.941,85965561.2,88362527.7,42462293.7,44859260.2,42686908.8,0.483,0.9520000000000001,5865.0,5865.0,2932.4,3432.4,3165.0,0.54,0.922
ՀՀ ներքին գործերի նախարարություն,1234,1234,"Ներքին գործերի նախարարության ոլորտի քաղաքականության մշակում, կառավարում, կենտրոնացված միջոցառումներ, մոնիտորինգ և վերահսկողություն","Ներքին գործերի համակարգի՛ ոստիկանության, փրկարարծառայության և քաղաքացիական ծառայությանկազմակերպաիրավական կատարելագործում, դրանցգործունեության նկատմամբ հասարակական կարծիքիբարելավում և վստահության բարձրացում","Արդի մարտահրավերներին դիմակայող, պետական ևհասարակական պահանջարկը բավարարող, թափանցիկ,բարեվարք, հաշվետվողական գործունեության ապահովում",31002,ՀՀ ՆԳՆ շենքային պայմանների բարելավում,"ՀՀ ՆԳՆ շենքերի կառուցում, կապիտալ վերանորոգում, նախագծանախահաշվային փաստաթղթերի ձեռքբերում և այլ համաշինարարական աշխատանքներ",Պետական մարմինների կողմից օգտագործվող ոչ ֆինանսական ակտիվների հետ գործառնություններ,102644447.2,105178858.4,50706347.8,53193998.3,50057425.8,0.47600000000000003,0.941,85965561.2,88362527.7,42462293.7,44859260.2,42686908.8,0.483,0.9520000000000001,700000.0,700000.0,385000.0,385000.0,379241.5,0.542,0.985
ՀՀ ներքին գործերի նախարարություն,1234,1234,"Ներքին գործերի նախարարության ոլորտի քաղաքականության մշակում, կառավարում, կենտրոնացված միջոցառումներ, մոնիտորինգ և վերահսկողություն","Ներքին գործերի համակարգի՛ ոստիկանության, փրկարարծառայության և քաղաքացիական ծառայությանկազմակերպաիրավական կատարելագործում, դրանցգործունեության նկատմամբ հասարակական կարծիքիբարելավում և վստահության բարձրացում","Արդի մարտահրավերներին դիմակայող, պետական ևհասարակական պահանջարկը բավարարող, թափանցիկ,բարեվարք, հաշվետվողական գործունեության ապահովում",31003,ՀՀ ՆԳՆ կարիքի բավարարում,ՀՀ ոստիկանության նյութատեխնիկական բազայով ապահովում,Տրանսֆերտների տրամադրում,102644447.2,105178858.4,50706347.8,53193998.3,50057425.8,0.47600000000000003,0.941,85965561.2,88362527.7,42462293.7,44859260.2,42686908.8,0.483,0.9520000000000001,0.0,1287885.1,0.0,1287885.1,911622.1,0.708,0.708
ՀՀ վիճակագրական կոմիտե,1143,1143,Ազգային պաշտոնական վիճակագրության արտադրություն և տարածում,"Տնտեսական և հասարակական գործընթացների վերաբերյալ պաշտոնական վիճակագրության մշակում, արտադրում ու տարածում","Նախատեսված ժամկետներով և պարբերականությամբ ամբողջական, համադրելի, արդիական և օգտատերերին հավասար մատչելիությամբ հասանելի պաշտոնական վիճակագրության ապահովում",11001,"Վիճակագրության քաղաքականության մշակում և իրականացում, պաշտոնական վիճակագրական տեղեկատվության մշակում, արտադրում և տարածում","Պաշտոնական վիճակագրության իրավական դաշտի ձևավորում և կատարելագործում, վիճտվյալների հավաքման մեթոդաբանության մշակում, միջազգային համեմատությունների անցկացում, բիզնես ռեգիստրի վարում, վիճակագրության մշակում, ամփոփ տեղեկատվության արտադրում և տարածում",,2103037.4,2157372.6,908388.9,962724.1,851726.6,0.395,0.885,2103037.4,2157372.6,908388.9,962724.1,851726.6,0.395,0.885,1460016.1,1460016.1,639202.1,639202.1,539969.9,0.37,0.845
ՀՀ վիճակագրական կոմիտե,1143,1143,Ազգային պաշտոնական վիճակագրության արտադրություն և տարածում,"Տնտեսական և հասարակական գործընթացների վերաբերյալ պաշտոնական վիճակագրության մշակում, արտադրում ու տարածում","Նախատեսված ժամկետներով և պարբերականությամբ ամբողջական, համադրելի, արդիական և օգտատերերին հավասար մատչելիությամբ հասանելի պաշտոնական վիճակագրության ապահովում",11002,Վիճակագրական տեղեկատվության հավաքում,"Տնային տնտեսությունների կենսապայմանների ամբողջացված հետազոտության,  աշխատուժի ընտրանքային հետազոտության, սպառողական ապրանքների գների, գյուղացիական տնտեսությունների  և սոցիալ-տնտեսական բնույթի այլ սկզբնական տեղեկատվության հավաքում",,2103037.4,2157372.6,908388.9,962724.1,851726.6,0.395,0.885,2103037.4,2157372.6,908388.9,962724.1,851726.6,0.395,0.885,585092.9,585092.9,245446.4,245446.4,238836.3,0.408,0.973
ՀՀ վիճակագրական կոմիտե,1143,1143,Ազգային պաշտոնական վիճակագրության արտադրություն և տարածում,"Տնտեսական և հասարակական գործընթացների վերաբերյալ պաշտոնական վիճակագրության մշակում, արտադրում ու տարածում","Նախատեսված ժամկետներով և պարբերականությամբ ամբողջական, համադրելի, արդիական և օգտատերերին հավասար մատչելիությամբ հասանելի պաշտոնական վիճակագրության ապահովում",11005,Հերթական գյուղատնտեսական համատարած հաշվառման նախապատրաստման և անցկացման միջոցառումների իրականացում,"Գյուղատնտեսական համատարած հաշվառման (ԳՀՀ) անցկացման նորմատիվ-իրավական դաշտի ձևավորում, կազմակերպամեթոդական դրույթների մշակում, վիճակագրական տվյալների հավաքման, մշակման, ամփոփման և ելքային արդյունքների ստացման մեթոդաբանության մշակում, ԳՀՀ անցկացում",Ծառայությունների մատուցում,2103037.4,2157372.6,908388.9,962724.1,851726.6,0.395,0.885,2103037.4,2157372.6,908388.9,962724.1,851726.6,0.395,0.885,57928.4,57928.4,23740.4,23740.4,21938.4,0.379,0.924
ՀՀ վիճակագրական կոմիտե,1143,1143,Ազգային պաշտոնական վիճակագրության արտադրություն և տարածում,"Տնտեսական և հասարակական գործընթացների վերաբերյալ պաշտոնական վիճակագրության մշակում, արտադրում ու տարածում","Նախատեսված ժամկետներով և պարբերականությամբ ամբողջական, համադրելի, արդիական և օգտատերերին հավասար մատչելիությամբ հասանելի պաշտոնական վիճակագրության ապահովում",11014,Պետական կառավարման  մարմինների կատարողականի գնահատում և խրախուսում,"Պետական մարմնի գործունեության առաջնահերթությունների սահմանում, կատարողականի գնահատման հիման վրա՛ խրախուսման միջոցով արդյունավետության բարձրացում",Ծառայությունների մատուցում,2103037.4,2157372.6,908388.9,962724.1,851726.6,0.395,0.885,2103037.4,2157372.6,908388.9,962724.1,851726.6,0.395,0.885,0.0,54335.2,0.0,54335.2,50982.0,0.938,0.938
ՀՀ հանրային ծառայությունները կարգավորող հանձնաժողով,1064,1064,Հանրային ծառայությունների ոլորտի կարգավորում,Հանրային ծառայությունների ոլորտում կարգավորման իրականացում,"Սպառողների և հանրային ծառայությունների ոլորտում կարգավորվող գործունեություն իրականացնող անձանց շահերի հավասարակշռում, կարգավորվող անձանց համար գործունեության միատեսակ պայմանների ստեղծում",11001,Հանրային ծառայությունների ոլորտում կարգավորման իրականացում,"Հանրային ծառայությունների ոլորտում կարգավորման ծառայություններ, այդ թվում` լիցենզիաների և թույլտվությունների տրամադրում, սակագների հայտերի քննում և սակագների սահմանում, սպառողների դիմումների քննում, մոնիտորինգի իրականացում",Ծառայությունների մատուցում,1249508.5,1249578.5,554777.6,554847.6,385091.0,0.308,0.6940000000000001,1249508.5,1249578.5,554777.6,554847.6,385091.0,0.308,0.6940000000000001,1055538.5,1055538.5,512037.6,512037.6,384820.6,0.365,0.752
ՀՀ հանրային ծառայությունները կարգավորող հանձնաժողով,1064,1064,Հանրային ծառայությունների ոլորտի կարգավորում,Հանրային ծառայությունների ոլորտում կարգավորման իրականացում,"Սպառողների և հանրային ծառայությունների ոլորտում կարգավորվող գործունեություն իրականացնող անձանց շահերի հավասարակշռում, կարգավորվող անձանց համար գործունեության միատեսակ պայմանների ստեղծում",11002,"ՀՀ պետական կառավարման մարմինների կողմից  դիմումներ, հայցադիմումներ, դատարանի վճիռների  և որոշումների դեմ վերաքննիչ և վճռաբեկ բողոքներ ներկայացնելիս` «Պետական տուրքի մասին» ՀՀ օրենքով սահմանված վճարումներ","ՀՀ պետական կառավարման մարմինների կողմից  դիմումներ, հայցադիմումներ, դատարանի վճիռների  և որոշումների դեմ վերաքննիչ և վճռաբեկ բողոքներ ներկայացնելիս` «Պետական տուրքի մասին» ՀՀ օրենքով սահմանված վճարումներ",,1249508.5,1249578.5,554777.6,554847.6,385091.0,0.308,0.6940000000000001,1249508.5,1249578.5,554777.6,554847.6,385091.0,0.308,0.6940000000000001,0.0,70.0,0.0,70.0,70.0,1.0,1.0
ՀՀ հանրային ծառայությունները կարգավորող հանձնաժողով,1064,1064,Հանրային ծառայությունների ոլորտի կարգավորում,Հանրային ծառայությունների ոլորտում կարգավորման իրականացում,"Սպառողների և հանրային ծառայությունների ոլորտում կարգավորվող գործունեություն իրականացնող անձանց շահերի հավասարակշռում, կարգավորվող անձանց համար գործունեության միատեսակ պայմանների ստեղծում",11003,Էներգետիկայի բնագավառում նախորդ տարվա ընթացքում իրականացված ներդրումների տեխնիկական աուդիտի իրականացում,Սակագներում ներդրումների (լրիվ կամ մասնակի) ներառման կամ մերժման նպատակով անկախ մասնագիտական կազմակերպության օբյեկտիվ և հիմնավոր գնահատականների ստացում ընկերությունների կողմից նախորդ տարում իրականացված ներդրումային ծրագրերի վերաբերյալ,,1249508.5,1249578.5,554777.6,554847.6,385091.0,0.308,0.6940000000000001,1249508.5,1249578.5,554777.6,554847.6,385091.0,0.308,0.6940000000000001,168000.0,168000.0,33600.0,33600.0,0.0,0.0,0.0
ՀՀ հանրային ծառայությունները կարգավորող հանձնաժողով,1064,1064,Հանրային ծառայությունների ոլորտի կարգավորում,Հանրային ծառայությունների ոլորտում կարգավորման իրականացում,"Սպառողների և հանրային ծառայությունների ոլորտում կարգավորվող գործունեություն իրականացնող անձանց շահերի հավասարակշռում, կարգավորվող անձանց համար գործունեության միատեսակ պայմանների ստեղծում",31001,Հանրային ծառայությունները կարգավորող հանձնաժողովի տեխնիկական հագեցվածության բարելավում,Հանրային ծառայությունները կարգավորող հանձնաժողովի աշխատանքային պայմանների բարելավման համար վարչական սարքավորումների ձեռքբերում,Պետական մարմինների կողմից օգտագործվող ոչ ֆինանսական ակտիվների հետ գործառնություններ,1249508.5,1249578.5,554777.6,554847.6,385091.0,0.308,0.6940000000000001,1249508.5,1249578.5,554777.6,554847.6,385091.0,0.308,0.6940000000000001,8170.0,8170.0,240.0,240.0,200.4,0.025,0.835
ՀՀ հանրային ծառայությունները կարգավորող հանձնաժողով,1064,1064,Հանրային ծառայությունների ոլորտի կարգավորում,Հանրային ծառայությունների ոլորտում կարգավորման իրականացում,"Սպառողների և հանրային ծառայությունների ոլորտում կարգավորվող գործունեություն իրականացնող անձանց շահերի հավասարակշռում, կարգավորվող անձանց համար գործունեության միատեսակ պայմանների ստեղծում",31003,ՀՀ հանրային ծառայությունները կարգավորող հանձնաժողովի շենքային պայմանների ապահովում և բարելավում,ՀՀ հանրային ծառայությունները կարգավորող հանձնաժողովի շենքային պայմանների ապահովում և բարելավում,,1249508.5,1249578.5,554777.6,554847.6,385091.0,0.308,0.6940000000000001,1249508.5,1249578.5,554777.6,554847.6,385091.0,0.308,0.6940000000000001,17800.0,17800.0,8900.0,8900.0,0.0,0.0,0.0
ՀՀ կենտրոնական ընտրական հանձնաժողով,1096,1096,"Ընտրական գործընթացների համակարգում,կանոնակարգում և տեղեկատվության տրամադրում",Օրինական և թափանցիկ ընտրական գործընթացների կազմակերպում և ապահովում,Ընտրական գործընթացների նկատմամբ հանրային վստահության մակարդակի բարձրացում,11001,"Կենտրոնական ընտրական հանձնաժողովի գործունեության ապահովում և ընտրական ծրագրերի համակարգման, կազմակերպման, անցկացման, մոնիտորինգի ծառայություններ","Ընտրական գործընթացների համակարգում, նախապարաստում,  իրականացում, հաշվետվական համակարգի կազմակերպում, վերլուծություն ընտրական պաշտոնյաների  վերապատրաստում,  տեղեկատվություն, քաղաքացիների դիմումների  և  բողոքների քննարկում",Ծառայությունների մատուցում,7513072.9,8058072.9,4724074.3,5269074.3,4480543.6,0.556,0.85,7513072.9,8058072.9,4724074.3,5269074.3,4480543.6,0.556,0.85,485127.8,485127.8,213534.9,213534.9,171280.6,0.353,0.802
ՀՀ կենտրոնական ընտրական հանձնաժողով,1096,1096,"Ընտրական գործընթացների համակարգում,կանոնակարգում և տեղեկատվության տրամադրում",Օրինական և թափանցիկ ընտրական գործընթացների կազմակերպում և ապահովում,Ընտրական գործընթացների նկատմամբ հանրային վստահության մակարդակի բարձրացում,11002,Ընտրական հանձնաժողովների անդամների մասնագիտական դասընթացների կազմակերպում,"Ընտրական հանձնաժողովների անդամների, անդամության թեկնածուների համար մասնագիտական դասընթացների կազմակերպում",Ծառայությունների մատուցում,7513072.9,8058072.9,4724074.3,5269074.3,4480543.6,0.556,0.85,7513072.9,8058072.9,4724074.3,5269074.3,4480543.6,0.556,0.85,58851.3,58851.3,58851.3,58851.3,52325.2,0.889,0.889
ՀՀ կենտրոնական ընտրական հանձնաժողով,1096,1096,"Ընտրական գործընթացների համակարգում,կանոնակարգում և տեղեկատվության տրամադրում",Օրինական և թափանցիկ ընտրական գործընթացների կազմակերպում և ապահովում,Ընտրական գործընթացների նկատմամբ հանրային վստահության մակարդակի բարձրացում,11003,Տեղական ինքնակառավարման մարմինների ընտրությունների կազմակերպում,"Տեղական ինքնակառավարման մարմինների ընտրությունների կազմակերպում, անցկացում և արդյունքների ամփոփում",Ծառայությունների մատուցում,7513072.9,8058072.9,4724074.3,5269074.3,4480543.6,0.556,0.85,7513072.9,8058072.9,4724074.3,5269074.3,4480543.6,0.556,0.85,2517405.7,2517405.7,0.0,0.0,0.0,0.0,0.0
ՀՀ կենտրոնական ընտրական հանձնաժողով,1096,1096,"Ընտրական գործընթացների համակարգում,կանոնակարգում և տեղեկատվության տրամադրում",Օրինական և թափանցիկ ընտրական գործընթացների կազմակերպում և ապահովում,Ընտրական գործընթացների նկատմամբ հանրային վստահության մակարդակի բարձրացում,11004,"ՀՀ Ազգային ժողովի հերթական և արտահերթ ընտրությունների, ինչպես նաև ՀՀ սահմանադրության հանրաքվեի կազմակերպում","ՀՀ Ազգային ժողովի հերթական և արտահերթ ընտրությունների, ինչպես նաև ՀՀ սահմանադրության հանրաքվեի  անցկացում և արդյունքների ամփոփում",Ծառայությունների մատուցում,7513072.9,8058072.9,4724074.3,5269074.3,4480543.6,0.556,0.85,7513072.9,8058072.9,4724074.3,5269074.3,4480543.6,0.556,0.85,4451688.1,4996688.1,4451688.1,4996688.1,4256937.8,0.852,0.852
Մրցակցության և սպառողների շահերի պաշտպանության հանձնաժողով,1034,1034,Տնտեսական մրցակցության պաշտպանություն,"Պաշտպանել և խրախուսել տնտեսական գործունեության ազատությունը, ապահովել բարեխիղճ մրցակցության համար անհրաժեշտ միջավայր, նպաստել ձեռնարկատիրության զարգացմանը և սպառողների շահերի պաշտպանությանը Հայաստանի Հանրապետությունում",Ազատ տնտեսական մրցակցության ապահովում,11001,Հայաստանի Հանրապետությունում տնտեսական մրցակցության պաշտպանության բնագավառում քաղաքականության մշակում և վերահսկողություն,"Տնտեսական մրցակցության պաշտպանության պետական քաղաքականության մշակման, վերահսկողության ծառայություններ, ապրանքային շուկաների կառուցվածքի ուսումնասիրություն, ծրագրերի համակարգում",Ծառայությունների մատուցում,614927.0,635104.7,263539.1,283716.8,263974.0,0.41600000000000004,0.93,614927.0,635104.7,263539.1,283716.8,263974.0,0.41600000000000004,0.93,614927.0,614927.0,263539.1,263539.1,246133.7,0.4,0.934
Մրցակցության և սպառողների շահերի պաշտպանության հանձնաժողով,1034,1034,Տնտեսական մրցակցության պաշտպանություն,"Պաշտպանել և խրախուսել տնտեսական գործունեության ազատությունը, ապահովել բարեխիղճ մրցակցության համար անհրաժեշտ միջավայր, նպաստել ձեռնարկատիրության զարգացմանը և սպառողների շահերի պաշտպանությանը Հայաստանի Հանրապետությունում",Ազատ տնտեսական մրցակցության ապահովում,11002,"ՀՀ պետական կառավարման մարմինների կողմից  դիմումներ, հայցադիմումներ, դատարանի վճիռների  և որոշումների դեմ վերաքննիչ և վճռաբեկ բողոքներ ներկայացնելիս` «Պետական տուրքի մասին» ՀՀ օրենքով սահմանված վճարումներ","ՀՀ պետական կառավարման մարմինների կողմից  դիմումներ, հայցադիմումներ, դատարանի վճիռների  և որոշումների դեմ վերաքննիչ և վճռաբեկ բողոքներ ներկայացնելիս` «Պետական տուրքի մասին» ՀՀ օրենքով սահմանված վճարումներ",,614927.0,635104.7,263539.1,283716.8,263974.0,0.41600000000000004,0.93,614927.0,635104.7,263539.1,283716.8,263974.0,0.41600000000000004,0.93,0.0,1591.6,0.0,1591.6,1591.6,1.0,1.0
Մրցակցության և սպառողների շահերի պաշտպանության հանձնաժողով,1034,1034,Տնտեսական մրցակցության պաշտպանություն,"Պաշտպանել և խրախուսել տնտեսական գործունեության ազատությունը, ապահովել բարեխիղճ մրցակցության համար անհրաժեշտ միջավայր, նպաստել ձեռնարկատիրության զարգացմանը և սպառողների շահերի պաշտպանությանը Հայաստանի Հանրապետությունում",Ազատ տնտեսական մրցակցության ապահովում,11004,Արտասահմանյան պատվիրակություններ,Արտասահմանյան պատվիրակություններ,Ծառայությունների մատուցում,614927.0,635104.7,263539.1,283716.8,263974.0,0.41600000000000004,0.93,614927.0,635104.7,263539.1,283716.8,263974.0,0.41600000000000004,0.93,0.0,18586.1,0.0,18586.1,16248.8,0.8740000000000001,0.8740000000000001
ՀՀ կադաստրի կոմիտե,1012,1012,Անշարժ գույքի կադաստրի վարման բնագավառում պետական քաղաքականության իրականացում,"Անշարժ գույքի պետական միասնական կադաստրի համակարգի զարգացում և պետության կողմից անշարժ գույքի նկատմամբ իրավունքների ճանաչում, երաշխավորում և պաշտպանություն",Անշարժ գույքի կադաստրի արդյունավետ համակարգի ապահովում և սեփականության իրավունքի պաշտպանություն,11001,"Գույքի նկատմամբ իրավունքների պետական գրանցում,գույքի և դրա նկատմամբ գրանցված իրավունքների և սահմանափակումների վերաբերյալ տեղեկատվության տրամադրում","Գույքի նկատմամբ իրավունքների պետական գրանցում, գրանցված իրավունքների և սահմանափակումների վերաբերյալ տեղեկատվության տրամադրում, համակարգված դիտարկումների և անշարժ գույքի շուկայի վերլուծությունների իրականացում և իրազեկման ծառայություններ",Ծառայությունների մատուցում,3961342.4,4080462.1,2005713.7,2124833.4,1645634.4,0.40299999999999997,0.774,3961342.4,4080462.1,2005713.7,2124833.4,1645634.4,0.40299999999999997,0.774,3912949.3,3935939.3,1979043.7,2002033.7,1550751.3,0.39399999999999996,0.775
ՀՀ կադաստրի կոմիտե,1012,1012,Անշարժ գույքի կադաստրի վարման բնագավառում պետական քաղաքականության իրականացում,"Անշարժ գույքի պետական միասնական կադաստրի համակարգի զարգացում և պետության կողմից անշարժ գույքի նկատմամբ իրավունքների ճանաչում, երաշխավորում և պաշտպանություն",Անշարժ գույքի կադաստրի արդյունավետ համակարգի ապահովում և սեփականության իրավունքի պաշտպանություն,11002,"ՀՀ պետական կառավարման մարմինների կողմից  դիմումներ, հայցադիմումներ, դատարանի վճիռների  և որոշումների դեմ վերաքննիչ և վճռաբեկ բողոքներ ներկայացնելիս` «Պետական տուրքի մասին» ՀՀ օրենքով սահմանված վճարումներ","ՀՀ պետական կառավարման մարմինների կողմից  դիմումներ, հայցադիմումներ, դատարանի վճիռների  և որոշումների դեմ վերաքննիչ և վճռաբեկ բողոքներ ներկայացնելիս` «Պետական տուրքի մասին» ՀՀ օրենքով սահմանված վճարումներ",,3961342.4,4080462.1,2005713.7,2124833.4,1645634.4,0.40299999999999997,0.774,3961342.4,4080462.1,2005713.7,2124833.4,1645634.4,0.40299999999999997,0.774,0.0,4295.0,0.0,4295.0,4295.0,1.0,1.0
ՀՀ կադաստրի կոմիտե,1012,1012,Անշարժ գույքի կադաստրի վարման բնագավառում պետական քաղաքականության իրականացում,"Անշարժ գույքի պետական միասնական կադաստրի համակարգի զարգացում և պետության կողմից անշարժ գույքի նկատմամբ իրավունքների ճանաչում, երաշխավորում և պաշտպանություն",Անշարժ գույքի կադաստրի արդյունավետ համակարգի ապահովում և սեփականության իրավունքի պաշտպանություն,11006,Պետական կառավարման  մարմինների կատարողականի գնահատում և խրախուսում,"Պետական մարմնի գործունեության առաջնահերթությունների սահմանում, կատարողականի գնահատման հիման վրա՛ խրախուսման միջոցով արդյունավետության բարձրացում",Ծառայությունների մատուցում,3961342.4,4080462.1,2005713.7,2124833.4,1645634.4,0.40299999999999997,0.774,3961342.4,4080462.1,2005713.7,2124833.4,1645634.4,0.40299999999999997,0.774,0.0,91834.7,0.0,91834.7,90588.1,0.986,0.986
ՀՀ կադաստրի կոմիտե,1012,1012,Անշարժ գույքի կադաստրի վարման բնագավառում պետական քաղաքականության իրականացում,"Անշարժ գույքի պետական միասնական կադաստրի համակարգի զարգացում և պետության կողմից անշարժ գույքի նկատմամբ իրավունքների ճանաչում, երաշխավորում և պաշտպանություն",Անշարժ գույքի կադաստրի արդյունավետ համակարգի ապահովում և սեփականության իրավունքի պաշտպանություն,31015,"Կադաստրային քարտեզներում  համայնքների վարչական սահմանների, կադաստրային թաղամասերի տեղադիրքի և սահմանների ուղղման նպատակով լրացուցիչ կետերի դիտարկման աշխատանքներ",ՀՀ համայնքների կադաստրային թաղամասերի ուղղման նպատակով լրացուցիչ կետերի դիտարկում,,3961342.4,4080462.1,2005713.7,2124833.4,1645634.4,0.40299999999999997,0.774,3961342.4,4080462.1,2005713.7,2124833.4,1645634.4,0.40299999999999997,0.774,48393.1,48393.1,26670.0,26670.0,0.0,0.0,0.0
Հեռուստատեսության և ռադիոյի հանձնաժողով,1007,1007,Տեսալսողական  մեդիայի ոլորտի կարգավորում,"Հեռարձակվող լրատվության միջոցների ազատության, անկախության և բազմազանության ապահովում, տեսալողական ոլորտի վերահսկում և կարգավորում","Հեռարձակվող լրատվության միջոցների ազատության, անկախության և  բազմազանության բարձր մակարդակ, մրցակցային հավասար պայմաններ,  տեսալսողական ոլորտում օրինախախտումների նվազեցում, հեղինակային իրավունքների պահպանություն, ոլորտի համաչափ զարգացում:",11001,Տեսալսողական մեդիայի ոլորտի կարգավորման ծառայություններ,"Տես.մեդիայի ոլորտի քաղ-ության, նորմ. իրավական ակտերի մշակում, հեղինակազորում, մրց-ների անցկացում, լից. տրամադր, տեսալս. ծրագրերի դիստրիբյ-ների ծանուց-րի հաստատում, մշտադիտ. գործընթաց, տեխնիկական պահանջների կատարման վերահսկ., վարչ. վարույթների իրակ.",Ծառայությունների մատուցում,374380.4,374402.4,160803.9,160825.9,157400.2,0.42,0.9790000000000001,374380.4,374402.4,160803.9,160825.9,157400.2,0.42,0.9790000000000001,374380.4,374380.4,160803.9,160803.9,157378.2,0.42,0.9790000000000001
Հեռուստատեսության և ռադիոյի հանձնաժողով,1007,1007,Տեսալսողական  մեդիայի ոլորտի կարգավորում,"Հեռարձակվող լրատվության միջոցների ազատության, անկախության և բազմազանության ապահովում, տեսալողական ոլորտի վերահսկում և կարգավորում","Հեռարձակվող լրատվության միջոցների ազատության, անկախության և  բազմազանության բարձր մակարդակ, մրցակցային հավասար պայմաններ,  տեսալսողական ոլորտում օրինախախտումների նվազեցում, հեղինակային իրավունքների պահպանություն, ոլորտի համաչափ զարգացում:",11002,"ՀՀ պետական կառավարման մարմինների կողմից  դիմումներ, հայցադիմումներ, դատարանի վճիռների  և որոշումների դեմ վերաքննիչ և վճռաբեկ բողոքներ ներկայացնելիս` «Պետական տուրքի մասին» ՀՀ օրենքով սահմանված վճարումներ","ՀՀ պետական կառավարման մարմինների կողմից  դիմումներ, հայցադիմումներ, դատարանի վճիռների  և որոշումների դեմ վերաքննիչ և վճռաբեկ բողոքներ ներկայացնելիս` «Պետական տուրքի մասին» ՀՀ օրենքով սահմանված վճարումներ",,374380.4,374402.4,160803.9,160825.9,157400.2,0.42,0.9790000000000001,374380.4,374402.4,160803.9,160825.9,157400.2,0.42,0.9790000000000001,0.0,22.0,0.0,22.0,22.0,1.0,1.0
ՀՀ պետական եկամուտների կոմիտե,1023,1023,Հարկային և մաքսային ծառայություններ,"Հարկային և մաքսային միասնական պետական քաղաքականության իրականացում, հարկային և մաքսային օրենսդրության ամբողջական և համահավասար կիրառում","Արդյունավետ հարկային և մաքսային հսկողության իրականացում, պետական բյուջեի եկամուտների ապահովում",11001,Հարկային և մաքսային ծառայություններ,"Հարկային և մաքսային քաղաքականության մշակման, պլանավորման, մոնիտորինգի, ծրագրերի համակարգման, գանձման, վերահսկողության և աջակցության ծառայություններ",,138872022.3,139272323.0,68087929.4,68438230.1,63783505.2,0.45799999999999996,0.932,36715206.5,37115507.2,14278514.1,14628814.8,12013613.8,0.324,0.821,26227795.9,26079383.5,11372983.2,11319913.0,10528329.3,0.40399999999999997,0.93
ՀՀ պետական եկամուտների կոմիտե,1023,1023,Հարկային և մաքսային ծառայություններ,"Հարկային և մաքսային միասնական պետական քաղաքականության իրականացում, հարկային և մաքսային օրենսդրության ամբողջական և համահավասար կիրառում","Արդյունավետ հարկային և մաքսային հսկողության իրականացում, պետական բյուջեի եկամուտների ապահովում",11003,Հարկային և մաքսային ծառայողների վերապատրաստում,"Հարկային և մաքսային ծառայողների վերապատրաստման մեթոդիկայի մշակման, պլանավորման, ծրագրերի իրականացման և աջակցության ծառայություններ",Ծառայությունների մատուցում,138872022.3,139272323.0,68087929.4,68438230.1,63783505.2,0.45799999999999996,0.932,36715206.5,37115507.2,14278514.1,14628814.8,12013613.8,0.324,0.821,175470.5,175470.5,105282.4,105282.4,105282.4,0.6,1.0
ՀՀ պետական եկամուտների կոմիտե,1023,1023,Հարկային և մաքսային ծառայություններ,"Հարկային և մաքսային միասնական պետական քաղաքականության իրականացում, հարկային և մաքսային օրենսդրության ամբողջական և համահավասար կիրառում","Արդյունավետ հարկային և մաքսային հսկողության իրականացում, պետական բյուջեի եկամուտների ապահովում",11005,Փորձաքննությունների ծառայություններ,"Փորձաքննությունների կատարում և եզրակացությունների տրամադրում, անվճարունակ քաղաքացիներին իրավական ծառայությունների տրամադրում",Ծառայությունների մատուցում,138872022.3,139272323.0,68087929.4,68438230.1,63783505.2,0.45799999999999996,0.932,36715206.5,37115507.2,14278514.1,14628814.8,12013613.8,0.324,0.821,68598.0,68598.0,18403.0,18403.0,16670.8,0.243,0.9059999999999999
ՀՀ պետական եկամուտների կոմիտե,1023,1023,Հարկային և մաքսային ծառայություններ,"Հարկային և մաքսային միասնական պետական քաղաքականության իրականացում, հարկային և մաքսային օրենսդրության ամբողջական և համահավասար կիրառում","Արդյունավետ հարկային և մաքսային հսկողության իրականացում, պետական բյուջեի եկամուտների ապահովում",11006,"ՀՀ պետական կառավարման մարմինների կողմից  դիմումներ, հայցադիմումներ, դատարանի վճիռների  և որոշումների դեմ վերաքննիչ և վճռաբեկ բողոքներ ներկայացնելիս` «Պետական տուրքի մասին» ՀՀ օրենքով սահմանված վճարումներ","ՀՀ պետական կառավարման մարմինների կողմից  դիմումներ, հայցադիմումներ, դատարանի վճիռների  և որոշումների դեմ վերաքննիչ և վճռաբեկ բողոքներ ներկայացնելիս` «Պետական տուրքի մասին» ՀՀ օրենքով սահմանված վճարումներ",,138872022.3,139272323.0,68087929.4,68438230.1,63783505.2,0.45799999999999996,0.932,36715206.5,37115507.2,14278514.1,14628814.8,12013613.8,0.324,0.821,0.0,296908.4,0.0,296908.4,296908.4,1.0,1.0
ՀՀ պետական եկամուտների կոմիտե,1023,1023,Հարկային և մաքսային ծառայություններ,"Հարկային և մաքսային միասնական պետական քաղաքականության իրականացում, հարկային և մաքսային օրենսդրության ամբողջական և համահավասար կիրառում","Արդյունավետ հարկային և մաքսային հսկողության իրականացում, պետական բյուջեի եկամուտների ապահովում",11011,Արտասահմանյան պատվիրակությունների ընդունելություններ,Արտասահմանյան պատվիրակությունների ընդունելություններ,Ծառայությունների մատուցում,138872022.3,139272323.0,68087929.4,68438230.1,63783505.2,0.45799999999999996,0.932,36715206.5,37115507.2,14278514.1,14628814.8,12013613.8,0.324,0.821,0.0,1626.0,0.0,1626.0,1515.4,0.932,0.932
ՀՀ պետական եկամուտների կոմիտե,1023,1023,Հարկային և մաքսային ծառայություններ,"Հարկային և մաքսային միասնական պետական քաղաքականության իրականացում, հարկային և մաքսային օրենսդրության ամբողջական և համահավասար կիրառում","Արդյունավետ հարկային և մաքսային հսկողության իրականացում, պետական բյուջեի եկամուտների ապահովում",11012,Հայաստանի Հանրապետության մաքսային կցորդների գործունեության ապահովում,Օտարերկրյա պետություններում և միջազգային կազմակերպություններում Հայաստանի Հանրապետության դիվանագիտական ծառայության մարմիններին կից մաքսային կցորդների գործունեության ապահովման և պահպանման ծախսեր,Ծառայությունների մատուցում,138872022.3,139272323.0,68087929.4,68438230.1,63783505.2,0.45799999999999996,0.932,36715206.5,37115507.2,14278514.1,14628814.8,12013613.8,0.324,0.821,77462.6,58071.1,32302.0,12910.5,0.0,0.0,0.0
ՀՀ պետական եկամուտների կոմիտե,1023,1023,Հարկային և մաքսային ծառայություններ,"Հարկային և մաքսային միասնական պետական քաղաքականության իրականացում, հարկային և մաքսային օրենսդրության ամբողջական և համահավասար կիրառում","Արդյունավետ հարկային և մաքսային հսկողության իրականացում, պետական բյուջեի եկամուտների ապահովում",11014,Տեղեկատվական տեխնոլոգիաների և դրանց հետ փոխկապակցված համակարգերի կառավարում,Տեղեկատվական տեխնոլոգիաների և դրանց հետ փոխկապակցված համակարգերի կառավարում,Ծառայությունների մատուցում,138872022.3,139272323.0,68087929.4,68438230.1,63783505.2,0.45799999999999996,0.932,36715206.5,37115507.2,14278514.1,14628814.8,12013613.8,0.324,0.821,1087667.9,1136027.9,543834.0,558114.0,543834.0,0.479,0.9740000000000001
ՀՀ պետական եկամուտների կոմիտե,1023,1023,Հարկային և մաքսային ծառայություններ,"Հարկային և մաքսային միասնական պետական քաղաքականության իրականացում, հարկային և մաքսային օրենսդրության ամբողջական և համահավասար կիրառում","Արդյունավետ հարկային և մաքսային հսկողության իրականացում, պետական բյուջեի եկամուտների ապահովում",11015,Հարկ վճարելու մշակույթի զարգացման ու ՊԵԿ գործունեության վերաբերյալ հանրային իրազեկման միջոցառումների իրականացում,"Հարկ վճարելու մշակույթի զարգացման ու ՊԵԿ գործունեության հանրային  իրազեկման շրջանակում հեռուստահաղորդումների, պանելային քննարկումների կազմակերպում և երկխոսության հարթակի ստեղծում",Ծառայությունների մատուցում,138872022.3,139272323.0,68087929.4,68438230.1,63783505.2,0.45799999999999996,0.932,36715206.5,37115507.2,14278514.1,14628814.8,12013613.8,0.324,0.821,0.0,44470.0,13000.0,13000.0,4039.0,0.091,0.311
ՀՀ պետական եկամուտների կոմիտե,1023,1023,Հարկային և մաքսային ծառայություններ,"Հարկային և մաքսային միասնական պետական քաղաքականության իրականացում, հարկային և մաքսային օրենսդրության ամբողջական և համահավասար կիրառում","Արդյունավետ հարկային և մաքսային հսկողության իրականացում, պետական բյուջեի եկամուտների ապահովում",11016,Պետական կառավարման  մարմինների կատարողականի գնահատում և խրախուսում,"Պետական մարմնի գործունեության առաջնահերթությունների սահմանում, կատարողականի գնահատման հիման վրա՛ խրախուսման միջոցով արդյունավետության բարձրացում",Ծառայությունների մատուցում,138872022.3,139272323.0,68087929.4,68438230.1,63783505.2,0.45799999999999996,0.932,36715206.5,37115507.2,14278514.1,14628814.8,12013613.8,0.324,0.821,0.0,48973.3,0.0,48973.3,48461.1,0.99,0.99
ՀՀ պետական եկամուտների կոմիտե,1023,1023,Հարկային և մաքսային ծառայություններ,"Հարկային և մաքսային միասնական պետական քաղաքականության իրականացում, հարկային և մաքսային օրենսդրության ամբողջական և համահավասար կիրառում","Արդյունավետ հարկային և մաքսային հսկողության իրականացում, պետական բյուջեի եկամուտների ապահովում",12001,Օտարերկրյա պետությունների ուսումնական հաստատություններ գործուղված մաքսային ծառայողների ուսուցում և վերապատրաստում,ՀՀ պետական եկամուտների կոմիտեի մաքսանենգության դեմ պայքարի վարչության շնագիտական կենտրոնի մաքսային ծառայողների ուսուցում (կինոլոգ) և վերապատրաստում (անասնաբույժ),Տրանսֆերտների տրամադրում,138872022.3,139272323.0,68087929.4,68438230.1,63783505.2,0.45799999999999996,0.932,36715206.5,37115507.2,14278514.1,14628814.8,12013613.8,0.324,0.821,6000.0,6000.0,3000.0,3000.0,2996.3,0.499,0.9990000000000001
ՀՀ պետական եկամուտների կոմիտե,1023,1023,Հարկային և մաքսային ծառայություններ,"Հարկային և մաքսային միասնական պետական քաղաքականության իրականացում, հարկային և մաքսային օրենսդրության ամբողջական և համահավասար կիրառում","Արդյունավետ հարկային և մաքսային հսկողության իրականացում, պետական բյուջեի եկամուտների ապահովում",31001,ՀՀ պետական եկամուտների կոմիտեի տեխնիկական հագեցվածության բարելավում,ՀՀ պետական եկամուտների կոմիտեի տեխնիկական հագեցվածության բարելավում,Պետական մարմինների կողմից օգտագործվող ոչ ֆինանսական ակտիվների հետ գործառնություններ,138872022.3,139272323.0,68087929.4,68438230.1,63783505.2,0.45799999999999996,0.932,36715206.5,37115507.2,14278514.1,14628814.8,12013613.8,0.324,0.821,243736.4,312246.2,201209.2,223045.5,9406.3,0.03,0.042
ՀՀ պետական եկամուտների կոմիտե,1023,1023,Հարկային և մաքսային ծառայություններ,"Հարկային և մաքսային միասնական պետական քաղաքականության իրականացում, հարկային և մաքսային օրենսդրության ամբողջական և համահավասար կիրառում","Արդյունավետ հարկային և մաքսային հսկողության իրականացում, պետական բյուջեի եկամուտների ապահովում",31003,ՀՀ պետական եկամուտների կոմիտեի  շենքային ապահովվածության բարելավում,"ՀՀ պետական եկամուտների կոմիտեի  նոր շենքերի և շինությունների շինարարություն, նախագծային աշխատանքների ձեռքբերում",Պետական մարմինների կողմից օգտագործվող ոչ ֆինանսական ակտիվների հետ գործառնություններ,138872022.3,139272323.0,68087929.4,68438230.1,63783505.2,0.45799999999999996,0.932,36715206.5,37115507.2,14278514.1,14628814.8,12013613.8,0.324,0.821,400000.0,459257.1,80000.0,119138.4,0.0,0.0,0.0
ՀՀ պետական եկամուտների կոմիտե,1023,1023,Հարկային և մաքսային ծառայություններ,"Հարկային և մաքսային միասնական պետական քաղաքականության իրականացում, հարկային և մաքսային օրենսդրության ամբողջական և համահավասար կիրառում","Արդյունավետ հարկային և մաքսային հսկողության իրականացում, պետական բյուջեի եկամուտների ապահովում",31006,Վերակառուցման և զարգացման եվրոպական բանկի աջակցությամբ իրականացվող «Մեղրիի սահմանային անցակետի ծրագիր» դրամաշնորհային  ծրագրի շրջանակներում ՀՀ պետական եկամուտների կոմիտեի նոր շենքային պայմանների ապահովում,ՎԶԵԲ-ի կողմից տրամադրվող դրամաշնորհային ծրագրի շրջանակներում ՀՀ  պետական եկամուտների կոմիտեի շենքերի կառուցում,Պետական մարմինների կողմից օգտագործվող ոչ ֆինանսական ակտիվների հետ գործառնություններ,138872022.3,139272323.0,68087929.4,68438230.1,63783505.2,0.45799999999999996,0.932,36715206.5,37115507.2,14278514.1,14628814.8,12013613.8,0.324,0.821,3268357.6,3268357.6,915140.1,915140.1,266707.3,0.08199999999999999,0.29100000000000004
ՀՀ պետական եկամուտների կոմիտե,1023,1023,Հարկային և մաքսային ծառայություններ,"Հարկային և մաքսային միասնական պետական քաղաքականության իրականացում, հարկային և մաքսային օրենսդրության ամբողջական և համահավասար կիրառում","Արդյունավետ հարկային և մաքսային հսկողության իրականացում, պետական բյուջեի եկամուտների ապահովում",31007,Վերակառուցման և զարգացման եվրոպական բանկի աջակցությամբ իրականացվող «Մեղրիի սահմանային անցակետի ծրագիր» վարկային ծրագրի շրջանակներում ՀՀ պետական եկամուտների կոմիտեի նոր շենքային պայմանների ապահովում,ՎԶԵԲ-ի կողմից տրամադրվող վարկային ծրագրի շրջանակներում ՀՀ պետական եկամուտների կոմիտեի շենքերի կառուցում,Պետական մարմինների կողմից օգտագործվող ոչ ֆինանսական ակտիվների հետ գործառնություններ,138872022.3,139272323.0,68087929.4,68438230.1,63783505.2,0.45799999999999996,0.932,36715206.5,37115507.2,14278514.1,14628814.8,12013613.8,0.324,0.821,3311200.7,3311200.7,993360.2,993360.2,189463.6,0.057,0.191
ՀՀ պետական եկամուտների կոմիտե,1023,1023,Հարկային և մաքսային ծառայություններ,"Հարկային և մաքսային միասնական պետական քաղաքականության իրականացում, հարկային և մաքսային օրենսդրության ամբողջական և համահավասար կիրառում","Արդյունավետ հարկային և մաքսային հսկողության իրականացում, պետական բյուջեի եկամուտների ապահովում",31009,Վերակառուցման և զարգացման Եվրոպական բանկի աջակցությամբ իրականացվող Սյունիքի մարզում արտաքին տնտեսական գործունեության մասնակիցների սպասարկման կենտրոնի շենքային պայմանների ապահովում,Վերակառուցման և զարգացման Եվրոպական բանկի աջակցությամբ իրականացվող Սյունիքի մարզում արտաքին տնտեսական գործունեության մասնակիցների սպասարկման կենտրոնի կառուցում,Պետական մարմինների կողմից օգտագործվող ոչ ֆինանսական ակտիվների հետ գործառնություններ,138872022.3,139272323.0,68087929.4,68438230.1,63783505.2,0.45799999999999996,0.932,36715206.5,37115507.2,14278514.1,14628814.8,12013613.8,0.324,0.821,1268553.6,1268553.6,0.0,0.0,0.0,0.0,0.0
ՀՀ պետական եկամուտների կոմիտե,1023,1023,Հարկային և մաքսային ծառայություններ,"Հարկային և մաքսային միասնական պետական քաղաքականության իրականացում, հարկային և մաքսային օրենսդրության ամբողջական և համահավասար կիրառում","Արդյունավետ հարկային և մաքսային հսկողության իրականացում, պետական բյուջեի եկամուտների ապահովում",31010,Վերակառուցման և զարգացման եվրոպական բանկի աջակցությամբ իրականացվող «Սյունիքի մարզում մաքսային և լոգիստիկ կենտրոն» դրամաշնորհային ծրագրի շրջանակներում ՀՀ պետական եկամուտների կոմիտեի նոր շենքային պայմանների ապահովում,Վերակառուցման և զարգացման եվրոպական բանկի աջակցությամբ իրականացվող «Սյունիքի մարզում մաքսային և լոգիստիկ կենտրոն» դրամաշնորհային ծրագրի շրջանակներում ՀՀ պետական եկամուտների կոմիտեի նոր շենքային պայմանների ապահովում,Պետական մարմինների կողմից օգտագործվող ոչ ֆինանսական ակտիվների հետ գործառնություններ,138872022.3,139272323.0,68087929.4,68438230.1,63783505.2,0.45799999999999996,0.932,36715206.5,37115507.2,14278514.1,14628814.8,12013613.8,0.324,0.821,253710.7,253710.7,0.0,0.0,0.0,0.0,0.0
ՀՀ պետական եկամուտների կոմիտե,1023,1023,Հարկային և մաքսային ծառայություններ,"Հարկային և մաքսային միասնական պետական քաղաքականության իրականացում, հարկային և մաքսային օրենսդրության ամբողջական և համահավասար կիրառում","Արդյունավետ հարկային և մաքսային հսկողության իրականացում, պետական բյուջեի եկամուտների ապահովում",31011,Վերակառուցման և զարգացման եվրոպական բանկի աջակցությամբ իրականացվող «Երևանի մաքսային և լոգիստիկ կենտրոն» վարկային ծրագրի շրջանակներում ՀՀ պետական եկամուտների կոմիտեի նոր շենքային պայմանների ապահովում,Վերակառուցման և զարգացման եվրոպական բանկի աջակցությամբ իրականացվող Երևանի մաքսային և լոգիստիկ կենտրոնի կառուցում,Պետական մարմինների կողմից օգտագործվող ոչ ֆինանսական ակտիվների հետ գործառնություններ,138872022.3,139272323.0,68087929.4,68438230.1,63783505.2,0.45799999999999996,0.932,36715206.5,37115507.2,14278514.1,14628814.8,12013613.8,0.324,0.821,285424.6,285424.6,0.0,0.0,0.0,0.0,0.0
ՀՀ պետական եկամուտների կոմիտե,1023,1023,Հարկային և մաքսային ծառայություններ,"Հարկային և մաքսային միասնական պետական քաղաքականության իրականացում, հարկային և մաքսային օրենսդրության ամբողջական և համահավասար կիրառում","Արդյունավետ հարկային և մաքսային հսկողության իրականացում, պետական բյուջեի եկամուտների ապահովում",31012,Վերակառուցման և զարգացման եվրոպական բանկի աջակցությամբ իրականացվող «Երևանի մաքսային և լոգիստիկ կենտրոն» դրամաշնորհային ծրագրի շրջանակներում ՀՀ պետական եկամուտների կոմիտեի նոր շենքային պայմանների ապահովում,Վերակառուցման և զարգացման եվրոպական բանկի աջակցությամբ իրականացվող Երևանի մաքսային և լոգիստիկ կենտրոնի կառուցում,Պետական մարմինների կողմից օգտագործվող ոչ ֆինանսական ակտիվների հետ գործառնություններ,138872022.3,139272323.0,68087929.4,68438230.1,63783505.2,0.45799999999999996,0.932,36715206.5,37115507.2,14278514.1,14628814.8,12013613.8,0.324,0.821,41228.0,41228.0,0.0,0.0,0.0,0.0,0.0
ՀՀ պետական եկամուտների կոմիտե,1239,1239,Հիպոթեքային վարկի վճարված տոկոսների գումարի վերադարձ,"Հիպոթեքային վարկի սպասարկման համար վճարված տոկոսների գումարների չափով վարձու աշխատողների, անհատ ձեռնարկատերերի և նոտարների կողմից վճարված եկամտային հարկի գումարների վերադարձ","Շինարարության ոլորտում տնտեսական աճի խթանում, սոցիալական քաղաքականության շրջանակներում շահառուներին տրամադրվող բյուջետային աջակցություն",12001,Հիպոթեքային վարկի վճարված տոկոսների գումարների վերադարձ,"Հիպոթեքային վարկի սպասարկման համար վճարված տոկոսների գումարների չափով վարձու աշխատողների, անհատ ձեռնարկատերերի և նոտարների կողմից վճարված եկամտային հարկի գումարների վերադարձ",Տրանսֆերտների տրամադրում,138872022.3,139272323.0,68087929.4,68438230.1,63783505.2,0.45799999999999996,0.932,102156815.8,102156815.8,53809415.3,53809415.3,51769891.4,0.507,0.9620000000000001,102156815.8,102156815.8,53809415.3,53809415.3,51769891.4,0.507,0.9620000000000001
ՀՀ ազգային անվտանգության ծառայություն,1138,1138,Ազգային անվտանգություն,"Ներքին և արտաքին սպառնալիքներից անձի, հասարակության ու պետության անվտանգության ապահովում","Այլ պետությունների կողմից հետախուզական գործունեության կասեցում,պետական սահմանի անձեռնամխելիության ապահովում, կոռուպցիոն ռիսկերի շեշտակի նվազեցում",11001,"Հետախուզական, հակահետախուզական, ռազմական հակահետախուզության,  հանցագործությունների դեմ պայքարի  և պետական սահմանի պահպանության գործունեության կազմակերպում","ՀՀ անվտանգությանը սպառնացող վտանգի մասին տեղեկատվության ստացում, վերլուծում, վտանգի կանխատեսում, վտանգի կանխման ու չեզոքացման վերաբերյալ առաջարկությունների մշակում",Ծառայությունների մատուցում,61606039.6,63242123.0,30533458.8,34275542.2,28554321.7,0.452,0.833,61606039.6,63242123.0,30533458.8,34275542.2,28554321.7,0.452,0.833,48652594.8,46546714.8,24166163.4,24166283.4,21788164.7,0.46799999999999997,0.902
ՀՀ ազգային անվտանգության ծառայություն,1138,1138,Ազգային անվտանգություն,"Ներքին և արտաքին սպառնալիքներից անձի, հասարակության ու պետության անվտանգության ապահովում","Այլ պետությունների կողմից հետախուզական գործունեության կասեցում,պետական սահմանի անձեռնամխելիության ապահովում, կոռուպցիոն ռիսկերի շեշտակի նվազեցում",11004,Պաշտպանության բնագավառի այլ ծախսեր,Պաշտպանության բնագավառի այլ ծախսեր,Ծառայությունների մատուցում,61606039.6,63242123.0,30533458.8,34275542.2,28554321.7,0.452,0.833,61606039.6,63242123.0,30533458.8,34275542.2,28554321.7,0.452,0.833,10019356.0,10019356.0,5009678.0,5009678.0,4174731.7,0.41700000000000004,0.833
ՀՀ ազգային անվտանգության ծառայություն,1138,1138,Ազգային անվտանգություն,"Ներքին և արտաքին սպառնալիքներից անձի, հասարակության ու պետության անվտանգության ապահովում","Այլ պետությունների կողմից հետախուզական գործունեության կասեցում,պետական սահմանի անձեռնամխելիության ապահովում, կոռուպցիոն ռիսկերի շեշտակի նվազեցում",11006,Պետական կառավարման  մարմինների կատարողականի գնահատում և խրախուսում,"Պետական մարմնի գործունեության առաջնահերթությունների սահմանում, կատարողականի գնահատման հիման վրա՛ խրախուսման միջոցով արդյունավետության բարձրացում",Ծառայությունների մատուցում,61606039.6,63242123.0,30533458.8,34275542.2,28554321.7,0.452,0.833,61606039.6,63242123.0,30533458.8,34275542.2,28554321.7,0.452,0.833,0.0,41227.9,0.0,41227.9,36249.8,0.879,0.879
ՀՀ ազգային անվտանգության ծառայություն,1138,1138,Ազգային անվտանգություն,"Ներքին և արտաքին սպառնալիքներից անձի, հասարակության ու պետության անվտանգության ապահովում","Այլ պետությունների կողմից հետախուզական գործունեության կասեցում,պետական սահմանի անձեռնամխելիության ապահովում, կոռուպցիոն ռիսկերի շեշտակի նվազեցում",31001,Ազգային անվտանգության համակարգի տեխնիկական հագեցվածության բարելավում,Ազգային անվտանգության համակարգի ստորաբաժանումների համար վարչական սարքավորումների ձեռքբերում,Պետական մարմինների կողմից օգտագործվող ոչ ֆինանսական ակտիվների հետ գործառնություններ,61606039.6,63242123.0,30533458.8,34275542.2,28554321.7,0.452,0.833,61606039.6,63242123.0,30533458.8,34275542.2,28554321.7,0.452,0.833,834623.0,4356594.3,596498.4,4118469.7,2055312.2,0.47200000000000003,0.499
ՀՀ ազգային անվտանգության ծառայություն,1138,1138,Ազգային անվտանգություն,"Ներքին և արտաքին սպառնալիքներից անձի, հասարակության ու պետության անվտանգության ապահովում","Այլ պետությունների կողմից հետախուզական գործունեության կասեցում,պետական սահմանի անձեռնամխելիության ապահովում, կոռուպցիոն ռիսկերի շեշտակի նվազեցում",31002,Ազգային անվտանգության համակարգի շենքային ապահովվածության բարելավում,"Ազգային անվտանգության համակարգի ստորաբաժանումների վարչական շենքերի կառուցում, կապիտալ վերանորոգում, շինարարական և կապիտալ նորոգման օբյեկտների նախագծահետազոտական փաստաթղթերի պատրաստում",Պետական մարմինների կողմից օգտագործվող ոչ ֆինանսական ակտիվների հետ գործառնություններ,61606039.6,63242123.0,30533458.8,34275542.2,28554321.7,0.452,0.833,61606039.6,63242123.0,30533458.8,34275542.2,28554321.7,0.452,0.833,1749065.8,1854329.9,674119.0,779383.1,384474.3,0.207,0.493
ՀՀ ազգային անվտանգության ծառայություն,1138,1138,Ազգային անվտանգություն,"Ներքին և արտաքին սպառնալիքներից անձի, հասարակության ու պետության անվտանգության ապահովում","Այլ պետությունների կողմից հետախուզական գործունեության կասեցում,պետական սահմանի անձեռնամխելիության ապահովում, կոռուպցիոն ռիսկերի շեշտակի նվազեցում",31003,Ազգային անվտանգության համակարգի տրանսպորտային սարքավորումների հագեցվածության բարելավում,Ազգային անվտանգության համակարգի ստորաբաժանումների համար տրանսպորտային սարքավորումների ձեռքբերում,Պետական մարմինների կողմից օգտագործվող ոչ ֆինանսական ակտիվների հետ գործառնություններ,61606039.6,63242123.0,30533458.8,34275542.2,28554321.7,0.452,0.833,61606039.6,63242123.0,30533458.8,34275542.2,28554321.7,0.452,0.833,350400.0,423900.1,87000.0,160500.1,115389.0,0.272,0.7190000000000001
Հանրային հեռարձակողի խորհուրդ,1042,1042,Ռադիո և հեռուստահաղորդումների հեռարձակում,"Ապահովել բազմազան տեղեկատվական, ճանաչողական, կրթական, ժամանցային հեռուստատեսային և ռադիո հաղորդումների արտադրություն և հեռարձակում","Բազմազան տեղեկատվական, ճանաչողական, կրթական, ժամանցային հեռուստատեսային և ռադիո հաղորդումների արտադրության և հեռարձակման ապահովում",11001,"Հանրային հեռարձակողի խորհրդի կառավարում, համակարգում և մոնիտորինգ","Հանրային հեռարձակողի խորհրդի կառավարում, համակարգում և մոնիտորինգ",Ծառայությունների մատուցում,8293170.2,8293170.2,4285821.7,4285821.7,4007776.5,0.483,0.935,8293170.2,8293170.2,4285821.7,4285821.7,4007776.5,0.483,0.935,167593.3,167893.3,69159.2,69459.2,64466.3,0.384,0.9279999999999999
Հանրային հեռարձակողի խորհուրդ,1042,1042,Ռադիո և հեռուստահաղորդումների հեռարձակում,"Ապահովել բազմազան տեղեկատվական, ճանաչողական, կրթական, ժամանցային հեռուստատեսային և ռադիո հաղորդումների արտադրություն և հեռարձակում","Բազմազան տեղեկատվական, ճանաչողական, կրթական, ժամանցային հեռուստատեսային և ռադիո հաղորդումների արտադրության և հեռարձակման ապահովում",11002,Ընդհանուր և լրատվական ուղղվածության հեռուստատեսային ծառայություններ,Ընդհանուր և լրատվական ուղղվածության հեռուստատեսային հաղորդումների պատրաստում և հեռարձակում,Ծառայությունների մատուցում,8293170.2,8293170.2,4285821.7,4285821.7,4007776.5,0.483,0.935,8293170.2,8293170.2,4285821.7,4285821.7,4007776.5,0.483,0.935,6578017.1,6578017.1,3171865.7,3171865.7,3171865.7,0.48200000000000004,1.0
Հանրային հեռարձակողի խորհուրդ,1042,1042,Ռադիո և հեռուստահաղորդումների հեռարձակում,"Ապահովել բազմազան տեղեկատվական, ճանաչողական, կրթական, ժամանցային հեռուստատեսային և ռադիո հաղորդումների արտադրություն և հեռարձակում","Բազմազան տեղեկատվական, ճանաչողական, կրթական, ժամանցային հեռուստատեսային և ռադիո հաղորդումների արտադրության և հեռարձակման ապահովում",11003,Ռադիո ծառայություններ,Ռադիոհաղորդումների պատրաստում և հեռարձակում,Ծառայությունների մատուցում,8293170.2,8293170.2,4285821.7,4285821.7,4007776.5,0.483,0.935,8293170.2,8293170.2,4285821.7,4285821.7,4007776.5,0.483,0.935,970944.4,970944.4,468181.4,468181.4,468181.4,0.48200000000000004,1.0
Հանրային հեռարձակողի խորհուրդ,1042,1042,Ռադիո և հեռուստահաղորդումների հեռարձակում,"Ապահովել բազմազան տեղեկատվական, ճանաչողական, կրթական, ժամանցային հեռուստատեսային և ռադիո հաղորդումների արտադրություն և հեռարձակում","Բազմազան տեղեկատվական, ճանաչողական, կրթական, ժամանցային հեռուստատեսային և ռադիո հաղորդումների արտադրության և հեռարձակման ապահովում",11005,Կրթական-մշակութային ուղղվածության հեռուստատեսային ծառայություններ,Կրթական-մշակութային ուղղվածության հաղորդումների պատրաստում և հեռարձակում,Ծառայությունների մատուցում,8293170.2,8293170.2,4285821.7,4285821.7,4007776.5,0.483,0.935,8293170.2,8293170.2,4285821.7,4285821.7,4007776.5,0.483,0.935,221105.5,515.2,221105.5,515.2,0.0,0.0,0.0
Հանրային հեռարձակողի խորհուրդ,1042,1042,Ռադիո և հեռուստահաղորդումների հեռարձակում,"Ապահովել բազմազան տեղեկատվական, ճանաչողական, կրթական, ժամանցային հեռուստատեսային և ռադիո հաղորդումների արտադրություն և հեռարձակում","Բազմազան տեղեկատվական, ճանաչողական, կրթական, ժամանցային հեռուստատեսային և ռադիո հաղորդումների արտադրության և հեռարձակման ապահովում",11007,Հանրային հեռարձակողների ֆինանսատնտեսական գործունեության աուդիտ,Հանրային հեռարձակողների ֆինանսատնտեսական գործունեության հիման վրա կազմված ՖՀՄՍ համապատասխան ֆինասական հաշվետվությունների աուդիտի անցկացում,Ծառայությունների մատուցում,8293170.2,8293170.2,4285821.7,4285821.7,4007776.5,0.483,0.935,8293170.2,8293170.2,4285821.7,4285821.7,4007776.5,0.483,0.935,9200.0,8900.0,9200.0,8900.0,8200.0,0.9209999999999999,0.9209999999999999
Հանրային հեռարձակողի խորհուրդ,1042,1042,Ռադիո և հեռուստահաղորդումների հեռարձակում,"Ապահովել բազմազան տեղեկատվական, ճանաչողական, կրթական, ժամանցային հեռուստատեսային և ռադիո հաղորդումների արտադրություն և հեռարձակում","Բազմազան տեղեկատվական, ճանաչողական, կրթական, ժամանցային հեռուստատեսային և ռադիո հաղորդումների արտադրության և հեռարձակման ապահովում",11009,«Հանրային ռադիոյի հիմնադրման 100-ամյակի» միջոցառումների իրականացում,"Հանրային ռադիոյի հիմնադրման 100 ամյակին նվիրված հոբելյանական միջոցառումների պատշաճ իրականացում,  ծառայությունների ձեռքբերում",Ծառայությունների մատուցում,8293170.2,8293170.2,4285821.7,4285821.7,4007776.5,0.483,0.935,8293170.2,8293170.2,4285821.7,4285821.7,4007776.5,0.483,0.935,193875.0,193875.0,193875.0,193875.0,120628.1,0.622,0.622
Հանրային հեռարձակողի խորհուրդ,1042,1042,Ռադիո և հեռուստահաղորդումների հեռարձակում,"Ապահովել բազմազան տեղեկատվական, ճանաչողական, կրթական, ժամանցային հեռուստատեսային և ռադիո հաղորդումների արտադրություն և հեռարձակում","Բազմազան տեղեկատվական, ճանաչողական, կրթական, ժամանցային հեռուստատեսային և ռադիո հաղորդումների արտադրության և հեռարձակման ապահովում",12007,«Հոգևոր-մշակութ. հանրային հեռուստաընկերություն» փակ բաժնետիրական ընկերության լուծարման գործընթացի կազմ. հետ կապված անհրաժեշտ ծախսերի իրականացում,"«Հոգևոր-մշակութ. հանրային հեռուստաընկերություն» փակբաժնետիր. ընկերության աշխ. աշխ.վարձերի (այդ թվում` վերջնահաշվ.), արձ. նպաստ. վճարում և ընկերության պարտավոր. մարում, ինչպես նաև լուծարման գործընթ. կազմ. հետ կապված անհրաժեշտ այլ ծախսերի իրական.",Տրանսֆերտների տրամադրում,8293170.2,8293170.2,4285821.7,4285821.7,4007776.5,0.483,0.935,8293170.2,8293170.2,4285821.7,4285821.7,4007776.5,0.483,0.935,0.0,22000.0,0.0,22000.0,22000.0,1.0,1.0
Հանրային հեռարձակողի խորհուրդ,1042,1042,Ռադիո և հեռուստահաղորդումների հեռարձակում,"Ապահովել բազմազան տեղեկատվական, ճանաչողական, կրթական, ժամանցային հեռուստատեսային և ռադիո հաղորդումների արտադրություն և հեռարձակում","Բազմազան տեղեկատվական, ճանաչողական, կրթական, ժամանցային հեռուստատեսային և ռադիո հաղորդումների արտադրության և հեռարձակման ապահովում",32004,ՉԺՀ-ի հետ համագործակցության շրջանակներում Հայաստանի հանրային հեռուստաընկերության ենթակառուցվածքների ապահովում,Չինաստանի Ժողովրդական Հանրապետության կողմից Հայաստանի հանրային հեռուստաընկերության 8-րդ տաղավարի (հեռուստաստուդիայի) կառուցման նպատակով Հայկական կողմի պարտավորությունների կատարում` օժանդակ ենթակառուցվածքների ապահովում,Այլ պետական կազմակերպությունների կողմից օգտագործվող ոչ ֆինանսական ակտիվների հետ գործառնություններ,8293170.2,8293170.2,4285821.7,4285821.7,4007776.5,0.483,0.935,8293170.2,8293170.2,4285821.7,4285821.7,4007776.5,0.483,0.935,152434.9,152434.9,152434.9,152434.9,152434.9,1.0,1.0
Հանրային հեռարձակողի խորհուրդ,1042,1042,Ռադիո և հեռուստահաղորդումների հեռարձակում,"Ապահովել բազմազան տեղեկատվական, ճանաչողական, կրթական, ժամանցային հեռուստատեսային և ռադիո հաղորդումների արտադրություն և հեռարձակում","Բազմազան տեղեկատվական, ճանաչողական, կրթական, ժամանցային հեռուստատեսային և ռադիո հաղորդումների արտադրության և հեռարձակման ապահովում",32006,Ներդրումներ «Հայաստանի հանրային ռադիոընկերություն» ՓԲԸ-ի տեխնիկական վերազինման նպատակով,«Հայաստանի հանրային ռադիոընկերություն» ՓԲԸ-ի տեխնիկական վերազինում,Այլ պետական կազմակերպությունների կողմից օգտագործվող ոչ ֆինանսական ակտիվների հետ գործառնություններ,8293170.2,8293170.2,4285821.7,4285821.7,4007776.5,0.483,0.935,8293170.2,8293170.2,4285821.7,4285821.7,4007776.5,0.483,0.935,0.0,153841.8,0.0,153841.8,0.0,0.0,0.0
Հանրային հեռարձակողի խորհուրդ,1042,1042,Ռադիո և հեռուստահաղորդումների հեռարձակում,"Ապահովել բազմազան տեղեկատվական, ճանաչողական, կրթական, ժամանցային հեռուստատեսային և ռադիո հաղորդումների արտադրություն և հեռարձակում","Բազմազան տեղեկատվական, ճանաչողական, կրթական, ժամանցային հեռուստատեսային և ռադիո հաղորդումների արտադրության և հեռարձակման ապահովում",32007,"Ներդրումներ ,Հայաստանի հանրային ռադիոընկերությունե ՓԲԸ-ի շենք-շինությունների հիմնանորոգման նպատակով",«Հայաստանի հանրային ռադիոընկերություն»  ՓԲԸ-ի շենք-շինությունների հիմնանորոգում,Այլ պետական կազմակերպությունների կողմից օգտագործվող ոչ ֆինանսական ակտիվների հետ գործառնություններ,8293170.2,8293170.2,4285821.7,4285821.7,4007776.5,0.483,0.935,8293170.2,8293170.2,4285821.7,4285821.7,4007776.5,0.483,0.935,0.0,44748.5,0.0,44748.5,0.0,0.0,0.0
ՀՀ հաշվեքննիչ պալատ,1161,1161,Հանրային ֆինանսների և սեփականության ոլորտում հաշվեքննություն,"Հանրային ֆինանսների և սեփականության ոլորտում հաշվեքննության օբյեկտների կողմից իրականացվող ֆինանսատնտեսական գործունեության օրինականության ու տնտեսման, նպատակային և ծախսային  արդյունավետության սկզբունքների պահպանման գնահատում","Հաշվեքննության օբյեկտների կողմից իրականացվող ֆինանսատնտեսական գործունեության օրինականության և արդյունավետության վերաբերյալ Ազգային ժողովին և հանրությանը ժամանակին, մասնագիտական և անկողմնակալ տեղեկատվության ներկայացում",11001,Արտաքին պետական հաշվեքննության ծառայություններ,"Արտաքին պետական հաշվեքննության ոլորտում քաղաքականության մշակման, հաստատման և իրականացման, ինչպես նաև Հաշվեքննիչ պալատի բնականոն գործունեության ապահովում",Ծառայությունների մատուցում,1037712.3,1037752.3,444727.6,444767.6,341924.9,0.32899999999999996,0.769,1037712.3,1037752.3,444727.6,444767.6,341924.9,0.32899999999999996,0.769,1017365.0,1017365.0,434553.6,434553.6,340084.9,0.33399999999999996,0.7829999999999999
ՀՀ հաշվեքննիչ պալատ,1161,1161,Հանրային ֆինանսների և սեփականության ոլորտում հաշվեքննություն,"Հանրային ֆինանսների և սեփականության ոլորտում հաշվեքննության օբյեկտների կողմից իրականացվող ֆինանսատնտեսական գործունեության օրինականության ու տնտեսման, նպատակային և ծախսային  արդյունավետության սկզբունքների պահպանման գնահատում","Հաշվեքննության օբյեկտների կողմից իրականացվող ֆինանսատնտեսական գործունեության օրինականության և արդյունավետության վերաբերյալ Ազգային ժողովին և հանրությանը ժամանակին, մասնագիտական և անկողմնակալ տեղեկատվության ներկայացում",11002,Հաշվեքննիչ պալատի պահուստային ֆոնդ,"Հաշվեքննիչ պալատի գործունեության արդյունավետ և նպատակային իրականացման համար, չնախատեսված ծախսերի կատարման ապահովում",Ծառայությունների մատուցում,1037712.3,1037752.3,444727.6,444767.6,341924.9,0.32899999999999996,0.769,1037712.3,1037752.3,444727.6,444767.6,341924.9,0.32899999999999996,0.769,20347.3,20347.3,10174.0,10174.0,1800.0,0.08800000000000001,0.177
ՀՀ հաշվեքննիչ պալատ,1161,1161,Հանրային ֆինանսների և սեփականության ոլորտում հաշվեքննություն,"Հանրային ֆինանսների և սեփականության ոլորտում հաշվեքննության օբյեկտների կողմից իրականացվող ֆինանսատնտեսական գործունեության օրինականության ու տնտեսման, նպատակային և ծախսային  արդյունավետության սկզբունքների պահպանման գնահատում","Հաշվեքննության օբյեկտների կողմից իրականացվող ֆինանսատնտեսական գործունեության օրինականության և արդյունավետության վերաբերյալ Ազգային ժողովին և հանրությանը ժամանակին, մասնագիտական և անկողմնակալ տեղեկատվության ներկայացում",11004,"ՀՀ պետական կառավարման մարմինների կողմից  դիմումներ, հայցադիմումներ, դատարանի վճիռների  և որոշումների դեմ վերաքննիչ և վճռաբեկ բողոքներ ներկայացնելիս` «Պետական տուրքի մասին» ՀՀ օրենքով սահմանված վճարումներ","ՀՀ պետական կառավարման մարմինների կողմից  դիմումներ, հայցադիմումներ, դատարանի վճիռների  և որոշումների դեմ վերաքննիչ և վճռաբեկ բողոքներ ներկայացնելիս` «Պետական տուրքի մասին» ՀՀ օրենքով սահմանված վճարումներ",Ծառայությունների մատուցում,1037712.3,1037752.3,444727.6,444767.6,341924.9,0.32899999999999996,0.769,1037712.3,1037752.3,444727.6,444767.6,341924.9,0.32899999999999996,0.769,0.0,40.0,0.0,40.0,40.0,1.0,1.0
Մարդու իրավունքների պաշտպանի աշխատակազմ,1060,1060,Մարդու իրավունքների պաշտպանություն,Մարդու իրավունքների և հիմնարար ազատությունների պաշտպանություն,"ՀՀ-ում խախտված իրավունքների և ազատությունների վերականգնում, առնչվող նորմատիվ իրավական ակտերի կատարելագործում",11001,Մարդու իրավունքների և հիմնարար ազատությունների պաշտպանության ծառայությունների տրամադրում,"Մարդու իրավունքների պաշտպանության հարցերին վերաբերող բողոքների քննարկում, որոշման ընդունում, մոնիտորինգ, բողոքների լուսաբանում և հասարակական իրազեկում, օրենսդրության կատարելագործում, միջազգային համագործակցություն և այլն:",,602082.6,602082.6,266110.8,266110.8,230109.4,0.382,0.865,602082.6,602082.6,266110.8,266110.8,230109.4,0.382,0.865,602082.6,602082.6,266110.8,266110.8,230109.4,0.382,0.865
ՀՀ միջուկային անվտանգության կարգավորման կոմիտե,1054,1054,Միջուկային և ճառագայթային անվտանգության կարգավորում,Ատոմային էներգիայի օգտագործման բնագավառի անվտանգության պետական կարգավորում,"Բնակչության, ատոմային էներգիայի օգտագործման օբյեկտների անձնակազմի, շրջակա միջավայրի պաշտպանություն իոնացնող ճառագայթման հնարավոր վնասակար ազդեցությունից",11001,Միջուկային և ճառագայթային անվտանգության կարգավորում,"Միջուկային և ճառագայթային անվտանգության բնագավառում պետական քաղաքականության, կարգավորող վերահսկողության իրականացում, օրենսդրական և նորմատիվ բազայի մշակում, դրանց վերանայում, ատոմային էներգիայի օգտագործման բնագավառում գործունեության լիցենզավորում",,716434.0,736695.7,465603.3,485865.0,187948.6,0.255,0.387,716434.0,736695.7,465603.3,485865.0,187948.6,0.255,0.387,440434.0,440434.0,189603.3,189603.3,168207.5,0.382,0.887
ՀՀ միջուկային անվտանգության կարգավորման կոմիտե,1054,1054,Միջուկային և ճառագայթային անվտանգության կարգավորում,Ատոմային էներգիայի օգտագործման բնագավառի անվտանգության պետական կարգավորում,"Բնակչության, ատոմային էներգիայի օգտագործման օբյեկտների անձնակազմի, շրջակա միջավայրի պաշտպանություն իոնացնող ճառագայթման հնարավոր վնասակար ազդեցությունից",11004,Պետական կառավարման  մարմինների կատարողականի գնահատում և խրախուսում,"Պետական մարմնի գործունեության առաջնահերթությունների սահմանում, կատարողականի գնահատման հիման վրա՛ խրախուսման միջոցով արդյունավետության բարձրացում",Ծառայությունների մատուցում,716434.0,736695.7,465603.3,485865.0,187948.6,0.255,0.387,716434.0,736695.7,465603.3,485865.0,187948.6,0.255,0.387,0.0,20261.7,0.0,20261.7,19741.1,0.9740000000000001,0.9740000000000001
ՀՀ միջուկային անվտանգության կարգավորման կոմիտե,1054,1054,Միջուկային և ճառագայթային անվտանգության կարգավորում,Ատոմային էներգիայի օգտագործման բնագավառի անվտանգության պետական կարգավորում,"Բնակչության, ատոմային էներգիայի օգտագործման օբյեկտների անձնակազմի, շրջակա միջավայրի պաշտպանություն իոնացնող ճառագայթման հնարավոր վնասակար ազդեցությունից",31001,ՀՀ միջուկային անվտանգության կարգավորման կոմիտեին  և  ՄՌԱԳՏԿ ՓԲԸ -ին  շենքային պայմաններով ապահովում,ՀՀ միջուկային անվտանգության կարգավորման կոմիտեին  և  ՄՌԱԳՏԿ ՓԲԸ -ին  շենքային պայմաններով ապահովում,,716434.0,736695.7,465603.3,485865.0,187948.6,0.255,0.387,716434.0,736695.7,465603.3,485865.0,187948.6,0.255,0.387,276000.0,276000.0,276000.0,276000.0,0.0,0.0,0.0
Պետական պահպանության ծառայություն,1036,1036,Պետական պահպանության ապահովում,Հատուկ պետական պաշտպանության ենթակա օբյեկտների անվտանգության ապահովում,Պետական պահպանության ենթակա օբեկտների անվտանգության խախտման դեպքերի կրճատում,11001,Պետական պահպանության ծառայություններ,"Բարձրաստիճան պաշտոնատար անձանց, նրանց բարձրաստիճան հյուրերի անվտանգության ապահովում",Ծառայությունների մատուցում,8565041.1,8595286.6,4186327.8,4216573.3,3735286.7,0.435,0.8859999999999999,8565041.1,8595286.6,4186327.8,4216573.3,3735286.7,0.435,0.8859999999999999,8408097.1,8408097.1,4161981.9,4161981.9,3701819.8,0.44,0.889
Պետական պահպանության ծառայություն,1036,1036,Պետական պահպանության ապահովում,Հատուկ պետական պաշտպանության ենթակա օբյեկտների անվտանգության ապահովում,Պետական պահպանության ենթակա օբեկտների անվտանգության խախտման դեպքերի կրճատում,11005,Պետական կառավարման  մարմինների կատարողականի գնահատում և խրախուսում,"Պետական մարմնի գործունեության առաջնահերթությունների սահմանում, կատարողականի գնահատման հիման վրա՛ խրախուսման միջոցով արդյունավետության բարձրացում",Ծառայությունների մատուցում,8565041.1,8595286.6,4186327.8,4216573.3,3735286.7,0.435,0.8859999999999999,8565041.1,8595286.6,4186327.8,4216573.3,3735286.7,0.435,0.8859999999999999,0.0,30245.5,0.0,30245.5,30226.1,0.9990000000000001,0.9990000000000001
Պետական պահպանության ծառայություն,1036,1036,Պետական պահպանության ապահովում,Հատուկ պետական պաշտպանության ենթակա օբյեկտների անվտանգության ապահովում,Պետական պահպանության ենթակա օբեկտների անվտանգության խախտման դեպքերի կրճատում,31001,ՊՊԾ տրանսպորտային միջոցներով ապահովվածության բարելավում,Պահպանության ծառայության կարիքների համար ավտոմեքենաների ձեռքբերում,Պետական մարմինների կողմից օգտագործվող ոչ ֆինանսական ակտիվների հետ գործառնություններ,8565041.1,8595286.6,4186327.8,4216573.3,3735286.7,0.435,0.8859999999999999,8565041.1,8595286.6,4186327.8,4216573.3,3735286.7,0.435,0.8859999999999999,131500.0,131500.0,0.0,0.0,0.0,0.0,0.0
Պետական պահպանության ծառայություն,1036,1036,Պետական պահպանության ապահովում,Հատուկ պետական պաշտպանության ենթակա օբյեկտների անվտանգության ապահովում,Պետական պահպանության ենթակա օբեկտների անվտանգության խախտման դեպքերի կրճատում,31002,ՊՊԾ տեխնիկական հագեցվածության բարելավում,Համակարգչային սարքավորումների և գրասենյակային գույքի ձեռքբերում,Պետական մարմինների կողմից օգտագործվող ոչ ֆինանսական ակտիվների հետ գործառնություններ,8565041.1,8595286.6,4186327.8,4216573.3,3735286.7,0.435,0.8859999999999999,8565041.1,8595286.6,4186327.8,4216573.3,3735286.7,0.435,0.8859999999999999,25444.0,25444.0,24345.9,24345.9,3240.9,0.127,0.133
ՀՀ քննչական կոմիտե,1180,1180,ՀՀ քննչական ծառայություններ,Հանցագործությունների օբյեկտիվ և արդյունավետ նախաքննության իրականացման ապահովոււմ,"Հանցագործությունների արդյունավետ նախաքննություն, նախաքննության ժամկետների կրճատում",11001,Քրեական վարույթներով նախաքննության իրականացում,ՀՀ քրեական դատավարության օրենսգրքով և ՀՀ քննչական կոմիտեի մասին ՀՀ օրենքով Կոմիտեին վերապահված լիազորությունների իրականացում,Ծառայությունների մատուցում,19205877.5,19538388.1,8198321.8,8420575.4,7036665.4,0.36,0.836,19205877.5,19538388.1,8198321.8,8420575.4,7036665.4,0.36,0.836,17743560.2,17743560.2,7607998.3,7607998.3,6452020.0,0.364,0.848
ՀՀ քննչական կոմիտե,1180,1180,ՀՀ քննչական ծառայություններ,Հանցագործությունների օբյեկտիվ և արդյունավետ նախաքննության իրականացման ապահովոււմ,"Հանցագործությունների արդյունավետ նախաքննություն, նախաքննության ժամկետների կրճատում",11002,Վերապատրաստման և պատրաստման կազմակերպում,ՀՀ քննչական կոմիտեի  ծառայողների վերապատրաստման և պատրաստման իրականացում,Ծառայությունների մատուցում,19205877.5,19538388.1,8198321.8,8420575.4,7036665.4,0.36,0.836,19205877.5,19538388.1,8198321.8,8420575.4,7036665.4,0.36,0.836,22436.4,22436.4,7852.7,7852.7,1924.7,0.086,0.245
ՀՀ քննչական կոմիտե,1180,1180,ՀՀ քննչական ծառայություններ,Հանցագործությունների օբյեկտիվ և արդյունավետ նախաքննության իրականացման ապահովոււմ,"Հանցագործությունների արդյունավետ նախաքննություն, նախաքննության ժամկետների կրճատում",11003,ՀՀ քննչական կոմիտեի պահուստային ֆոնդ,"ՀՀ քննչական կոմիտեի արդյունավետ գործունեությանը  նպաստում, չկանխատեսված ծախսերի կատարման ապահովում",Ծառայությունների մատուցում,19205877.5,19538388.1,8198321.8,8420575.4,7036665.4,0.36,0.836,19205877.5,19538388.1,8198321.8,8420575.4,7036665.4,0.36,0.836,318105.0,318105.0,111336.8,111336.8,2549.0,0.008,0.023
ՀՀ քննչական կոմիտե,1180,1180,ՀՀ քննչական ծառայություններ,Հանցագործությունների օբյեկտիվ և արդյունավետ նախաքննության իրականացման ապահովոււմ,"Հանցագործությունների արդյունավետ նախաքննություն, նախաքննության ժամկետների կրճատում",11004,Փորձագիտական ծառայությունների տրամադրում,Փորձագիտական ծառայությունների տրամադրում և քրեագիտական աջակցություն,Ծառայությունների մատուցում,19205877.5,19538388.1,8198321.8,8420575.4,7036665.4,0.36,0.836,19205877.5,19538388.1,8198321.8,8420575.4,7036665.4,0.36,0.836,721775.9,721775.9,361134.0,361134.0,360808.2,0.5,0.9990000000000001
ՀՀ քննչական կոմիտե,1180,1180,ՀՀ քննչական ծառայություններ,Հանցագործությունների օբյեկտիվ և արդյունավետ նախաքննության իրականացման ապահովոււմ,"Հանցագործությունների արդյունավետ նախաքննություն, նախաքննության ժամկետների կրճատում",31004,ՀՀ քննչական կոմիտեի շենքային պայմանների բարելավում,ՀՀ քննչական կոմիտեի վարչական շենքերի կապիտալ վերանորոգում,Պետական մարմինների կողմից օգտագործվող ոչ ֆինանսական ակտիվների հետ գործառնություններ,19205877.5,19538388.1,8198321.8,8420575.4,7036665.4,0.36,0.836,19205877.5,19538388.1,8198321.8,8420575.4,7036665.4,0.36,0.836,400000.0,732510.6,110000.0,332253.6,219363.4,0.299,0.66
ՀՀ քաղաքաշինության կոմիտե,1103,1103,Քաղաքաշինության և ճարտարապետության բնագավառում պետական քաղաքականության իրականացում և կանոնակարգում,Քաղաքաշինության և ճարտարապետության բնագավառում պետական քաղաքականության մշակմանն աջակցություն և իրականացման ապահովում,"Քաղաքաշինության գործունեության կանոնակարգում, քաղաքաշինական տեղեկատվական համակարգի ձևավորում և քաղաքաշինության բնագավառում պետական ծրագրերի իրականացման ապահովում",11001,"Քաղաքաշինության և ճարտարապետության բնագավառում պետական քաղաքականության մշակման, իրականացման, համակարգման, պլանավորման, մոնիտորինգի, կապիտալ ծրագրերի կատարման, պետական գնումների իրականացման ծառայություն","Քաղաքաշինության և ճարտարապետության բնագավառում քաղաքականության մշակում, կատարման համակարգում, պլանավորում, իրականացում, մոնիտորինգ, լիցենզավորում,  հաշվետվողականություն, աուդիտ, պետական գնումների իրականացում, հասարակությանը ոլորտի ծրագրերի իրազեկում",,3086948.3,3569097.7,1584557.4,2013401.8,861136.9,0.24100000000000002,0.428,3086948.3,3569097.7,1584557.4,2013401.8,861136.9,0.24100000000000002,0.428,1097563.9,1120788.9,464557.4,467632.4,445776.7,0.39799999999999996,0.953
ՀՀ քաղաքաշինության կոմիտե,1103,1103,Քաղաքաշինության և ճարտարապետության բնագավառում պետական քաղաքականության իրականացում և կանոնակարգում,Քաղաքաշինության և ճարտարապետության բնագավառում պետական քաղաքականության մշակմանն աջակցություն և իրականացման ապահովում,"Քաղաքաշինության գործունեության կանոնակարգում, քաղաքաշինական տեղեկատվական համակարգի ձևավորում և քաղաքաշինության բնագավառում պետական ծրագրերի իրականացման ապահովում",11002,Նորմատիվատեխնիկական փաստաթղթերի մշակում  և տեղայնացում,"Միջպետական (տարածաշրջանային), միջազգային և եվրոպական նորմերին ու ստանդարտներին համահունչ ազգային քաղաքաշինական նորմատիվ փաստաթղթերի մշակում, տեղայնացում, արդիականացում և բազայի համալրում",,3086948.3,3569097.7,1584557.4,2013401.8,861136.9,0.24100000000000002,0.428,3086948.3,3569097.7,1584557.4,2013401.8,861136.9,0.24100000000000002,0.428,268000.0,226205.7,0.0,0.0,0.0,0.0,0.0
ՀՀ քաղաքաշինության կոմիտե,1103,1103,Քաղաքաշինության և ճարտարապետության բնագավառում պետական քաղաքականության իրականացում և կանոնակարգում,Քաղաքաշինության և ճարտարապետության բնագավառում պետական քաղաքականության մշակմանն աջակցություն և իրականացման ապահովում,"Քաղաքաշինության գործունեության կանոնակարգում, քաղաքաշինական տեղեկատվական համակարգի ձևավորում և քաղաքաշինության բնագավառում պետական ծրագրերի իրականացման ապահովում",11003,"Քաղաքաշինական ծրագրային,  միկրոռեգիոնալ մակարդակի համակցված տարածական պլանավորման փաստաթղթերի մշակում","Միկրոռեգիոնների տարածքային հատակագծման նախագծերի և բնակավայրերի գոտևորման նախագծերի, քաղաքների մուտքերին հարող միջպետ. նշանակության պետական ավտոմոբիլային ճանապարհներին կից հատուկ կարգավորման գոտիների տարածքների կառուցապատման միասնական սխեմաների մշակում",,3086948.3,3569097.7,1584557.4,2013401.8,861136.9,0.24100000000000002,0.428,3086948.3,3569097.7,1584557.4,2013401.8,861136.9,0.24100000000000002,0.428,121384.4,121384.4,0.0,0.0,0.0,0.0,0.0
ՀՀ քաղաքաշինության կոմիտե,1103,1103,Քաղաքաշինության և ճարտարապետության բնագավառում պետական քաղաքականության իրականացում և կանոնակարգում,Քաղաքաշինության և ճարտարապետության բնագավառում պետական քաղաքականության մշակմանն աջակցություն և իրականացման ապահովում,"Քաղաքաշինության գործունեության կանոնակարգում, քաղաքաշինական տեղեկատվական համակարգի ձևավորում և քաղաքաշինության բնագավառում պետական ծրագրերի իրականացման ապահովում",11004,"ՀՀ պետական կառավարման մարմինների կողմից  դիմումներ, հայցադիմումներ, դատարանի վճիռների  և որոշումների դեմ վերաքննիչ և վճռաբեկ բողոքներ ներկայացնելիս` «Պետական տուրքի մասին» ՀՀ օրենքով սահմանված վճարումներ","ՀՀ պետական կառավարման մարմինների կողմից  դիմումներ, հայցադիմումներ, դատարանի վճիռների  և որոշումների դեմ վերաքննիչ և վճռաբեկ բողոքներ ներկայացնելիս` «Պետական տուրքի մասին» ՀՀ օրենքով սահմանված վճարումներ",,3086948.3,3569097.7,1584557.4,2013401.8,861136.9,0.24100000000000002,0.428,3086948.3,3569097.7,1584557.4,2013401.8,861136.9,0.24100000000000002,0.428,0.0,5135.0,0.0,5135.0,5135.0,1.0,1.0
ՀՀ քաղաքաշինության կոմիտե,1103,1103,Քաղաքաշինության և ճարտարապետության բնագավառում պետական քաղաքականության իրականացում և կանոնակարգում,Քաղաքաշինության և ճարտարապետության բնագավառում պետական քաղաքականության մշակմանն աջակցություն և իրականացման ապահովում,"Քաղաքաշինության գործունեության կանոնակարգում, քաղաքաշինական տեղեկատվական համակարգի ձևավորում և քաղաքաշինության բնագավառում պետական ծրագրերի իրականացման ապահովում",11010,Ավարտվող շինարարական օբյեկտների ավարտական ակտերի և  շահագործման թույլտվություններ ստանալու համար տեղական  տուրքի վճարների ապահովում,ՀՀ քաղաքաշինության կոմիտեի պատվիրատվությամբ իրականացվող ավարտվող շինարարական օբյեկտների շահագործման թույլտվությունը և ավարտական ակտը ստանալու համար տեղականտուրքի վճարների ապահովում,,3086948.3,3569097.7,1584557.4,2013401.8,861136.9,0.24100000000000002,0.428,3086948.3,3569097.7,1584557.4,2013401.8,861136.9,0.24100000000000002,0.428,0.0,83155.0,0.0,35000.0,4440.1,0.053,0.127
ՀՀ քաղաքաշինության կոմիտե,1103,1103,Քաղաքաշինության և ճարտարապետության բնագավառում պետական քաղաքականության իրականացում և կանոնակարգում,Քաղաքաշինության և ճարտարապետության բնագավառում պետական քաղաքականության մշակմանն աջակցություն և իրականացման ապահովում,"Քաղաքաշինության գործունեության կանոնակարգում, քաղաքաշինական տեղեկատվական համակարգի ձևավորում և քաղաքաշինության բնագավառում պետական ծրագրերի իրականացման ապահովում",11011,Պետական կառավարման  մարմինների կատարողականի գնահատում և խրախուսում,"Պետական մարմնի գործունեության առաջնահերթությունների սահմանում, կատարողականի գնահատման հիման վրա՛ խրախուսման միջոցով արդյունավետության բարձրացում",Ծառայությունների մատուցում,3086948.3,3569097.7,1584557.4,2013401.8,861136.9,0.24100000000000002,0.428,3086948.3,3569097.7,1584557.4,2013401.8,861136.9,0.24100000000000002,0.428,0.0,75110.8,0.0,75110.8,71344.8,0.95,0.95
ՀՀ քաղաքաշինության կոմիտե,1103,1103,Քաղաքաշինության և ճարտարապետության բնագավառում պետական քաղաքականության իրականացում և կանոնակարգում,Քաղաքաշինության և ճարտարապետության բնագավառում պետական քաղաքականության մշակմանն աջակցություն և իրականացման ապահովում,"Քաղաքաշինության գործունեության կանոնակարգում, քաղաքաշինական տեղեկատվական համակարգի ձևավորում և քաղաքաշինության բնագավառում պետական ծրագրերի իրականացման ապահովում",11012,Կոնդ թաղամասի զարգացման ներդրումային ծրագրի համակարգում,Կոնդ թաղամասի զարգացման ներդրումային ծրագրի իրականացման համար երկփուլ մրցույթի մրցանակային ֆոնդի գումարի հատկացում,Ծառայությունների մատուցում,3086948.3,3569097.7,1584557.4,2013401.8,861136.9,0.24100000000000002,0.428,3086948.3,3569097.7,1584557.4,2013401.8,861136.9,0.24100000000000002,0.428,0.0,9000.0,0.0,9000.0,9000.0,1.0,1.0
ՀՀ քաղաքաշինության կոմիտե,1103,1103,Քաղաքաշինության և ճարտարապետության բնագավառում պետական քաղաքականության իրականացում և կանոնակարգում,Քաղաքաշինության և ճարտարապետության բնագավառում պետական քաղաքականության մշակմանն աջակցություն և իրականացման ապահովում,"Քաղաքաշինության գործունեության կանոնակարգում, քաղաքաշինական տեղեկատվական համակարգի ձևավորում և քաղաքաշինության բնագավառում պետական ծրագրերի իրականացման ապահովում",11013,Ավարտվող շինարարական օբյեկտների չափագրման ծառայություններ,Չափագրման ծառայություններ ձեռք բերելու վճարների ապահովում,Ծառայությունների մատուցում,3086948.3,3569097.7,1584557.4,2013401.8,861136.9,0.24100000000000002,0.428,3086948.3,3569097.7,1584557.4,2013401.8,861136.9,0.24100000000000002,0.428,0.0,13745.3,0.0,6000.0,1486.9,0.10800000000000001,0.248
ՀՀ քաղաքաշինության կոմիտե,1103,1103,Քաղաքաշինության և ճարտարապետության բնագավառում պետական քաղաքականության իրականացում և կանոնակարգում,Քաղաքաշինության և ճարտարապետության բնագավառում պետական քաղաքականության մշակմանն աջակցություն և իրականացման ապահովում,"Քաղաքաշինության գործունեության կանոնակարգում, քաղաքաշինական տեղեկատվական համակարգի ձևավորում և քաղաքաշինության բնագավառում պետական ծրագրերի իրականացման ապահովում",21001,Քաղաքաշինության բնագավառում պետական ծրագրերի իրականացման ապահովում,"Նախագծանախահաշվային փաստաթղթերի, ինչպես նաեւ հիմնանորոգման, վերակառուցման, կառուցման աշխատանքների ձեռքբերում",,3086948.3,3569097.7,1584557.4,2013401.8,861136.9,0.24100000000000002,0.428,3086948.3,3569097.7,1584557.4,2013401.8,861136.9,0.24100000000000002,0.428,1600000.0,1600984.0,1120000.0,1101935.0,12954.9,0.008,0.012
ՀՀ քաղաքաշինության կոմիտե,1103,1103,Քաղաքաշինության և ճարտարապետության բնագավառում պետական քաղաքականության իրականացում և կանոնակարգում,Քաղաքաշինության և ճարտարապետության բնագավառում պետական քաղաքականության մշակմանն աջակցություն և իրականացման ապահովում,"Քաղաքաշինության գործունեության կանոնակարգում, քաղաքաշինական տեղեկատվական համակարգի ձևավորում և քաղաքաշինության բնագավառում պետական ծրագրերի իրականացման ապահովում",21003,Շենքերի   և շինությունների մատչելիություն  և անձնագրավորում,"Շենքերի և շինությունների ինժեներատեխնիկական վիճակի հետազննությունների իրականացում, մասնագիտական եզրակացությունների, նախագծանախահաշվային փաստաթղթերի ձեռքբերում, շենքերի և շինությունների անձնագրավորում",,3086948.3,3569097.7,1584557.4,2013401.8,861136.9,0.24100000000000002,0.428,3086948.3,3569097.7,1584557.4,2013401.8,861136.9,0.24100000000000002,0.428,0.0,310998.6,0.0,310998.6,310998.6,1.0,1.0
ՀՀ քաղաքաշինության կոմիտե,1103,1103,Քաղաքաշինության և ճարտարապետության բնագավառում պետական քաղաքականության իրականացում և կանոնակարգում,Քաղաքաշինության և ճարտարապետության բնագավառում պետական քաղաքականության մշակմանն աջակցություն և իրականացման ապահովում,"Քաղաքաշինության գործունեության կանոնակարգում, քաղաքաշինական տեղեկատվական համակարգի ձևավորում և քաղաքաշինության բնագավառում պետական ծրագրերի իրականացման ապահովում",31001,Քաղաքաշինության  կոմիտեի կարողությունների զարգացում և տեխնիկական հագեցվածության ապահովում,Քաղաքաշինության  կոմիտեի աշխատանքային պայմանների բարելավման համար վարչական սարքավորումների ձեռք բերում,,3086948.3,3569097.7,1584557.4,2013401.8,861136.9,0.24100000000000002,0.428,3086948.3,3569097.7,1584557.4,2013401.8,861136.9,0.24100000000000002,0.428,0.0,2590.0,0.0,2590.0,0.0,0.0,0.0
Կոռուպցիայի կանխարգելման հանձնաժողով,1181,1181,Կոռուպցիայի կանխարգելման համակարգի զարգացման ապահովում,Նպաստել կոռուպցիայի կանխարգելման համակարգի զարգացմանը և հանրային ինստիտուտների նկատմամբ հասարակության վստահության բարձրացմանը,Բարձրաստիճան պաշտոնատար անձանց գործունեության թափանցիկության և հրապարակայնության բարելավում,11001,Կոռուպցիայի կանխարգելում և բարեվարքության համակարգի զարգացում,"Հայտարարագրման համակարգի բարելավման, բարեվարքության ստանդարտների սահմանման և պահպանման հսկողության, հակակոռուպցիոն իրազեկման, հայտարարագրերի ստուգման ու վերլուծության, օրենքով սահմանված պահանջների կիրառման ծառայություններ",Ծառայությունների մատուցում,405693.8,457072.2,178765.2,230143.6,175340.5,0.384,0.762,405693.8,457072.2,178765.2,230143.6,175340.5,0.384,0.762,402738.8,454117.2,177558.2,228936.6,175013.3,0.385,0.764
Կոռուպցիայի կանխարգելման հանձնաժողով,1181,1181,Կոռուպցիայի կանխարգելման համակարգի զարգացման ապահովում,Նպաստել կոռուպցիայի կանխարգելման համակարգի զարգացմանը և հանրային ինստիտուտների նկատմամբ հասարակության վստահության բարձրացմանը,Բարձրաստիճան պաշտոնատար անձանց գործունեության թափանցիկության և հրապարակայնության բարելավում,11002,Կոռուպցիայի դեմ պայքարին առնչվող հարցերով կրթական և հանրային իրազեկվածության բարձրացմանն ուղղված ծրագրերի մշակման և միջոցառումների իրականացման աշխատանքներ,"Կոռուպցիայի կանխարգելման հանձնաժողովի գործընկերային հարաբերությունների զարգացում, հանրային ճանաչելիության, օրենքով վերապահված գործառույթների և լիազորությունների վերաբերյալ հանրային իրազեկվածության մակարդակի բարձրացում, կրթական բաղադրիչի զարգացում",Ծառայությունների մատուցում,405693.8,457072.2,178765.2,230143.6,175340.5,0.384,0.762,405693.8,457072.2,178765.2,230143.6,175340.5,0.384,0.762,2955.0,2955.0,1207.0,1207.0,327.2,0.111,0.271
ՀՀ պետական վերահսկողական ծառայություն,1203,1203,Պետական վերահսկողական ծառայություններ,"Վերահսկվող օբյեկտի գործունեության, ինչպես նաև պետական միջոցների կառավարման և ձևավորման արդյունավետության ու օրինականության նկատմամբ պետական վերահսողության ապահովում","ՀՀ պետական միջոցների կառավարման, ձևավորման և օգտագործման արդյունավետության և օրինականության գնահատում",11001,ՀՀ վարչապետին ՀՀ Սահմանադրությամբ և օրենքներով վերապահված վերահսկողական լիազորությունների իրականացման ապահովում,"Պետական միջոցների հաշվին ֆինանսավորվող մարմինների և/կամ կազմակերպությունների նկատմամբ համապատասխանության, օրինականության, արդյունավետության արժանահավատության ուսումնասիրություններ՛ վերահսկողության նպատակով",,1102507.3,1169342.7,476394.3,543229.7,463161.4,0.396,0.853,1102507.3,1169342.7,476394.3,543229.7,463161.4,0.396,0.853,1102507.3,1102507.3,476394.3,476394.3,397787.2,0.361,0.835
ՀՀ պետական վերահսկողական ծառայություն,1203,1203,Պետական վերահսկողական ծառայություններ,"Վերահսկվող օբյեկտի գործունեության, ինչպես նաև պետական միջոցների կառավարման և ձևավորման արդյունավետության ու օրինականության նկատմամբ պետական վերահսողության ապահովում","ՀՀ պետական միջոցների կառավարման, ձևավորման և օգտագործման արդյունավետության և օրինականության գնահատում",11002,Պետական կառավարման  մարմինների կատարողականի գնահատում և խրախուսում,"Պետական մարմնի գործունեության առաջնահերթությունների սահմանում, կատարողականի գնահատման հիման վրա՛ խրախուսման միջոցով արդյունավետության բարձրացում",Ծառայությունների մատուցում,1102507.3,1169342.7,476394.3,543229.7,463161.4,0.396,0.853,1102507.3,1169342.7,476394.3,543229.7,463161.4,0.396,0.853,0.0,66835.4,0.0,66835.4,65374.3,0.978,0.978
Հակակոռուպցիոն կոմիտե,1231,1231,Կոռուպցիոն հանցագործությունների բացահայտման և քննության ապահովում,ՀՀ քրեական դատավարության օրենսգրքով ՀՀ հակակոռուպցիոն կոմիտեի ենթակայությանը վերապահված քրեական գործերի  քննության իրականացումը և օպերատիվ -հետախուզական գործունեությունը,"Արդյունավետ օպերատիվ-հետախուզական գործունեություն, հետաքննություն և նախաքննություն` դրանց ողջամիտ ժամկետներում իրականացում",11001,Կոռուպցիոն հանցագործությունների բացահայտում և քննություն,"Կոռուպցիոն դեպքերի բացահայտման և քննության ապահովում, դրանց արդյունավետության բարձրացում",Ծառայությունների մատուցում,3516898.4,3516898.4,1474853.5,1474853.5,1398008.2,0.39799999999999996,0.948,3516898.4,3516898.4,1474853.5,1474853.5,1398008.2,0.39799999999999996,0.948,3448394.4,3448394.4,1440601.5,1440601.5,1384073.9,0.401,0.961
Հակակոռուպցիոն կոմիտե,1231,1231,Կոռուպցիոն հանցագործությունների բացահայտման և քննության ապահովում,ՀՀ քրեական դատավարության օրենսգրքով ՀՀ հակակոռուպցիոն կոմիտեի ենթակայությանը վերապահված քրեական գործերի  քննության իրականացումը և օպերատիվ -հետախուզական գործունեությունը,"Արդյունավետ օպերատիվ-հետախուզական գործունեություն, հետաքննություն և նախաքննություն` դրանց ողջամիտ ժամկետներում իրականացում",11002,ՀՀ հակակոռուպցիոն կոմիտեի պահուստային ֆոնդ,ՀՀ հակակոռուպցիոն կոմիտեի բնականոն գործունեության ապահովման համար չկանխատեսված ծախսերի կատարման ապահովում,Ծառայությունների մատուցում,3516898.4,3516898.4,1474853.5,1474853.5,1398008.2,0.39799999999999996,0.948,3516898.4,3516898.4,1474853.5,1474853.5,1398008.2,0.39799999999999996,0.948,60224.8,60224.8,30112.4,30112.4,11132.8,0.185,0.37
Հակակոռուպցիոն կոմիտե,1231,1231,Կոռուպցիոն հանցագործությունների բացահայտման և քննության ապահովում,ՀՀ քրեական դատավարության օրենսգրքով ՀՀ հակակոռուպցիոն կոմիտեի ենթակայությանը վերապահված քրեական գործերի  քննության իրականացումը և օպերատիվ -հետախուզական գործունեությունը,"Արդյունավետ օպերատիվ-հետախուզական գործունեություն, հետաքննություն և նախաքննություն` դրանց ողջամիտ ժամկետներում իրականացում",11003,Վերապատրաստման և հատուկ ուսուցման կազմակերպում,ՀՀ հակակոռուպցիոն կոմիտեի ծառայողների վերապատրաստումների իրականացում,Ծառայությունների մատուցում,3516898.4,3516898.4,1474853.5,1474853.5,1398008.2,0.39799999999999996,0.948,3516898.4,3516898.4,1474853.5,1474853.5,1398008.2,0.39799999999999996,0.948,8279.2,8279.2,4139.6,4139.6,2801.5,0.33799999999999997,0.677
Արտաքին հետախուզության ծառայություն,1237,1237,Արտաքին հետախուզություն,"Արտաքին սպառնալիքներից անձի, հասարակության և պետության պաշտպանությանը, ՀՀ կենսական շահերին առչնվող տեղեկատվության ստացում և մշակում","ՀՀ արտաքին քաղաքականության, ռազմաքաղաքական, տնտեսական, գիտատեխնիկական, շրջակա միջավայի պահպանության ու կենսական այլ ոլորտներում պետական քաղաքականության իրականացման աջակցություն",11001,Արտաքին հետախուզական գործունեության կազմակերպում,Հետախուզական տեղեկությունների հավաքագրում,Ծառայությունների մատուցում,2953813.3,3022444.5,1634625.5,1703256.7,932830.7,0.309,0.5479999999999999,2953813.3,3022444.5,1634625.5,1703256.7,932830.7,0.309,0.5479999999999999,2452601.2,2452601.2,1237771.3,1237771.3,760694.6,0.31,0.615
Արտաքին հետախուզության ծառայություն,1237,1237,Արտաքին հետախուզություն,"Արտաքին սպառնալիքներից անձի, հասարակության և պետության պաշտպանությանը, ՀՀ կենսական շահերին առչնվող տեղեկատվության ստացում և մշակում","ՀՀ արտաքին քաղաքականության, ռազմաքաղաքական, տնտեսական, գիտատեխնիկական, շրջակա միջավայի պահպանության ու կենսական այլ ոլորտներում պետական քաղաքականության իրականացման աջակցություն",11002,Պետական կառավարման  մարմինների կատարողականի գնահատում և խրախուսում,"Պետական մարմնի գործունեության առաջնահերթությունների սահմանում, կատարողականի գնահատման հիման վրա՛ խրախուսման միջոցով արդյունավետության բարձրացում",Ծառայությունների մատուցում,2953813.3,3022444.5,1634625.5,1703256.7,932830.7,0.309,0.5479999999999999,2953813.3,3022444.5,1634625.5,1703256.7,932830.7,0.309,0.5479999999999999,0.0,68631.2,0.0,68631.2,51700.2,0.753,0.753
Արտաքին հետախուզության ծառայություն,1237,1237,Արտաքին հետախուզություն,"Արտաքին սպառնալիքներից անձի, հասարակության և պետության պաշտպանությանը, ՀՀ կենսական շահերին առչնվող տեղեկատվության ստացում և մշակում","ՀՀ արտաքին քաղաքականության, ռազմաքաղաքական, տնտեսական, գիտատեխնիկական, շրջակա միջավայի պահպանության ու կենսական այլ ոլորտներում պետական քաղաքականության իրականացման աջակցություն",31001,Արտաքին հետախուզության ծառայության շենքային պայմանների ապահովում,"Արտաքին հետախուզության ծառայության համար շենքի ձեռքբերում, կապիտալ վերանորոգում",Պետական մարմինների կողմից օգտագործվող ոչ ֆինանսական ակտիվների հետ գործառնություններ,2953813.3,3022444.5,1634625.5,1703256.7,932830.7,0.309,0.5479999999999999,2953813.3,3022444.5,1634625.5,1703256.7,932830.7,0.309,0.5479999999999999,501212.1,501212.1,396854.2,396854.2,120435.9,0.24,0.303
Տեղեկատվական համակարգերի կարգավորման հանձնաժողով,1244,1244,Տեղեկատվական համակարգերի բնագավառում միջոցառումների մշակման աշխատանքների համակարգում և  անվտանգության միջոցառումների իրականացում,Տեղեկատվական համակարգերի բնագավառում  անվտանգության միջոցառումների իրականացում,Տեղեկատվական համակարգերի բնագավառում  անվտանգության միջոցառումների իրականացում,11001,"Տեղեկատվական համակարգերի անվտանգության միջոցառումների համակարգի մշակման աշխատանքների իրականացում, համակարգում և մոնիտորինգ","Պետական տեղեկատվական համակարգի տեղեկություններին թվային անվտանգ միջավայրում հասանելիության, կառավարական ցանցի, տվյալների փոխանակման և այլ շերտերի կառավարում, զարգացում  և օգտագործում",Ծառայությունների մատուցում,0.0,350000.0,0.0,148965.0,8400.1,0.024,0.055999999999999994,0.0,350000.0,0.0,148965.0,8400.1,0.024,0.055999999999999994,0.0,310685.0,0.0,109650.0,8400.1,0.027000000000000003,0.077
Տեղեկատվական համակարգերի կարգավորման հանձնաժողով,1244,1244,Տեղեկատվական համակարգերի բնագավառում միջոցառումների մշակման աշխատանքների համակարգում և  անվտանգության միջոցառումների իրականացում,Տեղեկատվական համակարգերի բնագավառում  անվտանգության միջոցառումների իրականացում,Տեղեկատվական համակարգերի բնագավառում  անվտանգության միջոցառումների իրականացում,31001,Տեղեկատվական համակարգերի կարգավորման հանձնաժողովի կարողությունների զարգացում և տեխնիկական հագեցվածության ապահովում,Տեղեկատվական համակարգերի կարգավորման հանձնաժողովի աշխատանքային պայմանների բարելավման համար վարչական սարքավորումների ձեռքբերում,Պետական մարմինների կողմից օգտագործվող ոչ ֆինանսական ակտիվների հետ գործառնություններ,0.0,350000.0,0.0,148965.0,8400.1,0.024,0.055999999999999994,0.0,350000.0,0.0,148965.0,8400.1,0.024,0.055999999999999994,0.0,39315.0,0.0,39315.0,0.0,0.0,0.0
ՀՀ Արագածոտնի մարզպետի աշխատակազմ,1002,1002,ՀՀ Արագածոտնի մարզում տարածքային պետական կառավարում,ՀՀ Արագածոտնի մարզում պետական քաղաքականության իրականացման ապահովում,"ՀՀ Արագածոտնի մարզում իրականացվող պետական ծրագրերի արդյունավետության և հասցեականության բարելավում, հետադարձ կապի ապահովում",11001,ՀՀ Արագածոտնի մարզպետի աշխատակազմի կողմից տարածքային պետական կառավարման ապահովում,"Մարզպետի աշխատակազմի  ենթակայության հիմնարկների կառավարում, կրթության, ճանապարհաշինության, քաղաքաշինության և այլ ոլորտներում հասարակական պատվերի տեղաբաշխում, տնտեսության և սոցիալական տարբեր ոլորտներում մարզային միջոցառումների համակարգում",Ծառայությունների մատուցում,450364.5,450364.5,193916.3,193916.3,186010.6,0.413,0.9590000000000001,450364.5,450364.5,193916.3,193916.3,186010.6,0.413,0.9590000000000001,450364.5,450364.5,193916.3,193916.3,186010.6,0.413,0.9590000000000001
ՀՀ Արարատի մարզպետի աշխատակազմ,1009,1009,ՀՀ Արարատի մարզում տարածքային պետական կառավարում,ՀՀ Արարատի մարզում պետական քաղաքականության իրականացման ապահովում,"ՀՀ Արարատի մարզում իրականացվող պետական ծրագրերի արդյունավետության և հասցեականության բարելավում, հետադարձ կապի ապահովում",11001,ՀՀ Արարատի մարզպետի աշխատակազմի կողմից տարածքային պետական կառավարման ապահովում,"Մարզպետի աշխատակազմի ենթակայության հիմնարկների կառավարում, կրթության, ճանապարհաշինության, քաղաքաշինության և այլ ոլորտներում հասարակական պատվերի տեղաբաշխում, տնտեսության և սոցիալական տարբեր ոլորտներում մարզային միջոցառումների համակարգում",Ծառայությունների մատուցում,428614.5,428614.5,200854.8,200854.8,169157.7,0.395,0.8420000000000001,428614.5,428614.5,200854.8,200854.8,169157.7,0.395,0.8420000000000001,428614.5,428614.5,200854.8,200854.8,169157.7,0.395,0.8420000000000001
ՀՀ Արմավիրի մարզպետի աշխատակազմ,1010,1010,ՀՀ Արմավիրի մարզում տարածքային պետական կառավարում,ՀՀ Արմավիրի մարզում պետական քաղաքականության իրականացման ապահովում,"ՀՀ Արմավիրի մարզում իրականացվող պետական ծրագրերի արդյունավետության և հասցեականության բարելավում, հետադարձ կապի ապահովում",11001,ՀՀ Արմավիրի  մարզպետի աշխատակազմի կողմից տարածքային պետական կառավարման ապահովում,"Մարզպետի աշխատակազմի ենթակայության հիմնարկների կառավարում, կրթության, ճանապարհաշինության, քաղաքաշինության և այլ ոլորտներում հասարակական պատվերի տեղաբաշխում, տնտեսության և սոցիալական տարբեր ոլորտներում մարզային միջոցառումների համակարգում",Ծառայությունների մատուցում,459173.1,459173.1,198203.8,198203.8,189262.2,0.41200000000000003,0.955,459173.1,459173.1,198203.8,198203.8,189262.2,0.41200000000000003,0.955,459173.1,459173.1,198203.8,198203.8,189262.2,0.41200000000000003,0.955
ՀՀ Գեղարքունիքի մարզպետի աշխատակազմ,1025,1025,ՀՀ Գեղարքունիքի մարզում տարածքային պետական կառավարում,ՀՀ Գեղարքունիքի մարզում պետական քաղաքականության իրականացման ապահովում,"ՀՀ Գեղարքունիքի մարզում իրականացվող պետական ծրագրերի արդյունավետության և հասցեականության բարելավում, հետադարձ կապի ապահովում",11001,ՀՀ Գեղարքունիքի  մարզպետի աշխատակազմի կողմից տարածքային պետական կառավարման ապահովում,"Մարզպետի աշխատակազմի ենթակայության հիմնարկների կառավարում, կրթության, ճանապարհաշինության, քաղաքաշինության և այլ ոլորտներում հասարակական պատվերի տեղաբաշխում, տնտեսության և սոցիալական տարբեր ոլորտներում մարզային միջոցառումների համակարգում",Ծառայությունների մատուցում,559302.3,588196.2,242075.4,270969.3,242853.5,0.413,0.8959999999999999,559302.3,588196.2,242075.4,270969.3,242853.5,0.413,0.8959999999999999,559302.3,588136.2,242075.4,270909.3,242793.5,0.413,0.8959999999999999
ՀՀ Գեղարքունիքի մարզպետի աշխատակազմ,1025,1025,ՀՀ Գեղարքունիքի մարզում տարածքային պետական կառավարում,ՀՀ Գեղարքունիքի մարզում պետական քաղաքականության իրականացման ապահովում,"ՀՀ Գեղարքունիքի մարզում իրականացվող պետական ծրագրերի արդյունավետության և հասցեականության բարելավում, հետադարձ կապի ապահովում",11004,"ՀՀ պետական կառավարման մարմինների կողմից  դիմումներ, հայցադիմումներ, դատարանի վճիռների  և որոշումների դեմ վերաքննիչ և վճռաբեկ բողոքներ ներկայացնելիս` «Պետական տուրքի մասին» ՀՀ օրենքով սահմանված վճարումներ","ՀՀ պետական կառավարման մարմինների կողմից  դիմումներ, հայցադիմումներ, դատարանի վճիռների  և որոշումների դեմ վերաքննիչ և վճռաբեկ բողոքներ ներկայացնելիս` «Պետական տուրքի մասին» ՀՀ օրենքով սահմանված վճարումներ",,559302.3,588196.2,242075.4,270969.3,242853.5,0.413,0.8959999999999999,559302.3,588196.2,242075.4,270969.3,242853.5,0.413,0.8959999999999999,0.0,60.0,0.0,60.0,60.0,1.0,1.0
ՀՀ Լոռու մարզպետի աշխատակազմ,1030,1030,ՀՀ Լոռու մարզում տարածքային պետական կառավարում,ՀՀ Լոռու մարզում պետական քաղաքականության իրականացման ապահովում,"ՀՀ Լոռու մարզում իրականացվող պետական ծրագրերի արդյունավետության և հասցեականության բարելավում, հետադարձ կապի ապահովում",11001,ՀՀ Լոռու  մարզպետի աշխատակազմի կողմից տարածքային պետական կառավարման ապահովում,"Մարզպետի աշխատակազմի ենթակայության հիմնարկների կառավարում, կրթության, ճանապարհաշինության, քաղաքաշինության և այլ ոլորտներում հասարակական պատվերի տեղաբաշխում, տնտեսության և սոցիալական տարբեր ոլորտներում մարզային միջոցառումների համակարգում",Ծառայությունների մատուցում,528815.3,530270.3,229130.2,230585.2,216408.1,0.408,0.9390000000000001,528815.3,530270.3,229130.2,230585.2,216408.1,0.408,0.9390000000000001,528815.3,528815.3,229130.2,229130.2,216408.1,0.409,0.9440000000000001
ՀՀ Լոռու մարզպետի աշխատակազմ,1030,1030,ՀՀ Լոռու մարզում տարածքային պետական կառավարում,ՀՀ Լոռու մարզում պետական քաղաքականության իրականացման ապահովում,"ՀՀ Լոռու մարզում իրականացվող պետական ծրագրերի արդյունավետության և հասցեականության բարելավում, հետադարձ կապի ապահովում",31001,ՀՀ Լոռու  մարզպետի աշխատակազմի տեխնիկական հագեցվածության բարելավում,ՀՀ Լոռու  մարզպետի աշխատակազմի աշխատանքային պայմանների բարելավման համար վարչական սարքավորումների ձեռքբերում,,528815.3,530270.3,229130.2,230585.2,216408.1,0.408,0.9390000000000001,528815.3,530270.3,229130.2,230585.2,216408.1,0.408,0.9390000000000001,0.0,1455.0,0.0,1455.0,0.0,0.0,0.0
ՀՀ Կոտայքի մարզպետի աշխատակազմ,1037,1037,ՀՀ Կոտայքի մարզում տարածքային պետական կառավարում,ՀՀ Կոտայքի մարզում պետական քաղաքականության իրականացման ապահովում,"ՀՀ Կոտայքի մարզում իրականացվող պետական ծրագրերի արդյունավետության և հասցեականության բարելավում, հետադարձ կապի ապահովում",11001,ՀՀ Կոտայքի մարզպետի աշխատակազմի կողմից տարածքային պետական կառավարման ապահովում,"Մարզպետի աշխատակազմի ենթակայության հիմնարկների կառավարում, կրթության, ճանապարհաշինության, քաղաքաշինության և այլ ոլորտներում հասարակական պատվերի տեղաբաշխում, տնտեսության և սոցիալական տարբեր ոլորտներում մարզային միջոցառումների համակարգում",Ծառայությունների մատուցում,482490.1,484679.5,219210.4,221399.8,201898.5,0.41700000000000004,0.912,482490.1,484679.5,219210.4,221399.8,201898.5,0.41700000000000004,0.912,482490.1,484506.9,219210.4,221227.2,201725.9,0.41600000000000004,0.912
ՀՀ Կոտայքի մարզպետի աշխատակազմ,1037,1037,ՀՀ Կոտայքի մարզում տարածքային պետական կառավարում,ՀՀ Կոտայքի մարզում պետական քաղաքականության իրականացման ապահովում,"ՀՀ Կոտայքի մարզում իրականացվող պետական ծրագրերի արդյունավետության և հասցեականության բարելավում, հետադարձ կապի ապահովում",11002,"ՀՀ պետական կառավարման մարմինների կողմից  դիմումներ, հայցադիմումներ, դատարանի վճիռների  և որոշումների դեմ վերաքննիչ և վճռաբեկ բողոքներ ներկայացնելիս` «Պետական տուրքի մասին» ՀՀ օրենքով սահմանված վճարումներ","ՀՀ պետական կառավարման մարմինների կողմից  դիմումներ, հայցադիմումներ, դատարանի վճիռների  և որոշումների դեմ վերաքննիչ և վճռաբեկ բողոքներ ներկայացնելիս` «Պետական տուրքի մասին» ՀՀ օրենքով սահմանված վճարումներ",,482490.1,484679.5,219210.4,221399.8,201898.5,0.41700000000000004,0.912,482490.1,484679.5,219210.4,221399.8,201898.5,0.41700000000000004,0.912,0.0,172.6,0.0,172.6,172.6,1.0,1.0
ՀՀ Շիրակի մարզպետի աշխատակազմ,1039,1039,ՀՀ Շիրակի մարզում տարածքային պետական կառավարում,ՀՀ Շիրակի մարզում պետական քաղաքականության իրականացման ապահովում,ՀՀ Շիրակի մարզում պետական քաղաքականության իրականացման ապահովում,11001,ՀՀ Շիրակի  մարզպետի աշխատակազմ կողմից տարածքային պետական կառավարման ապահովում,"Մարզպետի աշխատակազմի ենթակայության հիմնարկների կառավարում, կրթության, ճանապարհաշինության, քաղաքաշինության և այլ ոլորտներում հասարակական պատվերի տեղաբաշխում, տնտեսության և սոցիալական տարբեր ոլորտներում մարզային միջոցառումների համակարգում",Ծառայությունների մատուցում,517330.7,517380.7,222820.0,222870.0,216083.6,0.418,0.97,517330.7,517380.7,222820.0,222870.0,216083.6,0.418,0.97,517330.7,517330.7,222820.0,222820.0,216033.6,0.418,0.97
ՀՀ Շիրակի մարզպետի աշխատակազմ,1039,1039,ՀՀ Շիրակի մարզում տարածքային պետական կառավարում,ՀՀ Շիրակի մարզում պետական քաղաքականության իրականացման ապահովում,ՀՀ Շիրակի մարզում պետական քաղաքականության իրականացման ապահովում,11002,"ՀՀ պետական կառավարման մարմինների կողմից  դիմումներ, հայցադիմումներ, դատարանի վճիռների  և որոշումների դեմ վերաքննիչ և վճռաբեկ բողոքներ ներկայացնելիս` «Պետական տուրքի մասին» ՀՀ օրենքով սահմանված վճարումներ","ՀՀ պետական կառավարման մարմինների կողմից  դիմումներ, հայցադիմումներ, դատարանի վճիռների  և որոշումների դեմ վերաքննիչ և վճռաբեկ բողոքներ ներկայացնելիս` «Պետական տուրքի մասին» ՀՀ օրենքով սահմանված վճարումներ",,517330.7,517380.7,222820.0,222870.0,216083.6,0.418,0.97,517330.7,517380.7,222820.0,222870.0,216083.6,0.418,0.97,0.0,50.0,0.0,50.0,50.0,1.0,1.0
ՀՀ Սյունիքի մարզպետի աշխատակազմ,1047,1047,ՀՀ Սյունիքի մարզում տարածքային պետական կառավարում,ՀՀ Սյունիքի մարզում պետական քաղաքականության իրականացման ապահովում,"ՀՀ Սյունիքի մարզում իրականացվող պետական ծրագրերի արդյունավետության և հասցեականության բարելավում, հետադարձ կապի ապահովում",11001,ՀՀ Սյունիքի  մարզպետի աշխատակազմի կողմից տարածքային պետական կառավարման ապահովում,"Մարզպետի աշխատակազմի ենթակայության հիմնարկների կառավարում, կրթության, ճանապարհաշինության, քաղաքաշինության և այլ ոլորտներում հասարակական պատվերի տեղաբաշխում, տնտեսության և սոցիալական տարբեր ոլորտներում մարզային միջոցառումների համակարգում",Ծառայությունների մատուցում,467609.2,467609.2,242411.0,242411.0,189090.5,0.40399999999999997,0.78,467609.2,467609.2,242411.0,242411.0,189090.5,0.40399999999999997,0.78,467609.2,467609.2,242411.0,242411.0,189090.5,0.40399999999999997,0.78
ՀՀ Վայոց ձորի մարզպետի աշխատակազմ,1051,1051,ՀՀ Վայոց ձորի մարզում տարածքային պետական կառավարում,ՀՀ Վայոց ձորի մարզում պետական քաղաքականության իրականացման ապահովում,"ՀՀ Վայոց ձորի մարզում իրականացվող պետական ծրագրերի արդյունավետության և հասցեականության բարելավում, հետադարձ կապի ապահովում",11001,ՀՀ Վայոց ձորի  մարզպետի աշխատակազմի կողմից տարածքային պետական կառավարման ապահովում,"Մարզպետի աշխատակազմի ենթակայության հիմնարկների կառավարում, կրթության, ճանապարհաշինության, քաղաքաշինության և այլ ոլորտներում հասարակական պատվերի տեղաբաշխում, տնտեսության և սոցիալական տարբեր ոլորտներում մարզային միջոցառումների համակարգում",Ծառայությունների մատուցում,420234.7,420234.7,181102.6,181102.6,169824.9,0.40399999999999997,0.938,420234.7,420234.7,181102.6,181102.6,169824.9,0.40399999999999997,0.938,420234.7,420234.7,181102.6,181102.6,169824.9,0.40399999999999997,0.938
ՀՀ Տավուշի մարզպետի աշխատակազմ,1055,1055,ՀՀ Տավուշի մարզում տարածքային պետական կառավարում,ՀՀ Տավուշի մարզում պետական քաղաքականության իրականացման ապահովում,"ՀՀ Տավուշի մարզում իրականացվող պետական ծրագրերի արդյունավետության և հասցեականության բարելավում, հետադարձ կապի ապահովում",11001,ՀՀ Տավուշի  մարզպետի աշխատակազմի կողմից տարածքային պետական կառավարման ապահովում,"Մարզպետի աշխատակազմի ենթակայության հիմնարկների կառավարում, կրթության, ճանապարհաշինության, քաղաքաշինության և այլ ոլորտներում հասարակական պատվերի տեղաբաշխում, տնտեսության և սոցիալական տարբեր ոլորտներում մարզային միջոցառումների համակարգում",Ծառայությունների մատուցում,483989.3,483989.3,210744.4,210744.4,178782.3,0.369,0.848,483989.3,483989.3,210744.4,210744.4,178782.3,0.369,0.848,483989.3,482826.5,210744.4,209581.6,177619.5,0.368,0.847
ՀՀ Տավուշի մարզպետի աշխատակազմ,1055,1055,ՀՀ Տավուշի մարզում տարածքային պետական կառավարում,ՀՀ Տավուշի մարզում պետական քաղաքականության իրականացման ապահովում,"ՀՀ Տավուշի մարզում իրականացվող պետական ծրագրերի արդյունավետության և հասցեականության բարելավում, հետադարձ կապի ապահովում",31001,ՀՀ Տավուշի  մարզպետի աշխատակազմի տեխնիկական հագեցվածության բարելավում,ՀՀ Տավուշի  մարզպետի աշխատակազմի աշխատանքային պայմանների բարելավման համար վարչական սարքավորումների ձեռքբերում,,483989.3,483989.3,210744.4,210744.4,178782.3,0.369,0.848,483989.3,483989.3,210744.4,210744.4,178782.3,0.369,0.848,0.0,1162.8,0.0,1162.8,1162.8,1.0,1.0
ՀՀ կառավարություն,1139,1139,ՀՀ կառավարության պահուստային ֆոնդ,"Պետական բյուջեում չկանխատեսված, ինչպես նաեւ բյուջետային երաշխիքների ապահովման ծախսերի ֆինանսավորման ապահովում",Պահուստային ֆոնդի կառավարման արդյունավետության և թափանցիկության ապահովում,11001,ՀՀ կառավարության պահուստային ֆոնդ,"ՀՀ պետական բյուջեում նախատեսված ելքերի լրացուցիչ ֆինանսավորման, պետական բյուջեում չկանխատեսված ելքերի, ինչպես նաև բյուջետային երաշխիքների ապահովման ելքերի ֆինանսավորման ապահովում",,69262489.5,63994090.9,44280497.2,34254394.1,0.0,0.0,0.0,69006489.5,63911619.7,44152497.2,34199922.9,0.0,0.0,0.0,29680538.3,13959064.7,24417327.4,13758912.8,0.0,0.0,0.0
ՀՀ կառավարություն,1139,1139,ՀՀ կառավարության պահուստային ֆոնդ,"Պետական բյուջեում չկանխատեսված, ինչպես նաեւ բյուջետային երաշխիքների ապահովման ծախսերի ֆինանսավորման ապահովում",Պահուստային ֆոնդի կառավարման արդյունավետության և թափանցիկության ապահովում,11003,Հարկաբյուջետային ռիսկերի կառավարման պահուստ,Հարկաբյուջետային ռիսկերի կառավարման նպատակով նախատեսված միջոցներ,,69262489.5,63994090.9,44280497.2,34254394.1,0.0,0.0,0.0,69006489.5,63911619.7,44152497.2,34199922.9,0.0,0.0,0.0,39325951.2,48549714.7,19385169.8,19385169.8,0.0,0.0,0.0
ՀՀ կառավարություն,1139,1139,ՀՀ կառավարության պահուստային ֆոնդ,"Պետական բյուջեում չկանխատեսված, ինչպես նաեւ բյուջետային երաշխիքների ապահովման ծախսերի ֆինանսավորման ապահովում",Պահուստային ֆոնդի կառավարման արդյունավետության և թափանցիկության ապահովում,11004,Պայմանական պարտավորությունների սպասարկման պահուստ,Պայմանական պարտավորությունների ֆինանսավորման նպատակով նախատեսված միջոցներ,,69262489.5,63994090.9,44280497.2,34254394.1,0.0,0.0,0.0,69006489.5,63911619.7,44152497.2,34199922.9,0.0,0.0,0.0,0.0,1402840.4,350000.0,1055840.4,0.0,0.0,0.0
ՀՀ կառավարություն,1185,1185,Արտասահմանյան պատվիրակությունների ընդունելությունների և պաշտոնական գործուղումների կազմակերպում,ՀՀ միջազգային համագործակցության և միջազգային ներկայացուցչականության ապահովում,Արտասահմանյան պաշտոնական գործուղումների և արտասահմանյան պատվիրակությունների ընդունելությունների կազմակերպման ապահովում,11001,Արտասահմանյան պատվիրակությունների ընդունելություններ,Արտասահմանյան պատվիրակությունների ընդունելություններ,Ծառայությունների մատուցում,69262489.5,63994090.9,44280497.2,34254394.1,0.0,0.0,0.0,200000.0,32145.6,100000.0,32145.6,0.0,0.0,0.0,200000.0,32145.6,100000.0,32145.6,0.0,0.0,0.0
ՀՀ կառավարություն,1195,1195,Հասարակության և պետության հանդեպ հատուկ ծառայություններ մատուցած քաղաքացիների մահվան դեպքում արարողակարգային միջոցառումների կազմակերպում,Պետական հոգածության դրսևորում և հարգանքի տուրքի մատուցում հասարակության և պետության հանդեպ հատուկ ծառայություններ մատուցած քաղաքացիներին,"Հասարակության և պետության հանդեպ հատուկ ծառայություններ մատուցած քաղաքացիների հրաժեշտի, թաղման, գերեզմանի բարեկարգման և մահարձանի պատրաստման ծառայությունների մատուցման աջակացություն",11001,"Հասարակության և պետության հանդեպ հատուկ ծառայություններ ունեցած քաղաքացիների մահվան դեպքում հրաժեշտի ծիսակատարության և թաղման կազմակերպում, գերեզմանի բարեկարգման և մահարձանի պատրաստման ու տեղադրման աշխատանքներին աջակցություն","Հասարակության և պետության հանդեպ հատուկ ծառայություններ ունեցած քաղաքացիների մահվան դեպքում հրաժեշտի ծիսակատարության և թաղման կազմակերպում, գերեզմանի բարեկարգման և մահարձանի պատրաստման ու տեղադրման աշխատանքներին աջակցություն",Ծառայությունների մատուցում,69262489.5,63994090.9,44280497.2,34254394.1,0.0,0.0,0.0,56000.0,50325.6,28000.0,22325.6,0.0,0.0,0.0,56000.0,50325.6,28000.0,22325.6,0.0,0.0,0.0
