{
  "overall_annual_plan": 221585662.60000002,
  "overall_rev_annual_plan": 133435520.1,
  "overall_actual": 58704487.300000004,
  "overall_actual_vs_rev_annual_plan": 38619.816000000006
}