{
  "overall_annual_plan": 1.0,
  "overall_rev_annual_plan": 435832639.90000004,
  "overall_actual": 323172560.00000006,
  "overall_actual_vs_rev_annual_plan": 734642.394
}