{
  "overall_annual_plan": 3441646251.6,
  "overall_rev_annual_plan": 3442142100.2,
  "overall_period_plan": 816805644.3,
  "overall_rev_period_plan": 818263595.1,
  "overall_actual": 576167388.9,
  "overall_actual_vs_rev_annual_plan": 0.16699999999999998,
  "overall_actual_vs_rev_period_plan": 0.7040000000000001
}